CustomerID,Age,Gender,Education,IncomeLevel,Region,DeviceType,CustomerSegment,AcquisitionChannel,CustomerTenureDays,CustomerLifetimeValue,LoyaltyScore,TotalPurchases
CUST00001,46,Male,Associate,Medium,North America,Desktop,Platinum,Paid Search,80,71718.27,42.8,9
CUST00002,37,Female,High School,Medium,North America,Mobile,Bronze,Email,359,2988.06,33.3,1
CUST00003,39,Female,Bachelor,Low,North America,Mobile,Platinum,Social Media,149,29153.59,66.4,11
CUST00004,35,Female,Master,High,Europe,Tablet,Platinum,Social Media,705,11454.83,55.0,9
CUST00005,34,Male,Master,Medium-Low,Asia-Pacific,Desktop,Gold,Direct,795,23682.1,73.6,6
CUST00006,32,Female,Master,Medium,Europe,Desktop,Bronze,Email,45,329.86,32.2,2
CUST00007,44,Male,High School,High,North America,Mobile,Silver,Display Ads,651,6152.77,43.1,5
CUST00008,35,Female,Master,Medium-Low,North America,Mobile,Bronze,Organic Search,1095,3131.34,52.6,2
CUST00009,42,Male,Associate,High,North America,Desktop,Platinum,Email,109,8139.48,40.1,8
CUST00010,34,Female,Bachelor,Medium-High,Asia-Pacific,Desktop,Silver,Email,357,3343.98,77.4,0
CUST00011,27,Female,Bachelor,Medium,Middle East,Mobile,Bronze,Organic Search,679,6645.88,68.9,1
CUST00012,31,Female,Bachelor,Low,North America,Mobile,Gold,Direct,70,32353.43,92.9,2
CUST00013,35,Female,Bachelor,Medium-High,North America,Desktop,Bronze,Social Media,756,1849.2,76.0,1
CUST00014,41,Male,PhD,Medium,Europe,Desktop,Bronze,Paid Search,271,5436.78,43.7,2
CUST00015,32,Male,PhD,Medium,Europe,Tablet,Bronze,Display Ads,761,5983.13,52.2,1
CUST00016,29,Female,High School,High,Asia-Pacific,Tablet,Gold,Social Media,477,34923.2,79.2,14
CUST00017,35,Female,Associate,Low,Europe,Mobile,Silver,Social Media,295,4631.96,83.9,2
CUST00018,33,Female,Bachelor,Low,Asia-Pacific,Tablet,Silver,Email,231,13446.32,35.5,3
CUST00019,31,Female,Master,Medium,Asia-Pacific,Mobile,Bronze,Display Ads,217,3685.22,47.3,2
CUST00020,40,Male,Master,Medium-Low,Asia-Pacific,Mobile,Bronze,Social Media,227,200.0,57.9,2
CUST00021,45,Female,Associate,Medium,North America,Desktop,Gold,Social Media,196,18641.55,75.0,8
CUST00022,37,Female,High School,Low,North America,Desktop,Bronze,Social Media,477,3202.78,74.0,4
CUST00023,42,Male,Master,Medium-High,North America,Tablet,Platinum,Referral,43,38732.99,93.2,11
CUST00024,47,Male,High School,Medium,Latin America,Mobile,Platinum,Organic Search,138,109226.14,53.0,13
CUST00025,42,Male,Bachelor,Medium-High,Europe,Desktop,Platinum,Organic Search,385,17025.99,37.1,13
CUST00026,39,Male,Bachelor,Low,Latin America,Tablet,Platinum,Display Ads,600,23788.35,69.1,10
CUST00027,35,Male,High School,Medium-Low,North America,Desktop,Silver,Direct,134,6265.14,90.8,2
CUST00028,36,Female,Bachelor,High,Middle East,Mobile,Bronze,Email,475,4747.61,61.8,3
CUST00029,42,Female,Associate,Medium-Low,North America,Mobile,Platinum,Organic Search,672,43230.16,77.9,13
CUST00030,45,Female,High School,Medium,North America,Mobile,Platinum,Direct,214,69359.04,49.1,15
CUST00031,41,Female,Bachelor,Medium,North America,Desktop,Bronze,Paid Search,293,2220.89,84.1,4
CUST00032,42,Male,High School,Medium,North America,Mobile,Bronze,Email,171,8526.51,66.0,5
CUST00033,38,Male,Bachelor,High,Middle East,Mobile,Gold,Organic Search,55,7039.1,39.0,4
CUST00034,33,Male,High School,Medium-High,North America,Mobile,Gold,Social Media,92,24769.83,55.5,5
CUST00035,36,Male,Associate,Medium-High,Latin America,Desktop,Platinum,Social Media,385,17691.07,55.8,11
CUST00036,37,Female,Bachelor,Low,North America,Mobile,Bronze,Email,8,4745.6,52.5,1
CUST00037,30,Female,Master,Medium-Low,Asia-Pacific,Mobile,Gold,Social Media,226,77047.75,38.9,8
CUST00038,31,Male,Associate,Medium-Low,Latin America,Mobile,Bronze,Email,802,3421.09,87.2,1
CUST00039,42,Female,Bachelor,Medium-High,North America,Desktop,Platinum,Social Media,111,13656.19,38.0,12
CUST00040,50,Male,Bachelor,Medium,North America,Mobile,Bronze,Display Ads,457,1014.6,83.2,2
CUST00041,47,Female,PhD,Medium,North America,Desktop,Platinum,Display Ads,60,54911.2,85.7,8
CUST00042,40,Male,Master,Medium-Low,Europe,Desktop,Gold,Organic Search,550,43665.61,65.2,9
CUST00043,36,Female,Bachelor,Medium-Low,Latin America,Desktop,Gold,Social Media,13,6870.24,69.9,7
CUST00044,38,Female,Bachelor,Medium-High,Asia-Pacific,Mobile,Bronze,Organic Search,247,1643.46,96.3,1
CUST00045,44,Male,Master,Medium,Middle East,Desktop,Silver,Paid Search,343,9624.06,72.5,5
CUST00046,43,Female,Bachelor,High,North America,Mobile,Platinum,Direct,308,52799.78,94.4,9
CUST00047,29,Male,Bachelor,Medium-High,North America,Mobile,Gold,Email,347,29367.65,74.3,4
CUST00048,34,Female,High School,Medium,Asia-Pacific,Mobile,Bronze,Referral,27,7081.3,84.3,2
CUST00049,29,Male,Associate,Medium,Latin America,Tablet,Silver,Organic Search,10,10736.98,40.9,2
CUST00050,34,Male,Bachelor,Medium-Low,North America,Mobile,Bronze,Social Media,202,4102.72,76.8,1
CUST00051,35,Male,Associate,Medium-High,North America,Mobile,Bronze,Email,167,7452.91,48.2,2
CUST00052,23,Male,PhD,Medium,Asia-Pacific,Mobile,Silver,Referral,221,21042.91,31.6,4
CUST00053,43,Female,Associate,Medium-High,North America,Mobile,Platinum,Referral,323,31113.45,75.6,15
CUST00054,43,Female,Associate,Low,Latin America,Mobile,Bronze,Organic Search,369,10246.86,47.2,1
CUST00055,40,Male,Bachelor,Medium,Europe,Desktop,Gold,Display Ads,121,10570.21,71.7,5
CUST00056,47,Male,Associate,Low,Latin America,Desktop,Silver,Paid Search,38,5797.41,94.2,3
CUST00057,49,Female,Master,Medium,Asia-Pacific,Desktop,Platinum,Referral,1095,23500.37,96.1,17
CUST00058,45,Non-binary,PhD,Medium,Europe,Desktop,Platinum,Referral,51,22085.73,35.4,13
CUST00059,37,Male,Bachelor,Medium-High,Asia-Pacific,Mobile,Bronze,Paid Search,9,5905.79,90.9,0
CUST00060,35,Male,Bachelor,Medium-High,Latin America,Tablet,Gold,Direct,109,52949.05,37.7,4
CUST00061,39,Male,Bachelor,Low,Asia-Pacific,Mobile,Platinum,Display Ads,251,56025.16,72.9,12
CUST00062,30,Male,Master,Medium,Europe,Mobile,Bronze,Display Ads,567,2646.04,78.7,1
CUST00063,26,Female,Bachelor,Medium-Low,Europe,Mobile,Bronze,Referral,1095,2611.7,90.3,3
CUST00064,41,Female,High School,Medium,North America,Desktop,Silver,Social Media,358,2236.0,87.7,6
CUST00065,37,Female,Master,Medium-High,Asia-Pacific,Desktop,Platinum,Paid Search,821,21099.79,32.0,15
CUST00066,41,Female,Bachelor,Medium,North America,Mobile,Gold,Paid Search,402,11218.49,67.8,8
CUST00067,43,Male,Associate,High,Asia-Pacific,Mobile,Gold,Email,820,29709.59,98.1,5
CUST00068,40,Male,Associate,Medium,Middle East,Mobile,Silver,Email,99,16573.94,35.8,4
CUST00069,48,Male,Bachelor,Medium,Europe,Mobile,Platinum,Display Ads,95,53437.29,32.2,12
CUST00070,41,Female,Master,Medium-High,Asia-Pacific,Desktop,Gold,Social Media,636,25183.32,63.7,4
CUST00071,38,Female,Associate,Medium,Asia-Pacific,Mobile,Bronze,Email,137,2178.36,78.6,2
CUST00072,33,Female,Master,Medium,Europe,Mobile,Bronze,Organic Search,13,1676.21,35.5,1
CUST00073,34,Female,Associate,Medium,North America,Mobile,Gold,Paid Search,500,53870.73,86.1,10
CUST00074,27,Female,Bachelor,Low,Europe,Desktop,Bronze,Paid Search,456,2494.61,35.1,0
CUST00075,39,Female,Master,Medium-Low,Asia-Pacific,Mobile,Silver,Organic Search,266,2843.41,91.1,5
CUST00076,35,Female,PhD,Medium,North America,Mobile,Gold,Display Ads,113,23455.57,91.0,7
CUST00077,43,Female,High School,Medium-High,Middle East,Mobile,Silver,Social Media,225,1176.17,47.4,3
CUST00078,34,Female,Master,Low,Europe,Desktop,Silver,Social Media,303,24526.75,95.6,1
CUST00079,42,Male,Bachelor,Medium,North America,Mobile,Platinum,Display Ads,242,37162.25,66.1,11
CUST00080,40,Male,Master,Medium-Low,Middle East,Mobile,Bronze,Paid Search,471,1881.68,88.7,5
CUST00081,44,Female,Master,Low,North America,Desktop,Platinum,Organic Search,1095,18588.39,33.4,15
CUST00082,37,Male,Master,Medium,Latin America,Desktop,Gold,Direct,314,32179.79,30.4,7
CUST00083,34,Female,Master,Medium-Low,Asia-Pacific,Mobile,Bronze,Organic Search,10,5339.69,53.9,2
CUST00084,40,Female,PhD,Medium,North America,Mobile,Silver,Social Media,1047,10845.15,34.2,3
CUST00085,36,Male,Master,Medium-Low,Europe,Mobile,Bronze,Paid Search,51,2330.85,42.7,1
CUST00086,39,Male,PhD,Medium,Europe,Desktop,Gold,Email,368,9549.88,87.3,8
CUST00087,36,Female,Bachelor,Medium-High,Asia-Pacific,Mobile,Silver,Paid Search,534,22010.54,90.4,2
CUST00088,26,Male,Bachelor,Medium,Europe,Tablet,Silver,Social Media,505,7503.58,78.5,2
CUST00089,27,Male,High School,Medium-High,North America,Desktop,Gold,Social Media,28,6921.06,66.3,7
CUST00090,49,Male,High School,Medium,Europe,Tablet,Gold,Social Media,40,24502.74,61.5,11
CUST00091,30,Male,Master,Medium,North America,Desktop,Gold,Direct,36,6924.01,95.6,10
CUST00092,31,Female,Master,High,Latin America,Desktop,Bronze,Organic Search,474,7324.82,54.2,3
CUST00093,40,Male,Bachelor,Medium-High,Asia-Pacific,Mobile,Platinum,Email,28,13202.07,31.8,10
CUST00094,37,Male,Bachelor,Medium,Asia-Pacific,Mobile,Silver,Social Media,1095,3883.66,34.0,4
CUST00095,33,Female,High School,Medium,Europe,Tablet,Bronze,Direct,299,1380.71,59.8,0
CUST00096,35,Male,Master,Medium-High,Asia-Pacific,Desktop,Gold,Social Media,120,6809.11,83.2,3
CUST00097,42,Female,PhD,Medium-Low,Europe,Mobile,Platinum,Email,267,63419.62,40.5,9
CUST00098,30,Female,Master,Medium,Middle East,Desktop,Silver,Organic Search,735,697.93,32.7,7
CUST00099,31,Female,Bachelor,Medium,Asia-Pacific,Mobile,Bronze,Social Media,4,3438.32,97.0,2
CUST00100,32,Male,High School,Medium,Asia-Pacific,Desktop,Gold,Organic Search,391,29811.81,56.7,6
CUST00101,38,Male,PhD,High,Asia-Pacific,Desktop,Platinum,Direct,165,52465.65,95.0,8
CUST00102,39,Male,High School,Medium,North America,Desktop,Silver,Paid Search,749,9010.97,94.3,7
CUST00103,44,Female,High School,Medium,North America,Mobile,Platinum,Direct,734,23562.6,81.3,11
CUST00104,44,Female,Bachelor,Medium,Asia-Pacific,Mobile,Bronze,Email,1095,7292.61,36.9,2
CUST00105,33,Female,Associate,Medium,Europe,Desktop,Gold,Email,145,4671.69,91.4,9
CUST00106,32,Female,High School,Medium,Europe,Desktop,Silver,Email,125,35827.39,87.8,2
CUST00107,42,Female,Master,Medium,Europe,Mobile,Gold,Social Media,99,8085.35,71.9,11
CUST00108,25,Male,High School,Medium,Latin America,Mobile,Bronze,Email,737,2001.08,43.0,3
CUST00109,34,Female,Bachelor,Low,Asia-Pacific,Desktop,Silver,Social Media,427,3782.91,97.0,1
CUST00110,36,Male,Associate,Medium-Low,Asia-Pacific,Mobile,Bronze,Direct,25,3432.6,93.5,1
CUST00111,35,Female,High School,Medium,Asia-Pacific,Tablet,Silver,Email,1095,1943.73,48.0,6
CUST00112,29,Female,Bachelor,Medium-Low,Europe,Mobile,Bronze,Referral,313,2422.18,35.7,2
CUST00113,40,Female,Bachelor,High,Europe,Desktop,Platinum,Email,245,28763.42,33.6,14
CUST00114,40,Female,Associate,Medium-Low,Latin America,Desktop,Bronze,Referral,591,2561.2,31.9,0
CUST00115,42,Female,Bachelor,Medium,North America,Desktop,Platinum,Referral,91,63312.4,66.6,9
CUST00116,36,Female,Bachelor,Medium,North America,Desktop,Gold,Direct,81,37164.29,92.6,7
CUST00117,36,Non-binary,Master,High,Asia-Pacific,Mobile,Gold,Referral,328,6834.95,66.9,9
CUST00118,26,Female,Master,Medium,North America,Mobile,Gold,Paid Search,61,11260.7,54.4,11
CUST00119,31,Male,Master,Medium-High,North America,Desktop,Bronze,Organic Search,145,11380.47,44.9,0
CUST00120,43,Female,Associate,Medium,Latin America,Desktop,Gold,Email,799,21498.31,68.3,4
CUST00121,29,Male,Master,Medium-High,North America,Tablet,Platinum,Direct,824,50666.62,37.9,13
CUST00122,33,Male,Bachelor,Low,North America,Mobile,Bronze,Direct,891,4037.0,43.0,0
CUST00123,49,Male,Bachelor,Medium-Low,Middle East,Desktop,Gold,Email,961,9299.81,76.8,12
CUST00124,39,Male,Bachelor,Medium,Europe,Desktop,Gold,Display Ads,402,4740.16,35.0,4
CUST00125,53,Male,Bachelor,Medium-Low,North America,Desktop,Platinum,Organic Search,3,26871.58,45.3,9
CUST00126,38,Male,High School,Medium,Asia-Pacific,Mobile,Silver,Organic Search,484,6863.0,99.5,2
CUST00127,42,Female,Master,Medium,Asia-Pacific,Mobile,Silver,Referral,48,7836.14,56.9,3
CUST00128,32,Female,Master,Medium-High,Asia-Pacific,Mobile,Bronze,Email,379,2988.86,91.2,1
CUST00129,35,Female,High School,High,North America,Mobile,Bronze,Organic Search,52,16703.39,69.1,4
CUST00130,33,Female,Bachelor,Medium,Asia-Pacific,Desktop,Gold,Referral,349,5894.19,56.0,8
CUST00131,29,Female,Bachelor,Medium-Low,North America,Mobile,Bronze,Organic Search,181,7111.38,45.3,3
CUST00132,37,Male,High School,Medium,North America,Mobile,Bronze,Social Media,136,4186.55,93.0,0
CUST00133,45,Female,Bachelor,High,Latin America,Tablet,Silver,Organic Search,166,7748.38,67.9,5
CUST00134,26,Non-binary,Bachelor,Medium,North America,Desktop,Bronze,Social Media,205,2184.69,99.6,4
CUST00135,48,Male,Bachelor,Medium,North America,Tablet,Bronze,Referral,56,6733.6,85.3,0
CUST00136,35,Non-binary,Bachelor,Medium-High,Latin America,Desktop,Silver,Organic Search,195,3401.56,65.8,9
CUST00137,34,Male,Master,Medium-Low,Latin America,Mobile,Gold,Referral,1043,17093.74,31.3,8
CUST00138,48,Male,High School,Medium-Low,Asia-Pacific,Desktop,Platinum,Direct,429,49602.38,83.6,15
CUST00139,40,Male,Bachelor,Low,Europe,Mobile,Silver,Organic Search,30,8211.97,96.9,2
CUST00140,37,Male,Bachelor,Medium,North America,Mobile,Gold,Organic Search,946,18797.46,52.5,9
CUST00141,40,Female,High School,Medium,Asia-Pacific,Mobile,Silver,Paid Search,293,11441.79,40.0,4
CUST00142,29,Male,Bachelor,Medium,North America,Mobile,Bronze,Paid Search,152,9667.7,37.1,1
CUST00143,30,Female,Master,Medium-High,Europe,Tablet,Silver,Organic Search,400,10039.35,79.3,0
CUST00144,37,Female,PhD,Medium-Low,Asia-Pacific,Mobile,Silver,Social Media,178,7648.43,97.0,4
CUST00145,34,Female,Bachelor,Medium,Latin America,Desktop,Bronze,Social Media,97,4567.41,77.4,2
CUST00146,49,Male,Master,Medium-High,North America,Desktop,Platinum,Organic Search,721,8001.73,31.0,10
CUST00147,34,Male,Bachelor,Low,Europe,Mobile,Bronze,Email,292,4111.51,77.4,3
CUST00148,32,Male,High School,High,North America,Desktop,Bronze,Email,1095,5711.45,89.3,0
CUST00149,34,Female,Bachelor,Medium-High,Europe,Mobile,Platinum,Social Media,550,16149.0,63.2,20
CUST00150,31,Female,Master,Medium,Europe,Mobile,Bronze,Direct,120,4390.38,54.2,2
CUST00151,36,Male,High School,Medium-High,North America,Desktop,Platinum,Organic Search,455,8364.13,35.3,9
CUST00152,32,Male,Bachelor,Medium,North America,Mobile,Silver,Referral,110,7880.22,97.2,7
CUST00153,36,Female,PhD,Medium,North America,Desktop,Bronze,Referral,70,5728.35,63.4,2
CUST00154,44,Female,High School,Medium-High,North America,Mobile,Silver,Display Ads,155,8157.35,89.4,3
CUST00155,42,Male,Associate,Medium,Europe,Tablet,Gold,Display Ads,1002,4816.6,96.6,8
CUST00156,24,Male,High School,High,North America,Desktop,Bronze,Organic Search,347,3516.09,66.2,2
CUST00157,54,Female,Bachelor,Medium-High,Asia-Pacific,Mobile,Platinum,Email,161,33822.92,89.9,8
CUST00158,27,Female,Master,Low,North America,Desktop,Platinum,Direct,221,27650.0,32.6,11
CUST00159,37,Male,Associate,High,North America,Mobile,Silver,Direct,219,18313.66,51.2,4
CUST00160,51,Female,High School,High,Europe,Desktop,Platinum,Social Media,17,7837.52,48.6,12
CUST00161,43,Male,Bachelor,Medium-High,Europe,Mobile,Platinum,Display Ads,247,50913.84,94.5,13
CUST00162,32,Male,Bachelor,Medium-High,Middle East,Desktop,Silver,Paid Search,274,12125.16,56.6,4
CUST00163,34,Female,PhD,Medium-High,Europe,Mobile,Bronze,Paid Search,21,6005.96,65.3,2
CUST00164,33,Female,Associate,Medium-High,North America,Mobile,Gold,Referral,392,13566.23,70.0,4
CUST00165,38,Male,Bachelor,Medium,Asia-Pacific,Mobile,Bronze,Direct,134,2554.23,60.3,2
CUST00166,51,Female,Associate,Medium,Europe,Desktop,Platinum,Social Media,1095,58596.42,34.7,11
CUST00167,23,Male,Master,High,Asia-Pacific,Mobile,Bronze,Organic Search,263,1135.75,48.8,3
CUST00168,33,Male,Bachelor,Low,Asia-Pacific,Desktop,Bronze,Organic Search,376,5861.45,51.9,3
CUST00169,40,Female,Master,Medium-Low,Latin America,Mobile,Bronze,Email,6,9779.19,70.8,1
CUST00170,33,Female,PhD,High,North America,Mobile,Silver,Organic Search,227,10745.14,48.1,2
CUST00171,37,Female,Associate,Medium,Asia-Pacific,Mobile,Silver,Social Media,114,10739.36,45.0,2
CUST00172,48,Male,PhD,Medium,Latin America,Desktop,Gold,Referral,383,27170.53,82.0,7
CUST00173,44,Female,Master,Medium,Europe,Desktop,Platinum,Social Media,419,26295.54,95.5,5
CUST00174,29,Female,PhD,Medium-Low,North America,Desktop,Bronze,Organic Search,69,3912.71,34.9,1
CUST00175,40,Female,High School,Medium-High,North America,Mobile,Platinum,Social Media,174,176884.78,88.0,14
CUST00176,36,Female,PhD,High,Latin America,Mobile,Platinum,Organic Search,783,8468.72,77.4,14
CUST00177,34,Female,Associate,Medium,Asia-Pacific,Mobile,Bronze,Social Media,70,9052.71,35.8,0
CUST00178,34,Male,Associate,Medium-Low,Europe,Desktop,Gold,Social Media,99,5410.71,97.2,9
CUST00179,35,Female,High School,Medium-High,Asia-Pacific,Mobile,Gold,Organic Search,198,21358.21,92.7,3
CUST00180,49,Female,Master,Medium-High,North America,Mobile,Bronze,Direct,741,1919.1,64.0,2
CUST00181,41,Female,Bachelor,Medium-Low,North America,Mobile,Gold,Direct,839,17830.14,57.3,5
CUST00182,32,Male,Bachelor,Medium-High,North America,Mobile,Gold,Email,3,13278.57,45.2,5
CUST00183,41,Female,Master,Low,Asia-Pacific,Desktop,Silver,Email,542,8945.68,41.9,8
CUST00184,44,Male,Associate,Medium,North America,Mobile,Bronze,Social Media,83,3731.33,35.4,4
CUST00185,41,Male,PhD,Medium-Low,Asia-Pacific,Mobile,Silver,Organic Search,361,9898.85,48.5,5
CUST00186,33,Male,High School,Medium-High,Latin America,Mobile,Silver,Email,912,6192.74,92.2,7
CUST00187,49,Male,Master,Low,Latin America,Desktop,Platinum,Display Ads,178,13909.83,84.9,12
CUST00188,44,Male,Master,Medium-High,Asia-Pacific,Desktop,Silver,Paid Search,1095,14867.27,83.0,4
CUST00189,53,Male,Bachelor,High,North America,Tablet,Platinum,Display Ads,359,67619.94,33.7,10
CUST00190,47,Female,Bachelor,Medium-High,North America,Mobile,Silver,Paid Search,242,8508.5,76.7,2
CUST00191,33,Female,Master,Medium-High,Latin America,Tablet,Gold,Email,340,1356.89,49.4,5
CUST00192,39,Female,Bachelor,Medium,North America,Desktop,Bronze,Referral,649,4501.66,99.8,0
CUST00193,44,Non-binary,Bachelor,Medium-High,Latin America,Mobile,Gold,Organic Search,35,23858.65,57.0,4
CUST00194,23,Female,Bachelor,Medium-Low,North America,Mobile,Bronze,Social Media,25,3817.43,44.7,1
CUST00195,32,Male,High School,Medium,Europe,Mobile,Gold,Email,281,14757.38,40.1,6
CUST00196,44,Female,Master,Low,Asia-Pacific,Desktop,Bronze,Organic Search,86,3313.21,64.3,4
CUST00197,44,Male,Bachelor,Medium-High,Asia-Pacific,Mobile,Gold,Social Media,413,68091.98,46.1,6
CUST00198,30,Female,PhD,Medium-Low,Europe,Mobile,Bronze,Organic Search,325,6535.59,89.2,2
CUST00199,32,Female,Associate,Medium-Low,North America,Mobile,Bronze,Referral,65,7342.27,62.1,1
CUST00200,39,Female,Bachelor,Medium,Europe,Desktop,Platinum,Social Media,1095,24548.27,83.9,10
CUST00201,25,Male,Bachelor,Medium-Low,Europe,Desktop,Bronze,Referral,14,10827.68,68.6,2
CUST00202,30,Female,Associate,Low,North America,Mobile,Bronze,Direct,592,4962.63,46.6,4
CUST00203,41,Female,Master,Low,North America,Mobile,Gold,Social Media,123,20104.68,72.8,9
CUST00204,36,Male,Bachelor,Medium-High,North America,Mobile,Platinum,Referral,1055,10566.16,34.3,6
CUST00205,27,Non-binary,Bachelor,Medium,Europe,Mobile,Bronze,Email,344,10047.48,93.3,2
CUST00206,28,Male,Master,Low,Latin America,Tablet,Bronze,Organic Search,81,10410.84,53.9,2
CUST00207,35,Male,Bachelor,Medium-High,North America,Desktop,Gold,Organic Search,528,32465.06,76.1,7
CUST00208,44,Male,High School,Medium-High,Middle East,Mobile,Platinum,Social Media,43,16838.33,42.1,12
CUST00209,55,Non-binary,Associate,High,Middle East,Mobile,Platinum,Organic Search,380,31259.76,47.7,12
CUST00210,30,Male,Master,Medium-High,North America,Mobile,Platinum,Social Media,100,30183.7,56.7,10
CUST00211,42,Male,PhD,Medium,Asia-Pacific,Mobile,Platinum,Social Media,427,2383.59,98.0,12
CUST00212,35,Female,Master,Low,North America,Mobile,Bronze,Email,378,2309.65,56.1,1
CUST00213,38,Female,Bachelor,Medium,North America,Mobile,Silver,Social Media,217,9138.19,41.8,6
CUST00214,44,Female,Bachelor,Medium-High,Asia-Pacific,Mobile,Platinum,Paid Search,63,55016.94,88.3,11
CUST00215,39,Female,Associate,Medium,Latin America,Mobile,Silver,Email,16,9160.98,49.0,0
CUST00216,52,Male,Master,High,Latin America,Tablet,Platinum,Organic Search,430,19178.33,78.2,7
CUST00217,31,Female,Bachelor,Medium-Low,North America,Mobile,Bronze,Organic Search,199,5796.88,37.0,0
CUST00218,36,Male,Master,Medium-High,Middle East,Mobile,Gold,Social Media,20,11391.0,32.8,4
CUST00219,40,Male,Bachelor,Medium-High,Europe,Tablet,Silver,Email,938,12017.64,56.2,2
CUST00220,38,Female,PhD,Medium-High,North America,Mobile,Platinum,Organic Search,162,12067.84,57.6,11
CUST00221,36,Female,Associate,Medium,North America,Mobile,Gold,Organic Search,14,42426.36,57.4,8
CUST00222,39,Female,Bachelor,Medium-Low,North America,Desktop,Silver,Organic Search,1095,13396.69,40.9,9
CUST00223,34,Female,Master,Medium,North America,Tablet,Silver,Paid Search,6,10949.48,87.3,3
CUST00224,39,Male,High School,Medium-Low,Middle East,Desktop,Silver,Referral,369,6735.61,77.8,4
CUST00225,46,Female,Master,Medium-High,North America,Mobile,Silver,Social Media,529,15727.78,53.9,4
CUST00226,34,Male,Bachelor,Low,North America,Mobile,Bronze,Paid Search,277,4565.1,34.9,0
CUST00227,47,Female,Bachelor,Medium,North America,Desktop,Silver,Organic Search,628,23692.7,77.3,3
CUST00228,41,Female,High School,Medium-Low,Asia-Pacific,Mobile,Bronze,Paid Search,39,8841.25,88.2,2
CUST00229,36,Female,High School,Medium,North America,Desktop,Gold,Organic Search,333,37591.47,66.0,6
CUST00230,42,Female,PhD,Medium,Europe,Desktop,Bronze,Organic Search,458,463.82,52.1,0
CUST00231,28,Female,Master,Medium,Asia-Pacific,Desktop,Bronze,Referral,82,11860.34,31.8,1
CUST00232,37,Non-binary,High School,Medium,Europe,Desktop,Gold,Email,106,18370.38,74.6,5
CUST00233,56,Female,Bachelor,Medium,Asia-Pacific,Mobile,Platinum,Paid Search,325,10193.24,55.1,16
CUST00234,38,Male,Master,Medium,Europe,Desktop,Bronze,Email,1095,8307.75,56.4,0
CUST00235,30,Male,Bachelor,Medium,Middle East,Mobile,Silver,Organic Search,214,3708.63,57.1,3
CUST00236,45,Male,Bachelor,Medium-High,Asia-Pacific,Desktop,Platinum,Organic Search,71,33114.97,81.4,8
CUST00237,30,Female,Bachelor,Medium,North America,Desktop,Silver,Email,201,7526.22,50.7,2
CUST00238,41,Male,Bachelor,Medium,Asia-Pacific,Desktop,Bronze,Direct,16,5802.84,58.4,4
CUST00239,38,Male,PhD,Medium-High,North America,Desktop,Platinum,Organic Search,191,23866.06,33.8,10
CUST00240,36,Female,Bachelor,Medium,Asia-Pacific,Desktop,Bronze,Referral,213,6096.86,97.1,2
CUST00241,44,Male,High School,Medium,Asia-Pacific,Desktop,Silver,Email,233,10193.01,41.4,2
CUST00242,18,Male,Master,Low,North America,Mobile,Bronze,Social Media,841,17567.84,69.1,1
CUST00243,45,Male,Bachelor,Low,Asia-Pacific,Mobile,Bronze,Display Ads,74,3449.28,38.9,0
CUST00244,35,Male,Bachelor,Medium,Europe,Mobile,Bronze,Social Media,269,4002.92,59.1,0
CUST00245,44,Male,PhD,Medium,Europe,Desktop,Bronze,Organic Search,78,1275.84,85.8,4
CUST00246,37,Female,Associate,Medium-Low,Europe,Mobile,Bronze,Display Ads,525,3096.44,59.4,4
CUST00247,40,Male,Bachelor,Medium-High,Europe,Mobile,Bronze,Display Ads,57,4959.21,41.1,5
CUST00248,28,Female,Bachelor,Medium-High,North America,Mobile,Gold,Email,10,8913.29,54.8,10
CUST00249,31,Female,Associate,Medium,North America,Mobile,Silver,Organic Search,255,11928.64,36.4,5
CUST00250,44,Female,Master,Low,Europe,Desktop,Gold,Referral,88,18889.2,47.3,6
CUST00251,31,Male,Associate,Medium-Low,Europe,Desktop,Silver,Social Media,1079,20592.92,31.4,5
CUST00252,37,Female,High School,High,North America,Desktop,Platinum,Organic Search,109,79679.84,83.1,14
CUST00253,34,Non-binary,Bachelor,Medium,Middle East,Mobile,Bronze,Direct,200,8174.13,39.2,3
CUST00254,47,Female,Associate,Medium,Europe,Mobile,Silver,Social Media,556,3646.73,92.8,5
CUST00255,38,Male,Bachelor,Medium,Latin America,Desktop,Bronze,Organic Search,1095,3062.15,77.8,2
CUST00256,39,Female,High School,Medium,Middle East,Mobile,Bronze,Paid Search,56,3123.0,79.4,2
CUST00257,33,Male,Master,Medium-High,Europe,Desktop,Silver,Organic Search,83,9261.15,80.4,6
CUST00258,33,Female,Master,Medium-High,North America,Mobile,Gold,Referral,399,42181.46,48.9,6
CUST00259,44,Male,Bachelor,Medium,North America,Mobile,Platinum,Organic Search,59,37401.69,98.8,8
CUST00260,29,Female,Associate,Medium-High,Latin America,Desktop,Gold,Organic Search,287,4370.55,52.5,7
CUST00261,29,Female,Master,Medium-Low,Asia-Pacific,Mobile,Bronze,Social Media,225,4585.55,38.3,2
CUST00262,38,Female,Bachelor,Medium,Europe,Desktop,Gold,Email,1095,12733.66,63.8,9
CUST00263,43,Female,Bachelor,Medium,Latin America,Mobile,Bronze,Organic Search,82,2154.72,68.9,1
CUST00264,42,Male,High School,Medium,Middle East,Mobile,Platinum,Organic Search,611,48502.73,38.6,12
CUST00265,36,Male,Master,Low,Europe,Mobile,Gold,Display Ads,769,24865.44,30.9,10
CUST00266,28,Male,Bachelor,Medium,Asia-Pacific,Desktop,Bronze,Paid Search,189,5301.29,58.9,0
CUST00267,43,Female,Bachelor,Medium-Low,North America,Mobile,Platinum,Organic Search,192,24774.85,84.3,9
CUST00268,35,Female,High School,Medium-Low,North America,Mobile,Bronze,Paid Search,673,7735.54,56.7,0
CUST00269,27,Male,Bachelor,Medium-Low,Asia-Pacific,Desktop,Bronze,Organic Search,645,3305.3,42.6,0
CUST00270,29,Male,Bachelor,Medium-High,North America,Mobile,Silver,Social Media,966,14388.9,30.4,3
CUST00271,41,Male,Master,Medium-Low,Europe,Desktop,Platinum,Email,993,10419.1,52.9,10
CUST00272,46,Female,High School,Medium,North America,Mobile,Platinum,Social Media,167,74801.33,97.3,10
CUST00273,47,Female,Master,Medium,Latin America,Mobile,Platinum,Organic Search,1095,27793.15,73.6,15
CUST00274,30,Female,Bachelor,Low,Asia-Pacific,Mobile,Bronze,Direct,552,11712.9,63.8,4
CUST00275,37,Female,Master,Medium,North America,Mobile,Platinum,Social Media,319,42446.9,40.7,13
CUST00276,43,Male,Bachelor,Medium-High,North America,Desktop,Platinum,Social Media,200,43117.53,63.1,15
CUST00277,41,Female,Master,Medium-High,North America,Mobile,Bronze,Social Media,87,7017.69,44.8,0
CUST00278,38,Male,PhD,Medium,Asia-Pacific,Tablet,Silver,Email,304,12735.47,69.5,5
CUST00279,38,Female,Associate,High,Asia-Pacific,Desktop,Platinum,Paid Search,293,134535.38,43.8,14
CUST00280,29,Male,Bachelor,Low,North America,Tablet,Bronze,Display Ads,14,15375.56,63.2,2
CUST00281,33,Male,High School,Medium,Middle East,Mobile,Gold,Paid Search,31,13374.89,37.4,6
CUST00282,41,Male,Bachelor,Medium-Low,North America,Mobile,Bronze,Email,45,3105.06,55.7,0
CUST00283,36,Non-binary,Master,Medium-High,Asia-Pacific,Desktop,Platinum,Organic Search,567,25418.75,49.7,4
CUST00284,29,Male,Master,High,Europe,Mobile,Gold,Social Media,369,21817.91,35.6,11
CUST00285,36,Female,Master,Medium,Asia-Pacific,Mobile,Bronze,Social Media,383,4934.83,32.8,2
CUST00286,34,Female,Bachelor,High,Europe,Mobile,Silver,Social Media,36,6108.76,67.7,7
CUST00287,43,Male,Bachelor,Medium,Asia-Pacific,Desktop,Platinum,Display Ads,26,42318.92,57.1,9
CUST00288,46,Male,Master,High,North America,Tablet,Gold,Social Media,374,11680.78,61.1,5
CUST00289,44,Male,Bachelor,Medium,Latin America,Mobile,Silver,Email,211,5241.24,65.3,0
CUST00290,38,Non-binary,Bachelor,Medium-High,Europe,Tablet,Gold,Paid Search,244,14622.13,63.3,6
CUST00291,37,Female,Associate,Medium,Latin America,Desktop,Silver,Social Media,253,8455.36,90.1,2
CUST00292,29,Male,Bachelor,Medium-Low,Middle East,Mobile,Gold,Display Ads,1095,21376.05,33.5,4
CUST00293,36,Male,Bachelor,Low,Asia-Pacific,Mobile,Gold,Social Media,306,24495.05,63.4,11
CUST00294,29,Non-binary,High School,Medium,Europe,Mobile,Bronze,Social Media,152,896.68,36.1,3
CUST00295,43,Male,Master,Medium,Middle East,Mobile,Platinum,Social Media,119,35470.78,61.5,13
CUST00296,47,Male,Associate,High,Middle East,Desktop,Silver,Email,474,28214.47,66.1,5
CUST00297,26,Female,Bachelor,Medium,Asia-Pacific,Desktop,Silver,Organic Search,280,5633.64,48.3,0
CUST00298,38,Female,Master,Medium,North America,Desktop,Silver,Referral,38,6615.28,62.1,6
CUST00299,51,Male,Bachelor,Medium-High,Europe,Desktop,Platinum,Organic Search,151,26695.96,64.4,9
CUST00300,35,Female,PhD,Medium,North America,Desktop,Platinum,Paid Search,26,4601.83,71.7,13
CUST00301,30,Female,Bachelor,Medium-High,North America,Mobile,Bronze,Display Ads,53,7113.28,50.3,1
CUST00302,35,Male,PhD,Medium,Middle East,Desktop,Gold,Social Media,282,5706.71,84.4,7
CUST00303,30,Female,Master,Medium,North America,Desktop,Silver,Organic Search,1095,19504.05,45.8,6
CUST00304,41,Female,Bachelor,Medium,Europe,Mobile,Silver,Social Media,280,7695.84,52.6,2
CUST00305,39,Female,High School,High,Asia-Pacific,Desktop,Platinum,Direct,344,34206.33,75.2,11
CUST00306,35,Male,Bachelor,Low,North America,Desktop,Silver,Direct,251,4315.47,37.5,5
CUST00307,40,Male,Associate,Low,Europe,Tablet,Bronze,Paid Search,532,6822.23,49.3,3
CUST00308,47,Non-binary,PhD,Medium-Low,North America,Desktop,Platinum,Paid Search,1095,46328.17,93.8,10
CUST00309,33,Female,Bachelor,Medium,North America,Mobile,Gold,Email,298,22781.35,34.6,9
CUST00310,40,Female,Bachelor,Medium-High,Europe,Mobile,Bronze,Paid Search,730,4811.28,91.4,1
CUST00311,24,Female,Master,Medium-Low,Asia-Pacific,Mobile,Bronze,Referral,38,684.02,83.0,1
CUST00312,34,Female,High School,Medium-Low,North America,Desktop,Bronze,Direct,128,3228.48,31.9,4
CUST00313,23,Male,High School,Medium-Low,Asia-Pacific,Desktop,Bronze,Display Ads,670,1886.03,70.5,4
CUST00314,48,Male,PhD,Medium-High,North America,Desktop,Platinum,Social Media,272,9597.41,94.0,8
CUST00315,35,Female,High School,Medium-High,Asia-Pacific,Mobile,Gold,Social Media,148,39843.83,61.4,8
CUST00316,38,Male,PhD,Medium-High,Europe,Tablet,Bronze,Paid Search,39,4726.58,40.1,0
CUST00317,33,Male,High School,Medium,Asia-Pacific,Mobile,Gold,Social Media,308,15051.46,77.4,7
CUST00318,42,Non-binary,PhD,High,Asia-Pacific,Mobile,Silver,Direct,193,16351.09,74.1,6
CUST00319,43,Male,High School,Medium-High,North America,Tablet,Platinum,Paid Search,11,17298.98,56.3,12
CUST00320,29,Female,High School,Medium-High,North America,Tablet,Silver,Organic Search,1095,23768.57,94.1,5
CUST00321,26,Male,Master,Medium-Low,Europe,Mobile,Bronze,Organic Search,72,4486.11,99.0,2
CUST00322,38,Female,Master,Low,Europe,Desktop,Bronze,Direct,29,5826.36,55.3,4
CUST00323,30,Female,Bachelor,Medium-High,Asia-Pacific,Desktop,Gold,Organic Search,154,9546.73,65.4,7
CUST00324,42,Male,Bachelor,Low,Asia-Pacific,Mobile,Silver,Direct,94,375.73,46.6,6
CUST00325,41,Female,Bachelor,Medium,Middle East,Mobile,Bronze,Email,239,7338.7,80.3,2
CUST00326,32,Female,Bachelor,Medium,Asia-Pacific,Mobile,Bronze,Social Media,236,6694.79,84.5,1
CUST00327,38,Female,Bachelor,Medium,Europe,Mobile,Platinum,Display Ads,46,13651.41,97.6,7
CUST00328,40,Female,Master,Medium-Low,North America,Mobile,Silver,Social Media,461,19014.88,44.8,3
CUST00329,34,Non-binary,Bachelor,Low,North America,Mobile,Gold,Paid Search,624,15414.09,73.1,6
CUST00330,38,Female,PhD,High,North America,Tablet,Gold,Referral,759,49013.01,50.2,6
CUST00331,30,Male,High School,High,Europe,Tablet,Bronze,Paid Search,29,934.72,77.9,3
CUST00332,35,Male,PhD,Medium,Europe,Mobile,Bronze,Paid Search,1095,8441.06,65.1,2
CUST00333,38,Male,Bachelor,Medium,Latin America,Desktop,Silver,Social Media,55,6223.78,80.4,3
CUST00334,40,Female,High School,Medium-Low,Latin America,Desktop,Silver,Social Media,568,4005.66,37.4,8
CUST00335,30,Female,Master,Medium,Europe,Mobile,Silver,Email,266,2378.23,53.4,3
CUST00336,38,Female,Bachelor,Medium-Low,Europe,Tablet,Silver,Organic Search,570,1306.69,44.4,1
CUST00337,29,Male,Bachelor,Medium,North America,Desktop,Gold,Social Media,173,15061.37,80.6,5
CUST00338,42,Female,Bachelor,Medium-Low,North America,Desktop,Platinum,Paid Search,21,42270.85,38.0,11
CUST00339,26,Male,Master,Medium-Low,Europe,Mobile,Bronze,Social Media,405,3307.14,86.1,2
CUST00340,43,Male,Bachelor,Medium-High,Middle East,Desktop,Platinum,Email,723,10249.74,40.8,9
CUST00341,36,Male,Bachelor,Medium,Middle East,Mobile,Bronze,Social Media,724,4420.33,65.8,2
CUST00342,25,Male,PhD,Medium-Low,North America,Desktop,Bronze,Direct,610,6656.15,95.6,1
CUST00343,47,Male,High School,Medium-Low,Asia-Pacific,Mobile,Gold,Display Ads,119,11327.05,53.6,4
CUST00344,36,Male,Bachelor,Medium,North America,Desktop,Gold,Paid Search,395,20613.77,38.5,14
CUST00345,37,Female,Bachelor,Medium,North America,Desktop,Gold,Direct,164,15201.64,31.3,8
CUST00346,45,Male,Associate,High,Asia-Pacific,Mobile,Platinum,Display Ads,423,44058.67,47.9,10
CUST00347,46,Female,Master,Medium-Low,Asia-Pacific,Mobile,Gold,Email,240,18623.94,40.0,8
CUST00348,48,Male,Bachelor,Medium-High,Europe,Mobile,Gold,Email,444,18252.3,48.9,7
CUST00349,22,Male,Associate,Medium,Middle East,Mobile,Silver,Email,111,12512.33,82.1,2
CUST00350,42,Female,Bachelor,Medium-Low,North America,Mobile,Bronze,Display Ads,336,8615.85,94.5,5
CUST00351,34,Male,Bachelor,Medium,Europe,Mobile,Bronze,Social Media,165,9359.31,95.5,2
CUST00352,47,Male,Associate,Medium-High,Europe,Desktop,Platinum,Email,36,125052.94,59.0,11
CUST00353,28,Female,Master,Medium,North America,Desktop,Gold,Social Media,287,16161.42,95.8,5
CUST00354,43,Non-binary,Bachelor,Medium,North America,Mobile,Platinum,Organic Search,511,87970.68,95.9,16
CUST00355,29,Female,High School,Medium-High,North America,Mobile,Gold,Organic Search,1095,18100.81,63.9,7
CUST00356,35,Male,Master,Medium,Middle East,Mobile,Silver,Direct,1087,5443.23,83.6,7
CUST00357,34,Female,Bachelor,Medium,Asia-Pacific,Mobile,Bronze,Social Media,220,6511.03,80.0,2
CUST00358,41,Male,Associate,Medium-Low,Asia-Pacific,Mobile,Platinum,Social Media,986,16892.93,89.8,13
CUST00359,47,Female,Bachelor,Medium-High,North America,Desktop,Platinum,Direct,82,17180.07,34.7,15
CUST00360,43,Female,Bachelor,Medium-High,Asia-Pacific,Mobile,Gold,Direct,36,7141.35,69.1,6
CUST00361,32,Male,High School,Medium-High,Asia-Pacific,Tablet,Platinum,Social Media,67,13569.45,54.9,13
CUST00362,35,Male,Master,Medium,North America,Desktop,Silver,Display Ads,853,9215.01,95.9,3
CUST00363,22,Male,Master,Medium,Europe,Mobile,Bronze,Organic Search,49,6306.74,47.6,4
CUST00364,43,Male,Master,Medium-High,Asia-Pacific,Mobile,Gold,Social Media,185,16710.46,65.1,8
CUST00365,42,Male,High School,Medium,Asia-Pacific,Mobile,Gold,Paid Search,35,26805.86,61.5,12
CUST00366,24,Male,High School,Medium-Low,North America,Desktop,Bronze,Organic Search,565,3229.63,53.2,1
CUST00367,35,Female,Associate,Medium-Low,North America,Mobile,Bronze,Referral,299,1639.09,75.9,2
CUST00368,25,Female,High School,Medium-High,Asia-Pacific,Mobile,Bronze,Paid Search,433,2011.14,54.9,3
CUST00369,38,Male,Master,Medium,Middle East,Mobile,Silver,Paid Search,778,10870.52,59.1,2
CUST00370,50,Male,Bachelor,Medium-Low,North America,Tablet,Gold,Direct,331,4824.41,96.1,2
CUST00371,31,Female,Master,Medium-Low,Europe,Tablet,Bronze,Paid Search,145,1001.78,36.1,0
CUST00372,32,Male,Associate,Medium,North America,Desktop,Gold,Referral,159,9181.19,37.9,8
CUST00373,34,Female,Bachelor,Medium,Asia-Pacific,Desktop,Silver,Display Ads,699,10723.79,51.2,3
CUST00374,36,Male,High School,High,North America,Mobile,Silver,Organic Search,162,3573.11,52.2,2
CUST00375,48,Male,Associate,Medium-High,Middle East,Desktop,Gold,Paid Search,96,24662.34,77.3,7
CUST00376,31,Male,Bachelor,Medium,North America,Mobile,Bronze,Display Ads,128,1793.94,93.7,1
CUST00377,34,Male,Bachelor,High,North America,Mobile,Platinum,Social Media,34,45175.96,73.4,9
CUST00378,37,Male,Master,Medium,North America,Mobile,Bronze,Email,285,2275.46,62.2,5
CUST00379,31,Male,Associate,Low,North America,Mobile,Bronze,Paid Search,263,6102.7,59.1,2
CUST00380,38,Female,Bachelor,Medium-Low,Middle East,Mobile,Bronze,Social Media,206,3474.31,75.4,3
CUST00381,34,Female,Bachelor,Medium,North America,Desktop,Bronze,Email,447,7152.81,33.3,2
CUST00382,23,Male,Master,Medium-Low,Europe,Mobile,Gold,Paid Search,204,6492.26,96.8,7
CUST00383,37,Male,Bachelor,Medium,Europe,Desktop,Bronze,Referral,720,3932.8,89.0,1
CUST00384,29,Male,PhD,Medium,Europe,Desktop,Bronze,Referral,82,2262.61,88.2,2
CUST00385,34,Male,Associate,Medium,North America,Desktop,Bronze,Organic Search,110,3564.1,35.5,3
CUST00386,42,Male,PhD,High,Europe,Mobile,Platinum,Paid Search,236,156619.53,88.5,8
CUST00387,49,Female,Bachelor,Medium,Asia-Pacific,Mobile,Gold,Display Ads,91,38205.79,64.1,12
CUST00388,31,Female,Associate,Medium-High,North America,Mobile,Bronze,Organic Search,80,4617.53,70.2,3
CUST00389,34,Male,Bachelor,Medium-High,North America,Desktop,Gold,Paid Search,1026,11726.0,78.2,5
CUST00390,25,Male,High School,Medium-High,North America,Desktop,Bronze,Organic Search,84,6518.93,66.2,2
CUST00391,43,Female,High School,Medium-High,Europe,Desktop,Gold,Organic Search,156,10138.38,96.2,9
CUST00392,29,Female,Master,High,Asia-Pacific,Mobile,Bronze,Organic Search,1095,7042.27,92.3,2
CUST00393,37,Female,Master,Medium,Europe,Desktop,Silver,Paid Search,245,6989.97,48.4,5
CUST00394,38,Female,Associate,Medium,Europe,Desktop,Platinum,Direct,191,49200.48,65.1,12
CUST00395,40,Male,Master,Medium,Europe,Mobile,Silver,Direct,47,3579.07,95.4,3
CUST00396,35,Female,High School,Medium-High,Asia-Pacific,Desktop,Gold,Paid Search,143,9539.08,92.7,5
CUST00397,31,Female,Bachelor,Medium,Europe,Desktop,Bronze,Referral,944,3233.21,38.4,2
CUST00398,45,Female,PhD,Medium-High,North America,Tablet,Platinum,Organic Search,118,21866.95,43.3,13
CUST00399,44,Male,Bachelor,Medium-High,Europe,Mobile,Bronze,Organic Search,224,4877.78,91.3,1
CUST00400,35,Male,Bachelor,Medium-High,North America,Mobile,Gold,Email,44,18362.5,64.5,6
CUST00401,35,Female,High School,Medium,Latin America,Desktop,Bronze,Organic Search,180,4776.76,34.6,1
CUST00402,29,Female,High School,Medium-High,North America,Mobile,Gold,Direct,791,65165.24,96.0,4
CUST00403,41,Female,Bachelor,Medium-High,Asia-Pacific,Mobile,Gold,Email,490,11178.48,95.8,4
CUST00404,45,Male,Bachelor,Medium-High,Latin America,Mobile,Platinum,Organic Search,924,40417.8,77.2,12
CUST00405,35,Male,Bachelor,Medium,Europe,Desktop,Bronze,Social Media,39,3044.33,98.3,1
CUST00406,41,Female,Bachelor,Medium,North America,Mobile,Bronze,Social Media,27,5883.15,78.3,2
CUST00407,27,Male,Associate,Medium-Low,Latin America,Mobile,Silver,Email,468,19646.11,57.3,3
CUST00408,42,Female,Associate,Medium,Europe,Mobile,Gold,Social Media,54,10108.71,74.7,5
CUST00409,36,Male,Associate,Medium-Low,Asia-Pacific,Desktop,Silver,Display Ads,118,2890.46,63.6,4
CUST00410,36,Female,Bachelor,Medium-High,Latin America,Mobile,Gold,Referral,440,1563.07,30.9,8
CUST00411,38,Male,Bachelor,High,Europe,Desktop,Gold,Social Media,441,18259.0,68.0,7
CUST00412,45,Non-binary,High School,High,North America,Desktop,Platinum,Referral,23,13377.69,55.9,11
CUST00413,44,Female,Bachelor,Medium-High,North America,Mobile,Silver,Social Media,483,26096.26,85.2,3
CUST00414,36,Non-binary,Associate,Low,North America,Desktop,Silver,Organic Search,210,12471.3,76.3,4
CUST00415,44,Male,Master,Medium,Europe,Desktop,Gold,Referral,64,42021.88,82.2,2
CUST00416,30,Female,Master,Medium-High,Europe,Mobile,Platinum,Social Media,524,102495.37,66.5,5
CUST00417,48,Male,Bachelor,Medium-High,Latin America,Mobile,Platinum,Paid Search,94,9549.36,51.9,10
CUST00418,42,Female,PhD,Medium,Europe,Desktop,Silver,Email,420,9335.99,92.3,8
CUST00419,27,Male,Associate,Medium,North America,Desktop,Gold,Email,29,13501.6,40.3,8
CUST00420,28,Female,Bachelor,Medium,North America,Desktop,Gold,Paid Search,329,15992.92,91.8,6
CUST00421,36,Male,Master,High,Asia-Pacific,Mobile,Gold,Organic Search,1095,72583.14,77.5,8
CUST00422,26,Female,Bachelor,Low,Latin America,Mobile,Silver,Organic Search,1095,4969.44,45.6,5
CUST00423,47,Female,Bachelor,Medium-High,North America,Mobile,Platinum,Direct,93,32325.97,76.6,5
CUST00424,37,Male,Bachelor,Medium-Low,Europe,Mobile,Silver,Direct,466,12174.21,39.0,4
CUST00425,31,Male,Master,Medium-High,Asia-Pacific,Desktop,Silver,Organic Search,280,9384.27,79.6,3
CUST00426,35,Female,Bachelor,Medium,Europe,Mobile,Gold,Referral,99,20080.39,60.0,2
CUST00427,49,Male,Associate,High,North America,Mobile,Silver,Display Ads,508,4351.79,89.8,1
CUST00428,33,Male,Bachelor,Medium-Low,North America,Tablet,Bronze,Referral,212,1785.13,80.9,3
CUST00429,24,Male,Bachelor,Medium,North America,Desktop,Bronze,Social Media,193,12879.44,90.8,2
CUST00430,45,Female,High School,Medium,North America,Mobile,Gold,Paid Search,218,23279.58,58.7,3
CUST00431,22,Female,Bachelor,Medium-Low,Middle East,Mobile,Bronze,Organic Search,195,20098.48,75.3,0
CUST00432,41,Male,Master,Low,North America,Mobile,Silver,Organic Search,647,8501.85,60.9,7
CUST00433,31,Male,PhD,Medium-Low,North America,Desktop,Gold,Organic Search,308,34287.95,33.5,1
CUST00434,32,Female,Master,Medium-High,North America,Mobile,Bronze,Display Ads,689,1931.27,83.8,2
CUST00435,38,Female,Bachelor,Medium-Low,Europe,Mobile,Silver,Paid Search,522,3424.94,95.2,2
CUST00436,34,Female,Master,Medium,North America,Mobile,Bronze,Referral,364,7749.1,32.2,1
CUST00437,36,Non-binary,Bachelor,Medium,North America,Tablet,Platinum,Email,89,60033.18,44.8,13
CUST00438,37,Female,Master,Medium,Asia-Pacific,Mobile,Gold,Organic Search,94,40846.16,61.9,7
CUST00439,32,Female,High School,Medium-High,Latin America,Mobile,Silver,Paid Search,256,10246.8,73.2,6
CUST00440,39,Female,Bachelor,Medium,Asia-Pacific,Mobile,Gold,Social Media,772,4783.32,54.3,6
CUST00441,31,Female,High School,Medium-High,North America,Mobile,Bronze,Display Ads,163,8649.63,46.4,3
CUST00442,23,Male,Bachelor,High,Europe,Mobile,Silver,Direct,376,6128.7,71.0,3
CUST00443,38,Female,Master,Medium-Low,Middle East,Desktop,Bronze,Social Media,351,1347.71,87.1,2
CUST00444,30,Male,Bachelor,Medium-High,Asia-Pacific,Desktop,Gold,Email,525,11202.5,47.0,6
CUST00445,38,Female,PhD,Low,Europe,Desktop,Bronze,Social Media,135,2587.09,38.4,4
CUST00446,46,Male,Associate,Medium,Europe,Desktop,Platinum,Social Media,205,40075.66,84.8,20
CUST00447,27,Male,Master,Medium,Europe,Mobile,Silver,Direct,406,1983.46,50.2,2
CUST00448,33,Male,High School,Low,Middle East,Mobile,Bronze,Social Media,189,4579.34,52.2,2
CUST00449,30,Male,PhD,Low,Europe,Desktop,Bronze,Organic Search,572,2122.8,31.1,2
CUST00450,42,Female,Associate,Medium,North America,Desktop,Silver,Organic Search,355,3416.12,66.8,4
CUST00451,37,Female,Bachelor,Medium,North America,Desktop,Gold,Paid Search,442,16481.25,45.1,9
CUST00452,42,Male,Master,High,North America,Desktop,Gold,Organic Search,45,9309.87,34.9,6
CUST00453,50,Female,Bachelor,Medium,Europe,Desktop,Platinum,Organic Search,29,43745.17,43.3,12
CUST00454,34,Female,Associate,Low,North America,Mobile,Gold,Social Media,259,31645.08,48.9,7
CUST00455,19,Male,Bachelor,Medium-Low,North America,Desktop,Silver,Social Media,649,19620.99,60.2,8
CUST00456,47,Male,Bachelor,Medium,Asia-Pacific,Desktop,Platinum,Social Media,152,37515.18,49.7,11
CUST00457,40,Male,Associate,Medium-Low,Europe,Mobile,Gold,Direct,48,40633.68,40.9,7
CUST00458,38,Female,Associate,Medium,Europe,Tablet,Silver,Organic Search,37,3738.87,97.1,10
CUST00459,29,Male,Associate,Medium,Europe,Mobile,Bronze,Organic Search,597,1811.89,69.9,1
CUST00460,31,Male,PhD,Medium,North America,Mobile,Bronze,Social Media,409,2312.14,59.0,1
CUST00461,38,Male,Master,Medium-High,Europe,Desktop,Gold,Social Media,474,32505.03,60.9,11
CUST00462,31,Male,Associate,Medium,Latin America,Desktop,Silver,Social Media,1,4076.02,47.4,6
CUST00463,39,Male,Bachelor,Medium-Low,Middle East,Mobile,Gold,Display Ads,151,18799.91,59.7,5
CUST00464,37,Female,Master,Medium,Asia-Pacific,Mobile,Platinum,Organic Search,748,20360.82,61.7,10
CUST00465,40,Male,Bachelor,Medium,Asia-Pacific,Desktop,Silver,Paid Search,156,18927.91,39.5,8
CUST00466,31,Female,High School,Medium-High,Asia-Pacific,Mobile,Silver,Organic Search,591,6823.84,88.0,8
CUST00467,29,Male,Associate,Medium-Low,North America,Desktop,Bronze,Social Media,25,2255.45,48.9,3
CUST00468,43,Female,Master,Medium,North America,Mobile,Platinum,Referral,170,103415.51,66.4,13
CUST00469,57,Male,Bachelor,Medium-High,Europe,Desktop,Platinum,Social Media,967,57027.55,99.5,6
CUST00470,43,Female,High School,High,Asia-Pacific,Mobile,Platinum,Referral,100,12692.19,32.4,10
CUST00471,50,Male,Bachelor,Medium-High,Asia-Pacific,Desktop,Platinum,Organic Search,238,13361.28,60.8,6
CUST00472,25,Female,Bachelor,Medium-Low,Europe,Mobile,Bronze,Social Media,212,3043.11,32.5,3
CUST00473,40,Female,PhD,Medium-Low,North America,Mobile,Bronze,Social Media,495,3600.91,67.4,1
CUST00474,26,Female,Bachelor,Medium-High,North America,Mobile,Silver,Social Media,4,12335.47,66.3,8
CUST00475,41,Female,Bachelor,Medium-Low,North America,Desktop,Silver,Direct,879,11760.94,89.2,6
CUST00476,34,Male,Bachelor,Medium,North America,Mobile,Gold,Direct,1095,32377.04,57.4,5
CUST00477,30,Female,High School,Low,North America,Mobile,Silver,Social Media,76,3090.99,97.0,3
CUST00478,35,Female,Associate,Medium,Latin America,Desktop,Bronze,Social Media,122,12522.24,68.9,2
CUST00479,31,Female,Bachelor,High,North America,Desktop,Silver,Organic Search,273,17073.73,81.3,3
CUST00480,23,Male,Bachelor,Medium-Low,North America,Mobile,Silver,Direct,464,2785.24,88.9,2
CUST00481,33,Male,Master,Medium-Low,North America,Desktop,Bronze,Paid Search,167,1066.78,35.9,1
CUST00482,45,Male,Bachelor,Low,North America,Mobile,Gold,Organic Search,17,6878.33,65.2,7
CUST00483,43,Female,Bachelor,Medium-High,North America,Tablet,Platinum,Email,26,13702.85,70.2,12
CUST00484,38,Female,Bachelor,Medium-High,Europe,Tablet,Platinum,Social Media,96,71296.82,71.0,10
CUST00485,30,Female,Master,Medium,Asia-Pacific,Mobile,Gold,Social Media,272,27219.95,30.7,5
CUST00486,46,Female,Bachelor,High,Asia-Pacific,Desktop,Platinum,Display Ads,97,77927.78,35.9,11
CUST00487,40,Female,Bachelor,Medium-High,North America,Desktop,Gold,Referral,71,18843.58,38.6,7
CUST00488,33,Male,Master,Medium-High,Middle East,Mobile,Silver,Referral,695,1094.39,30.4,6
CUST00489,39,Male,High School,Medium-Low,Europe,Desktop,Silver,Email,49,13578.56,71.8,2
CUST00490,41,Male,Master,Medium,Asia-Pacific,Desktop,Silver,Email,1095,15030.76,87.3,3
CUST00491,42,Female,Associate,Medium,Middle East,Mobile,Bronze,Display Ads,229,5113.9,74.1,1
CUST00492,26,Male,High School,Medium,North America,Mobile,Silver,Social Media,820,9576.99,63.9,4
CUST00493,44,Male,Master,High,Europe,Desktop,Gold,Email,532,12630.05,44.8,5
CUST00494,36,Female,Bachelor,Medium,North America,Mobile,Silver,Email,99,10942.19,44.1,6
CUST00495,37,Male,Master,Medium,Asia-Pacific,Mobile,Bronze,Email,576,8709.76,80.6,1
CUST00496,31,Male,Bachelor,Medium,Middle East,Mobile,Silver,Paid Search,484,15664.63,65.9,4
CUST00497,34,Male,Master,Medium,North America,Mobile,Gold,Social Media,1095,13254.85,66.9,14
CUST00498,39,Male,Master,Medium,Europe,Desktop,Gold,Organic Search,88,38815.35,97.3,9
CUST00499,44,Male,PhD,Medium,Asia-Pacific,Desktop,Bronze,Organic Search,183,5682.67,97.2,2
CUST00500,38,Male,High School,Medium-Low,North America,Mobile,Bronze,Social Media,224,3099.01,58.6,0
CUST00501,43,Female,Master,Medium-High,North America,Tablet,Platinum,Direct,234,65354.33,72.0,5
CUST00502,48,Female,High School,Medium-High,Europe,Mobile,Platinum,Organic Search,123,40365.78,93.0,17
CUST00503,50,Female,Bachelor,Medium-High,North America,Tablet,Silver,Email,42,5367.83,64.7,7
CUST00504,33,Female,Associate,Medium,North America,Desktop,Bronze,Organic Search,55,4463.08,61.8,4
CUST00505,30,Male,Associate,Medium-Low,North America,Mobile,Bronze,Paid Search,137,9089.24,67.9,0
CUST00506,34,Male,Master,Low,Asia-Pacific,Desktop,Bronze,Referral,318,4918.85,67.7,6
CUST00507,26,Female,Bachelor,Medium-Low,Asia-Pacific,Mobile,Silver,Organic Search,123,4845.1,54.5,3
CUST00508,43,Male,Master,Medium-High,Asia-Pacific,Mobile,Silver,Social Media,164,11897.18,86.7,5
CUST00509,46,Male,Bachelor,Medium,Asia-Pacific,Mobile,Platinum,Referral,47,46226.97,54.3,15
CUST00510,37,Female,Master,Low,Europe,Desktop,Gold,Organic Search,303,22518.2,86.4,6
CUST00511,24,Male,Master,Medium-Low,North America,Mobile,Silver,Organic Search,836,1773.62,93.9,5
CUST00512,30,Male,Master,Medium-High,North America,Desktop,Silver,Organic Search,306,200.0,43.9,4
CUST00513,31,Female,Associate,Medium,Europe,Mobile,Bronze,Display Ads,1095,17794.74,84.4,2
CUST00514,46,Male,Associate,Medium-High,North America,Desktop,Platinum,Social Media,44,13880.59,46.6,10
CUST00515,46,Female,Bachelor,Low,North America,Mobile,Platinum,Paid Search,118,23836.55,56.6,15
CUST00516,47,Female,PhD,Medium,Latin America,Mobile,Gold,Organic Search,92,19461.57,94.3,6
CUST00517,41,Female,Bachelor,Medium,North America,Mobile,Gold,Social Media,171,13131.88,42.5,11
CUST00518,31,Female,Bachelor,Low,North America,Desktop,Silver,Paid Search,301,7112.36,57.7,4
CUST00519,41,Male,PhD,Medium,Middle East,Mobile,Platinum,Display Ads,232,55417.99,74.4,14
CUST00520,26,Male,Bachelor,Medium,North America,Mobile,Bronze,Social Media,701,1870.71,37.5,4
CUST00521,46,Male,Bachelor,Medium-High,Asia-Pacific,Desktop,Gold,Email,25,16871.73,33.6,5
CUST00522,33,Male,Master,Medium-Low,Europe,Mobile,Silver,Direct,275,2635.76,54.0,2
CUST00523,27,Male,Bachelor,Medium-High,Asia-Pacific,Desktop,Silver,Email,113,10486.33,93.2,6
CUST00524,42,Male,Bachelor,Medium,Europe,Desktop,Bronze,Social Media,44,2865.72,76.5,1
CUST00525,28,Male,High School,High,Europe,Mobile,Bronze,Organic Search,610,2995.0,67.2,1
CUST00526,29,Female,Bachelor,Medium-Low,Middle East,Mobile,Bronze,Paid Search,121,1977.42,32.7,2
CUST00527,38,Female,Bachelor,Medium-Low,Asia-Pacific,Mobile,Silver,Social Media,28,13795.06,65.5,2
CUST00528,27,Male,Associate,Medium,Europe,Desktop,Gold,Display Ads,222,67046.97,68.6,9
CUST00529,33,Male,Bachelor,Low,North America,Desktop,Silver,Organic Search,96,5738.7,49.0,6
CUST00530,39,Male,High School,High,Asia-Pacific,Mobile,Platinum,Direct,7,27476.01,51.8,12
CUST00531,44,Female,Associate,Low,Asia-Pacific,Desktop,Gold,Organic Search,585,9859.26,45.5,9
CUST00532,39,Male,Associate,Medium-Low,Europe,Desktop,Silver,Email,199,3805.72,78.7,4
CUST00533,41,Male,Bachelor,Medium,North America,Mobile,Bronze,Email,214,7088.76,95.1,2
CUST00534,43,Female,PhD,Medium-High,Europe,Mobile,Gold,Referral,246,34310.4,55.5,11
CUST00535,45,Non-binary,High School,Medium-High,North America,Desktop,Silver,Social Media,1095,14197.2,50.6,4
CUST00536,37,Male,Bachelor,Medium,Latin America,Mobile,Silver,Social Media,756,7068.46,66.5,3
CUST00537,31,Female,Associate,Medium,North America,Mobile,Bronze,Organic Search,23,4759.82,56.1,3
CUST00538,43,Female,Master,Medium,North America,Mobile,Platinum,Paid Search,523,26062.34,37.0,13
CUST00539,39,Male,Bachelor,Medium-High,North America,Desktop,Bronze,Referral,73,7962.39,32.1,2
CUST00540,25,Female,Bachelor,Medium,Asia-Pacific,Mobile,Silver,Social Media,1,5263.47,51.2,6
CUST00541,34,Male,Associate,Low,North America,Mobile,Silver,Email,195,7420.29,47.6,5
CUST00542,53,Female,Bachelor,Medium,Asia-Pacific,Mobile,Silver,Direct,265,3224.12,88.1,7
CUST00543,32,Male,Master,Medium,Europe,Mobile,Bronze,Email,911,3895.18,96.3,1
CUST00544,38,Male,Master,Medium,North America,Desktop,Silver,Direct,1051,3245.72,53.3,1
CUST00545,37,Male,Associate,Low,North America,Mobile,Bronze,Referral,2,5924.74,98.9,5
CUST00546,35,Female,Bachelor,Medium,North America,Mobile,Bronze,Direct,210,4708.18,66.7,3
CUST00547,34,Male,High School,Medium,Asia-Pacific,Desktop,Bronze,Direct,144,3280.74,98.8,1
CUST00548,40,Non-binary,Bachelor,Medium,Europe,Desktop,Bronze,Email,215,4352.16,83.0,1
CUST00549,35,Male,Bachelor,Medium-Low,Asia-Pacific,Mobile,Bronze,Social Media,164,5468.0,79.2,1
CUST00550,36,Male,Associate,Medium,North America,Desktop,Silver,Email,561,8049.43,31.4,3
CUST00551,40,Female,PhD,Medium-High,North America,Desktop,Gold,Email,322,40308.35,32.2,11
CUST00552,50,Male,Associate,Low,North America,Tablet,Gold,Referral,198,68364.54,94.1,6
CUST00553,31,Female,Master,Medium,Asia-Pacific,Mobile,Bronze,Organic Search,756,10299.13,91.2,1
CUST00554,49,Male,Master,Medium,North America,Tablet,Silver,Paid Search,294,5033.27,42.0,2
CUST00555,40,Male,High School,Medium-Low,Europe,Tablet,Gold,Direct,38,20245.42,77.5,7
CUST00556,24,Male,Master,Medium-Low,Europe,Desktop,Silver,Email,128,5524.53,68.2,3
CUST00557,39,Male,Bachelor,High,Europe,Desktop,Silver,Social Media,1095,8370.51,87.6,2
CUST00558,43,Male,Bachelor,Medium,Middle East,Mobile,Silver,Display Ads,178,26223.18,60.1,4
CUST00559,35,Male,Bachelor,Medium-Low,North America,Mobile,Bronze,Paid Search,747,2217.36,93.8,1
CUST00560,35,Female,PhD,High,North America,Tablet,Silver,Organic Search,101,12356.78,79.4,4
CUST00561,25,Female,Master,Medium-Low,Asia-Pacific,Desktop,Bronze,Social Media,115,3328.63,59.2,2
CUST00562,30,Female,PhD,Medium,Europe,Mobile,Bronze,Display Ads,467,1463.41,37.5,2
CUST00563,37,Female,Master,Medium-High,Middle East,Desktop,Silver,Social Media,368,4043.07,72.4,6
CUST00564,45,Female,Master,Medium,Asia-Pacific,Mobile,Gold,Referral,1095,17576.73,90.8,10
CUST00565,31,Non-binary,Associate,Medium-Low,North America,Desktop,Bronze,Paid Search,108,3455.2,50.2,3
CUST00566,39,Male,Bachelor,Medium,Asia-Pacific,Mobile,Silver,Direct,43,6364.21,88.6,1
CUST00567,34,Male,Bachelor,Medium,Europe,Mobile,Silver,Paid Search,200,14199.31,77.4,9
CUST00568,30,Female,Bachelor,Low,Middle East,Tablet,Silver,Social Media,640,2495.76,66.7,5
CUST00569,20,Male,Master,Medium-Low,Asia-Pacific,Mobile,Bronze,Social Media,113,3031.44,30.6,1
CUST00570,40,Female,Bachelor,Medium,North America,Mobile,Bronze,Social Media,241,7381.99,65.9,2
CUST00571,48,Female,Bachelor,Medium,Europe,Desktop,Silver,Paid Search,226,4885.08,58.9,4
CUST00572,45,Female,High School,Medium-High,Europe,Mobile,Platinum,Organic Search,44,30369.32,72.9,13
CUST00573,34,Male,Bachelor,High,Europe,Desktop,Gold,Direct,19,12457.59,79.4,13
CUST00574,41,Male,Bachelor,Medium,Europe,Mobile,Platinum,Social Media,599,33736.53,73.8,10
CUST00575,56,Male,Bachelor,Medium-High,North America,Mobile,Platinum,Paid Search,418,46684.44,91.0,11
CUST00576,31,Male,Bachelor,Medium-Low,Middle East,Desktop,Bronze,Social Media,381,2648.41,93.2,4
CUST00577,31,Male,Bachelor,Medium,Middle East,Mobile,Silver,Direct,898,13191.11,63.3,2
CUST00578,33,Non-binary,Master,Medium-High,Middle East,Desktop,Platinum,Referral,332,44940.69,62.9,10
CUST00579,43,Male,Master,Medium-Low,North America,Tablet,Bronze,Social Media,591,2693.48,91.3,1
CUST00580,33,Male,Bachelor,Medium-Low,North America,Desktop,Silver,Social Media,663,20986.05,97.8,4
CUST00581,41,Male,Bachelor,Medium-Low,Asia-Pacific,Mobile,Platinum,Paid Search,1095,29968.38,83.3,21
CUST00582,27,Female,Master,Medium-Low,Asia-Pacific,Mobile,Bronze,Organic Search,181,7354.53,89.7,3
CUST00583,32,Male,Associate,Medium-High,North America,Desktop,Gold,Social Media,838,1566.82,90.7,5
CUST00584,39,Male,Master,Medium-Low,North America,Mobile,Silver,Paid Search,354,4941.39,54.7,5
CUST00585,41,Male,Master,Medium-Low,Asia-Pacific,Mobile,Bronze,Display Ads,512,7362.76,36.0,1
CUST00586,32,Female,High School,Medium-High,North America,Mobile,Silver,Organic Search,173,14708.98,88.6,3
CUST00587,35,Female,Bachelor,Medium-Low,Asia-Pacific,Desktop,Bronze,Social Media,881,6863.05,79.0,1
CUST00588,34,Male,PhD,Medium,Latin America,Mobile,Bronze,Social Media,282,10517.34,97.6,4
CUST00589,34,Male,High School,Medium,Latin America,Desktop,Gold,Referral,631,1856.49,49.6,8
CUST00590,29,Male,Bachelor,Low,Europe,Mobile,Platinum,Referral,42,55324.11,95.3,10
CUST00591,23,Female,Master,Medium,North America,Mobile,Silver,Direct,27,13158.38,45.1,3
CUST00592,30,Male,Bachelor,Medium-High,Latin America,Mobile,Gold,Social Media,783,51255.11,35.4,7
CUST00593,34,Female,Bachelor,Medium-High,Europe,Desktop,Silver,Referral,227,2699.94,43.4,2
CUST00594,28,Male,Bachelor,Low,Asia-Pacific,Mobile,Silver,Display Ads,33,13546.06,91.2,7
CUST00595,47,Male,High School,Medium,Europe,Desktop,Platinum,Social Media,441,44409.62,81.8,13
CUST00596,44,Male,Associate,Medium,North America,Mobile,Gold,Social Media,381,25269.68,89.4,9
CUST00597,41,Female,Bachelor,Medium,Latin America,Desktop,Bronze,Organic Search,202,5161.4,96.7,1
CUST00598,40,Male,Bachelor,High,North America,Mobile,Gold,Referral,375,33981.39,47.8,9
CUST00599,40,Non-binary,Bachelor,Medium,Europe,Tablet,Bronze,Social Media,790,5942.17,86.9,0
CUST00600,35,Male,Bachelor,Low,Europe,Mobile,Bronze,Referral,302,3075.16,58.6,1
CUST00601,36,Female,Master,Medium-High,Europe,Tablet,Platinum,Email,633,9305.27,32.8,9
CUST00602,39,Female,Master,Medium,Middle East,Mobile,Gold,Referral,43,13589.16,85.3,5
CUST00603,45,Male,Master,Medium,North America,Mobile,Silver,Paid Search,203,9909.93,61.4,6
CUST00604,46,Female,PhD,Medium,Asia-Pacific,Tablet,Platinum,Social Media,793,33104.92,89.8,10
CUST00605,43,Male,Bachelor,Medium-High,Latin America,Desktop,Silver,Organic Search,741,13994.91,80.3,7
CUST00606,42,Female,Bachelor,Medium-High,Asia-Pacific,Tablet,Platinum,Social Media,374,13709.06,40.7,8
CUST00607,31,Male,PhD,Medium-Low,North America,Mobile,Bronze,Paid Search,10,6967.91,56.9,1
CUST00608,38,Female,Associate,Medium-High,Europe,Desktop,Bronze,Organic Search,579,2505.49,94.1,2
CUST00609,44,Female,High School,High,Asia-Pacific,Mobile,Silver,Email,131,6301.32,46.2,3
CUST00610,45,Male,Bachelor,Medium-High,Latin America,Desktop,Gold,Paid Search,189,22284.74,92.7,8
CUST00611,30,Male,Associate,High,North America,Desktop,Silver,Direct,1095,7607.46,30.6,5
CUST00612,31,Female,Master,Medium,North America,Mobile,Silver,Email,226,8789.56,43.8,2
CUST00613,45,Male,High School,Low,Europe,Mobile,Platinum,Display Ads,242,19481.27,54.9,18
CUST00614,42,Male,PhD,Medium,North America,Mobile,Bronze,Social Media,523,3879.4,41.5,2
CUST00615,32,Male,Master,Medium-High,Europe,Tablet,Gold,Display Ads,199,14683.61,30.3,7
CUST00616,37,Female,Bachelor,Medium-High,North America,Desktop,Gold,Organic Search,998,26272.1,61.5,8
CUST00617,33,Male,Bachelor,Medium,Asia-Pacific,Desktop,Bronze,Organic Search,315,3604.87,40.3,4
CUST00618,43,Female,Bachelor,Medium-Low,North America,Mobile,Silver,Social Media,1039,6028.18,56.3,7
CUST00619,35,Male,Bachelor,Medium-Low,Middle East,Mobile,Silver,Direct,882,7410.52,85.0,3
CUST00620,38,Female,Bachelor,Medium,North America,Desktop,Gold,Social Media,1095,15224.01,37.0,7
CUST00621,36,Male,Master,Medium-High,North America,Mobile,Bronze,Display Ads,376,2100.36,80.8,3
CUST00622,39,Male,Bachelor,Medium,North America,Mobile,Silver,Direct,214,12150.36,85.1,2
CUST00623,36,Male,Bachelor,Medium,Latin America,Desktop,Bronze,Social Media,364,6599.12,89.8,3
CUST00624,35,Female,Master,Medium-Low,North America,Mobile,Silver,Social Media,728,20305.24,68.9,4
CUST00625,39,Female,Master,Medium,Latin America,Mobile,Gold,Direct,284,22994.82,96.2,12
CUST00626,30,Male,Master,Medium-Low,North America,Mobile,Gold,Email,234,20231.58,36.1,8
CUST00627,51,Male,High School,Medium-High,Asia-Pacific,Desktop,Platinum,Email,824,53654.34,85.8,11
CUST00628,30,Male,Master,Medium-Low,Middle East,Desktop,Silver,Organic Search,13,5990.88,57.0,4
CUST00629,36,Male,High School,Medium-High,North America,Mobile,Silver,Social Media,216,2363.42,95.0,7
CUST00630,41,Female,Bachelor,Medium,Asia-Pacific,Mobile,Platinum,Social Media,674,10176.46,55.1,12
CUST00631,42,Non-binary,Bachelor,Medium-Low,North America,Desktop,Gold,Display Ads,175,21794.89,70.2,4
CUST00632,42,Male,Associate,Medium-Low,North America,Desktop,Gold,Email,279,11332.91,49.0,7
CUST00633,37,Male,PhD,Medium-High,Latin America,Mobile,Platinum,Social Media,64,11543.34,74.5,10
CUST00634,29,Female,Bachelor,Medium-High,North America,Mobile,Bronze,Social Media,51,2146.48,90.5,3
CUST00635,30,Male,Bachelor,Medium-Low,Europe,Desktop,Silver,Paid Search,155,10275.92,60.7,4
CUST00636,40,Male,Bachelor,Low,Latin America,Desktop,Bronze,Social Media,730,3385.4,93.7,2
CUST00637,45,Male,High School,Medium,North America,Mobile,Bronze,Social Media,1095,1797.8,51.4,0
CUST00638,34,Female,Associate,Medium,Europe,Desktop,Gold,Direct,345,32270.32,60.1,4
CUST00639,42,Male,Bachelor,Medium,North America,Mobile,Platinum,Organic Search,289,21578.18,69.9,8
CUST00640,38,Female,Master,Medium,North America,Mobile,Platinum,Display Ads,646,93032.14,84.0,17
CUST00641,32,Female,High School,Medium-Low,North America,Mobile,Silver,Email,26,10841.12,93.2,8
CUST00642,39,Female,High School,Medium,Latin America,Tablet,Silver,Direct,1095,15438.99,57.9,8
CUST00643,42,Male,Master,Medium-Low,North America,Mobile,Bronze,Organic Search,22,785.47,38.7,2
CUST00644,34,Male,PhD,Low,Asia-Pacific,Mobile,Gold,Paid Search,224,22708.36,30.8,12
CUST00645,45,Female,High School,High,North America,Mobile,Silver,Social Media,70,15198.24,57.2,3
CUST00646,31,Female,PhD,Medium,Latin America,Mobile,Bronze,Organic Search,749,3416.55,77.5,5
CUST00647,39,Male,Master,Medium-Low,North America,Mobile,Silver,Direct,389,5816.7,41.1,5
CUST00648,34,Female,Associate,Low,North America,Desktop,Silver,Display Ads,152,4266.97,75.8,2
CUST00649,42,Male,Master,Medium,Europe,Tablet,Platinum,Display Ads,94,48253.71,73.7,7
CUST00650,31,Female,Bachelor,Medium,Europe,Mobile,Silver,Email,837,7615.15,68.0,4
CUST00651,48,Male,Master,Medium,North America,Mobile,Gold,Display Ads,160,14167.36,75.5,12
CUST00652,40,Male,Bachelor,Medium,North America,Tablet,Platinum,Organic Search,9,54683.59,83.5,12
CUST00653,25,Male,Associate,Low,Asia-Pacific,Desktop,Bronze,Paid Search,58,1052.38,89.4,1
CUST00654,43,Male,Associate,Medium-Low,Middle East,Desktop,Gold,Organic Search,222,33787.28,43.0,6
CUST00655,49,Female,Bachelor,Medium-High,Europe,Desktop,Platinum,Display Ads,1095,43636.76,76.9,11
CUST00656,41,Female,High School,Medium-Low,Latin America,Desktop,Bronze,Display Ads,418,2525.51,32.0,0
CUST00657,26,Male,Bachelor,Medium-Low,North America,Desktop,Bronze,Email,189,3425.49,74.0,1
CUST00658,38,Female,Bachelor,Medium,Europe,Desktop,Silver,Social Media,15,13637.12,72.4,2
CUST00659,45,Male,High School,Medium-High,Asia-Pacific,Desktop,Gold,Paid Search,149,24581.99,61.5,6
CUST00660,37,Male,Master,Medium-High,Europe,Mobile,Bronze,Social Media,1095,7026.38,74.5,3
CUST00661,42,Male,Bachelor,Medium,North America,Desktop,Bronze,Organic Search,1095,4025.11,84.0,3
CUST00662,30,Female,High School,Low,North America,Mobile,Gold,Social Media,306,39763.83,85.8,10
CUST00663,28,Female,High School,Low,Middle East,Desktop,Bronze,Organic Search,445,5682.73,57.2,2
CUST00664,42,Female,Master,Medium,North America,Mobile,Bronze,Social Media,270,1309.39,71.9,0
CUST00665,41,Female,Bachelor,Medium,Asia-Pacific,Tablet,Platinum,Organic Search,508,46046.33,73.0,13
CUST00666,36,Male,High School,Medium,Middle East,Mobile,Gold,Display Ads,624,4777.61,84.9,8
CUST00667,38,Female,Associate,Medium-Low,Asia-Pacific,Mobile,Silver,Organic Search,67,7872.69,85.3,1
CUST00668,38,Female,Associate,Medium-High,Latin America,Desktop,Platinum,Social Media,401,11391.53,33.5,12
CUST00669,42,Male,Master,Medium-High,North America,Mobile,Silver,Organic Search,26,10239.24,80.0,6
CUST00670,39,Male,Master,Medium-Low,Middle East,Desktop,Silver,Referral,67,8965.58,67.5,4
CUST00671,23,Male,Associate,High,Middle East,Tablet,Bronze,Paid Search,61,3787.6,37.1,0
CUST00672,40,Male,Associate,Medium,Europe,Desktop,Gold,Referral,415,13984.38,99.0,7
CUST00673,42,Female,PhD,Medium-Low,North America,Mobile,Gold,Social Media,147,19655.59,91.4,4
CUST00674,25,Male,Master,Medium-Low,Middle East,Desktop,Silver,Organic Search,320,4697.95,72.4,5
CUST00675,31,Male,High School,Medium-Low,Latin America,Desktop,Bronze,Social Media,199,4476.38,34.5,3
CUST00676,37,Female,Master,Medium,Latin America,Mobile,Bronze,Social Media,437,13867.81,97.0,2
CUST00677,35,Female,Master,High,Europe,Mobile,Silver,Display Ads,738,18573.51,75.4,1
CUST00678,30,Female,High School,Medium,North America,Mobile,Bronze,Email,37,2581.78,35.5,2
CUST00679,39,Female,Master,Medium-Low,Asia-Pacific,Desktop,Bronze,Email,379,2902.85,67.2,5
CUST00680,50,Female,High School,Medium-High,Europe,Mobile,Platinum,Display Ads,14,16543.76,67.9,10
CUST00681,49,Female,Master,Medium-High,North America,Mobile,Platinum,Social Media,196,49743.88,59.8,5
CUST00682,51,Male,Bachelor,Medium-High,Europe,Mobile,Gold,Referral,804,58691.94,92.3,3
CUST00683,40,Male,High School,High,North America,Desktop,Gold,Direct,177,9864.21,94.0,4
CUST00684,43,Female,Bachelor,Medium,Asia-Pacific,Mobile,Gold,Paid Search,91,7701.19,78.5,6
CUST00685,32,Female,Master,Medium-High,North America,Desktop,Bronze,Paid Search,722,3492.77,83.1,1
CUST00686,30,Male,Master,Low,North America,Desktop,Bronze,Direct,202,5358.69,44.7,3
CUST00687,44,Female,Master,Medium-High,Europe,Desktop,Gold,Direct,1095,8466.39,39.6,8
CUST00688,36,Female,High School,Medium,North America,Mobile,Bronze,Direct,35,2055.2,93.3,6
CUST00689,29,Female,Associate,Medium-Low,North America,Mobile,Bronze,Social Media,439,7086.83,70.8,1
CUST00690,37,Male,Bachelor,Medium-High,North America,Mobile,Silver,Social Media,186,7047.64,91.2,2
CUST00691,38,Female,Master,Medium,Europe,Desktop,Silver,Display Ads,377,3016.49,42.5,3
CUST00692,55,Female,High School,High,North America,Mobile,Platinum,Direct,178,27250.28,50.5,19
CUST00693,45,Male,Master,High,Europe,Desktop,Platinum,Social Media,697,26451.96,46.6,9
CUST00694,24,Male,High School,Medium,North America,Desktop,Bronze,Display Ads,320,5810.31,40.1,2
CUST00695,34,Male,High School,Medium-High,Europe,Mobile,Bronze,Organic Search,1004,913.39,58.0,1
CUST00696,31,Male,Associate,Medium-High,Middle East,Desktop,Gold,Social Media,837,15318.99,66.9,8
CUST00697,27,Female,Bachelor,Medium,North America,Desktop,Silver,Paid Search,31,12349.75,97.1,5
CUST00698,32,Male,Bachelor,Medium-High,North America,Tablet,Gold,Direct,1095,14731.39,56.3,4
CUST00699,36,Male,Master,Medium-High,Latin America,Desktop,Silver,Email,321,12110.94,97.7,5
CUST00700,34,Male,PhD,Low,Europe,Mobile,Silver,Organic Search,240,12108.89,87.2,5
CUST00701,37,Male,Master,Medium-Low,North America,Desktop,Bronze,Organic Search,863,3908.71,36.0,3
CUST00702,36,Male,Associate,Medium,Europe,Desktop,Gold,Paid Search,674,28577.36,52.6,4
CUST00703,36,Female,High School,Medium-High,Middle East,Mobile,Silver,Referral,292,5683.37,35.2,5
CUST00704,44,Female,Master,Low,North America,Tablet,Platinum,Paid Search,1095,7948.41,70.7,13
CUST00705,40,Male,Associate,Low,North America,Mobile,Bronze,Organic Search,448,2167.78,67.6,3
CUST00706,41,Female,Associate,Medium,Europe,Tablet,Platinum,Email,353,59358.3,49.2,9
CUST00707,34,Non-binary,Bachelor,Medium-Low,Asia-Pacific,Desktop,Bronze,Email,793,5599.6,42.7,7
CUST00708,29,Male,Bachelor,Medium-Low,Middle East,Desktop,Silver,Organic Search,44,10609.17,93.5,2
CUST00709,33,Male,Associate,Medium,North America,Desktop,Silver,Paid Search,1095,3430.67,42.2,2
CUST00710,23,Female,PhD,Medium,North America,Desktop,Silver,Social Media,9,8080.71,42.0,4
CUST00711,36,Female,PhD,Medium,Middle East,Mobile,Silver,Referral,47,3443.42,80.9,5
CUST00712,32,Female,High School,Low,Europe,Desktop,Bronze,Email,201,3723.85,43.2,3
CUST00713,38,Male,Master,Medium,Asia-Pacific,Mobile,Gold,Organic Search,47,9094.04,43.1,10
CUST00714,30,Male,High School,Medium-High,Europe,Desktop,Platinum,Referral,733,35280.22,40.4,15
CUST00715,38,Female,High School,Medium-Low,Europe,Mobile,Bronze,Paid Search,1095,3738.9,84.9,2
CUST00716,37,Male,Bachelor,Medium,Latin America,Mobile,Gold,Paid Search,1095,13803.14,97.4,6
CUST00717,29,Male,Master,Medium-Low,Europe,Mobile,Silver,Organic Search,170,4138.32,32.6,5
CUST00718,32,Male,Associate,High,Asia-Pacific,Desktop,Bronze,Organic Search,769,4426.03,84.0,0
CUST00719,44,Female,PhD,Medium,Latin America,Mobile,Bronze,Organic Search,318,3891.04,30.1,1
CUST00720,38,Female,Associate,High,Europe,Desktop,Platinum,Paid Search,1074,29618.04,65.9,9
CUST00721,36,Female,High School,Medium-Low,North America,Mobile,Silver,Referral,338,24416.81,61.3,2
CUST00722,34,Female,Bachelor,Medium-Low,Asia-Pacific,Desktop,Bronze,Organic Search,18,860.99,51.6,3
CUST00723,31,Female,PhD,Medium-Low,North America,Desktop,Bronze,Paid Search,192,3660.83,54.9,1
CUST00724,36,Male,Master,Medium,North America,Mobile,Bronze,Paid Search,1095,6410.63,74.4,1
CUST00725,36,Male,Bachelor,Medium-Low,North America,Desktop,Silver,Social Media,160,3482.63,46.2,2
CUST00726,33,Male,Bachelor,Medium,Asia-Pacific,Desktop,Silver,Social Media,60,6064.39,94.2,6
CUST00727,40,Male,Master,Medium-High,North America,Mobile,Gold,Social Media,198,23647.29,97.2,11
CUST00728,24,Female,Bachelor,Medium-High,Latin America,Mobile,Silver,Organic Search,428,4656.83,70.7,4
CUST00729,31,Male,High School,Medium,Asia-Pacific,Mobile,Bronze,Referral,1095,675.15,67.2,2
CUST00730,34,Male,Bachelor,Medium-High,Asia-Pacific,Mobile,Silver,Display Ads,102,5865.9,75.9,1
CUST00731,51,Male,Bachelor,Medium-Low,Europe,Tablet,Platinum,Direct,251,37570.62,94.9,8
CUST00732,30,Male,Master,Medium,Europe,Desktop,Bronze,Referral,987,4277.97,58.3,1
CUST00733,41,Female,Associate,Medium,Europe,Desktop,Bronze,Social Media,349,3334.65,68.7,1
CUST00734,29,Female,Associate,Medium,Latin America,Mobile,Silver,Social Media,26,6486.29,54.9,4
CUST00735,42,Male,PhD,Medium,Europe,Mobile,Platinum,Direct,446,35831.33,40.8,7
CUST00736,35,Male,PhD,Medium-High,North America,Mobile,Silver,Social Media,845,4578.04,62.0,3
CUST00737,35,Female,High School,High,North America,Mobile,Silver,Paid Search,877,3096.19,52.8,3
CUST00738,21,Male,Bachelor,Medium,North America,Desktop,Bronze,Paid Search,16,432.8,92.5,2
CUST00739,41,Female,Bachelor,Medium-Low,Asia-Pacific,Desktop,Silver,Email,413,11637.58,72.9,5
CUST00740,48,Female,PhD,Low,Europe,Mobile,Silver,Social Media,254,9343.53,91.3,4
CUST00741,21,Female,Bachelor,Low,North America,Tablet,Bronze,Referral,79,9685.53,70.1,3
CUST00742,36,Male,Bachelor,Low,North America,Tablet,Silver,Organic Search,497,5330.5,81.9,3
CUST00743,40,Male,Master,Medium-Low,North America,Mobile,Platinum,Social Media,35,63060.66,62.5,14
CUST00744,49,Female,PhD,Medium-Low,Latin America,Mobile,Platinum,Social Media,622,9573.76,80.7,15
CUST00745,37,Female,High School,Medium-High,North America,Tablet,Silver,Paid Search,106,4287.77,43.5,4
CUST00746,30,Male,PhD,Low,Asia-Pacific,Mobile,Silver,Social Media,335,19840.84,87.0,9
CUST00747,28,Female,High School,Medium,Asia-Pacific,Desktop,Bronze,Organic Search,836,3072.84,89.6,5
CUST00748,42,Female,High School,High,Europe,Mobile,Gold,Organic Search,149,20203.94,42.2,6
CUST00749,52,Male,Bachelor,Medium-Low,North America,Mobile,Platinum,Email,1095,8601.99,57.7,15
CUST00750,29,Female,Associate,Medium-High,North America,Mobile,Bronze,Social Media,63,4279.59,39.8,2
CUST00751,24,Male,Associate,Medium-Low,North America,Desktop,Gold,Direct,384,25090.06,62.2,7
CUST00752,47,Male,Bachelor,Medium-High,Asia-Pacific,Mobile,Platinum,Organic Search,91,40454.83,77.8,9
CUST00753,33,Non-binary,High School,Medium,North America,Desktop,Gold,Paid Search,1019,15092.05,32.5,12
CUST00754,35,Male,Bachelor,Low,North America,Mobile,Bronze,Social Media,898,6400.86,34.9,2
CUST00755,49,Male,Associate,Medium-High,North America,Mobile,Platinum,Social Media,304,26753.05,92.9,5
CUST00756,31,Male,Bachelor,Medium,Middle East,Mobile,Silver,Direct,579,2416.69,92.7,4
CUST00757,31,Male,PhD,Medium-Low,Europe,Mobile,Bronze,Organic Search,179,5532.22,90.3,3
CUST00758,36,Male,Bachelor,Medium-High,Europe,Desktop,Bronze,Referral,1095,7880.71,88.2,3
CUST00759,44,Male,Bachelor,Medium-Low,North America,Desktop,Platinum,Organic Search,674,24236.34,92.2,8
CUST00760,30,Male,Bachelor,Medium-High,North America,Mobile,Silver,Social Media,164,4960.2,35.5,2
CUST00761,41,Male,Master,Medium-High,Europe,Desktop,Silver,Organic Search,641,19585.79,44.7,4
CUST00762,36,Male,Bachelor,Medium,Europe,Mobile,Silver,Direct,132,5580.42,31.4,9
CUST00763,33,Male,Master,Medium-High,North America,Desktop,Gold,Social Media,312,28162.07,49.8,4
CUST00764,38,Female,Bachelor,Medium-High,Asia-Pacific,Desktop,Silver,Paid Search,11,8553.03,59.0,4
CUST00765,24,Female,Bachelor,Low,Europe,Mobile,Silver,Paid Search,68,11942.02,74.8,7
CUST00766,31,Male,Master,Low,North America,Mobile,Bronze,Email,173,6595.88,84.2,0
CUST00767,47,Male,Associate,Medium-High,North America,Mobile,Platinum,Referral,245,5365.09,97.9,9
CUST00768,44,Male,Master,Medium,North America,Mobile,Bronze,Social Media,252,8121.67,92.2,5
CUST00769,37,Male,High School,High,North America,Mobile,Bronze,Social Media,295,3755.18,67.8,1
CUST00770,18,Male,Master,Low,North America,Desktop,Bronze,Display Ads,656,3497.5,92.2,3
CUST00771,43,Female,PhD,Low,North America,Tablet,Silver,Social Media,256,8893.43,88.1,3
CUST00772,34,Female,Bachelor,Medium-High,North America,Mobile,Silver,Social Media,639,4793.72,69.8,6
CUST00773,47,Male,Associate,Medium-High,North America,Desktop,Platinum,Direct,488,17998.87,40.9,12
CUST00774,34,Female,High School,Medium-Low,North America,Mobile,Silver,Social Media,230,4351.58,84.3,2
CUST00775,41,Non-binary,Master,Medium-High,Europe,Mobile,Bronze,Organic Search,146,11744.46,97.3,3
CUST00776,31,Male,PhD,Medium,Middle East,Mobile,Bronze,Social Media,55,1473.4,62.0,1
CUST00777,39,Male,Bachelor,Low,Middle East,Desktop,Bronze,Display Ads,571,5972.66,66.6,4
CUST00778,47,Female,Associate,Low,North America,Desktop,Platinum,Referral,145,51712.67,30.6,15
CUST00779,40,Male,Master,Medium,North America,Mobile,Silver,Organic Search,11,8248.0,32.8,6
CUST00780,47,Female,Bachelor,Medium,Middle East,Mobile,Gold,Display Ads,191,59493.08,83.9,6
CUST00781,50,Male,Bachelor,Medium-High,North America,Mobile,Platinum,Organic Search,204,15043.6,92.6,11
CUST00782,49,Male,Bachelor,High,Middle East,Mobile,Platinum,Organic Search,587,26810.98,97.8,14
CUST00783,35,Female,Bachelor,Low,North America,Desktop,Platinum,Display Ads,296,12933.98,94.0,21
CUST00784,40,Female,High School,Medium-Low,Europe,Mobile,Bronze,Organic Search,548,2305.7,45.3,0
CUST00785,34,Male,Bachelor,Medium-High,Asia-Pacific,Tablet,Silver,Social Media,866,18944.35,55.3,5
CUST00786,30,Female,Bachelor,Medium,Middle East,Mobile,Bronze,Direct,204,3428.96,55.3,4
CUST00787,41,Male,Master,Medium,North America,Mobile,Gold,Email,174,7242.5,66.7,8
CUST00788,26,Female,High School,Medium,Asia-Pacific,Mobile,Silver,Email,1095,8275.51,92.2,6
CUST00789,36,Male,Bachelor,Medium,North America,Mobile,Platinum,Organic Search,37,34942.87,81.4,11
CUST00790,35,Non-binary,Bachelor,Medium-High,Middle East,Mobile,Platinum,Organic Search,766,25045.56,84.5,12
CUST00791,38,Female,Bachelor,Medium-High,Latin America,Mobile,Silver,Organic Search,170,15894.79,55.9,5
CUST00792,38,Female,Associate,Medium-Low,Asia-Pacific,Desktop,Gold,Social Media,407,9060.1,67.3,12
CUST00793,46,Male,PhD,Medium,Latin America,Desktop,Gold,Organic Search,63,36792.5,68.7,7
CUST00794,29,Male,Master,Medium-Low,Europe,Mobile,Silver,Paid Search,169,8574.53,83.3,6
CUST00795,26,Female,PhD,Medium,North America,Mobile,Bronze,Email,255,4826.86,48.8,0
CUST00796,36,Female,Associate,Medium,Europe,Mobile,Bronze,Display Ads,175,6826.33,47.6,7
CUST00797,33,Male,Master,Medium-Low,Latin America,Mobile,Silver,Referral,48,7601.47,60.4,4
CUST00798,43,Female,Bachelor,Medium-Low,Asia-Pacific,Mobile,Silver,Paid Search,207,14597.38,94.8,4
CUST00799,52,Female,Master,Medium-High,North America,Mobile,Platinum,Email,596,42103.59,81.8,11
CUST00800,47,Female,Associate,High,Latin America,Mobile,Gold,Social Media,704,4303.13,77.0,8
CUST00801,38,Male,High School,Low,North America,Mobile,Silver,Organic Search,397,6711.85,86.3,6
CUST00802,29,Male,Associate,Medium-High,Europe,Desktop,Silver,Direct,203,4757.26,88.5,6
CUST00803,39,Male,Bachelor,Medium,North America,Desktop,Gold,Direct,52,18735.75,59.4,6
CUST00804,41,Male,Bachelor,High,Latin America,Mobile,Gold,Social Media,252,6390.87,36.5,4
CUST00805,37,Male,Associate,Low,North America,Mobile,Bronze,Paid Search,13,4593.78,34.9,2
CUST00806,37,Male,Master,Medium,Europe,Desktop,Silver,Referral,123,6957.23,95.5,3
CUST00807,54,Male,High School,Medium,Middle East,Desktop,Silver,Referral,89,15333.33,38.7,3
CUST00808,39,Male,Master,Medium,North America,Desktop,Silver,Paid Search,196,1821.41,65.2,5
CUST00809,42,Female,PhD,Medium,Europe,Mobile,Silver,Social Media,91,7526.92,78.7,6
CUST00810,48,Female,Bachelor,Medium-High,North America,Mobile,Platinum,Direct,276,35146.33,82.3,12
CUST00811,38,Male,Bachelor,Medium-Low,Europe,Mobile,Bronze,Social Media,286,8326.3,79.5,1
CUST00812,39,Male,Master,Medium-Low,North America,Desktop,Gold,Email,16,18116.56,94.3,7
CUST00813,36,Female,Bachelor,Medium-Low,North America,Mobile,Silver,Organic Search,35,15136.33,92.3,4
CUST00814,31,Female,High School,Medium,Asia-Pacific,Mobile,Bronze,Display Ads,11,3994.87,95.2,1
CUST00815,26,Male,Master,Medium,Europe,Mobile,Bronze,Social Media,58,3170.03,71.7,1
CUST00816,45,Female,Associate,Medium,Europe,Desktop,Silver,Social Media,857,2205.38,34.9,6
CUST00817,40,Female,Master,Medium-Low,North America,Desktop,Gold,Email,84,16958.68,49.1,7
CUST00818,38,Female,PhD,Medium-High,Asia-Pacific,Mobile,Bronze,Paid Search,1095,3313.24,38.0,3
CUST00819,43,Male,Bachelor,Medium,North America,Mobile,Gold,Organic Search,141,1741.66,41.1,4
CUST00820,37,Female,Bachelor,Medium-Low,North America,Mobile,Silver,Social Media,288,7862.49,30.7,4
CUST00821,30,Male,Associate,High,North America,Mobile,Bronze,Direct,227,15620.21,43.4,3
CUST00822,34,Female,High School,Medium-Low,Europe,Mobile,Bronze,Referral,803,6947.4,95.7,2
CUST00823,25,Male,Master,Low,Latin America,Mobile,Bronze,Paid Search,244,4674.65,56.3,2
CUST00824,42,Male,Associate,High,Latin America,Mobile,Gold,Direct,87,17816.41,83.0,12
CUST00825,30,Male,High School,Medium,Asia-Pacific,Mobile,Bronze,Direct,420,2540.79,54.9,6
CUST00826,49,Female,Master,Medium-High,North America,Desktop,Platinum,Referral,1095,18473.93,63.5,8
CUST00827,43,Female,PhD,Medium-High,Latin America,Mobile,Bronze,Display Ads,75,2457.73,88.7,0
CUST00828,44,Female,High School,Medium-Low,Latin America,Mobile,Silver,Email,1095,9239.06,71.0,3
CUST00829,35,Male,Master,Medium-Low,Europe,Mobile,Silver,Social Media,332,13820.75,45.9,1
CUST00830,37,Female,Bachelor,Medium,Middle East,Mobile,Gold,Organic Search,205,28143.77,43.1,8
CUST00831,35,Male,Master,Medium-High,Middle East,Desktop,Silver,Social Media,64,5219.36,87.8,6
CUST00832,40,Male,PhD,Medium-High,North America,Desktop,Gold,Organic Search,325,18525.87,91.8,7
CUST00833,30,Female,PhD,Medium-High,Europe,Desktop,Silver,Social Media,1095,6447.87,71.7,3
CUST00834,36,Female,Bachelor,Low,North America,Mobile,Silver,Organic Search,108,3366.38,99.2,4
CUST00835,27,Male,Master,Medium-High,Europe,Mobile,Gold,Referral,540,30875.12,88.6,5
CUST00836,31,Female,Master,Medium-High,Asia-Pacific,Desktop,Gold,Referral,276,30164.21,43.3,5
CUST00837,32,Non-binary,Master,Low,Europe,Tablet,Gold,Paid Search,260,26705.35,43.0,6
CUST00838,36,Male,Master,Medium,Asia-Pacific,Mobile,Silver,Email,39,17637.21,48.4,6
CUST00839,37,Female,Master,Low,Asia-Pacific,Mobile,Silver,Social Media,43,9347.28,34.4,8
CUST00840,34,Male,Associate,Medium-Low,Europe,Desktop,Bronze,Email,342,1067.94,62.4,5
CUST00841,31,Male,Associate,Medium,Europe,Mobile,Bronze,Social Media,431,10894.42,38.0,1
CUST00842,39,Non-binary,Bachelor,Medium-High,Latin America,Mobile,Platinum,Social Media,321,15797.86,69.5,13
CUST00843,49,Male,Bachelor,Medium,Asia-Pacific,Tablet,Platinum,Organic Search,525,61672.23,62.4,9
CUST00844,41,Male,PhD,Medium-High,Asia-Pacific,Mobile,Platinum,Social Media,224,14856.44,92.8,9
CUST00845,52,Female,Associate,High,North America,Mobile,Platinum,Social Media,116,20670.48,57.7,10
CUST00846,44,Female,Bachelor,Medium-Low,North America,Desktop,Silver,Social Media,684,3294.96,93.8,6
CUST00847,39,Female,Master,Low,Middle East,Mobile,Silver,Social Media,134,13000.08,66.4,5
CUST00848,32,Male,High School,Medium,Europe,Mobile,Bronze,Social Media,205,1675.19,35.0,1
CUST00849,29,Male,Master,High,Europe,Mobile,Bronze,Direct,118,3294.85,82.6,2
CUST00850,40,Female,Bachelor,Medium-High,North America,Mobile,Platinum,Social Media,193,91793.59,93.7,8
CUST00851,39,Male,Bachelor,Low,North America,Mobile,Bronze,Social Media,115,12145.27,56.0,0
CUST00852,40,Male,PhD,Medium-Low,North America,Desktop,Gold,Organic Search,115,24504.77,53.4,7
CUST00853,54,Male,High School,Medium,Europe,Mobile,Platinum,Email,60,3291.16,87.5,16
CUST00854,43,Male,Master,Medium-Low,Asia-Pacific,Tablet,Bronze,Social Media,34,7387.26,49.1,2
CUST00855,44,Male,Bachelor,Low,North America,Desktop,Silver,Email,889,8911.71,70.4,3
CUST00856,35,Male,Associate,Medium,Asia-Pacific,Mobile,Gold,Referral,245,26894.64,31.7,6
CUST00857,40,Female,Bachelor,Medium-High,North America,Mobile,Platinum,Paid Search,79,70225.33,82.5,8
CUST00858,36,Female,High School,Medium,Europe,Desktop,Silver,Email,885,3683.23,32.9,2
CUST00859,32,Female,High School,Medium-Low,North America,Mobile,Bronze,Display Ads,723,3473.77,58.6,2
CUST00860,44,Female,Associate,Medium-High,Europe,Mobile,Platinum,Referral,183,31770.25,32.7,9
CUST00861,33,Male,Associate,Low,Latin America,Mobile,Bronze,Organic Search,316,3232.06,46.6,4
CUST00862,32,Male,Master,Medium,Asia-Pacific,Mobile,Silver,Email,341,7459.6,48.6,5
CUST00863,34,Female,Master,Medium-High,Europe,Desktop,Bronze,Social Media,891,7907.52,75.1,3
CUST00864,41,Female,Bachelor,Medium-High,Middle East,Desktop,Gold,Display Ads,546,18079.37,93.3,1
CUST00865,29,Female,Bachelor,Medium,North America,Mobile,Bronze,Organic Search,1095,4344.32,85.4,4
CUST00866,30,Female,Master,Medium,Asia-Pacific,Mobile,Gold,Referral,216,5349.49,82.5,7
CUST00867,39,Male,Bachelor,Medium-High,Asia-Pacific,Desktop,Silver,Email,573,9889.59,54.8,2
CUST00868,36,Male,Associate,Medium,North America,Desktop,Bronze,Social Media,1095,3946.07,91.3,2
CUST00869,39,Male,Associate,Low,Middle East,Desktop,Gold,Referral,1095,11000.32,49.7,10
CUST00870,39,Female,Bachelor,Medium,Europe,Desktop,Bronze,Social Media,164,2897.06,99.9,4
CUST00871,32,Male,Bachelor,Medium-Low,Europe,Desktop,Gold,Organic Search,1065,37153.59,93.5,6
CUST00872,31,Female,PhD,Medium,Europe,Mobile,Bronze,Direct,1095,2454.12,69.0,2
CUST00873,35,Male,Bachelor,Medium,Asia-Pacific,Desktop,Silver,Organic Search,1095,7205.49,60.8,3
CUST00874,50,Male,Bachelor,High,Europe,Desktop,Platinum,Social Media,460,6624.53,51.9,16
CUST00875,46,Male,Bachelor,Medium,Asia-Pacific,Desktop,Silver,Direct,165,11214.24,97.7,3
CUST00876,27,Female,PhD,Medium,Latin America,Desktop,Bronze,Organic Search,1095,3643.0,40.1,1
CUST00877,41,Female,High School,Medium-High,Middle East,Mobile,Silver,Direct,89,2846.95,68.0,4
CUST00878,41,Male,Associate,Medium,North America,Tablet,Silver,Direct,1028,7169.56,72.0,6
CUST00879,50,Male,Associate,Medium-High,Europe,Mobile,Platinum,Paid Search,249,49096.95,42.7,12
CUST00880,37,Male,Master,Low,Latin America,Mobile,Bronze,Organic Search,427,5075.9,59.1,2
CUST00881,31,Male,Bachelor,Medium,Asia-Pacific,Tablet,Silver,Social Media,224,5613.96,81.0,7
CUST00882,25,Female,PhD,Medium-Low,North America,Desktop,Bronze,Direct,169,5436.78,54.5,2
CUST00883,38,Female,Bachelor,Medium-High,North America,Desktop,Platinum,Social Media,1095,66803.63,34.1,12
CUST00884,39,Male,Master,Medium-High,Europe,Mobile,Silver,Organic Search,23,3237.77,71.2,3
CUST00885,50,Female,High School,Medium-Low,Europe,Mobile,Bronze,Email,7,813.23,47.6,2
CUST00886,43,Male,PhD,Medium,North America,Tablet,Silver,Email,845,7629.69,92.7,4
CUST00887,45,Male,PhD,Medium-High,Asia-Pacific,Desktop,Platinum,Organic Search,501,65416.53,66.5,13
CUST00888,31,Female,Associate,Medium,Asia-Pacific,Desktop,Silver,Organic Search,487,12073.82,77.8,3
CUST00889,40,Male,High School,Medium-High,Asia-Pacific,Mobile,Bronze,Display Ads,448,3118.49,33.0,2
CUST00890,38,Male,Associate,Medium-Low,Asia-Pacific,Mobile,Bronze,Organic Search,676,1087.9,42.5,0
CUST00891,22,Female,High School,Medium,Europe,Mobile,Silver,Paid Search,143,12934.4,32.2,3
CUST00892,36,Male,Associate,Medium,Latin America,Mobile,Silver,Paid Search,184,3830.23,71.4,2
CUST00893,37,Female,Bachelor,Medium-High,Europe,Tablet,Gold,Paid Search,722,70481.78,68.2,9
CUST00894,35,Female,Bachelor,Medium,Asia-Pacific,Desktop,Gold,Social Media,421,43410.79,66.2,4
CUST00895,41,Female,Master,Medium,Asia-Pacific,Mobile,Bronze,Direct,956,1592.01,66.7,3
CUST00896,39,Female,High School,Medium-Low,Middle East,Desktop,Gold,Referral,313,16622.1,76.7,5
CUST00897,39,Male,Bachelor,Medium,North America,Mobile,Silver,Paid Search,512,14150.48,77.9,5
CUST00898,44,Female,Associate,Medium,North America,Desktop,Silver,Organic Search,1095,4523.76,70.7,7
CUST00899,32,Male,Bachelor,Medium-Low,Europe,Desktop,Bronze,Social Media,136,17703.55,89.2,4
CUST00900,40,Male,High School,Medium-Low,Europe,Tablet,Bronze,Referral,97,20361.33,31.7,1
CUST00901,35,Female,PhD,Medium-High,Asia-Pacific,Mobile,Gold,Email,385,10840.43,53.9,4
CUST00902,47,Male,Associate,Medium-High,Europe,Mobile,Silver,Email,77,4410.29,84.8,4
CUST00903,35,Female,High School,Medium-High,Middle East,Tablet,Bronze,Paid Search,271,1585.9,94.1,3
CUST00904,41,Male,Bachelor,Medium-Low,Asia-Pacific,Desktop,Bronze,Direct,117,19056.56,74.7,5
CUST00905,43,Female,High School,Medium,Asia-Pacific,Mobile,Platinum,Direct,458,8906.3,74.4,10
CUST00906,27,Male,PhD,Medium,North America,Mobile,Silver,Direct,570,6865.97,69.5,9
CUST00907,35,Female,Bachelor,Medium,Europe,Desktop,Silver,Referral,1095,3962.21,79.4,2
CUST00908,34,Female,Bachelor,Medium-Low,Asia-Pacific,Desktop,Bronze,Direct,29,6319.57,77.7,4
CUST00909,42,Male,Bachelor,Medium,North America,Mobile,Bronze,Email,45,4323.65,68.5,1
CUST00910,39,Female,High School,Medium,Europe,Desktop,Gold,Social Media,401,23090.43,77.5,6
CUST00911,40,Male,Associate,High,Europe,Mobile,Platinum,Paid Search,439,6030.05,76.9,16
CUST00912,34,Female,High School,Medium-High,Europe,Mobile,Gold,Organic Search,357,41072.0,67.8,7
CUST00913,39,Male,PhD,Medium-High,Latin America,Mobile,Platinum,Social Media,1095,44431.04,55.4,8
CUST00914,29,Male,PhD,Medium,Latin America,Desktop,Silver,Social Media,1034,15746.54,41.7,1
CUST00915,33,Male,Associate,Medium-High,Europe,Mobile,Gold,Organic Search,14,16574.51,55.6,5
CUST00916,43,Male,Bachelor,Medium,Middle East,Tablet,Platinum,Email,970,21628.29,72.6,13
CUST00917,24,Female,Master,Medium-Low,Middle East,Mobile,Silver,Paid Search,175,7813.5,96.8,2
CUST00918,37,Female,PhD,Medium-Low,North America,Mobile,Bronze,Email,307,3282.58,76.3,1
CUST00919,38,Female,Master,Medium-High,Europe,Mobile,Gold,Display Ads,137,28904.35,97.8,6
CUST00920,40,Male,Master,Low,Latin America,Desktop,Gold,Organic Search,753,973.23,63.8,7
CUST00921,44,Female,Bachelor,Medium-High,North America,Desktop,Bronze,Social Media,35,12199.26,62.9,2
CUST00922,32,Female,High School,Medium-Low,Latin America,Desktop,Silver,Email,382,6762.51,52.5,3
CUST00923,55,Male,PhD,Medium-High,Europe,Desktop,Platinum,Direct,37,21788.77,77.8,19
CUST00924,43,Female,Associate,Medium-High,North America,Mobile,Platinum,Referral,31,47210.44,82.7,14
CUST00925,36,Male,Associate,Medium,Europe,Mobile,Platinum,Social Media,264,88536.01,70.2,7
CUST00926,36,Female,Associate,Medium,Asia-Pacific,Mobile,Gold,Display Ads,646,21058.02,80.5,10
CUST00927,50,Male,Master,Medium,Asia-Pacific,Desktop,Platinum,Organic Search,986,52242.76,92.9,9
CUST00928,44,Male,High School,Medium-Low,Asia-Pacific,Mobile,Bronze,Organic Search,410,7024.43,62.3,1
CUST00929,30,Female,Bachelor,Medium-Low,Europe,Mobile,Bronze,Organic Search,625,2586.17,69.7,2
CUST00930,36,Female,Bachelor,Low,Asia-Pacific,Desktop,Silver,Direct,474,8405.53,56.7,4
CUST00931,45,Male,Bachelor,Medium,Asia-Pacific,Mobile,Platinum,Social Media,572,41604.07,84.0,13
CUST00932,43,Female,High School,Medium,Europe,Mobile,Gold,Social Media,606,70902.24,87.4,7
CUST00933,47,Male,Master,High,Europe,Desktop,Platinum,Social Media,220,38954.12,64.5,15
CUST00934,37,Male,Bachelor,Medium,Asia-Pacific,Mobile,Bronze,Social Media,631,1011.93,52.7,2
CUST00935,47,Male,Master,Medium-High,Europe,Desktop,Gold,Referral,227,19243.42,68.3,3
CUST00936,42,Male,Associate,Medium-Low,Europe,Desktop,Gold,Direct,276,132704.31,72.6,3
CUST00937,42,Female,Associate,Medium,Asia-Pacific,Mobile,Bronze,Direct,628,5030.38,48.0,2
CUST00938,45,Male,Master,Medium-High,Asia-Pacific,Desktop,Gold,Social Media,103,8775.36,86.4,11
CUST00939,27,Female,Bachelor,Medium,Europe,Tablet,Bronze,Social Media,278,6723.64,54.5,4
CUST00940,47,Female,Master,Medium-High,Europe,Tablet,Platinum,Organic Search,486,15150.55,82.7,5
CUST00941,38,Male,Bachelor,Medium-High,North America,Mobile,Gold,Social Media,306,2444.41,74.0,5
CUST00942,38,Non-binary,Associate,Medium-Low,Middle East,Tablet,Bronze,Email,231,316.25,95.4,3
CUST00943,34,Male,Bachelor,Medium-Low,Middle East,Mobile,Bronze,Email,1095,1845.86,57.4,0
CUST00944,22,Male,Bachelor,Medium,North America,Mobile,Bronze,Paid Search,182,3435.86,84.5,2
CUST00945,38,Female,High School,Medium,Europe,Desktop,Bronze,Paid Search,242,3317.69,66.8,3
CUST00946,38,Male,Bachelor,High,Europe,Desktop,Bronze,Email,376,5375.95,77.7,2
CUST00947,29,Female,Master,Medium-High,Middle East,Desktop,Bronze,Email,362,5779.06,58.7,2
CUST00948,37,Female,Bachelor,Medium-High,Asia-Pacific,Mobile,Platinum,Email,330,27557.67,99.5,10
CUST00949,39,Male,High School,Medium-High,Europe,Desktop,Gold,Display Ads,469,31199.71,97.2,13
CUST00950,36,Male,High School,Medium,North America,Desktop,Gold,Email,154,9466.66,48.6,7
CUST00951,42,Female,Master,Medium-High,North America,Desktop,Platinum,Social Media,31,29695.08,63.3,10
CUST00952,32,Female,Bachelor,Low,Asia-Pacific,Mobile,Bronze,Organic Search,13,6459.17,72.6,5
CUST00953,42,Male,Bachelor,Medium,Europe,Mobile,Platinum,Social Media,130,101597.78,66.6,9
CUST00954,42,Male,Master,High,North America,Tablet,Platinum,Organic Search,85,32564.28,79.7,11
CUST00955,37,Female,Bachelor,High,Europe,Desktop,Platinum,Social Media,337,36159.22,69.8,13
CUST00956,36,Female,Master,Medium,Asia-Pacific,Mobile,Bronze,Email,132,6532.12,50.2,2
CUST00957,37,Female,Master,Medium,North America,Mobile,Bronze,Direct,307,9638.83,50.2,1
CUST00958,36,Female,PhD,Medium,North America,Mobile,Bronze,Referral,62,4999.76,67.9,3
CUST00959,50,Male,Bachelor,Medium,North America,Mobile,Gold,Social Media,18,10287.77,99.1,6
CUST00960,39,Female,Bachelor,Medium-Low,North America,Mobile,Bronze,Paid Search,74,3497.38,51.8,0
CUST00961,42,Female,Associate,Medium-High,North America,Tablet,Gold,Paid Search,335,30099.7,60.0,3
CUST00962,34,Male,Master,Medium,Europe,Mobile,Bronze,Direct,592,12253.5,98.0,2
CUST00963,43,Male,Associate,High,Latin America,Mobile,Gold,Social Media,255,7670.45,73.9,7
CUST00964,35,Male,Bachelor,Medium-Low,North America,Mobile,Bronze,Social Media,22,283.59,60.0,3
CUST00965,23,Male,Master,High,Asia-Pacific,Tablet,Silver,Paid Search,208,7586.17,68.3,3
CUST00966,36,Male,Associate,Medium-High,Europe,Mobile,Bronze,Social Media,108,6837.97,48.4,2
CUST00967,32,Female,Bachelor,Medium-High,Europe,Desktop,Gold,Direct,393,27088.69,40.4,5
CUST00968,43,Male,Bachelor,Medium,Middle East,Mobile,Platinum,Organic Search,7,18678.85,72.7,17
CUST00969,30,Female,High School,Medium-Low,Middle East,Desktop,Bronze,Paid Search,20,6629.0,57.7,4
CUST00970,45,Female,Bachelor,Medium-High,Middle East,Desktop,Platinum,Paid Search,200,57339.81,51.5,10
CUST00971,35,Male,Bachelor,Medium,Latin America,Desktop,Bronze,Organic Search,309,8139.92,85.8,3
CUST00972,30,Male,Master,Low,Europe,Mobile,Silver,Email,247,5385.92,40.4,6
CUST00973,44,Female,Master,Low,Asia-Pacific,Desktop,Bronze,Referral,504,4878.42,91.3,1
CUST00974,24,Male,Master,High,Middle East,Desktop,Gold,Direct,880,21958.06,53.1,10
CUST00975,32,Female,PhD,Medium,Europe,Desktop,Gold,Direct,238,35906.72,34.3,6
CUST00976,43,Female,High School,Medium-High,Asia-Pacific,Desktop,Platinum,Organic Search,890,7486.74,90.8,14
CUST00977,41,Male,High School,Medium-High,Asia-Pacific,Mobile,Gold,Email,109,25394.75,56.1,6
CUST00978,37,Male,High School,Low,North America,Desktop,Platinum,Social Media,47,27269.97,51.9,10
CUST00979,34,Male,High School,Medium,Europe,Tablet,Bronze,Direct,181,2995.59,42.7,4
CUST00980,44,Female,Bachelor,Medium,Asia-Pacific,Desktop,Silver,Referral,148,9351.41,80.9,1
CUST00981,45,Female,Master,Medium,Latin America,Mobile,Gold,Social Media,5,7007.65,52.1,13
CUST00982,35,Female,Associate,Low,Europe,Desktop,Gold,Organic Search,563,11045.68,41.5,10
CUST00983,38,Female,Master,Medium-High,Europe,Desktop,Gold,Organic Search,466,15317.77,52.8,4
CUST00984,39,Female,Associate,Medium-High,Europe,Desktop,Platinum,Direct,356,21374.95,81.9,9
CUST00985,34,Male,Bachelor,Medium-High,Europe,Mobile,Silver,Social Media,328,5936.3,38.4,2
CUST00986,40,Female,High School,Medium-High,North America,Mobile,Gold,Direct,33,7889.32,95.8,7
CUST00987,45,Male,Bachelor,Medium,North America,Desktop,Gold,Display Ads,777,37403.57,68.6,6
CUST00988,33,Female,High School,Medium,Middle East,Mobile,Gold,Direct,817,8038.95,59.4,10
CUST00989,37,Male,Master,Low,Asia-Pacific,Mobile,Platinum,Organic Search,44,36386.55,77.5,14
CUST00990,38,Male,PhD,Medium,Asia-Pacific,Mobile,Silver,Organic Search,664,30106.87,83.7,6
CUST00991,37,Female,Associate,Medium-High,North America,Mobile,Platinum,Paid Search,74,38155.58,95.9,9
CUST00992,34,Female,Bachelor,Medium-High,Middle East,Mobile,Gold,Display Ads,418,26810.77,34.1,6
CUST00993,41,Male,Bachelor,Medium-High,Europe,Mobile,Platinum,Referral,1095,9480.07,71.3,4
CUST00994,51,Male,Bachelor,Medium-High,Europe,Tablet,Platinum,Display Ads,493,30501.26,97.4,12
CUST00995,35,Female,Bachelor,Medium,Europe,Mobile,Gold,Display Ads,241,7491.78,84.5,6
CUST00996,24,Male,Associate,Medium,Europe,Desktop,Bronze,Social Media,433,3880.55,62.8,1
CUST00997,37,Female,Bachelor,Medium-High,North America,Mobile,Gold,Social Media,227,8422.52,93.4,11
CUST00998,46,Male,Master,Medium,North America,Mobile,Gold,Paid Search,49,33758.27,39.1,9
CUST00999,41,Female,Master,Medium,Europe,Desktop,Silver,Organic Search,161,6747.68,62.3,4
CUST01000,37,Male,Associate,Medium,Europe,Mobile,Gold,Paid Search,138,6797.82,81.2,9
CUST01001,23,Male,PhD,Medium-High,North America,Desktop,Platinum,Paid Search,49,112170.24,56.2,7
CUST01002,50,Female,Bachelor,Medium-High,North America,Mobile,Platinum,Social Media,471,19434.93,62.2,7
CUST01003,34,Female,Master,Medium,Asia-Pacific,Mobile,Gold,Social Media,535,31502.19,94.8,1
CUST01004,32,Male,Bachelor,Medium-High,North America,Desktop,Silver,Organic Search,1068,15919.89,67.1,6
CUST01005,39,Female,Bachelor,High,Europe,Tablet,Silver,Direct,144,2825.1,81.9,8
CUST01006,37,Female,Bachelor,Medium,North America,Mobile,Silver,Social Media,1095,4075.14,84.4,8
CUST01007,47,Non-binary,PhD,Medium,Middle East,Mobile,Bronze,Display Ads,281,6783.57,97.6,3
CUST01008,41,Male,High School,Medium-High,North America,Desktop,Gold,Social Media,490,2252.58,77.9,9
CUST01009,24,Female,PhD,Medium-High,Europe,Desktop,Bronze,Paid Search,6,1838.76,47.6,5
CUST01010,44,Male,Associate,Medium-Low,Europe,Desktop,Bronze,Referral,879,6791.87,61.8,2
CUST01011,39,Male,Bachelor,Medium,North America,Mobile,Silver,Direct,353,4293.23,76.2,0
CUST01012,28,Male,Master,Medium-Low,Asia-Pacific,Desktop,Bronze,Organic Search,613,7788.11,82.4,2
CUST01013,42,Male,Associate,Medium-Low,North America,Desktop,Gold,Referral,361,24638.68,84.4,12
CUST01014,44,Male,High School,Medium-High,Latin America,Desktop,Platinum,Display Ads,35,27777.19,48.3,6
CUST01015,40,Female,Master,Medium-Low,Asia-Pacific,Desktop,Platinum,Referral,306,8163.59,49.4,16
CUST01016,35,Male,PhD,High,North America,Tablet,Bronze,Display Ads,814,5621.09,84.3,4
CUST01017,43,Male,PhD,Medium-Low,North America,Mobile,Silver,Organic Search,107,4750.18,85.5,2
CUST01018,42,Male,Master,Medium,Latin America,Mobile,Gold,Display Ads,210,12219.42,74.1,8
CUST01019,42,Female,Bachelor,Medium,North America,Mobile,Silver,Organic Search,5,2890.16,60.7,7
CUST01020,43,Male,Master,Medium-High,Europe,Tablet,Gold,Email,115,19345.01,54.8,7
CUST01021,39,Male,Bachelor,Medium-Low,Asia-Pacific,Mobile,Silver,Organic Search,23,9762.15,80.2,6
CUST01022,38,Female,Bachelor,High,Latin America,Desktop,Gold,Social Media,74,8315.23,31.5,9
CUST01023,35,Male,Master,Medium-High,Asia-Pacific,Desktop,Silver,Social Media,6,8160.78,92.9,3
CUST01024,29,Female,Bachelor,Medium-Low,North America,Mobile,Bronze,Social Media,458,4334.18,39.5,1
CUST01025,33,Male,High School,Medium-High,Latin America,Desktop,Silver,Display Ads,385,2015.82,39.1,0
CUST01026,42,Female,Bachelor,High,North America,Mobile,Gold,Paid Search,492,29920.78,53.1,5
CUST01027,37,Female,High School,Medium,North America,Tablet,Silver,Paid Search,19,7626.09,43.2,1
CUST01028,39,Male,Bachelor,Medium,North America,Mobile,Bronze,Organic Search,41,6312.88,89.7,2
CUST01029,38,Female,Master,Medium-High,Asia-Pacific,Mobile,Platinum,Direct,123,40311.83,76.3,12
CUST01030,34,Male,Bachelor,Medium-High,North America,Mobile,Platinum,Organic Search,392,26773.17,65.0,10
CUST01031,25,Male,Bachelor,Medium,Latin America,Mobile,Silver,Social Media,235,7103.95,98.8,3
CUST01032,36,Female,Associate,Medium,North America,Tablet,Silver,Referral,83,15125.1,50.3,5
CUST01033,37,Male,High School,Medium-Low,North America,Desktop,Platinum,Email,613,14583.41,31.5,10
CUST01034,41,Female,Associate,Medium-High,Europe,Mobile,Platinum,Organic Search,313,19449.42,88.0,9
CUST01035,46,Female,Associate,High,Asia-Pacific,Desktop,Platinum,Display Ads,1095,51987.98,42.4,9
CUST01036,27,Male,Master,Medium-Low,North America,Mobile,Bronze,Direct,548,6217.56,75.0,1
CUST01037,46,Male,Associate,Medium-Low,Middle East,Desktop,Gold,Display Ads,273,5401.84,42.2,8
CUST01038,35,Female,High School,High,Europe,Desktop,Platinum,Display Ads,154,71494.13,62.4,7
CUST01039,32,Female,Master,Medium-High,North America,Desktop,Bronze,Paid Search,17,3760.08,46.4,3
CUST01040,33,Male,PhD,Low,Europe,Desktop,Bronze,Paid Search,828,7847.42,81.2,5
CUST01041,41,Female,Master,Medium,Middle East,Mobile,Silver,Direct,904,4870.15,71.7,4
CUST01042,31,Non-binary,PhD,High,Middle East,Mobile,Bronze,Display Ads,1095,3369.35,31.0,1
CUST01043,35,Female,Master,Medium-Low,Middle East,Mobile,Bronze,Paid Search,413,9906.52,86.1,2
CUST01044,35,Female,PhD,Medium-Low,North America,Mobile,Silver,Social Media,534,15131.23,92.8,2
CUST01045,36,Male,PhD,Medium-High,North America,Desktop,Platinum,Organic Search,512,59825.07,79.5,11
CUST01046,41,Female,Bachelor,Medium,North America,Tablet,Bronze,Email,238,3638.05,92.7,1
CUST01047,51,Female,Bachelor,Medium,Europe,Desktop,Platinum,Email,126,48824.88,40.3,9
CUST01048,40,Male,Bachelor,Medium,Europe,Mobile,Silver,Organic Search,457,10458.81,94.7,4
CUST01049,42,Female,High School,Low,North America,Mobile,Bronze,Email,495,1681.05,91.9,2
CUST01050,33,Male,PhD,Medium-Low,Europe,Mobile,Bronze,Organic Search,199,8480.24,69.5,1
CUST01051,32,Female,Master,Low,Asia-Pacific,Desktop,Bronze,Organic Search,207,2098.26,36.9,1
CUST01052,26,Male,Associate,Medium,North America,Mobile,Silver,Referral,1095,3982.53,46.3,4
CUST01053,39,Male,Associate,High,Latin America,Tablet,Platinum,Organic Search,399,55278.2,57.0,9
CUST01054,35,Non-binary,Master,Medium-High,Europe,Mobile,Platinum,Display Ads,746,95641.3,30.7,8
CUST01055,28,Female,Master,Medium-High,Asia-Pacific,Mobile,Gold,Display Ads,168,6872.15,91.2,5
CUST01056,42,Male,Associate,High,Middle East,Mobile,Gold,Paid Search,363,31822.62,30.8,8
CUST01057,30,Female,Bachelor,Medium-Low,Asia-Pacific,Mobile,Bronze,Email,85,2484.75,69.4,0
CUST01058,32,Female,Bachelor,Medium,Asia-Pacific,Mobile,Bronze,Social Media,339,7443.29,82.8,1
CUST01059,32,Non-binary,Bachelor,Medium-Low,Asia-Pacific,Desktop,Bronze,Social Media,1095,947.61,55.1,4
CUST01060,36,Male,Master,Low,North America,Desktop,Bronze,Organic Search,297,6882.75,49.9,2
CUST01061,42,Male,High School,Medium-Low,Latin America,Mobile,Silver,Organic Search,208,16322.65,45.9,6
CUST01062,37,Male,Associate,Medium-High,Europe,Desktop,Gold,Social Media,795,57449.81,90.9,3
CUST01063,33,Male,Associate,Medium,Latin America,Desktop,Silver,Paid Search,223,22320.41,78.7,1
CUST01064,45,Male,Bachelor,High,Middle East,Mobile,Platinum,Email,506,13046.88,44.3,12
CUST01065,32,Female,Bachelor,Medium-Low,North America,Desktop,Silver,Display Ads,31,1159.79,68.7,3
CUST01066,23,Female,Bachelor,Medium,North America,Desktop,Bronze,Social Media,276,5918.01,62.7,2
CUST01067,42,Female,Master,Medium,Europe,Mobile,Silver,Organic Search,1095,22770.79,74.5,2
CUST01068,46,Male,Associate,Medium,Europe,Desktop,Platinum,Organic Search,185,27819.98,57.6,6
CUST01069,28,Female,Bachelor,Medium,Asia-Pacific,Mobile,Platinum,Paid Search,345,42395.24,59.9,12
CUST01070,33,Male,Bachelor,Medium,Latin America,Desktop,Silver,Social Media,29,6770.26,64.0,4
CUST01071,34,Female,Bachelor,Medium,Asia-Pacific,Tablet,Silver,Organic Search,1095,7782.84,65.7,5
CUST01072,35,Female,PhD,Medium-High,North America,Mobile,Silver,Email,1095,3139.84,69.8,4
CUST01073,28,Male,High School,Low,Europe,Mobile,Bronze,Direct,1084,1335.86,44.6,4
CUST01074,44,Female,High School,Medium-High,Europe,Mobile,Gold,Organic Search,272,14937.01,34.4,11
CUST01075,35,Male,Bachelor,Medium-High,Latin America,Mobile,Bronze,Social Media,154,2929.85,79.5,3
CUST01076,30,Male,Master,Medium-High,North America,Mobile,Silver,Referral,346,7113.01,81.3,3
CUST01077,48,Male,Master,High,Asia-Pacific,Mobile,Platinum,Paid Search,38,14541.12,70.3,10
CUST01078,31,Male,Bachelor,Medium-Low,Europe,Tablet,Bronze,Paid Search,278,5029.64,66.5,1
CUST01079,41,Male,Master,High,North America,Desktop,Silver,Paid Search,813,13155.74,83.4,1
CUST01080,39,Male,Master,Medium-Low,North America,Mobile,Bronze,Referral,1095,3552.5,70.2,1
CUST01081,47,Female,High School,Medium,North America,Mobile,Platinum,Social Media,435,18903.32,63.7,8
CUST01082,27,Female,Master,Low,Middle East,Desktop,Bronze,Social Media,447,1293.22,67.2,1
CUST01083,26,Male,Master,Low,North America,Desktop,Bronze,Organic Search,18,1366.59,44.1,3
CUST01084,36,Female,High School,Medium-High,Asia-Pacific,Desktop,Silver,Organic Search,340,2225.97,82.2,6
CUST01085,45,Male,Master,Medium,Asia-Pacific,Mobile,Bronze,Social Media,476,9192.4,65.5,2
CUST01086,34,Female,Master,Medium,Asia-Pacific,Desktop,Bronze,Organic Search,363,1890.77,96.3,2
CUST01087,44,Female,High School,Medium,Latin America,Desktop,Bronze,Paid Search,276,6836.75,79.1,2
CUST01088,42,Female,PhD,Medium,Europe,Desktop,Bronze,Social Media,441,1948.38,51.7,0
CUST01089,33,Male,High School,Medium-High,North America,Mobile,Silver,Direct,271,13293.12,78.2,6
CUST01090,25,Male,Bachelor,Low,Asia-Pacific,Mobile,Bronze,Organic Search,610,7099.61,55.7,1
CUST01091,41,Female,PhD,Medium-High,North America,Mobile,Gold,Social Media,9,8280.38,52.1,8
CUST01092,34,Female,Master,Medium-High,Europe,Desktop,Bronze,Email,267,2841.64,40.3,3
CUST01093,30,Male,High School,Medium,North America,Mobile,Bronze,Referral,614,8549.04,98.3,2
CUST01094,30,Male,Bachelor,Medium-High,Middle East,Desktop,Gold,Organic Search,5,12141.92,38.3,10
CUST01095,41,Female,Bachelor,Medium-High,Latin America,Mobile,Silver,Organic Search,340,4930.24,65.5,5
CUST01096,23,Male,Master,Medium,Europe,Tablet,Silver,Direct,741,5098.95,31.9,4
CUST01097,35,Male,Bachelor,Medium-High,Latin America,Desktop,Platinum,Direct,68,54865.32,79.6,11
CUST01098,44,Male,Bachelor,Low,Asia-Pacific,Mobile,Gold,Social Media,116,5928.91,49.5,4
CUST01099,48,Female,Bachelor,Medium-Low,Europe,Desktop,Platinum,Social Media,362,18501.68,72.6,8
CUST01100,32,Female,High School,Medium-High,Europe,Tablet,Silver,Display Ads,826,13845.9,69.8,4
CUST01101,33,Female,PhD,Medium,Latin America,Mobile,Bronze,Referral,1095,3246.79,65.8,0
CUST01102,30,Male,Master,Medium,Europe,Mobile,Bronze,Email,689,8725.48,69.6,1
CUST01103,39,Female,PhD,Medium,North America,Mobile,Gold,Social Media,215,15205.79,88.7,11
CUST01104,38,Female,Bachelor,Medium-High,North America,Desktop,Gold,Display Ads,660,16115.29,71.7,5
CUST01105,34,Female,Bachelor,Low,Asia-Pacific,Mobile,Gold,Referral,444,1456.17,45.2,10
CUST01106,30,Male,Bachelor,Medium-Low,Europe,Mobile,Silver,Organic Search,263,5648.91,39.5,2
CUST01107,36,Female,Associate,Low,North America,Desktop,Bronze,Social Media,153,11300.4,53.7,3
CUST01108,33,Female,Master,Low,Middle East,Mobile,Bronze,Social Media,268,1308.13,34.5,3
CUST01109,29,Female,PhD,Medium-Low,Asia-Pacific,Desktop,Bronze,Organic Search,588,2184.19,39.3,2
CUST01110,42,Female,Bachelor,High,North America,Desktop,Platinum,Organic Search,29,20046.57,53.3,12
CUST01111,42,Female,High School,High,Latin America,Tablet,Bronze,Email,210,5888.03,84.1,2
CUST01112,30,Male,Bachelor,Medium-Low,Asia-Pacific,Desktop,Bronze,Email,150,2156.75,79.8,1
CUST01113,50,Female,Bachelor,Medium,Asia-Pacific,Desktop,Platinum,Social Media,865,42230.77,54.2,10
CUST01114,27,Female,Bachelor,Medium,Asia-Pacific,Mobile,Silver,Social Media,1095,4822.83,89.6,5
CUST01115,31,Female,PhD,Medium-Low,Asia-Pacific,Mobile,Gold,Social Media,255,41344.99,64.9,13
CUST01116,45,Male,Master,Medium,North America,Mobile,Platinum,Organic Search,141,39756.26,30.7,13
CUST01117,40,Female,High School,Medium,Europe,Mobile,Silver,Social Media,148,3171.78,97.7,5
CUST01118,37,Male,Master,Medium,North America,Mobile,Silver,Social Media,204,5412.96,63.5,4
CUST01119,41,Female,PhD,Medium-High,Asia-Pacific,Mobile,Gold,Organic Search,853,16503.51,53.0,12
CUST01120,34,Male,Master,Medium-High,Europe,Desktop,Bronze,Organic Search,279,2651.9,96.6,2
CUST01121,32,Male,Associate,Medium,Latin America,Desktop,Silver,Direct,206,6509.16,63.0,5
CUST01122,39,Female,Bachelor,Medium,Europe,Mobile,Platinum,Email,1071,22539.5,87.5,12
CUST01123,28,Female,PhD,Medium-Low,Europe,Mobile,Bronze,Paid Search,467,5599.64,39.3,2
CUST01124,29,Female,Bachelor,Medium-High,North America,Desktop,Bronze,Direct,369,4177.32,66.8,1
CUST01125,34,Female,Bachelor,Medium-Low,Europe,Mobile,Silver,Organic Search,143,25106.67,62.7,2
CUST01126,50,Female,Associate,Medium-High,Middle East,Mobile,Gold,Email,93,21638.68,58.4,6
CUST01127,44,Male,Associate,High,Asia-Pacific,Mobile,Platinum,Display Ads,251,9470.72,91.8,13
CUST01128,21,Female,Associate,Medium,North America,Desktop,Silver,Referral,331,9383.98,34.9,1
CUST01129,45,Male,Bachelor,Medium,Asia-Pacific,Desktop,Platinum,Email,204,29333.72,88.3,13
CUST01130,34,Male,Master,High,North America,Mobile,Silver,Email,496,6705.76,90.2,5
CUST01131,42,Female,Master,High,Asia-Pacific,Desktop,Platinum,Social Media,155,20842.84,94.5,16
CUST01132,38,Male,Bachelor,Low,Europe,Desktop,Bronze,Paid Search,409,1879.25,87.1,4
CUST01133,31,Non-binary,PhD,High,Asia-Pacific,Desktop,Silver,Email,152,3981.91,53.4,6
CUST01134,39,Female,PhD,Medium,Asia-Pacific,Mobile,Gold,Referral,920,7401.68,50.0,8
CUST01135,31,Female,Bachelor,Medium-High,Europe,Mobile,Gold,Direct,1095,16966.0,35.2,5
CUST01136,25,Female,Master,Medium-Low,North America,Tablet,Bronze,Organic Search,748,6542.63,87.3,2
CUST01137,33,Male,Associate,Medium-High,North America,Mobile,Silver,Social Media,345,12331.54,99.0,6
CUST01138,27,Female,Bachelor,Medium,Europe,Desktop,Bronze,Display Ads,230,9058.7,62.9,1
CUST01139,27,Male,Bachelor,Medium,North America,Mobile,Silver,Social Media,25,18842.13,60.6,5
CUST01140,35,Male,Master,High,Asia-Pacific,Mobile,Platinum,Social Media,610,53846.74,34.0,11
CUST01141,44,Male,High School,Medium-High,Asia-Pacific,Mobile,Bronze,Social Media,2,939.5,40.5,2
CUST01142,37,Male,Bachelor,Medium,Asia-Pacific,Desktop,Silver,Referral,536,13941.45,96.4,0
CUST01143,33,Non-binary,Bachelor,Medium,North America,Mobile,Gold,Direct,370,26775.02,78.1,13
CUST01144,27,Female,High School,Low,Asia-Pacific,Mobile,Bronze,Email,1095,5459.18,70.2,0
CUST01145,38,Male,Associate,Medium-Low,Latin America,Mobile,Platinum,Organic Search,4,82584.67,51.1,17
CUST01146,28,Female,Master,Medium,North America,Desktop,Silver,Direct,360,5888.34,90.4,2
CUST01147,52,Female,Master,Medium-High,Asia-Pacific,Mobile,Platinum,Paid Search,453,53006.11,47.5,19
CUST01148,29,Male,Master,Medium-Low,Asia-Pacific,Desktop,Bronze,Social Media,197,15526.06,30.8,4
CUST01149,31,Female,High School,Medium-Low,North America,Mobile,Bronze,Social Media,286,3260.58,98.5,0
CUST01150,41,Female,High School,Medium,Asia-Pacific,Tablet,Platinum,Email,357,61166.29,75.6,12
CUST01151,27,Female,Bachelor,Medium-Low,Latin America,Mobile,Bronze,Referral,118,3400.72,97.0,1
CUST01152,33,Male,Bachelor,Medium-Low,Europe,Mobile,Gold,Direct,643,6864.42,38.4,10
CUST01153,36,Male,Bachelor,Medium-High,Europe,Tablet,Silver,Paid Search,286,10796.55,93.4,3
CUST01154,39,Male,Bachelor,Medium,Europe,Desktop,Gold,Organic Search,85,11487.59,77.7,6
CUST01155,46,Male,Bachelor,Medium-High,North America,Mobile,Gold,Organic Search,139,45781.58,67.0,5
CUST01156,37,Female,Bachelor,Medium-High,Europe,Desktop,Gold,Social Media,17,22688.56,88.2,5
CUST01157,34,Female,High School,Medium-High,Europe,Mobile,Gold,Display Ads,170,26681.57,93.1,5
CUST01158,42,Male,Bachelor,High,Asia-Pacific,Mobile,Bronze,Direct,211,5209.86,94.4,3
CUST01159,27,Female,Bachelor,Medium-Low,North America,Mobile,Silver,Social Media,142,11631.02,93.3,5
CUST01160,47,Female,Master,Medium-High,Asia-Pacific,Desktop,Gold,Email,222,45716.52,31.7,7
CUST01161,29,Male,High School,Medium-Low,Asia-Pacific,Desktop,Bronze,Display Ads,46,2993.99,76.9,5
CUST01162,34,Male,Master,High,North America,Desktop,Silver,Organic Search,181,13545.19,34.2,4
CUST01163,41,Male,Master,Medium-Low,North America,Tablet,Bronze,Social Media,368,4258.3,89.5,0
CUST01164,33,Female,High School,Medium-High,Latin America,Mobile,Silver,Social Media,268,6588.58,90.2,7
CUST01165,40,Male,Bachelor,Medium,North America,Mobile,Silver,Organic Search,77,7114.42,59.7,1
CUST01166,35,Female,Associate,Medium,North America,Desktop,Silver,Social Media,340,6966.48,36.3,4
CUST01167,42,Male,Bachelor,Low,North America,Desktop,Silver,Email,31,23191.38,33.4,7
CUST01168,46,Male,Bachelor,Medium-High,North America,Mobile,Platinum,Email,83,43949.65,88.0,15
CUST01169,48,Male,Associate,High,North America,Mobile,Platinum,Social Media,274,44780.2,45.3,13
CUST01170,42,Male,Master,Medium-High,North America,Mobile,Gold,Social Media,582,11407.96,34.1,11
CUST01171,39,Female,Master,Medium,North America,Mobile,Gold,Organic Search,140,14760.17,95.1,9
CUST01172,44,Male,Master,High,Asia-Pacific,Tablet,Platinum,Organic Search,199,60990.17,89.2,8
CUST01173,52,Male,Associate,Medium,Asia-Pacific,Mobile,Silver,Email,18,17331.18,88.7,7
CUST01174,37,Male,Bachelor,Medium-Low,Europe,Mobile,Bronze,Display Ads,120,2322.17,33.4,2
CUST01175,36,Male,Bachelor,Medium,Middle East,Mobile,Bronze,Email,1095,6460.47,84.2,2
CUST01176,43,Male,High School,High,Europe,Tablet,Platinum,Email,1095,46388.91,81.1,12
CUST01177,49,Male,Associate,Medium,Latin America,Tablet,Gold,Email,213,9831.34,71.9,5
CUST01178,36,Male,High School,Medium,North America,Mobile,Bronze,Social Media,361,12331.62,99.9,1
CUST01179,35,Male,Bachelor,Medium-High,Asia-Pacific,Desktop,Silver,Social Media,1095,5232.66,84.5,6
CUST01180,25,Female,Master,Medium,Europe,Desktop,Bronze,Social Media,379,2799.49,51.2,2
CUST01181,40,Female,Bachelor,Medium-High,Middle East,Mobile,Gold,Display Ads,80,9904.14,71.8,5
CUST01182,36,Male,Bachelor,Medium-High,Europe,Tablet,Platinum,Paid Search,481,23203.44,90.4,15
CUST01183,34,Male,Master,Medium-High,Europe,Desktop,Bronze,Paid Search,637,2030.91,71.0,2
CUST01184,31,Female,PhD,Medium-High,Asia-Pacific,Mobile,Gold,Social Media,507,19796.5,50.4,6
CUST01185,42,Male,Master,Medium-High,Latin America,Mobile,Platinum,Direct,0,11400.24,95.2,11
CUST01186,32,Female,Bachelor,Medium-High,Latin America,Desktop,Gold,Social Media,1095,23530.0,35.3,14
CUST01187,31,Female,Bachelor,Medium-Low,North America,Tablet,Bronze,Referral,435,1984.04,56.8,2
CUST01188,35,Female,Master,Medium,Europe,Desktop,Gold,Social Media,257,41926.59,75.1,10
CUST01189,32,Male,Master,High,North America,Mobile,Silver,Email,457,19560.71,99.0,5
CUST01190,35,Female,Bachelor,Medium-High,Asia-Pacific,Mobile,Gold,Social Media,352,12647.86,44.7,9
CUST01191,47,Male,High School,Medium-High,Latin America,Mobile,Platinum,Organic Search,891,21878.13,73.2,11
CUST01192,41,Male,PhD,Medium-Low,Europe,Mobile,Silver,Organic Search,792,7438.71,71.8,4
CUST01193,31,Male,High School,Medium-High,Europe,Desktop,Bronze,Social Media,648,4943.47,94.9,6
CUST01194,47,Female,High School,High,North America,Tablet,Platinum,Email,215,59289.76,56.3,9
CUST01195,37,Female,Associate,Medium-Low,North America,Desktop,Bronze,Display Ads,597,5631.8,61.9,3
CUST01196,26,Female,Bachelor,High,Europe,Desktop,Silver,Organic Search,90,6493.29,95.5,2
CUST01197,26,Male,Master,Medium,Asia-Pacific,Mobile,Silver,Social Media,541,5455.02,91.4,5
CUST01198,32,Male,Associate,Medium-Low,Asia-Pacific,Mobile,Bronze,Organic Search,34,1487.96,38.8,2
CUST01199,38,Male,Bachelor,Medium,North America,Desktop,Bronze,Referral,399,6450.63,54.6,3
CUST01200,27,Female,High School,Medium-Low,Asia-Pacific,Desktop,Bronze,Referral,129,3256.75,94.6,2
CUST01201,36,Female,High School,Medium,Middle East,Mobile,Gold,Paid Search,614,11804.49,56.9,5
CUST01202,45,Male,High School,Medium-High,Middle East,Mobile,Gold,Paid Search,141,25929.09,99.8,12
CUST01203,43,Male,High School,Medium-High,North America,Desktop,Gold,Paid Search,629,23107.99,64.2,7
CUST01204,36,Male,Master,Medium,Europe,Desktop,Bronze,Social Media,333,5104.09,73.1,1
CUST01205,54,Male,Bachelor,High,Asia-Pacific,Tablet,Platinum,Display Ads,427,8059.13,48.3,10
CUST01206,35,Male,Bachelor,Medium-High,North America,Tablet,Bronze,Organic Search,250,6320.49,72.4,0
CUST01207,45,Male,PhD,Medium-High,Europe,Desktop,Gold,Referral,245,24145.74,60.8,7
CUST01208,28,Female,Bachelor,Low,Latin America,Mobile,Silver,Display Ads,143,5984.02,47.2,3
CUST01209,35,Female,Bachelor,Medium-High,Middle East,Mobile,Bronze,Display Ads,9,10145.97,95.8,1
CUST01210,43,Female,Associate,Low,Europe,Mobile,Bronze,Social Media,369,11498.06,61.7,3
CUST01211,33,Non-binary,Master,Medium-Low,North America,Mobile,Silver,Organic Search,128,11104.22,95.7,7
CUST01212,50,Female,Master,Medium-High,Latin America,Desktop,Platinum,Direct,452,10119.61,43.1,13
CUST01213,25,Female,Bachelor,Medium-High,Middle East,Desktop,Bronze,Direct,815,5752.59,82.3,5
CUST01214,36,Male,Bachelor,Medium,Asia-Pacific,Desktop,Bronze,Social Media,1095,2520.97,88.4,3
CUST01215,34,Male,High School,Medium-Low,North America,Mobile,Gold,Direct,424,19243.85,83.2,9
CUST01216,42,Female,Master,Medium-High,Middle East,Mobile,Silver,Paid Search,543,6183.79,65.1,2
CUST01217,24,Male,Master,Medium,Europe,Desktop,Silver,Paid Search,10,20550.69,35.8,5
CUST01218,34,Female,Bachelor,Medium,Asia-Pacific,Mobile,Silver,Direct,210,18969.72,46.2,6
CUST01219,50,Female,Bachelor,High,Europe,Tablet,Platinum,Organic Search,703,51050.45,99.9,12
CUST01220,29,Female,Associate,Medium,Asia-Pacific,Mobile,Gold,Organic Search,28,17676.57,65.3,9
CUST01221,32,Male,High School,Medium-High,Europe,Desktop,Bronze,Social Media,24,5582.38,63.1,3
CUST01222,33,Non-binary,Bachelor,Medium-Low,Asia-Pacific,Desktop,Bronze,Referral,75,2138.76,54.3,3
CUST01223,37,Male,Associate,Medium,Asia-Pacific,Desktop,Silver,Referral,222,9169.64,93.1,2
CUST01224,41,Female,High School,Medium,Middle East,Mobile,Gold,Display Ads,1095,29765.26,83.8,5
CUST01225,48,Female,High School,Medium,North America,Mobile,Platinum,Organic Search,345,24029.42,68.0,9
CUST01226,34,Male,Bachelor,Medium-High,North America,Mobile,Silver,Social Media,74,5456.13,30.1,5
CUST01227,40,Male,Bachelor,Medium,North America,Desktop,Platinum,Referral,477,43246.78,82.6,25
CUST01228,37,Male,Bachelor,Medium,Europe,Mobile,Gold,Organic Search,932,21246.99,65.0,6
CUST01229,31,Female,PhD,Medium-Low,Asia-Pacific,Tablet,Bronze,Direct,749,3551.76,93.4,1
CUST01230,47,Female,Bachelor,Medium-High,Europe,Mobile,Silver,Organic Search,39,7344.99,63.1,4
CUST01231,34,Female,Bachelor,High,Asia-Pacific,Mobile,Silver,Display Ads,537,15604.98,84.7,3
CUST01232,37,Male,PhD,Medium-High,Latin America,Desktop,Bronze,Direct,86,2113.49,58.9,2
CUST01233,33,Male,Master,Medium-Low,Asia-Pacific,Mobile,Silver,Social Media,158,5821.59,51.2,5
CUST01234,43,Female,Bachelor,Medium,North America,Desktop,Silver,Direct,289,17631.55,90.8,6
CUST01235,42,Male,Master,Medium-Low,North America,Desktop,Silver,Organic Search,1095,8567.39,46.5,4
CUST01236,33,Female,Bachelor,Medium,Middle East,Tablet,Silver,Organic Search,154,17039.79,60.4,5
CUST01237,40,Female,Master,Medium-High,North America,Desktop,Platinum,Social Media,143,6420.02,74.6,10
CUST01238,39,Male,Bachelor,Medium,Asia-Pacific,Mobile,Bronze,Organic Search,25,2852.15,51.3,4
CUST01239,33,Female,Associate,Medium-Low,Europe,Mobile,Gold,Referral,1095,18167.41,86.5,7
CUST01240,35,Female,High School,Medium-High,Asia-Pacific,Mobile,Silver,Social Media,111,5265.43,66.6,4
CUST01241,46,Male,PhD,Medium-Low,Middle East,Mobile,Platinum,Organic Search,614,23448.07,60.4,8
CUST01242,28,Male,Master,Medium-High,Asia-Pacific,Desktop,Bronze,Social Media,63,2266.0,58.7,0
CUST01243,37,Female,High School,Medium-High,Latin America,Tablet,Platinum,Social Media,156,56664.01,63.5,11
CUST01244,45,Female,High School,High,Europe,Tablet,Platinum,Email,317,9373.07,53.4,12
CUST01245,29,Male,Master,Medium-Low,North America,Desktop,Silver,Organic Search,517,16536.36,65.4,8
CUST01246,36,Female,High School,Medium,Europe,Tablet,Silver,Social Media,242,21551.2,62.2,4
CUST01247,39,Female,Master,Medium-High,Europe,Mobile,Platinum,Social Media,412,110506.45,83.9,9
CUST01248,29,Male,Bachelor,Medium-Low,Latin America,Desktop,Bronze,Organic Search,734,2971.75,57.7,2
CUST01249,44,Female,Bachelor,Medium,North America,Mobile,Platinum,Display Ads,303,75234.13,60.0,11
CUST01250,32,Female,Master,Medium,Asia-Pacific,Tablet,Bronze,Paid Search,591,6010.32,49.0,4
CUST01251,32,Male,Bachelor,Medium,Europe,Mobile,Gold,Social Media,8,18660.14,34.6,6
CUST01252,34,Female,Bachelor,Medium,Middle East,Mobile,Gold,Direct,270,21441.92,77.5,6
CUST01253,33,Female,Bachelor,Medium,North America,Mobile,Bronze,Social Media,32,2873.38,71.2,1
CUST01254,36,Female,Bachelor,Medium,Asia-Pacific,Desktop,Gold,Organic Search,941,3217.38,42.5,7
CUST01255,37,Male,High School,Medium-High,Asia-Pacific,Tablet,Silver,Social Media,50,2627.27,46.8,4
CUST01256,42,Female,Bachelor,Medium,North America,Mobile,Gold,Display Ads,52,10670.76,62.7,9
CUST01257,39,Male,Associate,Medium-Low,North America,Tablet,Bronze,Paid Search,258,5000.86,75.3,0
CUST01258,33,Female,Master,Medium-High,Asia-Pacific,Desktop,Bronze,Organic Search,467,3336.95,39.1,2
CUST01259,34,Male,Master,Medium,Asia-Pacific,Mobile,Silver,Display Ads,313,7875.28,65.8,4
CUST01260,29,Female,Bachelor,Medium-Low,Europe,Mobile,Bronze,Organic Search,5,1483.35,31.5,1
CUST01261,38,Female,Associate,High,Europe,Mobile,Silver,Direct,316,4374.19,94.5,3
CUST01262,43,Male,Master,High,Latin America,Desktop,Gold,Organic Search,73,10054.01,61.7,9
CUST01263,27,Female,Bachelor,Medium,Asia-Pacific,Desktop,Platinum,Display Ads,29,131207.73,59.6,16
CUST01264,34,Female,Master,Medium,North America,Mobile,Bronze,Paid Search,421,3962.35,98.0,6
CUST01265,34,Male,PhD,Medium-High,North America,Tablet,Silver,Direct,112,13811.49,84.0,2
CUST01266,34,Male,Master,Medium-Low,North America,Mobile,Bronze,Paid Search,807,2577.83,51.7,0
CUST01267,41,Male,Bachelor,Medium,Europe,Tablet,Gold,Organic Search,533,10135.29,74.9,14
CUST01268,46,Male,High School,Medium-Low,Europe,Mobile,Platinum,Social Media,109,131745.29,71.1,16
CUST01269,44,Male,High School,Medium-High,Europe,Desktop,Platinum,Organic Search,1095,50885.68,46.2,17
CUST01270,39,Female,Bachelor,Medium-Low,Middle East,Desktop,Bronze,Organic Search,143,6470.57,56.0,1
CUST01271,37,Male,Bachelor,Medium-High,Europe,Tablet,Gold,Referral,440,28364.43,97.7,10
CUST01272,33,Female,High School,Medium,Europe,Tablet,Silver,Referral,166,25791.64,34.5,2
CUST01273,35,Male,Bachelor,Low,North America,Mobile,Bronze,Referral,392,3598.73,80.2,1
CUST01274,38,Female,Associate,Medium,Europe,Mobile,Gold,Direct,29,7713.01,54.5,12
CUST01275,41,Male,Bachelor,Medium-Low,North America,Mobile,Bronze,Display Ads,256,9744.47,50.0,2
CUST01276,32,Male,Master,Medium,Europe,Mobile,Silver,Social Media,776,11724.89,66.2,1
CUST01277,40,Female,Master,Medium-High,Middle East,Mobile,Gold,Organic Search,17,12050.54,98.5,5
CUST01278,28,Male,Bachelor,Medium,Middle East,Desktop,Bronze,Email,91,10807.75,90.1,2
CUST01279,44,Male,PhD,High,North America,Mobile,Platinum,Organic Search,474,32601.74,97.8,14
CUST01280,27,Male,Master,Medium,North America,Desktop,Bronze,Organic Search,904,4988.47,52.7,6
CUST01281,28,Male,Associate,Medium-High,North America,Mobile,Gold,Social Media,81,22232.53,93.1,4
CUST01282,29,Non-binary,Associate,Medium,North America,Desktop,Bronze,Referral,87,2105.37,53.1,3
CUST01283,40,Male,Bachelor,Medium-High,Asia-Pacific,Mobile,Silver,Referral,437,4308.09,61.7,2
CUST01284,30,Female,Bachelor,Medium,Europe,Desktop,Silver,Paid Search,361,9151.38,53.3,4
CUST01285,30,Female,Master,Medium,North America,Tablet,Silver,Organic Search,190,12527.58,82.3,4
CUST01286,42,Male,Bachelor,Medium-High,North America,Mobile,Platinum,Email,218,45906.96,93.0,15
CUST01287,37,Female,Master,Medium-Low,North America,Desktop,Bronze,Social Media,1095,4459.08,87.7,2
CUST01288,29,Female,Associate,Low,North America,Mobile,Silver,Social Media,629,12387.43,61.0,7
CUST01289,36,Male,Master,Medium,North America,Mobile,Gold,Paid Search,441,34224.03,51.6,9
CUST01290,45,Female,Master,Medium,Middle East,Desktop,Bronze,Social Media,314,16056.25,68.7,2
CUST01291,30,Female,Bachelor,Low,North America,Mobile,Bronze,Social Media,608,3375.2,32.7,2
CUST01292,32,Male,Master,Medium-Low,Europe,Desktop,Bronze,Paid Search,257,4164.26,51.6,3
CUST01293,40,Female,Associate,Medium-High,Europe,Mobile,Gold,Referral,450,4957.93,45.0,10
CUST01294,32,Male,Associate,Medium,Asia-Pacific,Mobile,Gold,Organic Search,1095,21402.47,40.8,7
CUST01295,40,Male,Bachelor,High,Europe,Mobile,Platinum,Social Media,349,67357.52,91.7,8
CUST01296,33,Male,Master,Medium-High,Asia-Pacific,Mobile,Silver,Email,1095,2937.72,97.0,2
CUST01297,34,Male,High School,Low,Europe,Tablet,Silver,Organic Search,86,994.83,65.9,3
CUST01298,29,Female,High School,Medium,Asia-Pacific,Desktop,Bronze,Paid Search,58,4710.38,53.8,3
CUST01299,31,Female,High School,Medium,North America,Mobile,Bronze,Direct,14,4975.57,57.7,1
CUST01300,42,Male,Bachelor,Medium-Low,North America,Mobile,Silver,Direct,122,4154.94,46.8,2
CUST01301,36,Female,Master,Medium,Europe,Mobile,Silver,Paid Search,1095,4704.83,50.9,4
CUST01302,46,Male,Bachelor,Medium,Europe,Mobile,Gold,Email,527,21606.39,38.0,9
CUST01303,40,Male,Associate,Medium,Europe,Desktop,Gold,Organic Search,36,9172.79,92.7,14
CUST01304,31,Male,PhD,Medium,North America,Desktop,Bronze,Referral,224,10045.05,36.4,4
CUST01305,41,Female,High School,High,Europe,Mobile,Platinum,Email,114,89342.13,92.2,12
CUST01306,42,Female,Master,Medium-Low,Middle East,Mobile,Gold,Referral,460,6608.19,50.1,3
CUST01307,35,Female,Bachelor,Medium-Low,Europe,Mobile,Bronze,Social Media,573,5582.88,55.1,5
CUST01308,52,Male,PhD,Medium,North America,Desktop,Gold,Organic Search,244,45339.95,99.1,4
CUST01309,43,Male,Associate,Medium,North America,Mobile,Bronze,Social Media,205,2925.46,59.0,2
CUST01310,39,Male,Bachelor,Medium,Europe,Mobile,Gold,Direct,648,10578.81,98.1,2
CUST01311,34,Female,Bachelor,Medium,Asia-Pacific,Mobile,Bronze,Organic Search,415,1727.99,38.1,0
CUST01312,31,Male,Associate,Medium-High,Europe,Desktop,Gold,Referral,110,14821.27,52.1,10
CUST01313,35,Female,Associate,Medium-High,Asia-Pacific,Desktop,Gold,Social Media,82,51550.4,98.5,9
CUST01314,38,Male,Bachelor,Low,Latin America,Mobile,Silver,Social Media,345,10151.41,46.1,0
CUST01315,35,Female,Master,Medium-High,Asia-Pacific,Desktop,Silver,Display Ads,43,18068.72,49.0,0
CUST01316,41,Male,PhD,Medium-Low,Latin America,Mobile,Bronze,Social Media,1095,6430.94,98.3,1
CUST01317,36,Female,Associate,Medium-High,Europe,Desktop,Silver,Display Ads,371,20094.07,47.1,4
CUST01318,38,Female,Associate,Medium,North America,Mobile,Bronze,Email,12,3690.09,38.8,1
CUST01319,44,Male,Associate,Medium-High,Europe,Desktop,Gold,Social Media,396,13584.96,53.9,9
CUST01320,44,Male,Master,Medium-Low,Latin America,Mobile,Gold,Organic Search,179,17318.01,90.2,6
CUST01321,37,Male,PhD,Low,Asia-Pacific,Desktop,Bronze,Social Media,1095,3003.61,38.8,0
CUST01322,45,Female,Bachelor,Medium-High,Asia-Pacific,Mobile,Platinum,Social Media,1095,8999.75,88.8,9
CUST01323,36,Male,High School,High,Middle East,Mobile,Platinum,Referral,398,45257.3,42.0,14
CUST01324,24,Female,Associate,Medium-High,Asia-Pacific,Mobile,Bronze,Paid Search,17,1679.89,43.5,3
CUST01325,40,Male,Bachelor,Medium-High,Middle East,Tablet,Silver,Social Media,232,9269.75,73.3,4
CUST01326,24,Male,Master,Medium,North America,Desktop,Bronze,Organic Search,210,4169.49,73.2,3
CUST01327,32,Female,Bachelor,Medium,Europe,Desktop,Gold,Referral,293,20912.44,96.5,7
CUST01328,18,Male,Master,Medium,North America,Tablet,Silver,Social Media,1095,6899.19,30.7,3
CUST01329,35,Female,Master,Medium,North America,Mobile,Silver,Organic Search,504,3055.5,37.0,2
CUST01330,31,Female,Bachelor,Medium-Low,North America,Tablet,Bronze,Organic Search,1095,5417.64,61.1,3
CUST01331,37,Female,Associate,Medium-High,Europe,Mobile,Bronze,Paid Search,150,8107.23,61.7,4
CUST01332,30,Female,High School,Medium-Low,Asia-Pacific,Desktop,Bronze,Direct,761,5126.29,82.6,4
CUST01333,39,Male,Bachelor,Medium-High,North America,Mobile,Gold,Direct,137,8266.52,63.4,7
CUST01334,34,Male,Master,Low,North America,Mobile,Silver,Email,110,8278.68,39.0,3
CUST01335,39,Male,Bachelor,Medium-High,North America,Desktop,Gold,Paid Search,168,24138.23,49.6,8
CUST01336,35,Male,Master,Medium,Asia-Pacific,Mobile,Bronze,Paid Search,438,16006.66,44.0,1
CUST01337,32,Male,Associate,Medium,Asia-Pacific,Mobile,Gold,Paid Search,283,15378.89,95.4,9
CUST01338,38,Female,Master,Medium,Europe,Mobile,Silver,Email,313,1460.73,51.1,3
CUST01339,39,Female,Master,High,Asia-Pacific,Mobile,Gold,Paid Search,129,15426.78,47.0,2
CUST01340,40,Male,High School,Medium,North America,Tablet,Gold,Referral,111,91474.75,87.1,6
CUST01341,35,Male,PhD,Medium-Low,Asia-Pacific,Desktop,Bronze,Social Media,1095,4358.94,37.4,1
CUST01342,32,Male,Bachelor,Medium-High,Asia-Pacific,Mobile,Silver,Social Media,62,21653.84,71.6,3
CUST01343,37,Male,High School,Medium-Low,Latin America,Desktop,Bronze,Display Ads,389,5810.45,38.1,0
CUST01344,35,Female,Bachelor,Low,Latin America,Desktop,Silver,Email,1095,8032.17,31.6,4
CUST01345,34,Male,Master,Medium,Asia-Pacific,Desktop,Gold,Social Media,176,5967.25,97.1,4
CUST01346,36,Male,Bachelor,High,Europe,Desktop,Silver,Display Ads,395,21131.1,61.8,4
CUST01347,36,Female,Bachelor,Medium,Europe,Mobile,Silver,Paid Search,520,5344.28,57.6,5
CUST01348,30,Female,PhD,Low,Asia-Pacific,Tablet,Bronze,Social Media,279,4356.35,33.6,1
CUST01349,34,Female,High School,Medium,North America,Desktop,Bronze,Referral,31,7846.1,44.1,2
CUST01350,37,Female,High School,Medium,North America,Mobile,Silver,Paid Search,325,11364.74,45.0,6
CUST01351,33,Male,Bachelor,Low,Europe,Desktop,Bronze,Email,287,2744.59,37.6,0
CUST01352,41,Male,Bachelor,Medium,North America,Mobile,Gold,Referral,85,22450.59,96.8,13
CUST01353,50,Female,Bachelor,Medium,North America,Mobile,Silver,Social Media,773,18681.21,41.6,2
CUST01354,47,Male,Bachelor,Medium,Latin America,Mobile,Platinum,Paid Search,21,4132.98,82.7,11
CUST01355,45,Female,Bachelor,Medium,North America,Mobile,Gold,Email,47,25229.0,40.0,8
CUST01356,38,Female,Associate,Medium-Low,North America,Mobile,Bronze,Email,122,7063.43,95.0,3
CUST01357,39,Male,PhD,Medium-Low,North America,Mobile,Silver,Organic Search,856,16498.09,99.3,7
CUST01358,31,Female,Bachelor,Medium,Europe,Tablet,Gold,Display Ads,214,10227.43,31.7,8
CUST01359,42,Male,High School,Medium,North America,Desktop,Silver,Social Media,155,21629.52,64.3,9
CUST01360,40,Male,Bachelor,Medium-High,Middle East,Mobile,Silver,Paid Search,490,3941.32,98.0,2
CUST01361,24,Male,Master,Medium-Low,Middle East,Mobile,Bronze,Paid Search,649,5217.46,33.5,2
CUST01362,39,Female,High School,Medium-Low,Europe,Mobile,Silver,Social Media,178,2612.11,75.4,5
CUST01363,25,Male,Associate,Medium,Asia-Pacific,Desktop,Silver,Organic Search,92,7180.4,48.0,5
CUST01364,44,Female,Associate,Medium-High,Asia-Pacific,Desktop,Silver,Email,489,14094.9,94.4,2
CUST01365,29,Male,Bachelor,Medium-Low,Europe,Desktop,Bronze,Paid Search,548,4065.01,45.6,4
CUST01366,42,Male,Master,Medium,Europe,Desktop,Platinum,Organic Search,104,48766.52,51.4,11
CUST01367,29,Male,Master,Medium-Low,Europe,Desktop,Silver,Direct,346,5445.35,85.3,2
CUST01368,45,Female,Master,High,North America,Mobile,Platinum,Referral,218,8340.84,75.6,11
CUST01369,31,Non-binary,Bachelor,Medium-High,Europe,Desktop,Silver,Organic Search,23,9228.48,78.7,5
CUST01370,31,Female,Associate,Low,Europe,Tablet,Bronze,Email,205,10617.92,31.8,3
CUST01371,24,Male,Bachelor,Medium-Low,Europe,Mobile,Bronze,Organic Search,681,5145.48,79.6,0
CUST01372,37,Female,Associate,High,North America,Desktop,Platinum,Referral,78,92008.64,59.5,10
CUST01373,38,Female,Master,Medium-High,Asia-Pacific,Mobile,Bronze,Email,652,3626.4,36.3,2
CUST01374,35,Male,PhD,Medium-Low,Europe,Mobile,Bronze,Organic Search,848,2418.34,60.0,0
CUST01375,38,Male,Master,Medium,Asia-Pacific,Desktop,Gold,Organic Search,19,4485.86,33.2,9
CUST01376,34,Male,Master,Medium-High,North America,Mobile,Gold,Referral,372,9324.88,56.8,10
CUST01377,37,Male,PhD,Medium-Low,Asia-Pacific,Desktop,Bronze,Organic Search,537,4483.95,73.0,1
CUST01378,36,Male,Bachelor,Medium,Europe,Desktop,Silver,Paid Search,8,1053.77,37.6,1
CUST01379,36,Male,Master,Medium,North America,Desktop,Platinum,Paid Search,970,19624.05,84.7,13
CUST01380,40,Male,High School,Medium-High,North America,Desktop,Gold,Paid Search,1012,17632.7,70.9,5
CUST01381,40,Male,High School,Medium-Low,Europe,Desktop,Silver,Referral,85,3558.71,40.3,6
CUST01382,33,Female,Bachelor,Medium,Latin America,Tablet,Silver,Social Media,614,1259.94,36.5,6
CUST01383,27,Female,Associate,Medium,Middle East,Desktop,Bronze,Social Media,306,241.88,32.2,4
CUST01384,35,Male,Associate,Low,North America,Mobile,Silver,Organic Search,275,11708.66,97.5,4
CUST01385,36,Female,High School,Medium,Latin America,Mobile,Gold,Organic Search,216,70982.41,53.5,3
CUST01386,40,Male,Master,Medium,North America,Mobile,Platinum,Social Media,73,13991.28,38.7,14
CUST01387,26,Male,Bachelor,Medium,North America,Desktop,Silver,Referral,327,11774.5,36.7,6
CUST01388,24,Female,Master,Medium-High,Europe,Mobile,Bronze,Direct,700,1274.04,53.7,0
CUST01389,29,Female,Associate,High,Asia-Pacific,Desktop,Silver,Social Media,186,6630.59,78.7,1
CUST01390,28,Female,Associate,High,Europe,Desktop,Bronze,Social Media,434,5101.06,53.9,2
CUST01391,38,Female,Master,Medium-Low,Europe,Mobile,Gold,Display Ads,464,47942.81,91.7,8
CUST01392,40,Male,Bachelor,Medium,Europe,Mobile,Gold,Direct,450,6789.07,95.0,5
CUST01393,43,Male,Bachelor,Medium,Asia-Pacific,Desktop,Gold,Social Media,265,16157.11,68.0,8
CUST01394,29,Male,Associate,High,North America,Desktop,Bronze,Email,521,5706.79,43.2,3
CUST01395,35,Male,Master,Medium,North America,Mobile,Gold,Social Media,5,26722.59,93.0,4
CUST01396,40,Male,Bachelor,Medium,North America,Desktop,Gold,Direct,67,5300.95,43.3,10
CUST01397,27,Female,PhD,Medium,North America,Mobile,Bronze,Social Media,112,794.53,73.5,1
CUST01398,46,Non-binary,Master,Medium,Asia-Pacific,Desktop,Silver,Direct,77,19216.98,53.8,3
CUST01399,32,Male,PhD,Medium-High,North America,Desktop,Platinum,Organic Search,132,18026.45,50.9,10
CUST01400,41,Female,Master,Medium-Low,North America,Mobile,Platinum,Display Ads,37,10845.74,54.8,18
CUST01401,29,Male,Master,Medium-High,North America,Desktop,Platinum,Social Media,62,33771.98,68.8,13
CUST01402,41,Female,Associate,Medium,Asia-Pacific,Desktop,Platinum,Social Media,185,21557.57,92.3,11
CUST01403,32,Male,High School,Medium,North America,Desktop,Gold,Organic Search,114,6776.24,66.5,4
CUST01404,44,Male,PhD,Medium-Low,Europe,Mobile,Bronze,Paid Search,631,5892.38,96.6,2
CUST01405,42,Non-binary,Bachelor,Medium,Asia-Pacific,Mobile,Platinum,Paid Search,11,15263.02,92.4,13
CUST01406,38,Female,High School,Low,North America,Desktop,Gold,Email,285,19577.76,96.0,7
CUST01407,43,Female,PhD,Low,Europe,Desktop,Bronze,Social Media,94,6867.12,50.1,2
CUST01408,27,Male,Associate,Medium,North America,Desktop,Bronze,Direct,100,1428.19,38.3,4
CUST01409,37,Male,High School,Medium,North America,Mobile,Bronze,Organic Search,99,5403.6,41.7,1
CUST01410,36,Non-binary,Bachelor,Medium-High,Europe,Mobile,Bronze,Paid Search,1039,649.1,50.4,2
CUST01411,29,Female,Master,Medium-Low,North America,Desktop,Bronze,Direct,23,14087.18,81.2,2
CUST01412,42,Female,Master,Medium-High,Latin America,Desktop,Gold,Social Media,1017,26540.83,47.4,9
CUST01413,35,Male,Bachelor,Medium-High,Europe,Desktop,Gold,Direct,140,41860.9,36.8,10
CUST01414,39,Female,Associate,Medium-High,Asia-Pacific,Mobile,Bronze,Direct,475,3248.71,30.4,1
CUST01415,35,Male,PhD,Medium-High,North America,Desktop,Platinum,Organic Search,431,45527.23,68.4,9
CUST01416,39,Female,High School,Medium,North America,Mobile,Bronze,Social Media,1095,354.42,82.7,2
CUST01417,39,Male,Bachelor,Medium,North America,Desktop,Silver,Direct,330,7469.87,72.0,3
CUST01418,45,Male,Associate,Medium,North America,Mobile,Gold,Organic Search,1095,10586.46,50.4,9
CUST01419,45,Male,Associate,Medium-High,Europe,Mobile,Gold,Organic Search,762,5481.13,46.5,8
CUST01420,43,Male,Bachelor,High,Europe,Mobile,Platinum,Paid Search,279,8263.44,83.0,10
CUST01421,38,Female,High School,Medium-High,North America,Mobile,Platinum,Social Media,733,17179.44,98.5,5
CUST01422,36,Male,Associate,Medium-High,North America,Mobile,Gold,Social Media,95,42176.48,53.7,12
CUST01423,28,Male,Master,Medium,Europe,Desktop,Bronze,Organic Search,674,4070.07,61.7,2
CUST01424,27,Male,Associate,Medium,North America,Desktop,Silver,Paid Search,482,10168.27,93.6,5
CUST01425,33,Male,PhD,Medium-Low,North America,Desktop,Bronze,Paid Search,371,5646.18,63.4,0
CUST01426,33,Male,Associate,High,North America,Tablet,Silver,Organic Search,183,13849.43,92.9,8
CUST01427,29,Female,Bachelor,Medium-Low,Europe,Mobile,Silver,Email,677,4644.91,95.9,5
CUST01428,41,Male,Bachelor,Medium,North America,Desktop,Bronze,Social Media,968,1481.98,49.8,0
CUST01429,39,Male,High School,Medium-High,Europe,Tablet,Gold,Referral,253,12131.47,82.7,7
CUST01430,44,Male,PhD,Medium-High,Asia-Pacific,Desktop,Platinum,Social Media,453,23844.42,56.0,15
CUST01431,34,Female,Master,Low,Europe,Desktop,Silver,Direct,12,3621.53,92.4,5
CUST01432,39,Female,Associate,Medium-High,North America,Mobile,Gold,Referral,926,29223.14,37.4,4
CUST01433,40,Male,PhD,Medium-Low,Europe,Tablet,Silver,Direct,61,7241.7,50.8,2
CUST01434,30,Male,Bachelor,Medium,Asia-Pacific,Mobile,Silver,Direct,716,16737.84,36.6,4
CUST01435,36,Female,PhD,Low,Middle East,Desktop,Bronze,Social Media,369,1960.78,97.2,1
CUST01436,61,Female,Associate,Medium-Low,Asia-Pacific,Desktop,Gold,Email,74,20581.01,79.3,11
CUST01437,34,Male,Master,Medium-Low,Europe,Mobile,Bronze,Email,488,4829.85,99.5,3
CUST01438,46,Male,Associate,Low,North America,Mobile,Gold,Social Media,54,15573.83,76.1,3
CUST01439,42,Female,Bachelor,Medium,Europe,Mobile,Silver,Direct,429,12857.64,94.2,4
CUST01440,37,Female,PhD,Medium,Europe,Mobile,Gold,Email,1095,29134.9,73.3,5
CUST01441,41,Male,High School,Medium,Europe,Mobile,Gold,Organic Search,399,15123.82,84.5,8
CUST01442,45,Female,Bachelor,Medium,Asia-Pacific,Tablet,Silver,Paid Search,818,7834.93,54.5,4
CUST01443,40,Male,Associate,Medium,Asia-Pacific,Desktop,Bronze,Social Media,245,1466.55,37.7,2
CUST01444,39,Male,Master,Medium-High,Middle East,Mobile,Platinum,Email,91,32250.44,85.9,5
CUST01445,41,Male,Master,Medium-High,North America,Mobile,Silver,Social Media,199,9569.98,41.3,4
CUST01446,37,Female,High School,High,Latin America,Tablet,Bronze,Organic Search,215,3751.67,76.5,1
CUST01447,46,Female,Bachelor,Medium-High,North America,Mobile,Gold,Direct,352,6260.32,87.5,6
CUST01448,40,Female,High School,Medium,North America,Desktop,Gold,Social Media,364,50320.77,67.4,6
CUST01449,31,Female,Associate,Low,North America,Mobile,Gold,Organic Search,794,9503.54,91.9,11
CUST01450,24,Female,High School,Medium-Low,Europe,Mobile,Bronze,Organic Search,333,7495.68,32.5,0
CUST01451,42,Female,Associate,Medium-High,North America,Mobile,Platinum,Direct,32,74691.4,33.1,6
CUST01452,32,Male,Associate,Medium-High,Latin America,Mobile,Gold,Paid Search,159,14373.47,45.0,12
CUST01453,27,Male,High School,Medium-High,Asia-Pacific,Mobile,Bronze,Referral,792,3758.01,76.3,0
CUST01454,33,Male,Master,Medium-High,North America,Mobile,Platinum,Referral,283,13139.08,39.3,16
CUST01455,42,Male,Associate,High,Europe,Desktop,Gold,Display Ads,66,38700.29,90.4,4
CUST01456,49,Male,Bachelor,High,Asia-Pacific,Mobile,Platinum,Email,1095,35019.52,50.2,8
CUST01457,37,Female,High School,Medium-High,Europe,Desktop,Platinum,Referral,30,21327.69,82.4,4
CUST01458,30,Female,Bachelor,Medium,Europe,Mobile,Silver,Organic Search,328,1030.8,86.3,4
CUST01459,33,Male,Bachelor,Medium,Middle East,Desktop,Bronze,Organic Search,596,2604.08,38.6,5
CUST01460,24,Female,Bachelor,Medium-Low,North America,Mobile,Silver,Social Media,282,5925.24,75.5,13
CUST01461,50,Male,Bachelor,Medium,Europe,Desktop,Gold,Display Ads,717,39624.32,48.5,8
CUST01462,38,Female,Master,Medium,Europe,Desktop,Silver,Social Media,641,6430.44,68.0,5
CUST01463,47,Non-binary,Master,Medium-Low,Europe,Mobile,Gold,Email,936,13256.64,82.8,7
CUST01464,23,Female,Bachelor,Medium-High,Latin America,Mobile,Bronze,Organic Search,196,5619.68,84.2,0
CUST01465,30,Male,High School,Medium,Asia-Pacific,Mobile,Gold,Social Media,357,29519.91,81.0,2
CUST01466,38,Male,Bachelor,Medium-High,Middle East,Mobile,Silver,Email,57,13452.09,52.6,4
CUST01467,38,Male,PhD,Low,North America,Desktop,Gold,Display Ads,13,13223.24,78.3,4
CUST01468,29,Male,Master,Low,Asia-Pacific,Mobile,Silver,Social Media,10,1594.09,45.0,2
CUST01469,40,Male,Bachelor,Medium,Middle East,Mobile,Bronze,Direct,16,8511.46,96.2,0
CUST01470,43,Female,PhD,Medium,Asia-Pacific,Mobile,Platinum,Paid Search,36,19435.84,37.6,17
CUST01471,45,Female,Master,High,North America,Mobile,Platinum,Social Media,630,40432.92,64.2,9
CUST01472,33,Non-binary,High School,Medium-Low,Europe,Tablet,Silver,Display Ads,17,10516.8,64.0,6
CUST01473,29,Male,Bachelor,Medium,North America,Mobile,Bronze,Paid Search,446,2712.36,30.8,0
CUST01474,37,Female,Bachelor,Medium,Asia-Pacific,Mobile,Silver,Email,97,19936.81,35.2,6
CUST01475,33,Female,Bachelor,High,Europe,Mobile,Bronze,Organic Search,7,4105.75,96.0,1
CUST01476,31,Female,PhD,High,Europe,Mobile,Gold,Social Media,376,19877.13,66.6,6
CUST01477,36,Female,Bachelor,Medium,North America,Desktop,Silver,Paid Search,420,6768.74,39.6,2
CUST01478,48,Female,Bachelor,Medium-High,Middle East,Desktop,Platinum,Paid Search,3,38032.05,43.8,6
CUST01479,42,Male,Master,Medium-High,Europe,Mobile,Gold,Organic Search,144,15414.77,80.1,8
CUST01480,30,Male,Master,Medium,Latin America,Mobile,Bronze,Social Media,315,13419.81,70.7,3
CUST01481,39,Male,High School,Medium-High,Latin America,Mobile,Silver,Organic Search,198,6949.77,65.6,3
CUST01482,26,Female,High School,Medium,Europe,Mobile,Silver,Referral,1095,5165.41,71.5,4
CUST01483,38,Female,High School,High,Middle East,Mobile,Silver,Organic Search,261,20584.1,66.6,1
CUST01484,46,Female,Associate,Medium,Asia-Pacific,Mobile,Silver,Paid Search,229,11016.51,78.3,1
CUST01485,49,Male,Associate,Medium,Europe,Desktop,Gold,Organic Search,100,22300.56,61.5,5
CUST01486,49,Female,Master,Medium-High,Latin America,Desktop,Platinum,Display Ads,528,15546.21,67.4,19
CUST01487,25,Male,Master,Medium-Low,Latin America,Mobile,Bronze,Email,502,2141.74,88.6,2
CUST01488,32,Male,Bachelor,Medium-Low,Asia-Pacific,Mobile,Bronze,Organic Search,499,3590.28,30.6,1
CUST01489,32,Male,Bachelor,Medium-Low,Asia-Pacific,Mobile,Platinum,Social Media,187,37003.91,83.0,9
CUST01490,33,Female,Bachelor,Medium-Low,North America,Mobile,Bronze,Paid Search,86,2600.96,95.4,2
CUST01491,30,Male,Bachelor,Medium,North America,Mobile,Bronze,Social Media,503,5524.68,75.2,1
CUST01492,26,Male,High School,Medium-Low,Europe,Tablet,Bronze,Organic Search,112,737.6,52.7,3
CUST01493,40,Female,Bachelor,Medium,North America,Desktop,Bronze,Organic Search,82,5424.69,78.9,1
CUST01494,36,Female,High School,Medium,Latin America,Mobile,Gold,Social Media,206,12608.87,50.2,3
CUST01495,37,Male,Associate,Low,Latin America,Mobile,Bronze,Direct,235,2031.72,39.0,4
CUST01496,35,Female,High School,Medium-Low,North America,Desktop,Bronze,Display Ads,212,6856.44,54.2,2
CUST01497,35,Male,High School,Medium,Asia-Pacific,Mobile,Silver,Organic Search,70,9580.55,87.4,3
CUST01498,52,Male,Bachelor,Medium-High,Asia-Pacific,Mobile,Platinum,Email,760,55116.65,74.9,7
CUST01499,39,Male,Associate,Medium,North America,Mobile,Silver,Email,215,11509.62,81.1,1
CUST01500,41,Male,Master,Medium-High,Asia-Pacific,Desktop,Gold,Direct,246,36923.57,93.5,5
CUST01501,41,Male,Master,Medium-High,North America,Desktop,Platinum,Social Media,409,38050.59,63.4,14
CUST01502,36,Female,Bachelor,Medium,Europe,Mobile,Bronze,Organic Search,46,3662.78,66.3,5
CUST01503,35,Male,Bachelor,Medium-Low,Middle East,Desktop,Silver,Organic Search,38,5705.86,65.0,3
CUST01504,25,Female,Master,Medium-Low,Europe,Desktop,Bronze,Social Media,45,1968.09,51.7,4
CUST01505,36,Female,Bachelor,Medium,Asia-Pacific,Desktop,Gold,Social Media,210,23337.81,98.6,6
CUST01506,44,Female,High School,Medium,Asia-Pacific,Mobile,Gold,Social Media,15,10479.09,93.6,5
CUST01507,43,Female,Associate,Medium,Europe,Mobile,Bronze,Organic Search,6,5140.86,32.0,1
CUST01508,38,Female,Master,Medium,Asia-Pacific,Tablet,Silver,Social Media,150,8278.17,96.6,4
CUST01509,40,Female,Bachelor,Medium,Latin America,Mobile,Silver,Email,97,4492.94,86.7,1
CUST01510,40,Female,Bachelor,Medium-Low,Europe,Mobile,Silver,Display Ads,442,2639.21,78.8,7
CUST01511,29,Male,PhD,Medium-High,Latin America,Mobile,Silver,Organic Search,594,11587.6,63.9,0
CUST01512,43,Male,PhD,Medium-High,North America,Desktop,Silver,Organic Search,73,17462.31,81.0,3
CUST01513,32,Female,Master,Medium-High,North America,Desktop,Silver,Organic Search,688,7260.4,33.0,4
CUST01514,52,Female,High School,Medium-High,North America,Mobile,Platinum,Display Ads,423,25580.67,44.7,14
CUST01515,48,Female,High School,Medium-High,North America,Desktop,Platinum,Social Media,100,29274.82,70.3,10
CUST01516,33,Female,Bachelor,Medium,Europe,Mobile,Silver,Social Media,1095,11289.71,69.5,6
CUST01517,29,Female,Bachelor,Medium-High,North America,Desktop,Silver,Social Media,259,1136.12,99.8,3
CUST01518,33,Male,Associate,Medium-Low,Asia-Pacific,Mobile,Bronze,Referral,133,3079.88,81.0,1
CUST01519,24,Male,High School,Medium-Low,Europe,Desktop,Silver,Organic Search,383,11732.03,96.9,2
CUST01520,48,Male,Associate,Medium-Low,North America,Mobile,Platinum,Referral,209,40907.43,84.6,12
CUST01521,31,Male,PhD,Medium,North America,Mobile,Bronze,Organic Search,764,18862.29,57.3,1
CUST01522,32,Male,Associate,Medium-High,Middle East,Mobile,Silver,Social Media,286,12664.07,45.0,4
CUST01523,35,Male,Bachelor,Medium,Europe,Desktop,Silver,Social Media,247,3498.64,53.1,3
CUST01524,27,Non-binary,PhD,Medium-High,North America,Desktop,Silver,Email,96,2723.25,48.8,3
CUST01525,33,Female,Associate,Medium,Asia-Pacific,Mobile,Bronze,Email,134,6876.72,47.0,1
CUST01526,35,Male,Bachelor,Medium,Europe,Mobile,Bronze,Organic Search,692,14118.12,52.6,2
CUST01527,40,Male,Associate,Medium-High,Europe,Mobile,Gold,Organic Search,106,34693.18,88.3,5
CUST01528,44,Male,Master,Medium,Europe,Mobile,Silver,Paid Search,26,4708.49,99.2,4
CUST01529,44,Female,Associate,Medium-High,North America,Desktop,Platinum,Email,8,15892.76,72.7,10
CUST01530,38,Male,Bachelor,Medium,Middle East,Desktop,Silver,Email,114,6103.16,43.4,5
CUST01531,39,Female,Bachelor,Low,North America,Mobile,Silver,Organic Search,174,3532.18,51.6,9
CUST01532,29,Male,High School,Medium-High,Latin America,Mobile,Silver,Social Media,62,4820.33,37.0,4
CUST01533,43,Male,Associate,Medium,Latin America,Desktop,Platinum,Social Media,65,19309.8,50.4,12
CUST01534,48,Female,Bachelor,Medium,Europe,Mobile,Silver,Paid Search,880,5152.38,70.1,4
CUST01535,33,Female,Bachelor,Medium-High,Middle East,Mobile,Platinum,Referral,189,35403.35,41.1,12
CUST01536,33,Male,Bachelor,Medium,North America,Mobile,Platinum,Referral,701,62922.4,37.6,11
CUST01537,42,Male,Associate,Medium-High,Europe,Desktop,Platinum,Paid Search,80,51885.46,62.7,12
CUST01538,31,Male,Master,High,North America,Desktop,Silver,Social Media,48,13040.49,94.2,2
CUST01539,35,Female,Bachelor,Medium-Low,Europe,Tablet,Bronze,Organic Search,276,2644.28,50.4,4
CUST01540,23,Female,Bachelor,Medium-Low,Middle East,Desktop,Silver,Social Media,275,12571.37,63.8,4
CUST01541,42,Female,Master,Medium-Low,Latin America,Desktop,Gold,Email,182,13942.27,69.1,3
CUST01542,39,Non-binary,Master,Medium-High,Europe,Desktop,Silver,Social Media,265,27320.56,42.4,5
CUST01543,47,Female,Bachelor,Medium-Low,Europe,Desktop,Gold,Email,484,6974.79,53.1,8
CUST01544,38,Female,High School,Low,Europe,Desktop,Bronze,Organic Search,69,2396.42,88.6,3
CUST01545,38,Female,High School,Medium-High,Asia-Pacific,Desktop,Gold,Referral,193,20652.7,37.5,9
CUST01546,39,Female,High School,Medium-High,Europe,Desktop,Gold,Paid Search,52,41548.22,73.6,8
CUST01547,30,Male,Master,Medium,North America,Tablet,Bronze,Email,76,2923.86,67.7,2
CUST01548,44,Male,Associate,Medium-High,North America,Mobile,Silver,Social Media,370,6931.06,99.5,3
CUST01549,34,Male,Bachelor,Medium-High,North America,Desktop,Bronze,Direct,522,7371.15,54.9,1
CUST01550,41,Male,Master,Medium-High,Europe,Mobile,Platinum,Paid Search,605,17421.1,31.0,7
CUST01551,29,Female,Master,Medium,North America,Desktop,Bronze,Organic Search,85,16068.69,36.1,2
CUST01552,27,Female,Associate,Medium-Low,Europe,Mobile,Silver,Email,626,5850.42,53.3,2
CUST01553,33,Female,High School,Medium,North America,Mobile,Bronze,Organic Search,821,6526.47,86.0,4
CUST01554,37,Female,Bachelor,Medium-Low,Asia-Pacific,Desktop,Silver,Paid Search,1095,12731.65,33.2,6
CUST01555,40,Non-binary,PhD,Medium,Asia-Pacific,Mobile,Platinum,Social Media,131,41894.18,74.8,9
CUST01556,45,Male,Master,Medium,Europe,Tablet,Platinum,Social Media,72,8485.13,65.2,12
CUST01557,46,Female,High School,Medium-Low,North America,Desktop,Gold,Social Media,988,29276.15,57.4,7
CUST01558,29,Male,High School,Medium-High,North America,Mobile,Gold,Email,702,7278.36,98.9,10
CUST01559,42,Female,Master,Medium-High,North America,Tablet,Platinum,Organic Search,553,29299.83,74.8,10
CUST01560,27,Female,High School,Medium,Europe,Mobile,Bronze,Organic Search,716,6535.32,80.2,2
CUST01561,39,Male,Bachelor,Medium,North America,Mobile,Gold,Social Media,316,11848.79,85.9,6
CUST01562,31,Male,Bachelor,Medium,North America,Mobile,Silver,Organic Search,339,31362.68,69.1,3
CUST01563,54,Female,Bachelor,Medium-High,North America,Desktop,Gold,Organic Search,989,38637.58,54.4,9
CUST01564,44,Female,Bachelor,Low,North America,Mobile,Bronze,Social Media,107,10054.28,71.1,1
CUST01565,35,Female,Associate,Medium-Low,Latin America,Mobile,Silver,Display Ads,464,3160.68,64.4,2
CUST01566,42,Female,Associate,High,Europe,Mobile,Platinum,Social Media,111,15810.8,81.7,13
CUST01567,45,Male,Bachelor,Medium-High,Asia-Pacific,Mobile,Gold,Email,316,34995.52,43.9,8
CUST01568,42,Female,Master,Medium-Low,North America,Desktop,Silver,Social Media,64,3058.08,60.7,3
CUST01569,47,Female,Master,High,Asia-Pacific,Mobile,Gold,Social Media,235,5845.14,81.5,8
CUST01570,40,Male,Associate,Medium,Middle East,Mobile,Silver,Social Media,797,7812.95,69.9,5
CUST01571,41,Male,High School,Medium,North America,Mobile,Gold,Direct,740,11422.37,31.4,7
CUST01572,45,Female,Associate,Medium-High,Europe,Desktop,Platinum,Referral,505,55609.16,98.6,11
CUST01573,46,Male,Bachelor,Medium-High,North America,Mobile,Gold,Organic Search,483,27254.17,71.3,6
CUST01574,32,Male,High School,Medium,North America,Desktop,Silver,Social Media,57,11658.81,33.7,4
CUST01575,41,Male,Master,Medium,North America,Mobile,Silver,Referral,460,4079.09,86.0,2
CUST01576,33,Female,Master,Medium,Middle East,Mobile,Bronze,Social Media,142,2332.77,33.9,1
CUST01577,36,Male,Bachelor,Low,Asia-Pacific,Mobile,Bronze,Direct,1095,3921.94,70.2,1
CUST01578,36,Male,Master,Medium,Europe,Mobile,Silver,Referral,400,2351.66,56.1,2
CUST01579,42,Male,Master,High,North America,Desktop,Platinum,Referral,17,25381.72,32.1,14
CUST01580,22,Male,Bachelor,Medium,North America,Desktop,Gold,Organic Search,124,19078.82,48.7,5
CUST01581,48,Male,Bachelor,Medium-High,Latin America,Tablet,Gold,Social Media,381,11502.79,38.6,6
CUST01582,39,Female,Bachelor,Medium,Europe,Desktop,Gold,Social Media,283,4731.67,75.8,9
CUST01583,36,Male,Master,Medium,Europe,Mobile,Silver,Organic Search,949,11489.9,35.2,1
CUST01584,40,Female,Master,Medium-Low,Asia-Pacific,Mobile,Bronze,Paid Search,539,11621.44,49.8,1
CUST01585,31,Male,High School,High,Europe,Mobile,Bronze,Direct,17,3825.2,57.1,1
CUST01586,36,Female,PhD,Medium,Middle East,Desktop,Bronze,Email,1080,7819.37,46.7,1
CUST01587,44,Male,Bachelor,Medium-High,North America,Mobile,Bronze,Email,1095,3919.22,67.2,3
CUST01588,30,Female,Bachelor,Medium,Europe,Mobile,Bronze,Direct,954,4508.99,46.4,3
CUST01589,26,Male,High School,Medium,Middle East,Mobile,Bronze,Display Ads,153,2508.29,56.8,2
CUST01590,47,Male,Associate,Medium-High,Asia-Pacific,Desktop,Silver,Social Media,460,1845.65,37.9,2
CUST01591,42,Female,Master,Medium,North America,Mobile,Bronze,Direct,516,9573.7,47.3,2
CUST01592,41,Female,Bachelor,Medium,Latin America,Desktop,Gold,Email,135,21911.63,53.7,7
CUST01593,31,Non-binary,Bachelor,Medium,Asia-Pacific,Mobile,Gold,Referral,287,21112.14,50.0,14
CUST01594,39,Male,Master,Medium,Europe,Mobile,Silver,Organic Search,173,10030.49,45.0,3
CUST01595,28,Non-binary,Bachelor,Medium,Latin America,Desktop,Bronze,Paid Search,1095,1987.34,93.1,0
CUST01596,47,Male,Master,Medium,Middle East,Desktop,Silver,Social Media,60,13375.48,91.2,4
CUST01597,37,Female,PhD,Medium-High,North America,Mobile,Silver,Social Media,91,5442.56,54.9,4
CUST01598,48,Female,Master,Medium,North America,Mobile,Gold,Organic Search,208,99860.89,88.6,6
CUST01599,30,Female,Master,Medium-High,Asia-Pacific,Mobile,Platinum,Display Ads,381,16687.5,43.0,16
CUST01600,33,Male,Bachelor,Medium-High,Middle East,Mobile,Silver,Paid Search,27,6974.3,91.9,4
CUST01601,39,Male,Associate,Medium-High,Europe,Tablet,Platinum,Display Ads,120,60084.37,88.1,8
CUST01602,36,Male,Associate,Medium-Low,Europe,Desktop,Silver,Email,285,17006.23,80.3,7
CUST01603,40,Male,Bachelor,Medium-High,Europe,Desktop,Gold,Email,1095,21275.61,40.3,7
CUST01604,35,Female,High School,Medium,Latin America,Desktop,Silver,Direct,1095,7357.71,54.0,4
CUST01605,35,Female,Master,Medium,Latin America,Desktop,Gold,Paid Search,96,6923.68,95.0,6
CUST01606,33,Female,Master,Medium-Low,Latin America,Desktop,Bronze,Email,46,6020.18,35.2,2
CUST01607,39,Female,Bachelor,High,North America,Desktop,Silver,Display Ads,154,6738.59,73.4,9
CUST01608,41,Female,High School,Medium-Low,North America,Mobile,Silver,Referral,96,12724.76,90.2,4
CUST01609,26,Female,Master,Medium,North America,Mobile,Bronze,Social Media,482,4012.31,58.8,2
CUST01610,31,Male,Master,Medium,Asia-Pacific,Desktop,Silver,Email,160,4451.11,64.7,1
CUST01611,33,Male,High School,Medium-Low,North America,Mobile,Bronze,Social Media,195,2876.82,52.9,0
CUST01612,34,Male,High School,Medium-Low,Asia-Pacific,Mobile,Bronze,Organic Search,616,4285.17,84.2,1
CUST01613,43,Male,PhD,Medium-High,North America,Mobile,Platinum,Social Media,946,72220.12,68.1,11
CUST01614,34,Female,PhD,Medium-Low,Europe,Desktop,Gold,Direct,77,8384.36,54.5,6
CUST01615,46,Male,Bachelor,Medium,North America,Mobile,Gold,Organic Search,77,22196.67,49.2,7
CUST01616,42,Male,Master,Medium,Europe,Desktop,Platinum,Referral,155,31080.14,54.6,14
CUST01617,33,Female,Associate,Medium-High,Asia-Pacific,Mobile,Bronze,Social Media,20,4282.04,50.3,1
CUST01618,31,Non-binary,Bachelor,Medium-Low,Europe,Mobile,Bronze,Paid Search,196,5482.88,90.0,1
CUST01619,42,Male,Bachelor,Medium,North America,Mobile,Gold,Direct,245,4840.25,97.5,11
CUST01620,35,Male,PhD,Medium-High,Europe,Mobile,Bronze,Paid Search,593,2022.89,52.4,1
CUST01621,42,Female,PhD,Low,North America,Tablet,Platinum,Social Media,158,16608.54,53.5,12
CUST01622,37,Non-binary,Bachelor,Medium-High,Middle East,Mobile,Gold,Direct,647,28787.48,69.3,4
CUST01623,30,Female,PhD,Medium-Low,North America,Mobile,Bronze,Organic Search,329,4804.82,48.2,1
CUST01624,40,Female,High School,Medium-High,Asia-Pacific,Desktop,Platinum,Referral,123,87390.39,76.7,13
CUST01625,45,Male,Associate,Medium-High,North America,Mobile,Gold,Direct,18,9323.83,43.2,4
CUST01626,31,Male,Master,Medium,North America,Desktop,Bronze,Direct,80,2223.01,38.7,0
CUST01627,32,Female,Associate,High,Latin America,Tablet,Silver,Display Ads,156,15317.14,59.3,3
CUST01628,27,Female,Associate,Medium,Latin America,Desktop,Bronze,Email,3,2167.69,67.2,2
CUST01629,33,Female,Master,High,North America,Desktop,Platinum,Display Ads,162,3845.92,44.9,12
CUST01630,30,Male,Bachelor,Medium,Europe,Mobile,Bronze,Organic Search,85,4682.94,74.2,6
CUST01631,46,Female,Bachelor,High,Latin America,Mobile,Gold,Paid Search,697,15474.1,50.2,4
CUST01632,38,Female,Master,Medium-Low,North America,Mobile,Bronze,Organic Search,19,2514.72,80.5,3
CUST01633,38,Male,High School,Low,North America,Tablet,Silver,Organic Search,407,6829.59,64.2,5
CUST01634,47,Male,Associate,Medium,North America,Mobile,Silver,Organic Search,194,3683.58,37.4,6
CUST01635,36,Male,Bachelor,Low,Latin America,Mobile,Silver,Organic Search,187,9199.69,57.9,7
CUST01636,31,Female,Bachelor,Medium-High,Europe,Tablet,Silver,Organic Search,28,4130.05,73.3,2
CUST01637,38,Female,Master,Medium,Middle East,Desktop,Silver,Social Media,1095,9988.49,40.9,3
CUST01638,35,Female,Bachelor,Medium,Europe,Mobile,Gold,Referral,138,15501.17,54.9,10
CUST01639,40,Female,Associate,Medium-High,North America,Mobile,Silver,Organic Search,587,7094.35,87.2,6
CUST01640,33,Female,Associate,Medium-High,Middle East,Desktop,Gold,Referral,711,12394.42,88.5,6
CUST01641,43,Male,Associate,Medium-High,Asia-Pacific,Desktop,Bronze,Organic Search,21,5883.81,39.3,5
CUST01642,37,Non-binary,Master,Medium-Low,Asia-Pacific,Mobile,Silver,Social Media,19,18118.07,50.0,2
CUST01643,29,Non-binary,Master,Medium,Europe,Mobile,Bronze,Email,1095,9118.32,60.8,1
CUST01644,46,Male,High School,Medium,Europe,Desktop,Platinum,Direct,1001,76940.07,68.2,9
CUST01645,31,Female,PhD,Medium-Low,Europe,Mobile,Silver,Paid Search,707,7525.52,63.1,3
CUST01646,31,Female,Master,Medium-Low,North America,Desktop,Bronze,Organic Search,591,11091.82,31.4,2
CUST01647,33,Female,Bachelor,Low,North America,Mobile,Bronze,Social Media,313,3996.44,96.3,1
CUST01648,39,Female,Bachelor,Low,North America,Mobile,Silver,Paid Search,125,21784.37,65.1,2
CUST01649,47,Male,PhD,Medium,Asia-Pacific,Desktop,Gold,Organic Search,970,16023.29,36.5,6
CUST01650,41,Male,High School,Medium-High,Europe,Desktop,Platinum,Organic Search,572,15974.96,80.1,13
CUST01651,42,Male,High School,Medium,Latin America,Desktop,Gold,Organic Search,667,45985.78,85.1,8
CUST01652,32,Female,Master,Low,Asia-Pacific,Mobile,Silver,Social Media,677,6010.45,98.7,3
CUST01653,31,Male,Master,Medium-Low,North America,Mobile,Silver,Email,235,2261.61,79.0,6
CUST01654,40,Female,Associate,Low,North America,Mobile,Bronze,Social Media,202,11220.69,50.6,1
CUST01655,29,Female,High School,Medium,Middle East,Mobile,Bronze,Display Ads,59,6874.07,42.3,1
CUST01656,35,Male,Bachelor,Medium,Middle East,Mobile,Silver,Organic Search,150,6123.25,98.2,2
CUST01657,39,Male,Associate,Medium-High,Europe,Desktop,Silver,Organic Search,1095,8122.97,83.7,4
CUST01658,28,Female,Master,Medium,North America,Mobile,Silver,Display Ads,221,8817.76,84.2,3
CUST01659,38,Male,High School,Low,Asia-Pacific,Mobile,Silver,Direct,122,18607.34,72.1,4
CUST01660,31,Female,Bachelor,High,Latin America,Desktop,Bronze,Display Ads,110,602.36,45.8,1
CUST01661,39,Male,Bachelor,Medium-High,Europe,Mobile,Silver,Paid Search,571,6665.12,42.8,2
CUST01662,46,Male,Master,Medium-Low,Europe,Mobile,Platinum,Direct,235,27951.14,82.8,13
CUST01663,31,Female,Bachelor,Medium-Low,Asia-Pacific,Mobile,Silver,Paid Search,63,21508.89,48.3,5
CUST01664,39,Female,Bachelor,Medium-Low,North America,Tablet,Silver,Email,1095,3532.64,37.4,6
CUST01665,38,Male,PhD,Low,North America,Desktop,Silver,Social Media,0,3868.64,92.2,0
CUST01666,30,Female,Bachelor,Medium-High,North America,Mobile,Gold,Social Media,167,16551.09,39.2,10
CUST01667,45,Male,High School,High,Europe,Desktop,Gold,Referral,574,6141.42,58.8,5
CUST01668,51,Female,PhD,Medium-High,Asia-Pacific,Mobile,Platinum,Direct,600,7733.22,68.6,10
CUST01669,48,Female,Bachelor,High,Asia-Pacific,Desktop,Gold,Paid Search,639,18323.47,56.3,5
CUST01670,40,Male,Bachelor,Medium-High,Latin America,Desktop,Silver,Direct,14,4995.97,65.0,4
CUST01671,32,Female,Master,Medium-Low,Latin America,Desktop,Silver,Paid Search,62,5678.46,43.7,3
CUST01672,50,Male,Master,Medium-High,Asia-Pacific,Tablet,Platinum,Social Media,74,18858.57,53.4,10
CUST01673,40,Female,Master,Medium-Low,Middle East,Desktop,Platinum,Direct,190,28112.06,32.9,14
CUST01674,25,Female,High School,Medium-High,Latin America,Mobile,Bronze,Social Media,56,7791.95,60.6,2
CUST01675,30,Female,Master,Medium,Latin America,Mobile,Gold,Referral,971,21724.36,58.2,11
CUST01676,36,Female,Associate,Medium-High,North America,Tablet,Silver,Organic Search,319,3849.76,57.0,7
CUST01677,40,Male,Associate,Medium,Europe,Mobile,Silver,Social Media,262,10509.89,94.1,3
CUST01678,37,Male,Associate,Medium-High,Asia-Pacific,Desktop,Platinum,Social Media,32,6675.26,54.1,14
CUST01679,29,Female,PhD,High,Europe,Desktop,Gold,Referral,517,23448.56,35.6,12
CUST01680,42,Male,PhD,Medium-Low,Asia-Pacific,Desktop,Gold,Organic Search,39,22913.43,74.2,7
CUST01681,36,Male,Associate,Medium-High,Europe,Mobile,Bronze,Social Media,106,4341.13,75.3,3
CUST01682,44,Male,PhD,Low,Asia-Pacific,Mobile,Bronze,Social Media,583,3602.11,80.8,1
CUST01683,18,Female,Bachelor,Low,Latin America,Tablet,Bronze,Paid Search,369,2915.58,87.5,4
CUST01684,39,Female,Associate,Medium-High,Europe,Mobile,Gold,Email,50,29356.47,34.3,5
CUST01685,36,Male,Master,Medium,North America,Mobile,Platinum,Organic Search,368,32438.58,39.9,18
CUST01686,29,Female,Bachelor,Low,Asia-Pacific,Mobile,Bronze,Display Ads,75,4339.72,37.8,1
CUST01687,41,Male,Bachelor,Medium-Low,North America,Desktop,Silver,Social Media,438,4827.29,78.5,6
CUST01688,27,Female,PhD,Medium,North America,Desktop,Silver,Referral,103,10134.3,73.7,5
CUST01689,34,Non-binary,Master,Medium,North America,Mobile,Gold,Social Media,48,13578.74,91.8,11
CUST01690,50,Male,High School,High,North America,Mobile,Platinum,Organic Search,183,52499.45,34.9,12
CUST01691,49,Female,High School,Medium-High,Asia-Pacific,Mobile,Platinum,Social Media,943,52046.85,33.8,7
CUST01692,39,Female,PhD,Medium-Low,Asia-Pacific,Desktop,Bronze,Paid Search,540,1866.97,46.0,3
CUST01693,36,Non-binary,Master,Medium,North America,Mobile,Platinum,Email,30,26625.68,65.5,16
CUST01694,38,Female,High School,Medium-Low,Europe,Tablet,Silver,Display Ads,239,10854.04,39.6,5
CUST01695,43,Female,High School,Medium-Low,Middle East,Mobile,Platinum,Referral,1095,15809.15,32.4,15
CUST01696,36,Male,Master,Medium,North America,Mobile,Silver,Social Media,276,16417.1,45.5,4
CUST01697,34,Male,Bachelor,Medium,North America,Mobile,Bronze,Organic Search,346,370.06,79.7,2
CUST01698,34,Male,PhD,Medium,Asia-Pacific,Mobile,Platinum,Organic Search,500,29269.65,57.7,3
CUST01699,31,Female,Bachelor,High,Middle East,Tablet,Gold,Email,275,25045.8,87.6,10
CUST01700,30,Female,Bachelor,Medium-Low,North America,Mobile,Silver,Direct,116,4342.87,45.7,2
CUST01701,36,Male,Bachelor,High,Latin America,Mobile,Platinum,Email,256,3626.22,31.5,14
CUST01702,31,Female,High School,Medium,Asia-Pacific,Desktop,Silver,Referral,169,17628.66,67.8,3
CUST01703,36,Male,Bachelor,Medium,Europe,Mobile,Gold,Paid Search,799,3528.06,42.5,7
CUST01704,40,Female,Associate,Medium-Low,Latin America,Mobile,Silver,Display Ads,1095,2855.75,62.1,7
CUST01705,41,Female,Master,Medium,Latin America,Desktop,Gold,Paid Search,144,17986.89,36.5,10
CUST01706,33,Male,Bachelor,Medium,North America,Desktop,Bronze,Display Ads,187,3386.15,41.7,1
CUST01707,35,Female,High School,Medium,Latin America,Tablet,Bronze,Display Ads,90,3530.6,92.8,1
CUST01708,31,Female,Bachelor,High,Asia-Pacific,Desktop,Bronze,Social Media,237,1701.24,31.2,0
CUST01709,42,Male,Bachelor,Medium-Low,North America,Desktop,Bronze,Referral,306,3545.91,99.7,1
CUST01710,36,Male,Master,Medium,North America,Mobile,Bronze,Direct,86,4429.49,89.0,1
CUST01711,29,Male,Bachelor,Medium-Low,North America,Desktop,Silver,Social Media,90,6359.52,37.2,2
CUST01712,28,Female,High School,Medium,Asia-Pacific,Mobile,Silver,Organic Search,48,2740.08,50.9,5
CUST01713,41,Male,Bachelor,Medium-Low,Europe,Mobile,Platinum,Display Ads,244,40504.2,36.8,14
CUST01714,34,Male,Master,Medium-Low,Middle East,Mobile,Silver,Organic Search,208,17189.68,53.1,7
CUST01715,30,Female,Master,Low,North America,Desktop,Silver,Social Media,82,9117.49,76.4,4
CUST01716,40,Non-binary,Associate,Medium,Asia-Pacific,Mobile,Platinum,Organic Search,825,36281.34,62.6,11
CUST01717,34,Female,Bachelor,Medium,Europe,Desktop,Silver,Organic Search,43,1980.54,43.2,5
CUST01718,46,Female,Bachelor,Medium,Asia-Pacific,Mobile,Gold,Email,422,8687.01,75.9,10
CUST01719,29,Female,High School,Medium-Low,Asia-Pacific,Tablet,Bronze,Display Ads,38,5980.88,59.0,3
CUST01720,26,Female,Bachelor,Low,Europe,Mobile,Bronze,Direct,152,2227.2,30.3,2
CUST01721,36,Male,Bachelor,Medium-High,North America,Tablet,Bronze,Referral,185,3019.43,63.7,1
CUST01722,43,Female,High School,Medium,North America,Tablet,Platinum,Paid Search,169,54671.88,43.0,18
CUST01723,34,Female,Master,Medium,Europe,Mobile,Bronze,Organic Search,41,3345.68,97.0,0
CUST01724,30,Female,Master,Medium,Middle East,Desktop,Bronze,Social Media,237,4437.58,98.4,5
CUST01725,40,Female,Associate,High,North America,Desktop,Silver,Organic Search,52,24959.04,60.8,6
CUST01726,41,Female,Bachelor,Medium-High,Asia-Pacific,Desktop,Platinum,Referral,422,82259.22,40.7,11
CUST01727,33,Female,Bachelor,Medium,Middle East,Desktop,Gold,Direct,458,23429.8,71.3,8
CUST01728,41,Female,PhD,Low,Latin America,Mobile,Bronze,Social Media,147,853.77,89.8,2
CUST01729,38,Male,Master,Medium-Low,North America,Desktop,Bronze,Social Media,214,6153.98,97.9,3
CUST01730,29,Male,Master,Medium-Low,Asia-Pacific,Mobile,Silver,Referral,734,6814.18,65.8,5
CUST01731,37,Female,High School,Low,North America,Mobile,Silver,Paid Search,171,17455.15,76.4,2
CUST01732,20,Female,High School,High,Europe,Desktop,Silver,Display Ads,173,5145.72,72.3,9
CUST01733,25,Male,Bachelor,Medium-Low,Asia-Pacific,Mobile,Silver,Social Media,403,2377.61,75.7,4
CUST01734,26,Male,Master,Medium,North America,Mobile,Silver,Paid Search,99,1467.57,55.3,2
CUST01735,38,Male,Master,Low,Latin America,Mobile,Platinum,Direct,8,24170.73,45.2,14
CUST01736,42,Non-binary,Bachelor,Medium-High,North America,Mobile,Platinum,Paid Search,297,34194.83,96.7,11
CUST01737,45,Female,High School,Medium-High,North America,Mobile,Silver,Social Media,290,4043.15,50.7,6
CUST01738,50,Male,High School,Medium,Europe,Desktop,Platinum,Organic Search,1012,9578.07,58.9,16
CUST01739,35,Female,Associate,Medium-Low,North America,Mobile,Gold,Organic Search,350,24146.6,92.3,6
CUST01740,56,Male,Master,Medium-Low,North America,Mobile,Silver,Organic Search,93,9179.77,72.5,3
CUST01741,35,Female,PhD,High,Asia-Pacific,Mobile,Silver,Organic Search,517,7832.33,30.8,5
CUST01742,30,Male,Master,Medium-Low,Asia-Pacific,Desktop,Bronze,Email,100,6103.72,45.0,0
CUST01743,39,Male,Bachelor,Medium-High,North America,Mobile,Gold,Display Ads,529,19936.71,66.3,7
CUST01744,35,Female,Bachelor,Medium-Low,Asia-Pacific,Tablet,Bronze,Organic Search,780,7128.07,93.2,0
CUST01745,31,Male,Bachelor,Medium-Low,North America,Desktop,Bronze,Organic Search,389,3725.95,72.4,0
CUST01746,44,Female,PhD,Medium-High,Latin America,Desktop,Gold,Email,132,20162.69,53.9,6
CUST01747,45,Male,High School,Medium-High,Europe,Desktop,Platinum,Social Media,242,53574.86,35.6,8
CUST01748,30,Female,Bachelor,Medium-Low,Europe,Tablet,Silver,Paid Search,290,7792.42,65.6,2
CUST01749,34,Female,Bachelor,Medium-High,Middle East,Mobile,Gold,Display Ads,690,19281.39,85.3,4
CUST01750,31,Male,Bachelor,Medium-Low,Middle East,Desktop,Silver,Paid Search,787,8672.3,97.9,4
CUST01751,43,Male,PhD,Medium-High,Asia-Pacific,Desktop,Silver,Direct,405,15268.17,71.3,3
CUST01752,49,Female,Associate,Medium,North America,Mobile,Platinum,Organic Search,349,29567.39,48.0,8
CUST01753,46,Female,High School,Medium-High,Asia-Pacific,Mobile,Platinum,Social Media,455,9264.24,40.7,8
CUST01754,28,Female,Bachelor,Medium-Low,North America,Mobile,Bronze,Paid Search,30,7761.48,46.7,3
CUST01755,55,Male,High School,Low,Asia-Pacific,Mobile,Silver,Social Media,803,8802.8,51.8,3
CUST01756,26,Female,Bachelor,Medium,Asia-Pacific,Desktop,Bronze,Paid Search,604,8762.36,83.3,2
CUST01757,32,Male,Bachelor,Medium,North America,Mobile,Bronze,Display Ads,17,7239.83,97.0,2
CUST01758,25,Female,Bachelor,Medium-Low,North America,Desktop,Bronze,Social Media,4,3773.86,99.1,2
CUST01759,28,Non-binary,PhD,Medium-High,Asia-Pacific,Tablet,Silver,Social Media,1095,3288.53,34.2,3
CUST01760,18,Female,Master,Low,Europe,Mobile,Bronze,Direct,1088,3624.34,94.0,1
CUST01761,38,Male,Associate,Low,Latin America,Tablet,Platinum,Paid Search,339,26307.22,39.3,11
CUST01762,30,Male,Master,Medium,Latin America,Desktop,Silver,Social Media,683,10443.64,50.0,4
CUST01763,38,Female,Bachelor,Medium-Low,Europe,Mobile,Silver,Social Media,419,17720.0,92.8,1
CUST01764,50,Male,High School,Medium,Asia-Pacific,Mobile,Gold,Email,11,30505.5,99.3,6
CUST01765,32,Female,Bachelor,Medium,Latin America,Mobile,Silver,Paid Search,97,7313.28,57.4,5
CUST01766,40,Female,High School,Medium-High,North America,Mobile,Silver,Referral,198,4879.78,34.7,5
CUST01767,40,Male,PhD,Medium,Latin America,Mobile,Bronze,Organic Search,211,1987.86,35.6,1
CUST01768,31,Female,Bachelor,Medium,Europe,Desktop,Silver,Paid Search,453,7355.99,70.4,6
CUST01769,31,Female,Bachelor,Medium,North America,Desktop,Bronze,Social Media,169,4204.82,86.5,3
CUST01770,41,Male,Bachelor,High,North America,Desktop,Gold,Organic Search,471,30538.55,75.9,12
CUST01771,37,Male,Bachelor,Medium,Latin America,Mobile,Silver,Social Media,247,10186.4,85.5,3
CUST01772,30,Female,Associate,Medium,North America,Mobile,Bronze,Email,134,1942.75,39.6,2
CUST01773,35,Male,Associate,Low,Latin America,Desktop,Bronze,Paid Search,504,1012.33,56.0,2
CUST01774,31,Male,Master,Medium,Asia-Pacific,Desktop,Silver,Email,15,8168.35,46.1,7
CUST01775,50,Male,Bachelor,Medium,North America,Mobile,Platinum,Organic Search,1095,49985.04,30.6,18
CUST01776,40,Male,High School,Medium-High,North America,Mobile,Silver,Social Media,791,10666.29,75.6,3
CUST01777,36,Female,High School,Medium,Europe,Mobile,Platinum,Display Ads,95,48748.48,76.2,9
CUST01778,39,Female,Bachelor,Medium,North America,Mobile,Gold,Social Media,39,50855.65,87.4,6
CUST01779,51,Female,Bachelor,Medium,Asia-Pacific,Desktop,Platinum,Email,1095,38319.38,65.1,12
CUST01780,47,Female,High School,Medium-High,Europe,Desktop,Platinum,Display Ads,558,70550.57,73.3,14
CUST01781,45,Female,PhD,High,Latin America,Desktop,Platinum,Email,287,5217.81,70.4,12
CUST01782,31,Female,Bachelor,Medium,Europe,Mobile,Bronze,Social Media,226,8562.36,44.3,0
CUST01783,39,Male,Master,Medium-High,North America,Mobile,Gold,Organic Search,413,25066.04,52.2,8
CUST01784,33,Female,Associate,Medium,North America,Desktop,Silver,Direct,58,14997.82,80.4,6
CUST01785,37,Male,Master,Low,Asia-Pacific,Desktop,Gold,Email,168,10401.33,93.2,6
CUST01786,21,Female,Bachelor,Medium,Middle East,Mobile,Silver,Paid Search,181,15356.75,42.1,3
CUST01787,24,Male,Bachelor,Medium,Asia-Pacific,Tablet,Bronze,Social Media,639,16407.56,78.1,2
CUST01788,32,Female,Bachelor,Medium-Low,North America,Mobile,Bronze,Organic Search,304,5713.18,32.5,1
CUST01789,41,Male,Bachelor,High,Middle East,Mobile,Gold,Organic Search,580,18516.31,94.3,9
CUST01790,25,Female,Bachelor,Medium,Asia-Pacific,Desktop,Bronze,Direct,318,3358.29,71.8,0
CUST01791,36,Male,Bachelor,Medium-Low,North America,Mobile,Platinum,Social Media,156,53390.81,69.5,10
CUST01792,29,Male,PhD,Medium,Latin America,Mobile,Gold,Referral,607,22189.42,43.9,3
CUST01793,34,Male,Bachelor,Medium-Low,North America,Tablet,Bronze,Email,52,1382.87,83.4,2
CUST01794,36,Male,Bachelor,High,Latin America,Mobile,Silver,Social Media,1095,10742.89,36.3,6
CUST01795,42,Male,Master,Medium,North America,Mobile,Gold,Email,230,11515.67,42.0,7
CUST01796,32,Male,High School,Medium,North America,Mobile,Silver,Display Ads,62,10199.75,48.0,5
CUST01797,45,Male,PhD,Medium-High,North America,Desktop,Gold,Organic Search,60,7762.74,33.8,10
CUST01798,41,Male,High School,High,North America,Tablet,Gold,Paid Search,248,32074.0,44.3,4
CUST01799,38,Female,Bachelor,Medium-Low,Middle East,Mobile,Gold,Referral,85,19667.86,57.2,6
CUST01800,39,Female,Master,Medium-Low,Asia-Pacific,Desktop,Silver,Social Media,267,6747.09,34.5,2
CUST01801,30,Female,Associate,Medium,Asia-Pacific,Desktop,Silver,Social Media,5,25783.41,54.0,4
CUST01802,46,Female,High School,Low,Asia-Pacific,Desktop,Silver,Direct,873,3694.37,52.3,3
CUST01803,29,Female,Master,Low,North America,Desktop,Gold,Direct,151,22473.5,89.1,5
CUST01804,39,Male,Bachelor,Medium,North America,Tablet,Silver,Display Ads,41,3479.98,52.7,5
CUST01805,40,Female,Bachelor,High,Europe,Desktop,Gold,Social Media,458,16780.71,90.2,10
CUST01806,42,Non-binary,Master,Medium,Latin America,Mobile,Gold,Referral,779,12268.95,37.6,6
CUST01807,43,Male,Master,Medium-Low,Middle East,Mobile,Bronze,Social Media,200,983.25,94.2,1
CUST01808,27,Male,Bachelor,Low,Latin America,Mobile,Bronze,Organic Search,1076,2456.53,37.0,1
CUST01809,37,Female,Bachelor,Medium-High,Europe,Desktop,Gold,Email,226,48307.09,72.7,7
CUST01810,37,Female,Bachelor,Medium,Europe,Desktop,Gold,Organic Search,132,36465.97,95.4,4
CUST01811,36,Female,Bachelor,Medium-Low,Europe,Mobile,Bronze,Direct,131,552.28,64.5,2
CUST01812,31,Female,Master,High,Asia-Pacific,Desktop,Silver,Email,865,17720.56,71.0,1
CUST01813,30,Female,Bachelor,Medium-High,North America,Mobile,Bronze,Organic Search,290,10518.25,73.2,3
CUST01814,37,Male,Associate,Medium-Low,North America,Desktop,Silver,Email,1095,8105.25,92.2,3
CUST01815,38,Female,Bachelor,Medium,Europe,Mobile,Gold,Display Ads,288,3887.37,47.9,2
CUST01816,37,Female,High School,Medium,North America,Desktop,Silver,Social Media,441,11425.55,65.5,3
CUST01817,40,Female,Master,Medium,Asia-Pacific,Desktop,Bronze,Social Media,483,8511.81,78.4,3
CUST01818,29,Female,Master,High,Latin America,Mobile,Silver,Organic Search,1079,1404.34,38.8,6
CUST01819,28,Male,Master,Low,Asia-Pacific,Desktop,Bronze,Social Media,655,5453.47,99.3,3
CUST01820,40,Female,High School,Medium,Asia-Pacific,Mobile,Silver,Email,714,2942.77,95.4,4
CUST01821,36,Male,Associate,Medium,Asia-Pacific,Desktop,Gold,Direct,18,17160.27,35.8,6
CUST01822,32,Male,PhD,Low,North America,Desktop,Gold,Display Ads,145,35909.12,44.1,10
CUST01823,33,Male,Bachelor,Medium-Low,North America,Desktop,Bronze,Organic Search,124,3545.45,41.9,0
CUST01824,39,Male,Bachelor,Medium,Middle East,Mobile,Gold,Email,29,7926.62,66.5,4
CUST01825,29,Female,Associate,Medium,Asia-Pacific,Mobile,Bronze,Organic Search,523,7824.75,67.8,3
CUST01826,34,Female,Bachelor,Medium,Asia-Pacific,Desktop,Silver,Paid Search,209,7245.52,83.4,2
CUST01827,31,Male,High School,Medium,Europe,Desktop,Bronze,Organic Search,59,4566.43,57.0,1
CUST01828,45,Female,PhD,Medium,Europe,Desktop,Platinum,Social Media,152,36102.03,77.0,9
CUST01829,41,Male,Master,Medium-Low,Asia-Pacific,Mobile,Gold,Social Media,128,4005.43,78.6,5
CUST01830,47,Female,Bachelor,Medium-Low,North America,Mobile,Bronze,Organic Search,611,3300.11,88.1,3
CUST01831,34,Female,Master,Medium-High,Latin America,Mobile,Bronze,Organic Search,1095,4534.69,55.7,0
CUST01832,43,Female,Master,High,North America,Desktop,Silver,Organic Search,464,20133.93,94.6,6
CUST01833,38,Male,PhD,Medium,Europe,Desktop,Bronze,Email,120,2725.33,50.3,1
CUST01834,27,Female,PhD,Medium,Europe,Mobile,Silver,Social Media,80,16845.45,56.3,5
CUST01835,29,Male,High School,Medium,Latin America,Tablet,Silver,Social Media,279,6950.22,77.8,4
CUST01836,30,Female,Master,Medium,Asia-Pacific,Desktop,Gold,Organic Search,307,32601.78,83.2,7
CUST01837,49,Female,Master,Medium,Asia-Pacific,Desktop,Platinum,Social Media,66,36200.94,42.8,15
CUST01838,28,Male,Associate,Medium,Europe,Mobile,Bronze,Email,522,2975.1,88.4,4
CUST01839,40,Female,PhD,Low,Latin America,Tablet,Silver,Organic Search,95,9157.44,83.5,4
CUST01840,37,Female,PhD,Medium-High,Europe,Mobile,Bronze,Paid Search,310,1722.12,96.1,3
CUST01841,37,Female,Bachelor,Medium-High,North America,Tablet,Platinum,Email,197,24399.93,64.0,12
CUST01842,37,Female,PhD,Medium-High,Europe,Mobile,Bronze,Direct,36,9770.64,72.5,3
CUST01843,27,Female,Bachelor,Medium-High,Europe,Tablet,Bronze,Social Media,209,11063.14,36.8,2
CUST01844,27,Male,High School,Medium,North America,Mobile,Bronze,Organic Search,1015,12619.55,87.6,3
CUST01845,35,Female,Bachelor,Medium-High,North America,Mobile,Silver,Display Ads,47,1502.58,44.0,4
CUST01846,45,Female,Associate,Medium,Europe,Desktop,Bronze,Social Media,354,4168.81,82.7,3
CUST01847,41,Female,High School,High,North America,Mobile,Silver,Display Ads,54,16353.83,50.8,7
CUST01848,37,Male,PhD,Low,Middle East,Desktop,Bronze,Direct,327,4046.62,77.7,2
CUST01849,37,Male,Associate,Medium-High,Asia-Pacific,Desktop,Gold,Organic Search,190,30459.0,50.5,7
CUST01850,35,Female,PhD,Medium,Europe,Desktop,Bronze,Social Media,202,2839.17,56.1,2
CUST01851,31,Male,Bachelor,Low,North America,Desktop,Silver,Social Media,401,7713.19,54.8,0
CUST01852,33,Female,Bachelor,Medium,North America,Mobile,Bronze,Direct,423,9041.2,38.3,3
CUST01853,44,Female,Bachelor,Medium-High,Europe,Mobile,Gold,Referral,82,13364.07,77.3,4
CUST01854,45,Male,Associate,Medium,North America,Mobile,Gold,Email,168,39399.51,89.0,9
CUST01855,31,Female,Master,Medium-High,North America,Mobile,Gold,Paid Search,246,49724.7,78.4,3
CUST01856,29,Male,High School,Medium-High,North America,Mobile,Gold,Direct,50,17260.06,89.6,5
CUST01857,40,Male,Master,Medium,North America,Mobile,Bronze,Social Media,785,1582.49,78.2,1
CUST01858,31,Female,PhD,Medium,Latin America,Mobile,Bronze,Organic Search,204,3538.98,58.3,1
CUST01859,29,Female,Bachelor,Medium-Low,Europe,Mobile,Silver,Organic Search,939,7356.16,51.6,5
CUST01860,29,Female,Master,Low,Europe,Mobile,Bronze,Direct,543,4860.1,32.1,6
CUST01861,30,Male,Master,Medium-Low,Asia-Pacific,Desktop,Silver,Referral,536,6599.43,92.6,6
CUST01862,39,Male,Bachelor,Medium,North America,Mobile,Gold,Paid Search,448,12521.91,64.9,6
CUST01863,42,Female,High School,Medium-Low,North America,Mobile,Bronze,Email,96,3081.73,70.0,4
CUST01864,45,Male,High School,Medium,Latin America,Desktop,Gold,Organic Search,402,16548.34,42.9,5
CUST01865,24,Female,Bachelor,Medium-High,Europe,Tablet,Bronze,Social Media,63,7131.01,53.0,4
CUST01866,37,Male,Bachelor,Medium-High,North America,Desktop,Platinum,Display Ads,632,53926.96,89.8,12
CUST01867,44,Male,High School,Medium-Low,Europe,Mobile,Silver,Social Media,466,11478.22,79.2,8
CUST01868,28,Male,Bachelor,Medium-High,Asia-Pacific,Tablet,Bronze,Email,230,1944.76,90.0,2
CUST01869,41,Female,Master,Medium-High,Europe,Mobile,Platinum,Organic Search,15,4117.67,78.1,8
CUST01870,33,Non-binary,Master,Low,Europe,Desktop,Silver,Display Ads,838,10700.94,36.9,3
CUST01871,43,Female,Bachelor,Medium,Asia-Pacific,Mobile,Gold,Organic Search,175,12132.7,81.0,5
CUST01872,32,Male,Bachelor,Medium-High,Europe,Mobile,Gold,Social Media,603,16122.45,49.2,3
CUST01873,39,Female,Associate,Medium-Low,North America,Desktop,Bronze,Direct,25,3072.44,77.6,1
CUST01874,37,Female,Master,Medium,Latin America,Mobile,Bronze,Social Media,192,2874.15,67.5,1
CUST01875,39,Male,Bachelor,Medium,Asia-Pacific,Mobile,Silver,Direct,338,15709.0,59.7,0
CUST01876,36,Female,Bachelor,Medium-Low,Middle East,Mobile,Silver,Email,164,21455.82,93.6,3
CUST01877,46,Female,Bachelor,Medium-High,Latin America,Mobile,Gold,Paid Search,533,22510.33,33.2,6
CUST01878,45,Male,PhD,Medium-Low,North America,Mobile,Gold,Email,612,8210.26,32.6,5
CUST01879,38,Male,Bachelor,Medium-Low,Middle East,Tablet,Silver,Organic Search,139,2682.04,99.6,6
CUST01880,30,Male,High School,Medium-Low,Middle East,Tablet,Silver,Paid Search,335,12190.04,38.9,7
CUST01881,36,Female,Associate,Medium-Low,Asia-Pacific,Mobile,Bronze,Email,179,7685.4,76.7,5
CUST01882,37,Male,Associate,Medium,North America,Mobile,Silver,Paid Search,829,3018.34,90.4,2
CUST01883,37,Female,Master,Medium-Low,Middle East,Desktop,Bronze,Social Media,964,5476.82,72.8,1
CUST01884,41,Female,Bachelor,Medium,Middle East,Desktop,Silver,Paid Search,244,10201.21,37.0,7
CUST01885,44,Female,High School,Medium,Europe,Desktop,Platinum,Social Media,521,8132.12,90.6,10
CUST01886,42,Non-binary,Master,Medium-High,North America,Desktop,Silver,Paid Search,429,14568.37,45.5,4
CUST01887,41,Female,High School,Medium,North America,Mobile,Silver,Direct,1095,18055.93,99.9,9
CUST01888,40,Male,Bachelor,Medium-High,Middle East,Mobile,Platinum,Social Media,138,18226.82,41.8,12
CUST01889,29,Male,Associate,Medium,Europe,Mobile,Bronze,Email,15,8618.03,72.9,0
CUST01890,40,Female,PhD,Medium-High,Europe,Mobile,Silver,Email,98,2854.46,40.0,4
CUST01891,37,Non-binary,Master,Medium,North America,Desktop,Silver,Organic Search,471,5883.19,87.5,4
CUST01892,33,Male,Bachelor,Medium,Middle East,Tablet,Bronze,Email,94,3455.69,35.8,2
CUST01893,37,Female,Master,Medium-High,North America,Desktop,Platinum,Organic Search,532,24421.92,73.0,5
CUST01894,18,Male,Bachelor,Medium,North America,Desktop,Silver,Direct,85,8586.66,93.7,3
CUST01895,39,Male,High School,Medium,North America,Desktop,Gold,Social Media,259,46734.9,99.8,6
CUST01896,31,Female,Associate,Medium-Low,Europe,Mobile,Bronze,Paid Search,130,15168.73,86.1,3
CUST01897,47,Male,Master,Medium-High,Middle East,Mobile,Platinum,Social Media,189,36223.87,44.2,9
CUST01898,40,Female,Bachelor,Medium-High,North America,Desktop,Platinum,Direct,704,150347.14,82.0,15
CUST01899,37,Female,PhD,Medium,North America,Mobile,Gold,Social Media,867,5664.17,74.6,8
CUST01900,26,Female,Bachelor,Medium-High,North America,Mobile,Silver,Social Media,365,4589.81,71.0,5
CUST01901,45,Male,High School,Medium-Low,Latin America,Mobile,Silver,Social Media,404,9318.94,88.9,8
CUST01902,34,Male,Bachelor,Medium,North America,Mobile,Bronze,Direct,656,6565.19,76.1,1
CUST01903,56,Female,High School,Medium-Low,North America,Mobile,Gold,Social Media,64,20390.49,40.2,10
CUST01904,37,Female,High School,Medium-Low,North America,Desktop,Bronze,Referral,1095,4296.46,90.2,2
CUST01905,33,Female,Bachelor,Low,Latin America,Tablet,Silver,Social Media,280,9527.14,95.0,4
CUST01906,31,Male,Bachelor,Medium,North America,Desktop,Bronze,Organic Search,1095,2363.77,54.8,0
CUST01907,44,Male,High School,Medium-Low,North America,Desktop,Gold,Social Media,86,42888.46,74.5,3
CUST01908,45,Male,Bachelor,Medium,North America,Mobile,Gold,Paid Search,759,23228.37,39.4,9
CUST01909,34,Female,Master,Medium-Low,Asia-Pacific,Mobile,Bronze,Social Media,1095,2715.22,56.9,3
CUST01910,51,Male,Bachelor,High,Asia-Pacific,Desktop,Gold,Display Ads,215,10399.66,94.2,3
CUST01911,40,Female,Associate,Medium,North America,Mobile,Silver,Email,41,8765.15,69.2,7
CUST01912,29,Male,Associate,Medium,Middle East,Mobile,Bronze,Referral,38,2971.06,71.6,5
CUST01913,32,Female,Master,Medium-High,North America,Desktop,Platinum,Email,390,31509.76,71.0,9
CUST01914,33,Non-binary,Master,Medium,Latin America,Mobile,Silver,Email,542,10375.13,58.6,2
CUST01915,35,Male,High School,Medium-Low,North America,Desktop,Bronze,Direct,264,5818.76,66.3,3
CUST01916,35,Male,PhD,Medium,North America,Mobile,Bronze,Paid Search,434,4475.96,65.4,5
CUST01917,39,Female,Master,Medium,Europe,Mobile,Gold,Organic Search,12,10586.01,46.3,4
CUST01918,30,Male,Master,Medium-Low,Europe,Mobile,Bronze,Display Ads,204,6898.73,57.7,2
CUST01919,35,Male,Master,Medium-High,Middle East,Mobile,Gold,Display Ads,883,30228.28,85.0,3
CUST01920,46,Male,Bachelor,Medium,Europe,Desktop,Platinum,Social Media,622,44460.85,84.0,11
CUST01921,27,Male,Associate,Medium,Europe,Mobile,Bronze,Paid Search,1095,4009.61,56.0,1
CUST01922,43,Female,Associate,Medium-Low,North America,Mobile,Silver,Social Media,0,2988.64,72.0,2
CUST01923,42,Female,Master,Medium-Low,Europe,Mobile,Platinum,Email,67,30686.12,30.4,9
CUST01924,39,Female,Bachelor,Medium-High,Asia-Pacific,Mobile,Platinum,Organic Search,208,20466.49,67.3,11
CUST01925,45,Male,Bachelor,Medium,Latin America,Mobile,Platinum,Organic Search,144,3406.53,56.8,14
CUST01926,31,Female,Master,Medium,North America,Mobile,Silver,Organic Search,167,9726.43,72.6,3
CUST01927,24,Female,Bachelor,Medium,Europe,Mobile,Silver,Paid Search,309,1826.47,46.5,1
CUST01928,31,Female,Associate,Medium-Low,North America,Mobile,Bronze,Direct,550,2782.4,49.2,2
CUST01929,30,Female,Associate,Medium-High,Europe,Mobile,Silver,Referral,488,3221.53,86.9,3
CUST01930,29,Female,PhD,Medium-High,Europe,Mobile,Gold,Referral,140,13960.66,78.1,10
CUST01931,34,Male,Master,Medium,Asia-Pacific,Tablet,Gold,Organic Search,511,32386.1,34.2,6
CUST01932,41,Female,Bachelor,Low,North America,Mobile,Gold,Organic Search,416,31340.22,87.6,8
CUST01933,39,Male,High School,Medium-Low,Europe,Desktop,Silver,Paid Search,189,2932.51,89.7,4
CUST01934,34,Male,Associate,High,North America,Desktop,Silver,Email,45,7300.17,82.1,2
CUST01935,49,Female,PhD,Medium,North America,Mobile,Bronze,Organic Search,399,4887.76,45.7,1
CUST01936,38,Non-binary,Associate,Medium-High,Latin America,Mobile,Platinum,Organic Search,203,20682.97,65.3,13
CUST01937,40,Male,Bachelor,Medium-High,Asia-Pacific,Tablet,Gold,Social Media,377,8962.95,46.2,4
CUST01938,29,Female,Master,Medium-High,Europe,Mobile,Bronze,Social Media,90,2389.92,46.4,1
CUST01939,43,Male,Bachelor,Medium,Latin America,Mobile,Platinum,Social Media,104,32410.25,88.2,13
CUST01940,31,Female,Associate,Medium-High,Europe,Mobile,Silver,Direct,16,9235.44,82.2,3
CUST01941,33,Non-binary,Master,Medium-Low,Europe,Mobile,Silver,Social Media,764,15473.16,95.9,2
CUST01942,34,Male,High School,High,North America,Tablet,Silver,Direct,167,11973.26,83.3,9
CUST01943,35,Female,Associate,Medium-Low,Asia-Pacific,Tablet,Bronze,Display Ads,767,5706.08,61.0,2
CUST01944,37,Non-binary,Bachelor,Medium,Latin America,Mobile,Gold,Organic Search,810,22194.15,59.3,6
CUST01945,32,Female,Bachelor,High,North America,Mobile,Silver,Display Ads,43,9069.49,41.0,2
CUST01946,40,Female,Bachelor,Medium,Europe,Desktop,Gold,Direct,399,36151.88,75.0,7
CUST01947,34,Female,Bachelor,Medium,Europe,Mobile,Bronze,Social Media,610,3127.1,79.6,1
CUST01948,38,Female,Master,Low,North America,Mobile,Silver,Social Media,200,6841.84,81.1,6
CUST01949,22,Female,Bachelor,Medium-Low,Latin America,Desktop,Bronze,Email,408,4594.71,48.8,2
CUST01950,47,Male,High School,High,Asia-Pacific,Mobile,Platinum,Referral,17,31940.3,68.4,17
CUST01951,31,Male,Bachelor,Medium,Europe,Mobile,Bronze,Organic Search,1095,4513.87,48.6,2
CUST01952,26,Female,Bachelor,Medium,North America,Tablet,Silver,Referral,335,7265.84,87.5,2
CUST01953,36,Non-binary,Master,Medium-Low,North America,Desktop,Bronze,Social Media,528,7618.39,61.7,6
CUST01954,46,Male,Master,Medium-High,North America,Mobile,Silver,Referral,555,1341.46,69.2,4
CUST01955,26,Male,Bachelor,Medium,North America,Desktop,Bronze,Organic Search,683,3566.51,92.0,1
CUST01956,47,Female,High School,Medium,Middle East,Tablet,Platinum,Social Media,192,52024.8,39.5,11
CUST01957,40,Female,Bachelor,Medium,Asia-Pacific,Desktop,Gold,Email,997,6912.67,87.9,13
CUST01958,48,Female,Master,Medium-Low,North America,Desktop,Silver,Referral,106,20092.38,96.2,2
CUST01959,34,Female,Bachelor,Low,North America,Mobile,Silver,Direct,429,11899.8,71.2,3
CUST01960,41,Male,Associate,Medium-High,North America,Desktop,Platinum,Direct,105,12967.65,40.0,11
CUST01961,26,Female,Master,High,Europe,Mobile,Bronze,Display Ads,1095,355.13,47.7,0
CUST01962,40,Male,Bachelor,Medium,North America,Desktop,Silver,Social Media,71,2253.27,70.4,5
CUST01963,45,Male,Associate,Medium,Asia-Pacific,Mobile,Gold,Paid Search,219,8152.22,71.4,2
CUST01964,44,Female,Bachelor,Medium,Europe,Mobile,Platinum,Paid Search,55,66512.97,39.0,8
CUST01965,34,Male,Bachelor,Medium-Low,North America,Tablet,Silver,Email,109,15586.05,65.8,3
CUST01966,43,Female,Bachelor,Medium,North America,Mobile,Bronze,Organic Search,978,2134.36,32.1,3
CUST01967,40,Male,Master,Medium-Low,Latin America,Mobile,Platinum,Direct,553,56451.63,71.1,5
CUST01968,35,Female,Bachelor,Low,Europe,Mobile,Bronze,Email,327,4159.06,45.0,2
CUST01969,39,Male,High School,Medium,North America,Mobile,Bronze,Social Media,158,5885.53,51.4,3
CUST01970,34,Female,Bachelor,Medium,Asia-Pacific,Mobile,Silver,Paid Search,112,9237.14,77.6,5
CUST01971,42,Female,Associate,Medium-High,Europe,Mobile,Platinum,Social Media,276,19008.82,95.3,8
CUST01972,33,Male,High School,Medium,Latin America,Mobile,Bronze,Display Ads,57,7010.16,35.1,3
CUST01973,25,Female,Master,Low,Europe,Desktop,Bronze,Social Media,12,7734.0,78.0,2
CUST01974,40,Male,Associate,Medium,Middle East,Tablet,Gold,Organic Search,73,3786.71,56.7,3
CUST01975,48,Female,Bachelor,Medium-High,North America,Desktop,Platinum,Display Ads,176,24212.98,58.4,18
CUST01976,49,Male,PhD,Medium,North America,Tablet,Platinum,Social Media,115,27376.05,97.6,9
CUST01977,28,Female,PhD,Medium-Low,Europe,Mobile,Gold,Organic Search,30,36867.84,70.6,6
CUST01978,36,Male,Master,High,Europe,Desktop,Platinum,Organic Search,608,46859.63,79.0,15
CUST01979,33,Female,Bachelor,Medium,Latin America,Desktop,Silver,Direct,255,7009.83,92.9,5
CUST01980,38,Female,Bachelor,Medium,North America,Mobile,Bronze,Social Media,105,2096.43,95.4,2
CUST01981,31,Female,Associate,Medium-High,North America,Desktop,Gold,Email,517,11696.01,49.9,6
CUST01982,37,Female,Associate,Low,Europe,Mobile,Gold,Email,573,4585.2,82.1,8
CUST01983,31,Male,Associate,Medium,North America,Mobile,Gold,Paid Search,36,28891.21,64.5,7
CUST01984,40,Male,Associate,Medium-High,Latin America,Desktop,Bronze,Display Ads,848,1740.91,47.9,1
CUST01985,29,Male,Bachelor,Medium-High,Europe,Mobile,Silver,Social Media,35,6212.22,87.1,7
CUST01986,48,Male,High School,Medium-High,North America,Mobile,Bronze,Referral,44,4538.55,46.8,3
CUST01987,37,Male,High School,Medium,Asia-Pacific,Mobile,Bronze,Social Media,409,11811.67,83.7,2
CUST01988,33,Male,Associate,Medium-High,North America,Desktop,Platinum,Social Media,30,28188.47,76.2,17
CUST01989,46,Female,Associate,Medium,North America,Desktop,Gold,Display Ads,958,28741.69,41.3,4
CUST01990,47,Non-binary,Bachelor,Low,North America,Mobile,Platinum,Email,73,26848.43,60.9,6
CUST01991,30,Female,PhD,Medium,Latin America,Mobile,Bronze,Paid Search,1069,1166.62,30.3,1
CUST01992,44,Male,Master,Medium,North America,Tablet,Platinum,Social Media,403,51139.29,78.3,14
CUST01993,34,Female,Associate,Medium-Low,Latin America,Tablet,Gold,Paid Search,450,23119.17,68.1,7
CUST01994,34,Female,Bachelor,High,Europe,Tablet,Gold,Email,307,32030.6,93.0,7
CUST01995,36,Male,Bachelor,Medium-Low,North America,Mobile,Bronze,Email,601,2333.52,75.5,1
CUST01996,30,Female,Master,Medium-High,Latin America,Desktop,Gold,Email,855,18697.46,67.3,9
CUST01997,35,Male,PhD,Medium,Asia-Pacific,Mobile,Silver,Organic Search,72,4359.92,48.5,1
CUST01998,42,Male,Bachelor,Medium,Asia-Pacific,Desktop,Platinum,Social Media,190,30331.01,85.8,9
CUST01999,49,Male,Bachelor,Medium,Latin America,Desktop,Silver,Organic Search,370,13229.17,81.1,2
CUST02000,33,Female,Bachelor,High,Asia-Pacific,Desktop,Bronze,Paid Search,90,1633.83,52.3,1
CUST02001,35,Male,Master,Medium-High,Latin America,Desktop,Bronze,Referral,1095,7912.46,37.2,6
CUST02002,31,Female,Bachelor,Medium-Low,Asia-Pacific,Mobile,Bronze,Email,147,3076.6,53.0,2
CUST02003,38,Male,High School,Medium,North America,Mobile,Bronze,Social Media,360,774.44,76.1,3
CUST02004,30,Female,Associate,Medium,Latin America,Mobile,Bronze,Organic Search,778,7076.27,38.2,0
CUST02005,36,Female,Master,Medium,Europe,Mobile,Gold,Organic Search,1095,27604.37,51.0,6
CUST02006,40,Male,Master,Medium,Europe,Tablet,Gold,Organic Search,174,8459.12,56.3,6
CUST02007,40,Male,Master,Low,Europe,Mobile,Bronze,Email,579,5453.51,90.4,2
CUST02008,39,Female,High School,Medium-High,North America,Mobile,Gold,Direct,19,12940.48,41.9,6
CUST02009,26,Male,Master,Medium,North America,Mobile,Bronze,Referral,44,9038.76,97.1,3
CUST02010,29,Female,Associate,Medium-High,Europe,Desktop,Silver,Referral,742,8097.71,65.9,7
CUST02011,48,Male,PhD,Medium-High,North America,Tablet,Platinum,Direct,360,9374.72,94.3,14
CUST02012,40,Female,High School,High,Europe,Mobile,Gold,Email,248,19563.36,44.0,5
CUST02013,44,Female,Bachelor,Medium-Low,North America,Tablet,Gold,Social Media,1095,63822.54,54.9,8
CUST02014,37,Female,High School,Medium-Low,Asia-Pacific,Mobile,Silver,Paid Search,327,10317.1,40.3,6
CUST02015,49,Male,Master,Medium-High,North America,Mobile,Gold,Direct,805,31292.47,80.6,10
CUST02016,29,Male,PhD,Medium-Low,North America,Desktop,Bronze,Display Ads,180,7762.24,63.8,5
CUST02017,42,Male,Bachelor,Low,Latin America,Mobile,Silver,Display Ads,904,3755.37,60.7,5
CUST02018,46,Female,Bachelor,Medium-Low,North America,Tablet,Bronze,Organic Search,4,2889.94,49.3,4
CUST02019,38,Male,Associate,Medium,Asia-Pacific,Mobile,Silver,Email,199,3713.24,98.0,6
CUST02020,45,Male,PhD,Medium,Europe,Mobile,Platinum,Social Media,132,24191.42,36.2,11
CUST02021,28,Female,Bachelor,Medium,North America,Mobile,Silver,Social Media,640,12536.0,52.8,4
CUST02022,40,Male,PhD,Medium-High,Latin America,Mobile,Platinum,Organic Search,408,50127.13,33.0,10
CUST02023,40,Female,Master,Medium-Low,Middle East,Mobile,Platinum,Email,381,37516.03,76.0,14
CUST02024,32,Female,High School,Medium-High,Middle East,Desktop,Gold,Paid Search,327,16021.27,49.4,8
CUST02025,36,Male,Bachelor,Medium-High,Asia-Pacific,Desktop,Silver,Display Ads,55,7130.34,73.9,4
CUST02026,32,Female,High School,Medium-High,North America,Mobile,Silver,Organic Search,36,7893.65,72.2,5
CUST02027,37,Non-binary,Associate,Medium-Low,North America,Tablet,Bronze,Direct,576,12702.92,34.7,1
CUST02028,27,Male,Bachelor,Low,Europe,Desktop,Bronze,Direct,787,7255.87,88.8,2
CUST02029,47,Female,High School,Medium-High,North America,Mobile,Platinum,Referral,32,27573.93,58.7,11
CUST02030,48,Male,PhD,Medium-High,Latin America,Mobile,Silver,Email,35,13693.13,90.9,2
CUST02031,43,Male,Bachelor,Medium-High,Latin America,Mobile,Platinum,Organic Search,122,97523.23,69.4,13
CUST02032,34,Non-binary,High School,Medium-High,Europe,Mobile,Silver,Email,94,17842.69,41.2,4
CUST02033,38,Female,Master,Medium-Low,North America,Mobile,Silver,Organic Search,127,8947.4,35.8,1
CUST02034,45,Male,Associate,Medium,Middle East,Desktop,Platinum,Paid Search,551,25885.12,37.6,18
CUST02035,41,Non-binary,Bachelor,Medium,Europe,Tablet,Bronze,Display Ads,483,2439.69,44.7,5
CUST02036,43,Female,Master,Medium-High,Asia-Pacific,Mobile,Platinum,Paid Search,749,33735.83,51.9,11
CUST02037,35,Male,Associate,Medium-High,North America,Mobile,Silver,Organic Search,1,2399.6,92.4,5
CUST02038,34,Male,PhD,Medium,Europe,Desktop,Silver,Organic Search,242,5647.14,86.3,3
CUST02039,34,Male,Associate,Medium,Europe,Mobile,Silver,Organic Search,753,3155.82,41.4,3
CUST02040,28,Male,PhD,Medium-High,Europe,Mobile,Gold,Direct,263,10069.57,39.4,4
CUST02041,36,Female,Master,Medium,Latin America,Desktop,Gold,Referral,177,11843.93,39.2,4
CUST02042,43,Female,Bachelor,Medium-High,Asia-Pacific,Mobile,Gold,Paid Search,4,30726.78,62.3,6
CUST02043,32,Male,Bachelor,Medium,North America,Tablet,Gold,Social Media,303,26459.29,32.3,6
CUST02044,32,Female,Master,Medium,Europe,Desktop,Silver,Social Media,182,12395.95,35.8,2
CUST02045,45,Female,Bachelor,Medium-High,Europe,Desktop,Platinum,Organic Search,36,80576.16,31.5,10
CUST02046,37,Male,High School,Medium-High,North America,Mobile,Gold,Social Media,46,3518.84,96.4,4
CUST02047,38,Female,Bachelor,Low,Europe,Mobile,Bronze,Social Media,1095,6710.45,44.5,1
CUST02048,39,Male,Master,Medium,North America,Mobile,Silver,Social Media,1095,22400.4,92.2,1
CUST02049,45,Male,PhD,Medium-High,Latin America,Mobile,Platinum,Direct,69,75541.81,82.3,15
CUST02050,39,Male,Bachelor,Medium,North America,Mobile,Silver,Social Media,18,8106.67,36.3,6
CUST02051,30,Female,Bachelor,Medium,Middle East,Mobile,Silver,Organic Search,785,13191.3,79.2,5
CUST02052,33,Male,Bachelor,Medium-Low,North America,Mobile,Bronze,Direct,375,2202.86,79.9,1
CUST02053,31,Male,Bachelor,Medium-High,Asia-Pacific,Mobile,Silver,Organic Search,23,1116.81,78.4,3
CUST02054,20,Male,Bachelor,Medium,Europe,Desktop,Bronze,Organic Search,591,2761.43,38.6,1
CUST02055,48,Female,High School,Medium-High,Latin America,Desktop,Platinum,Social Media,290,41800.46,92.0,11
CUST02056,36,Female,Bachelor,Medium-High,North America,Desktop,Gold,Social Media,454,4340.72,65.6,5
CUST02057,38,Male,Master,Medium-High,Europe,Desktop,Bronze,Paid Search,929,5260.2,68.6,3
CUST02058,40,Male,Associate,Medium-Low,North America,Mobile,Silver,Paid Search,163,15782.24,50.4,4
CUST02059,37,Male,Master,Medium-High,Europe,Mobile,Gold,Social Media,63,18212.54,41.0,7
CUST02060,50,Female,Associate,Medium,Asia-Pacific,Mobile,Platinum,Direct,520,21724.43,30.6,6
CUST02061,41,Male,Associate,Low,Europe,Desktop,Gold,Display Ads,352,20580.89,84.6,4
CUST02062,36,Female,PhD,Medium-Low,Asia-Pacific,Tablet,Silver,Social Media,148,4806.79,41.1,4
CUST02063,33,Male,Bachelor,Medium-High,North America,Mobile,Platinum,Direct,313,35923.08,61.4,17
CUST02064,30,Female,Bachelor,High,Asia-Pacific,Desktop,Gold,Organic Search,756,36404.78,72.6,10
CUST02065,41,Non-binary,High School,Medium,North America,Mobile,Silver,Social Media,37,13284.03,46.4,7
CUST02066,42,Non-binary,Master,High,North America,Tablet,Gold,Display Ads,145,4058.07,77.2,7
CUST02067,37,Female,Master,Medium,North America,Mobile,Gold,Display Ads,72,28221.74,91.9,7
CUST02068,46,Male,Associate,Medium,Europe,Mobile,Gold,Email,288,19591.4,45.7,3
CUST02069,34,Female,High School,Low,Europe,Mobile,Bronze,Direct,97,6934.16,89.3,1
CUST02070,45,Male,PhD,High,Latin America,Mobile,Platinum,Email,112,50517.33,50.5,10
CUST02071,37,Female,Bachelor,Low,Europe,Desktop,Bronze,Social Media,74,4143.54,36.7,1
CUST02072,40,Male,Master,Medium-High,North America,Mobile,Silver,Email,27,9234.78,81.3,5
CUST02073,43,Non-binary,Bachelor,Medium-Low,North America,Mobile,Bronze,Organic Search,725,6840.54,32.0,1
CUST02074,46,Female,Associate,Medium-High,Asia-Pacific,Mobile,Platinum,Social Media,68,55413.29,60.2,10
CUST02075,41,Male,PhD,Medium-Low,Middle East,Desktop,Bronze,Organic Search,221,4457.25,78.4,4
CUST02076,33,Male,PhD,Medium-High,Europe,Tablet,Silver,Social Media,413,4865.31,59.5,6
CUST02077,40,Female,High School,Medium-Low,Asia-Pacific,Mobile,Silver,Email,289,8952.73,47.5,5
CUST02078,38,Female,Master,Medium,Middle East,Mobile,Bronze,Referral,1054,2783.28,87.7,4
CUST02079,27,Female,Bachelor,Medium-High,Middle East,Desktop,Bronze,Paid Search,169,6210.06,92.5,1
CUST02080,26,Female,Bachelor,Medium,North America,Mobile,Bronze,Paid Search,172,5721.44,53.5,2
CUST02081,43,Female,Associate,Medium-Low,Europe,Mobile,Platinum,Paid Search,718,25088.4,83.4,11
CUST02082,34,Male,Bachelor,Low,North America,Mobile,Bronze,Paid Search,346,2298.32,73.4,0
CUST02083,46,Male,High School,Low,North America,Mobile,Silver,Referral,295,5481.35,70.3,4
CUST02084,30,Male,Associate,High,North America,Mobile,Silver,Organic Search,212,5609.89,98.9,5
CUST02085,46,Male,Bachelor,Medium-High,North America,Mobile,Platinum,Social Media,312,114495.01,48.2,11
CUST02086,36,Male,Master,Low,Europe,Mobile,Silver,Display Ads,70,20357.6,63.2,1
CUST02087,38,Male,Bachelor,Medium-High,Europe,Desktop,Silver,Direct,337,14082.75,55.2,8
CUST02088,41,Male,Master,High,Europe,Desktop,Platinum,Direct,335,89966.74,66.0,8
CUST02089,39,Female,Bachelor,Medium-High,Middle East,Tablet,Bronze,Paid Search,41,1754.1,70.5,2
CUST02090,40,Female,High School,Medium,Asia-Pacific,Desktop,Platinum,Organic Search,105,20697.18,65.9,10
CUST02091,44,Male,Associate,High,North America,Tablet,Platinum,Organic Search,51,69066.43,60.6,12
CUST02092,40,Female,High School,Medium,North America,Desktop,Bronze,Email,398,2325.93,61.4,2
CUST02093,36,Female,Associate,Medium,North America,Tablet,Silver,Social Media,306,8034.04,61.3,8
CUST02094,36,Male,Master,Medium,Asia-Pacific,Mobile,Gold,Referral,93,16124.53,52.9,9
CUST02095,43,Non-binary,Bachelor,Medium,North America,Mobile,Platinum,Organic Search,483,42426.36,47.6,14
CUST02096,25,Female,High School,High,Europe,Mobile,Gold,Email,777,17451.62,76.0,6
CUST02097,36,Female,Bachelor,Medium,North America,Desktop,Silver,Organic Search,388,1206.98,88.7,4
CUST02098,30,Male,Bachelor,Medium,North America,Desktop,Silver,Social Media,759,5345.11,74.3,2
CUST02099,25,Male,Associate,Medium-Low,Europe,Mobile,Bronze,Display Ads,31,10498.37,38.3,1
CUST02100,43,Non-binary,Master,Medium-Low,North America,Mobile,Platinum,Organic Search,549,20564.22,62.1,12
CUST02101,36,Female,Master,Medium-High,Asia-Pacific,Desktop,Gold,Paid Search,472,6601.98,59.8,4
CUST02102,32,Male,Bachelor,Medium,Asia-Pacific,Mobile,Silver,Direct,33,3316.55,96.2,5
CUST02103,28,Female,Master,Medium-Low,Europe,Mobile,Bronze,Display Ads,307,4127.37,49.9,1
CUST02104,36,Female,Bachelor,High,Latin America,Mobile,Platinum,Email,1095,77622.23,72.0,7
CUST02105,24,Male,Master,Medium-High,Middle East,Desktop,Silver,Social Media,1095,16315.07,65.8,2
CUST02106,41,Male,Master,Medium,Asia-Pacific,Mobile,Platinum,Display Ads,183,43176.95,86.5,7
CUST02107,35,Male,Bachelor,High,North America,Desktop,Bronze,Display Ads,102,245.17,50.9,0
CUST02108,36,Female,Associate,Medium,Latin America,Tablet,Silver,Display Ads,139,11548.25,99.5,3
CUST02109,46,Male,Bachelor,High,North America,Desktop,Gold,Direct,475,26580.67,94.7,6
CUST02110,39,Male,Master,Medium,North America,Mobile,Gold,Social Media,643,38562.38,99.9,3
CUST02111,32,Female,High School,Medium-Low,Europe,Mobile,Silver,Organic Search,844,4435.94,49.5,5
CUST02112,47,Female,High School,Medium-High,Asia-Pacific,Mobile,Gold,Organic Search,283,6517.87,85.3,8
CUST02113,34,Male,Master,Medium,North America,Mobile,Bronze,Organic Search,8,3805.56,37.9,3
CUST02114,34,Male,Master,Medium-High,North America,Mobile,Gold,Email,277,26578.73,64.6,7
CUST02115,44,Female,High School,Medium,Europe,Desktop,Silver,Organic Search,26,7031.79,34.9,4
CUST02116,54,Female,Bachelor,Medium-High,North America,Tablet,Gold,Organic Search,73,13715.0,32.1,10
CUST02117,40,Non-binary,PhD,Medium-Low,Latin America,Mobile,Bronze,Organic Search,305,558.11,35.1,3
CUST02118,40,Male,Bachelor,Medium-Low,North America,Mobile,Bronze,Social Media,99,3561.29,30.6,1
CUST02119,35,Female,Bachelor,Medium-Low,North America,Desktop,Bronze,Paid Search,377,1249.95,35.5,3
CUST02120,21,Female,Bachelor,Medium-Low,Asia-Pacific,Mobile,Silver,Direct,157,5898.38,99.1,6
CUST02121,31,Female,High School,Medium-Low,Asia-Pacific,Tablet,Bronze,Social Media,1014,11151.14,92.2,0
CUST02122,42,Male,Bachelor,Low,North America,Tablet,Platinum,Direct,136,52089.38,32.6,11
CUST02123,36,Male,Bachelor,Medium-High,Europe,Mobile,Platinum,Direct,95,54466.08,41.5,10
CUST02124,24,Male,Bachelor,Medium,Asia-Pacific,Desktop,Bronze,Paid Search,32,2475.05,97.3,3
CUST02125,46,Female,Bachelor,Medium-High,North America,Mobile,Platinum,Direct,683,22084.37,39.9,10
CUST02126,31,Female,Bachelor,Medium-High,Europe,Mobile,Platinum,Organic Search,1095,98376.75,53.5,8
CUST02127,35,Female,Master,Medium,Latin America,Tablet,Platinum,Social Media,422,3387.46,58.1,12
CUST02128,38,Non-binary,Master,Medium,Europe,Mobile,Silver,Paid Search,325,13187.42,47.8,6
CUST02129,34,Male,PhD,Medium,Europe,Mobile,Silver,Organic Search,9,5354.38,90.9,4
CUST02130,28,Male,Master,Low,North America,Mobile,Bronze,Social Media,10,3155.64,71.1,0
CUST02131,36,Male,High School,Medium,Middle East,Mobile,Bronze,Email,574,9152.15,61.4,3
CUST02132,52,Male,Associate,Medium,North America,Mobile,Gold,Email,18,17435.83,73.5,6
CUST02133,37,Female,High School,Medium,Europe,Mobile,Silver,Social Media,253,10306.12,33.9,1
CUST02134,38,Female,PhD,High,North America,Mobile,Silver,Referral,559,11529.26,30.9,1
CUST02135,31,Female,Bachelor,Medium,Latin America,Desktop,Silver,Direct,85,10141.76,55.7,8
CUST02136,37,Female,Bachelor,High,Middle East,Mobile,Gold,Organic Search,433,20555.16,30.1,3
CUST02137,37,Female,High School,Medium,North America,Desktop,Silver,Display Ads,1095,3041.36,67.0,5
CUST02138,38,Male,Associate,Medium,Middle East,Mobile,Silver,Direct,273,5579.91,96.1,2
CUST02139,40,Male,PhD,Medium-Low,Latin America,Mobile,Bronze,Paid Search,105,9897.97,62.2,7
CUST02140,36,Female,Bachelor,Medium,Middle East,Tablet,Gold,Email,84,9762.63,82.3,7
CUST02141,53,Male,PhD,Medium-High,North America,Mobile,Platinum,Social Media,110,16398.37,55.6,13
CUST02142,42,Male,Associate,Medium-High,Europe,Mobile,Gold,Paid Search,186,12592.11,95.4,6
CUST02143,43,Female,Associate,Medium-High,Asia-Pacific,Tablet,Bronze,Social Media,1095,4257.86,43.2,2
CUST02144,29,Female,Bachelor,Low,Middle East,Mobile,Bronze,Social Media,269,14313.98,48.9,0
CUST02145,37,Male,Bachelor,Medium,Asia-Pacific,Desktop,Silver,Organic Search,616,3416.2,78.6,3
CUST02146,34,Male,Bachelor,Medium-High,Middle East,Mobile,Silver,Paid Search,1095,4123.56,43.1,2
CUST02147,44,Male,Associate,Medium-High,Middle East,Desktop,Silver,Social Media,807,5534.67,97.6,3
CUST02148,33,Male,Bachelor,Medium,Middle East,Desktop,Silver,Social Media,170,9710.15,71.7,4
CUST02149,36,Male,Associate,Medium-High,North America,Mobile,Gold,Social Media,752,39522.2,79.3,5
CUST02150,31,Male,Master,Medium,North America,Mobile,Bronze,Email,591,1804.32,65.4,0
CUST02151,40,Male,High School,Medium,North America,Mobile,Silver,Social Media,416,22422.8,78.2,4
CUST02152,33,Female,PhD,Medium,Asia-Pacific,Mobile,Bronze,Referral,90,983.51,36.4,1
CUST02153,40,Male,PhD,Medium-Low,North America,Mobile,Silver,Display Ads,435,11743.7,46.9,3
CUST02154,53,Female,High School,Medium-Low,North America,Tablet,Gold,Organic Search,528,10820.93,62.1,9
CUST02155,40,Female,Associate,Medium-High,Latin America,Mobile,Silver,Social Media,109,2380.08,90.7,2
CUST02156,39,Male,Master,Medium-High,North America,Mobile,Platinum,Social Media,524,41358.33,75.7,10
CUST02157,51,Female,Associate,High,Europe,Mobile,Platinum,Direct,9,48816.77,84.4,8
CUST02158,24,Female,Bachelor,Medium-Low,Asia-Pacific,Mobile,Bronze,Social Media,114,9560.35,61.5,1
CUST02159,38,Male,Master,High,Europe,Desktop,Platinum,Social Media,440,34482.45,43.0,9
CUST02160,55,Female,Associate,Medium-High,North America,Mobile,Platinum,Email,556,45129.1,36.1,11
CUST02161,29,Male,Master,Medium,North America,Mobile,Gold,Email,29,30215.32,53.2,6
CUST02162,37,Female,PhD,Low,North America,Desktop,Gold,Email,578,13215.99,48.9,4
CUST02163,35,Male,Associate,Medium-Low,Europe,Mobile,Bronze,Organic Search,1032,5339.86,41.4,2
CUST02164,41,Male,Bachelor,Low,North America,Mobile,Gold,Referral,36,50841.74,71.6,10
CUST02165,34,Female,Master,High,North America,Desktop,Silver,Social Media,51,12606.06,60.9,3
CUST02166,44,Male,Bachelor,Medium-High,Middle East,Desktop,Platinum,Email,889,58764.95,36.4,20
CUST02167,41,Female,Master,Medium,Europe,Mobile,Gold,Social Media,248,47481.79,45.4,4
CUST02168,48,Female,Master,Medium-High,Asia-Pacific,Desktop,Gold,Organic Search,100,24304.75,76.9,6
CUST02169,32,Female,PhD,Low,North America,Mobile,Bronze,Email,530,2154.78,98.1,3
CUST02170,45,Female,PhD,Medium-High,Asia-Pacific,Mobile,Gold,Social Media,154,19121.72,91.3,10
CUST02171,35,Male,PhD,Medium-Low,North America,Mobile,Bronze,Paid Search,115,3736.97,47.9,2
CUST02172,34,Female,Associate,Medium,Latin America,Mobile,Bronze,Social Media,155,5387.82,61.6,0
CUST02173,41,Female,Bachelor,Medium-High,Europe,Mobile,Gold,Social Media,1095,37096.39,46.7,6
CUST02174,41,Male,Bachelor,Medium-High,North America,Desktop,Platinum,Social Media,968,46008.77,94.6,15
CUST02175,35,Female,Master,Low,Europe,Mobile,Bronze,Paid Search,105,7253.23,48.4,2
CUST02176,42,Female,Master,Medium-Low,Latin America,Mobile,Silver,Email,142,1276.09,41.2,2
CUST02177,40,Female,Master,Medium-High,Europe,Tablet,Gold,Social Media,13,13641.85,69.7,10
CUST02178,35,Male,Master,Medium,Asia-Pacific,Desktop,Gold,Organic Search,1095,15662.21,98.5,10
CUST02179,25,Female,Bachelor,Low,Latin America,Desktop,Platinum,Display Ads,1095,42914.0,99.0,14
CUST02180,37,Male,PhD,Medium,Europe,Tablet,Silver,Direct,27,1363.0,78.8,4
CUST02181,43,Female,Associate,High,North America,Mobile,Gold,Organic Search,322,25261.63,30.2,6
CUST02182,45,Female,Bachelor,Medium-High,Latin America,Mobile,Gold,Referral,134,13311.64,40.3,7
CUST02183,35,Male,PhD,Medium,Latin America,Desktop,Platinum,Paid Search,164,23190.82,97.9,16
CUST02184,45,Male,Master,Medium-High,Europe,Desktop,Platinum,Organic Search,445,9094.56,38.9,12
CUST02185,30,Female,High School,Medium-Low,North America,Tablet,Bronze,Direct,738,13345.85,52.7,2
CUST02186,43,Male,High School,High,Asia-Pacific,Mobile,Gold,Direct,538,12558.53,45.9,16
CUST02187,30,Female,Bachelor,Medium-High,Middle East,Tablet,Bronze,Direct,12,3604.43,46.5,1
CUST02188,39,Male,Bachelor,Low,Europe,Desktop,Silver,Referral,19,8447.65,84.9,6
CUST02189,42,Male,Bachelor,Medium-High,Asia-Pacific,Mobile,Platinum,Organic Search,205,10937.84,43.5,7
CUST02190,29,Female,Bachelor,Medium,North America,Desktop,Bronze,Email,262,2775.37,58.7,1
CUST02191,28,Female,High School,Medium-Low,Asia-Pacific,Mobile,Silver,Organic Search,234,8408.86,35.7,3
CUST02192,36,Male,Bachelor,Low,Europe,Mobile,Bronze,Paid Search,752,4209.08,82.0,0
CUST02193,38,Female,Master,Medium-Low,North America,Mobile,Bronze,Organic Search,152,4029.97,66.2,1
CUST02194,27,Male,Associate,Medium-Low,North America,Mobile,Silver,Social Media,514,6995.49,63.6,1
CUST02195,21,Male,Bachelor,Medium-Low,Latin America,Mobile,Bronze,Display Ads,33,5194.82,40.6,0
CUST02196,30,Male,Master,Medium-Low,North America,Mobile,Bronze,Organic Search,55,9369.17,95.0,3
CUST02197,35,Male,Master,Medium,North America,Tablet,Bronze,Paid Search,98,6783.93,50.0,2
CUST02198,36,Male,PhD,Medium,Latin America,Desktop,Bronze,Display Ads,36,10650.84,99.6,1
CUST02199,41,Male,Bachelor,Medium-Low,Middle East,Mobile,Bronze,Direct,167,7921.38,41.8,2
CUST02200,53,Male,PhD,Medium-High,North America,Desktop,Gold,Organic Search,112,7846.99,40.4,4
CUST02201,33,Female,PhD,Medium,North America,Desktop,Gold,Email,156,91016.31,74.2,5
CUST02202,28,Non-binary,PhD,Low,North America,Mobile,Bronze,Email,156,1268.73,87.6,4
CUST02203,43,Female,Master,Medium,North America,Mobile,Platinum,Paid Search,216,50394.24,33.5,17
CUST02204,51,Female,High School,Medium,Europe,Desktop,Platinum,Organic Search,212,20903.17,32.0,7
CUST02205,35,Female,Bachelor,Medium,Middle East,Mobile,Bronze,Social Media,175,7087.5,40.6,1
CUST02206,42,Male,Master,Medium,North America,Mobile,Platinum,Social Media,254,59764.68,61.3,11
CUST02207,33,Male,Bachelor,Medium-High,Europe,Mobile,Bronze,Organic Search,218,1730.34,61.1,3
CUST02208,30,Female,Bachelor,Medium-High,Asia-Pacific,Desktop,Silver,Social Media,92,3933.8,90.9,4
CUST02209,34,Male,Associate,Medium,Middle East,Mobile,Bronze,Referral,273,2657.79,92.7,0
CUST02210,41,Female,High School,High,Middle East,Desktop,Gold,Organic Search,272,7656.62,84.7,11
CUST02211,32,Male,Associate,Medium-Low,North America,Mobile,Silver,Email,449,1633.25,95.6,2
CUST02212,44,Female,High School,Medium-High,Asia-Pacific,Mobile,Platinum,Social Media,132,29803.73,95.0,8
CUST02213,51,Female,Master,Medium,Middle East,Desktop,Platinum,Social Media,157,54805.08,79.7,8
CUST02214,42,Female,Master,Medium-High,Middle East,Desktop,Platinum,Paid Search,40,13090.96,51.5,6
CUST02215,41,Female,PhD,Medium-Low,North America,Mobile,Silver,Social Media,203,16006.11,86.8,1
CUST02216,29,Female,Bachelor,Medium-High,Europe,Mobile,Bronze,Email,139,3887.78,30.5,2
CUST02217,42,Male,Master,High,Latin America,Tablet,Platinum,Email,416,66073.68,68.3,9
CUST02218,30,Female,PhD,Medium-High,Asia-Pacific,Mobile,Silver,Display Ads,1095,8093.33,34.8,4
CUST02219,18,Female,Master,Medium-High,Europe,Desktop,Silver,Display Ads,613,8171.24,31.7,7
CUST02220,34,Female,Bachelor,Medium-High,Middle East,Tablet,Platinum,Organic Search,187,16035.99,41.6,4
CUST02221,45,Male,Bachelor,High,North America,Mobile,Silver,Paid Search,228,5488.03,68.3,7
CUST02222,36,Male,Bachelor,Medium,North America,Tablet,Gold,Organic Search,361,29469.93,52.9,8
CUST02223,29,Male,Master,Medium-Low,North America,Desktop,Gold,Display Ads,898,13720.32,30.7,6
CUST02224,36,Female,Bachelor,Medium,Asia-Pacific,Desktop,Silver,Paid Search,320,1740.04,66.7,2
CUST02225,40,Male,PhD,Medium-High,Europe,Mobile,Silver,Direct,108,7689.73,38.1,2
CUST02226,39,Female,Associate,High,North America,Mobile,Gold,Referral,244,32169.31,74.0,7
CUST02227,39,Male,Master,Low,Europe,Desktop,Gold,Social Media,639,15870.03,67.8,6
CUST02228,38,Male,Master,Low,Europe,Desktop,Bronze,Email,20,1644.25,71.1,2
CUST02229,26,Female,Master,Medium,Asia-Pacific,Tablet,Bronze,Display Ads,237,2862.44,99.6,1
CUST02230,42,Female,Master,High,Latin America,Desktop,Silver,Organic Search,140,11148.97,54.1,3
CUST02231,40,Female,Associate,Medium-Low,Europe,Tablet,Bronze,Referral,603,6028.48,96.7,0
CUST02232,35,Male,Bachelor,Low,Latin America,Tablet,Bronze,Direct,865,6317.04,85.0,1
CUST02233,22,Female,Bachelor,Low,Middle East,Desktop,Bronze,Organic Search,423,4897.59,69.6,0
CUST02234,42,Female,PhD,Low,Latin America,Mobile,Bronze,Email,1095,2054.27,70.7,0
CUST02235,36,Female,High School,Medium,Europe,Tablet,Silver,Display Ads,735,9113.31,49.4,4
CUST02236,46,Female,PhD,Medium-High,Asia-Pacific,Mobile,Platinum,Direct,429,37645.49,37.6,19
CUST02237,29,Male,Bachelor,Medium-Low,Europe,Mobile,Bronze,Social Media,137,7180.92,51.3,2
CUST02238,31,Male,High School,High,Europe,Tablet,Bronze,Social Media,32,2957.82,74.2,0
CUST02239,36,Female,Master,Medium-High,North America,Mobile,Bronze,Social Media,503,6495.7,79.6,5
CUST02240,35,Female,Bachelor,Medium-Low,North America,Mobile,Gold,Social Media,1095,28855.79,38.5,9
CUST02241,33,Male,High School,Medium-High,Europe,Desktop,Silver,Social Media,574,3458.37,85.1,7
CUST02242,41,Female,Master,High,North America,Desktop,Silver,Email,424,5728.8,62.6,2
CUST02243,42,Female,Bachelor,Medium,Latin America,Mobile,Silver,Paid Search,35,9203.48,55.6,5
CUST02244,33,Female,High School,Medium-Low,North America,Desktop,Bronze,Email,131,3952.73,77.9,1
CUST02245,43,Male,Master,Medium-High,Europe,Mobile,Gold,Email,143,29939.22,38.3,6
CUST02246,30,Female,Master,Medium-High,Europe,Mobile,Silver,Referral,116,3411.37,43.9,4
CUST02247,42,Female,Bachelor,Medium,North America,Desktop,Gold,Paid Search,22,20886.11,92.6,12
CUST02248,29,Male,PhD,Medium,Asia-Pacific,Mobile,Gold,Social Media,95,8543.37,32.0,11
CUST02249,51,Female,Master,High,Europe,Mobile,Gold,Email,51,13389.14,54.2,6
CUST02250,26,Male,Associate,Medium,Europe,Mobile,Bronze,Paid Search,255,2865.12,40.7,1
CUST02251,36,Male,Bachelor,Medium-High,Asia-Pacific,Desktop,Gold,Email,262,21267.66,78.9,12
CUST02252,31,Female,Bachelor,Medium-High,Europe,Desktop,Bronze,Paid Search,1095,7256.75,44.3,1
CUST02253,37,Male,High School,Medium-High,Europe,Mobile,Platinum,Social Media,587,33231.67,42.6,8
CUST02254,45,Female,Associate,High,Europe,Desktop,Platinum,Display Ads,234,35191.76,44.0,15
CUST02255,36,Female,Master,Medium,North America,Mobile,Silver,Email,55,1768.64,98.2,1
CUST02256,40,Male,High School,Medium,Latin America,Tablet,Silver,Paid Search,157,3903.77,97.3,1
CUST02257,30,Male,Bachelor,Medium,North America,Mobile,Bronze,Social Media,525,13252.45,41.4,0
CUST02258,39,Male,High School,Medium-High,Middle East,Mobile,Silver,Paid Search,210,10653.0,84.2,3
CUST02259,33,Male,Associate,Low,Europe,Mobile,Platinum,Email,96,59401.11,36.7,17
CUST02260,44,Male,Bachelor,Medium,North America,Desktop,Gold,Referral,629,10031.46,63.2,7
CUST02261,40,Male,Master,Medium,Asia-Pacific,Desktop,Bronze,Organic Search,739,7434.31,99.9,6
CUST02262,49,Male,PhD,Medium-High,Asia-Pacific,Desktop,Platinum,Direct,572,16927.33,33.3,7
CUST02263,29,Male,Associate,Medium,Europe,Desktop,Gold,Email,329,13967.26,64.8,7
CUST02264,42,Female,Master,High,North America,Desktop,Silver,Email,151,23808.48,63.8,5
CUST02265,37,Male,High School,Medium-Low,Asia-Pacific,Mobile,Gold,Direct,62,13895.2,44.0,3
CUST02266,28,Male,Master,Medium-High,Europe,Desktop,Bronze,Organic Search,16,6387.46,56.3,3
CUST02267,39,Female,Master,High,Europe,Mobile,Silver,Paid Search,282,19008.59,91.9,5
CUST02268,40,Female,Master,Medium-High,Europe,Desktop,Silver,Organic Search,1086,10864.06,41.5,5
CUST02269,34,Female,Bachelor,Medium-High,North America,Mobile,Silver,Direct,383,9332.56,78.5,9
CUST02270,40,Male,Bachelor,Medium-Low,Latin America,Mobile,Platinum,Organic Search,280,35383.88,34.0,5
CUST02271,31,Female,Master,Medium-Low,Europe,Mobile,Silver,Social Media,90,4383.69,58.9,4
CUST02272,39,Female,High School,Medium,North America,Tablet,Bronze,Email,567,4512.52,63.0,1
CUST02273,40,Male,Bachelor,Medium,Middle East,Desktop,Bronze,Organic Search,754,2301.52,57.9,2
CUST02274,36,Male,Master,Medium,North America,Desktop,Gold,Social Media,636,21155.13,91.9,17
CUST02275,32,Male,Bachelor,Medium,Europe,Mobile,Bronze,Social Media,28,8119.43,83.2,2
CUST02276,35,Male,High School,High,Europe,Desktop,Bronze,Social Media,32,9355.28,94.1,1
CUST02277,41,Male,High School,Medium-High,Middle East,Mobile,Silver,Display Ads,159,1746.25,60.2,2
CUST02278,39,Female,Bachelor,Medium-High,North America,Desktop,Gold,Paid Search,158,20165.63,83.3,4
CUST02279,39,Male,Master,Medium-Low,Europe,Mobile,Silver,Paid Search,46,12631.93,90.2,1
CUST02280,40,Male,Master,Medium,Asia-Pacific,Mobile,Bronze,Display Ads,79,4502.99,40.1,1
CUST02281,33,Female,Bachelor,Medium-High,Asia-Pacific,Tablet,Silver,Paid Search,312,6846.21,96.6,1
CUST02282,29,Male,Bachelor,Medium-Low,Middle East,Mobile,Silver,Social Media,251,9009.9,78.3,5
CUST02283,32,Male,Bachelor,Medium-High,Europe,Mobile,Platinum,Paid Search,341,51478.27,73.4,9
CUST02284,46,Male,PhD,Medium-High,Europe,Tablet,Platinum,Organic Search,617,69392.54,36.3,11
CUST02285,35,Female,Bachelor,Medium-High,Latin America,Mobile,Bronze,Direct,348,3567.32,85.3,4
CUST02286,37,Female,Bachelor,Low,North America,Desktop,Silver,Email,153,24392.58,56.1,5
CUST02287,38,Female,Bachelor,Medium-Low,Asia-Pacific,Mobile,Silver,Organic Search,233,5091.35,71.5,3
CUST02288,39,Female,Associate,Medium-Low,Asia-Pacific,Desktop,Silver,Social Media,287,13066.72,88.6,5
CUST02289,33,Male,Associate,Medium-High,Europe,Mobile,Gold,Organic Search,857,5722.69,78.5,5
CUST02290,37,Female,Bachelor,Low,Europe,Desktop,Silver,Social Media,16,7546.17,60.2,3
CUST02291,31,Female,High School,Medium,North America,Mobile,Silver,Referral,654,10488.12,49.5,2
CUST02292,28,Female,Bachelor,Medium,Europe,Tablet,Silver,Organic Search,54,11306.64,81.5,5
CUST02293,41,Male,Bachelor,Medium-High,Asia-Pacific,Mobile,Gold,Paid Search,984,21327.22,34.2,5
CUST02294,33,Male,PhD,Medium-Low,North America,Tablet,Bronze,Social Media,25,3052.91,96.7,0
CUST02295,32,Female,PhD,Medium-Low,Europe,Desktop,Silver,Direct,233,23743.33,85.0,5
CUST02296,39,Male,High School,Low,North America,Mobile,Platinum,Organic Search,241,13117.54,86.8,8
CUST02297,45,Female,High School,Medium,Asia-Pacific,Mobile,Gold,Social Media,65,16966.72,99.6,6
CUST02298,39,Non-binary,PhD,Medium,Middle East,Mobile,Bronze,Direct,220,4425.11,63.1,1
CUST02299,44,Male,Associate,High,North America,Tablet,Platinum,Referral,91,97367.42,95.4,11
CUST02300,44,Female,Master,Medium,Asia-Pacific,Mobile,Silver,Organic Search,951,3821.7,40.9,6
CUST02301,32,Male,Associate,Low,Asia-Pacific,Desktop,Bronze,Display Ads,273,5452.88,76.7,1
CUST02302,49,Female,PhD,Medium-High,Latin America,Desktop,Platinum,Social Media,207,61892.22,54.2,9
CUST02303,29,Female,PhD,Medium-High,Europe,Desktop,Gold,Email,145,17367.28,37.6,11
CUST02304,39,Female,Associate,Medium-Low,Europe,Desktop,Bronze,Display Ads,1095,4857.34,53.2,0
CUST02305,38,Male,PhD,Medium,North America,Desktop,Gold,Direct,721,5369.54,37.1,10
CUST02306,33,Female,Master,Medium,North America,Mobile,Silver,Referral,58,4389.52,47.9,4
CUST02307,45,Male,Bachelor,Medium,Asia-Pacific,Tablet,Silver,Direct,58,4847.64,47.5,2
CUST02308,39,Male,Associate,Medium,North America,Mobile,Bronze,Referral,359,2457.15,91.4,1
CUST02309,42,Female,Master,Medium,North America,Mobile,Gold,Direct,43,56571.08,89.9,6
CUST02310,35,Male,High School,High,Europe,Mobile,Silver,Email,412,3650.49,51.3,3
CUST02311,47,Female,Bachelor,Low,Middle East,Desktop,Silver,Referral,866,2829.84,63.0,3
CUST02312,42,Female,Bachelor,Medium,Europe,Desktop,Gold,Email,1095,7852.79,67.2,7
CUST02313,37,Female,Master,Medium,Europe,Tablet,Gold,Organic Search,46,29302.4,99.6,7
CUST02314,37,Female,Bachelor,Medium,Europe,Desktop,Silver,Social Media,948,22065.99,73.1,6
CUST02315,46,Male,Bachelor,Medium-Low,Asia-Pacific,Desktop,Silver,Organic Search,477,4015.04,66.0,3
CUST02316,34,Female,Master,High,Europe,Desktop,Platinum,Organic Search,538,84201.26,39.8,14
CUST02317,29,Female,Bachelor,Medium,Europe,Desktop,Silver,Paid Search,90,15337.89,99.7,6
CUST02318,35,Male,Bachelor,Medium-Low,North America,Tablet,Bronze,Paid Search,81,7053.34,85.0,3
CUST02319,35,Male,Bachelor,Medium,Europe,Mobile,Gold,Email,60,5727.55,66.9,9
CUST02320,27,Female,Associate,Medium,North America,Mobile,Bronze,Referral,557,1392.84,63.6,0
CUST02321,19,Female,High School,Medium-Low,North America,Desktop,Bronze,Organic Search,1095,2979.68,86.0,3
CUST02322,40,Female,Associate,Medium-High,Europe,Mobile,Silver,Display Ads,34,4956.09,56.9,4
CUST02323,36,Male,Master,Medium-Low,North America,Mobile,Bronze,Direct,341,3138.41,68.8,1
CUST02324,31,Male,Associate,Medium,Latin America,Desktop,Bronze,Organic Search,177,6794.15,58.7,1
CUST02325,20,Male,Master,Low,Asia-Pacific,Tablet,Bronze,Organic Search,300,9676.56,70.3,5
CUST02326,30,Female,Associate,Low,Europe,Mobile,Bronze,Referral,82,4393.76,87.0,2
CUST02327,37,Female,Associate,Medium-Low,Europe,Mobile,Gold,Social Media,1095,19521.24,57.9,4
CUST02328,48,Male,Associate,Medium-High,Asia-Pacific,Mobile,Platinum,Social Media,562,34760.69,65.2,8
CUST02329,36,Male,Bachelor,Medium-High,Middle East,Mobile,Gold,Organic Search,92,25186.29,45.1,11
CUST02330,32,Male,PhD,Medium-Low,Europe,Desktop,Silver,Organic Search,1095,9731.39,89.3,3
CUST02331,40,Female,Master,High,North America,Mobile,Gold,Organic Search,229,10522.6,33.9,9
CUST02332,32,Male,High School,Medium-Low,North America,Mobile,Gold,Organic Search,1002,13002.5,37.1,11
CUST02333,39,Female,Bachelor,Medium-High,North America,Mobile,Platinum,Referral,894,47411.6,40.2,10
CUST02334,48,Male,High School,Medium,Asia-Pacific,Desktop,Gold,Referral,852,22151.8,37.9,10
CUST02335,30,Female,Associate,Medium,Latin America,Tablet,Bronze,Organic Search,1095,4580.14,36.3,0
CUST02336,32,Male,Bachelor,Medium-High,North America,Desktop,Platinum,Social Media,30,28476.9,92.6,11
CUST02337,47,Male,Associate,Medium-High,North America,Desktop,Platinum,Display Ads,83,28153.79,54.3,9
CUST02338,32,Female,Associate,Medium-Low,Middle East,Mobile,Gold,Social Media,34,9631.52,70.2,9
CUST02339,49,Female,Bachelor,Medium,Europe,Mobile,Gold,Paid Search,525,30406.43,80.4,6
CUST02340,42,Female,PhD,Medium-Low,North America,Mobile,Silver,Social Media,56,9381.12,37.2,4
CUST02341,32,Female,High School,Medium-High,Asia-Pacific,Mobile,Gold,Organic Search,886,16633.62,81.4,9
CUST02342,49,Male,Bachelor,Medium-Low,Europe,Mobile,Bronze,Paid Search,259,5779.86,92.4,2
CUST02343,42,Male,PhD,Low,North America,Mobile,Silver,Email,310,5457.43,88.9,3
CUST02344,37,Male,Associate,Medium,North America,Mobile,Silver,Paid Search,276,5060.43,65.2,4
CUST02345,30,Female,Bachelor,Medium-High,North America,Desktop,Silver,Direct,1030,1382.39,89.3,5
CUST02346,45,Male,Associate,Low,Europe,Desktop,Platinum,Display Ads,102,54875.24,58.5,13
CUST02347,47,Female,Bachelor,Medium-High,Latin America,Desktop,Platinum,Referral,337,30772.46,32.7,12
CUST02348,40,Male,Master,Medium-Low,North America,Tablet,Platinum,Direct,1095,13665.75,48.9,7
CUST02349,33,Male,Bachelor,High,Middle East,Mobile,Gold,Social Media,158,7397.15,58.4,10
CUST02350,35,Male,Master,Medium-Low,North America,Desktop,Silver,Social Media,61,12577.38,83.5,3
CUST02351,30,Male,Master,Medium-High,Europe,Mobile,Bronze,Social Media,190,4425.78,32.0,3
CUST02352,48,Male,Master,Medium-High,Europe,Mobile,Platinum,Social Media,414,36178.84,36.3,19
CUST02353,41,Male,Bachelor,Medium,North America,Mobile,Gold,Direct,218,13328.24,35.4,7
CUST02354,36,Male,PhD,Medium-Low,Middle East,Tablet,Bronze,Email,190,10227.54,79.6,2
CUST02355,27,Male,High School,High,North America,Mobile,Silver,Social Media,801,10809.07,47.8,5
CUST02356,31,Female,Associate,Low,North America,Mobile,Bronze,Direct,321,3599.56,54.2,0
CUST02357,35,Male,Master,Medium,Europe,Desktop,Silver,Email,691,10048.63,84.8,4
CUST02358,32,Male,Bachelor,High,North America,Mobile,Gold,Social Media,279,50452.47,62.4,6
CUST02359,32,Male,Bachelor,Low,North America,Desktop,Bronze,Referral,6,1071.76,81.2,2
CUST02360,42,Non-binary,Master,Medium-Low,North America,Mobile,Gold,Organic Search,1095,21594.7,87.4,7
CUST02361,30,Male,Bachelor,Medium,Middle East,Tablet,Silver,Email,21,3157.85,45.4,0
CUST02362,33,Female,Master,Medium,Europe,Mobile,Gold,Direct,31,31310.85,74.1,9
CUST02363,37,Male,High School,Medium-High,North America,Mobile,Platinum,Social Media,421,10384.98,99.4,16
CUST02364,38,Male,Bachelor,Medium-High,North America,Tablet,Platinum,Organic Search,50,53114.51,46.6,23
CUST02365,42,Male,Master,Medium-Low,North America,Mobile,Bronze,Organic Search,163,6507.38,78.2,3
CUST02366,35,Female,Bachelor,Medium,Latin America,Mobile,Gold,Display Ads,170,29189.95,40.2,4
CUST02367,22,Male,High School,Medium,Europe,Mobile,Bronze,Organic Search,167,1555.61,90.2,5
CUST02368,31,Female,PhD,Medium,North America,Desktop,Silver,Social Media,248,8063.15,30.1,5
CUST02369,43,Female,Bachelor,High,Europe,Desktop,Platinum,Direct,319,20089.81,56.7,10
CUST02370,24,Male,Master,Medium,North America,Desktop,Bronze,Social Media,314,1687.45,51.7,3
CUST02371,33,Female,Master,Low,North America,Mobile,Bronze,Organic Search,521,1989.9,96.9,2
CUST02372,34,Male,Master,Medium-High,Asia-Pacific,Mobile,Bronze,Social Media,252,2390.46,72.0,1
CUST02373,40,Male,Associate,Medium-High,Europe,Desktop,Silver,Email,1095,6701.9,81.6,5
CUST02374,35,Male,Associate,Medium,North America,Desktop,Bronze,Social Media,687,1410.15,34.0,6
CUST02375,37,Male,PhD,Medium,Asia-Pacific,Desktop,Silver,Display Ads,1095,13478.69,89.5,5
CUST02376,52,Female,Master,Medium-Low,Europe,Mobile,Silver,Paid Search,51,9780.17,50.7,6
CUST02377,31,Female,Bachelor,Low,Latin America,Desktop,Silver,Referral,428,6539.53,61.4,4
CUST02378,32,Male,PhD,Medium-Low,Europe,Tablet,Bronze,Email,481,3762.12,99.1,2
CUST02379,28,Male,Associate,Medium,Europe,Desktop,Bronze,Social Media,178,1634.7,47.1,2
CUST02380,29,Male,Master,Medium,Asia-Pacific,Mobile,Bronze,Paid Search,325,2025.03,32.9,3
CUST02381,27,Female,Master,Low,Latin America,Mobile,Bronze,Email,199,6737.08,53.0,1
CUST02382,50,Female,Associate,Medium-High,Middle East,Tablet,Gold,Email,1095,9973.47,47.1,9
CUST02383,56,Female,Associate,Medium,Latin America,Mobile,Gold,Referral,43,110407.02,54.3,7
CUST02384,34,Female,Master,Medium-High,North America,Mobile,Platinum,Organic Search,917,56712.68,50.7,20
CUST02385,23,Male,Associate,Medium-Low,Latin America,Desktop,Bronze,Referral,349,1785.79,73.3,4
CUST02386,42,Male,High School,Medium,Europe,Mobile,Gold,Social Media,281,4164.79,82.8,5
CUST02387,38,Male,Master,Medium,North America,Mobile,Gold,Social Media,775,17444.08,44.2,6
CUST02388,41,Male,Bachelor,Medium,Europe,Desktop,Silver,Social Media,1095,5964.64,47.4,4
CUST02389,39,Male,Master,Medium,Europe,Desktop,Gold,Social Media,1059,20835.53,78.2,9
CUST02390,41,Female,PhD,Low,North America,Mobile,Bronze,Social Media,217,3186.16,39.8,5
CUST02391,38,Male,Master,Medium-High,Europe,Mobile,Platinum,Paid Search,263,60408.6,58.0,14
CUST02392,33,Female,Bachelor,Medium,Europe,Mobile,Silver,Organic Search,480,9689.03,89.8,0
CUST02393,36,Female,Master,Medium-Low,Europe,Mobile,Silver,Email,153,17618.51,36.3,2
CUST02394,38,Female,Bachelor,Medium,Europe,Mobile,Gold,Organic Search,629,11670.17,49.3,7
CUST02395,32,Female,High School,Medium-Low,Europe,Desktop,Bronze,Social Media,759,2782.93,45.4,0
CUST02396,40,Female,High School,Medium-High,North America,Mobile,Gold,Paid Search,329,7719.53,38.1,10
CUST02397,47,Male,Bachelor,Medium-High,North America,Desktop,Platinum,Social Media,52,14314.16,75.8,8
CUST02398,27,Male,Bachelor,Medium,Asia-Pacific,Desktop,Gold,Social Media,303,15999.17,50.2,7
CUST02399,35,Female,Bachelor,Medium,Asia-Pacific,Mobile,Gold,Display Ads,709,13050.32,83.5,9
CUST02400,31,Male,Associate,Medium-Low,North America,Mobile,Silver,Referral,332,6438.89,44.6,4
CUST02401,40,Male,Bachelor,Medium,Middle East,Mobile,Silver,Organic Search,672,11628.12,92.4,4
CUST02402,27,Female,Master,Medium-Low,Asia-Pacific,Mobile,Silver,Organic Search,53,8132.69,73.3,3
CUST02403,43,Female,High School,Medium-High,Latin America,Mobile,Bronze,Social Media,49,5860.43,66.9,0
CUST02404,35,Female,Associate,Medium-Low,Middle East,Mobile,Bronze,Referral,337,1992.65,55.2,3
CUST02405,33,Male,Bachelor,Medium-Low,Asia-Pacific,Mobile,Silver,Email,45,7830.55,58.5,5
CUST02406,41,Female,Bachelor,Medium,North America,Mobile,Silver,Organic Search,97,28376.25,91.9,2
CUST02407,45,Female,Bachelor,Medium,Latin America,Mobile,Silver,Paid Search,243,6730.64,97.3,3
CUST02408,39,Female,PhD,Medium,North America,Mobile,Bronze,Direct,193,2817.69,98.6,3
CUST02409,29,Male,Master,Medium-High,North America,Mobile,Silver,Organic Search,210,5151.87,94.1,1
CUST02410,39,Female,Associate,Medium-Low,North America,Mobile,Silver,Paid Search,520,9795.34,76.5,2
CUST02411,35,Female,Associate,Low,Asia-Pacific,Desktop,Bronze,Paid Search,995,3849.94,30.7,0
CUST02412,38,Male,Associate,Medium,Asia-Pacific,Desktop,Silver,Email,100,9500.97,66.2,5
CUST02413,42,Female,Master,Medium,North America,Mobile,Gold,Referral,290,6777.91,40.5,9
CUST02414,36,Female,High School,Medium,Europe,Desktop,Bronze,Referral,19,7899.11,63.6,1
CUST02415,37,Male,Associate,Medium,Asia-Pacific,Tablet,Gold,Direct,921,35853.29,77.8,7
CUST02416,35,Female,Bachelor,Medium-Low,Asia-Pacific,Desktop,Bronze,Organic Search,98,2851.95,98.4,0
CUST02417,25,Female,Bachelor,Medium,North America,Mobile,Bronze,Social Media,265,2920.64,35.1,2
CUST02418,32,Female,Associate,Medium-Low,North America,Mobile,Silver,Direct,245,11075.11,52.3,3
CUST02419,28,Female,Master,Medium,North America,Desktop,Silver,Social Media,254,5045.23,94.4,4
CUST02420,40,Female,Bachelor,Medium,Asia-Pacific,Mobile,Silver,Direct,65,11808.85,63.4,3
CUST02421,45,Female,Associate,High,Asia-Pacific,Tablet,Platinum,Email,485,42532.87,50.5,7
CUST02422,30,Female,Bachelor,Medium,Asia-Pacific,Desktop,Gold,Social Media,958,11232.76,48.6,5
CUST02423,41,Male,Master,Low,Asia-Pacific,Mobile,Bronze,Social Media,158,5403.53,86.1,1
CUST02424,39,Male,PhD,High,North America,Desktop,Gold,Social Media,81,27132.49,58.6,7
CUST02425,38,Male,Bachelor,Medium-High,Latin America,Mobile,Gold,Social Media,229,24558.07,69.5,9
CUST02426,42,Male,Bachelor,Medium,North America,Mobile,Platinum,Organic Search,552,7379.87,50.6,13
CUST02427,31,Male,Master,Medium-High,Latin America,Mobile,Silver,Social Media,167,8457.72,96.8,3
CUST02428,45,Male,Associate,Medium,Asia-Pacific,Desktop,Platinum,Referral,301,11543.23,55.1,9
CUST02429,42,Female,Associate,Medium-High,Europe,Desktop,Gold,Paid Search,133,25946.22,37.1,5
CUST02430,32,Male,High School,Medium,North America,Desktop,Silver,Email,103,6669.21,77.3,4
CUST02431,38,Non-binary,PhD,Medium,North America,Tablet,Silver,Social Media,767,2686.55,53.1,7
CUST02432,37,Male,Associate,Medium,North America,Mobile,Gold,Direct,626,12912.02,35.0,7
CUST02433,24,Female,Bachelor,Medium,Europe,Desktop,Bronze,Email,367,5600.56,74.1,3
CUST02434,26,Male,Associate,Medium,North America,Mobile,Bronze,Direct,44,3678.46,92.7,3
CUST02435,35,Female,PhD,Medium-Low,North America,Mobile,Silver,Social Media,1057,5145.26,82.7,1
CUST02436,34,Female,Master,Medium-High,Latin America,Mobile,Gold,Organic Search,590,24238.66,92.3,7
CUST02437,32,Male,Bachelor,Low,North America,Mobile,Bronze,Referral,430,9366.4,53.1,1
CUST02438,36,Male,Master,Medium-High,Europe,Mobile,Gold,Organic Search,159,17603.71,65.7,6
CUST02439,36,Female,PhD,Medium-High,Europe,Mobile,Gold,Referral,386,2797.79,51.4,5
CUST02440,34,Female,Bachelor,Medium,Europe,Desktop,Gold,Social Media,90,47752.74,95.5,10
CUST02441,39,Female,Associate,Medium-High,Asia-Pacific,Desktop,Gold,Email,408,5241.32,44.5,9
CUST02442,26,Female,Associate,Medium,Asia-Pacific,Mobile,Silver,Organic Search,370,14718.74,84.8,2
CUST02443,37,Female,Master,Medium-High,Europe,Mobile,Bronze,Social Media,1095,4116.65,72.4,1
CUST02444,28,Female,Master,Low,Latin America,Desktop,Bronze,Social Media,340,7094.48,30.6,0
CUST02445,21,Female,PhD,Medium,Middle East,Desktop,Bronze,Display Ads,662,6651.98,39.2,3
CUST02446,41,Female,Bachelor,Medium,North America,Tablet,Gold,Direct,149,27653.86,90.4,3
CUST02447,31,Male,Master,High,North America,Mobile,Platinum,Direct,424,20598.56,87.2,11
CUST02448,26,Male,Bachelor,Medium,Middle East,Desktop,Bronze,Direct,394,6317.71,55.5,0
CUST02449,35,Female,Bachelor,Medium,Middle East,Mobile,Platinum,Paid Search,820,39585.96,31.7,6
CUST02450,37,Male,Bachelor,Medium,Europe,Mobile,Silver,Social Media,465,9635.39,52.3,5
CUST02451,38,Male,Bachelor,Medium-Low,Europe,Tablet,Silver,Social Media,213,6783.51,31.1,4
CUST02452,46,Female,Bachelor,Medium,North America,Desktop,Gold,Organic Search,736,17875.92,40.0,6
CUST02453,53,Female,High School,Medium-Low,Asia-Pacific,Mobile,Platinum,Organic Search,27,9943.2,36.8,10
CUST02454,49,Male,Associate,Medium-High,Europe,Mobile,Platinum,Email,66,17184.27,34.3,8
CUST02455,50,Male,High School,Medium,Latin America,Desktop,Silver,Social Media,1095,4691.77,55.6,2
CUST02456,36,Male,Master,Medium-High,North America,Tablet,Bronze,Organic Search,152,4318.4,76.1,1
CUST02457,40,Male,Associate,Low,Latin America,Desktop,Bronze,Referral,499,2850.09,91.5,2
CUST02458,48,Female,Bachelor,Medium-High,Europe,Desktop,Bronze,Direct,1095,4321.12,87.0,2
CUST02459,39,Female,Master,Medium,North America,Mobile,Gold,Direct,622,30769.49,70.8,6
CUST02460,35,Male,High School,Medium-High,Europe,Mobile,Platinum,Organic Search,701,15522.07,32.9,7
CUST02461,43,Male,Bachelor,Medium,Middle East,Mobile,Silver,Social Media,179,6626.41,33.1,6
CUST02462,34,Female,High School,Medium,Europe,Mobile,Silver,Organic Search,22,11034.15,74.9,4
CUST02463,45,Female,Bachelor,High,North America,Mobile,Gold,Direct,596,40099.89,82.4,4
CUST02464,39,Male,Master,Medium-High,North America,Desktop,Bronze,Display Ads,100,11706.11,70.7,1
CUST02465,38,Male,Bachelor,Medium-Low,Asia-Pacific,Desktop,Silver,Organic Search,489,6430.6,65.3,2
CUST02466,42,Female,Master,Medium-Low,Asia-Pacific,Mobile,Bronze,Display Ads,9,3774.98,58.8,5
CUST02467,45,Female,Associate,Medium-High,Latin America,Mobile,Platinum,Email,335,96916.85,64.3,8
CUST02468,50,Male,Bachelor,Medium,Middle East,Mobile,Platinum,Organic Search,140,7409.14,81.1,16
CUST02469,39,Female,Bachelor,Medium-Low,Middle East,Mobile,Silver,Organic Search,387,7077.18,61.7,6
CUST02470,35,Male,High School,Medium-Low,Middle East,Mobile,Bronze,Organic Search,406,5683.71,37.0,0
CUST02471,35,Male,High School,Medium,Middle East,Mobile,Gold,Social Media,898,6996.32,63.7,9
CUST02472,41,Male,Master,Low,Latin America,Desktop,Bronze,Email,1095,1377.98,69.6,4
CUST02473,24,Female,Bachelor,Low,Europe,Mobile,Silver,Email,316,10616.59,32.6,4
CUST02474,50,Female,Bachelor,Medium-Low,Europe,Desktop,Gold,Direct,38,5988.98,63.6,8
CUST02475,44,Female,Bachelor,High,Middle East,Desktop,Platinum,Referral,331,20769.48,52.9,13
CUST02476,37,Female,Master,Low,Asia-Pacific,Mobile,Bronze,Email,754,1878.86,97.5,1
CUST02477,38,Female,PhD,Medium,Asia-Pacific,Desktop,Bronze,Paid Search,664,8392.93,35.7,3
CUST02478,28,Female,High School,Medium,North America,Mobile,Gold,Social Media,91,14072.57,39.3,5
CUST02479,48,Male,High School,Medium-Low,Europe,Mobile,Silver,Organic Search,200,8845.94,56.7,3
CUST02480,31,Female,Associate,Medium,Europe,Desktop,Platinum,Referral,914,26415.38,63.4,7
CUST02481,32,Female,Bachelor,Medium,North America,Desktop,Silver,Paid Search,322,7079.02,38.5,0
CUST02482,51,Male,High School,Medium-High,North America,Mobile,Gold,Display Ads,49,20164.62,86.9,5
CUST02483,38,Female,Associate,Medium-High,Asia-Pacific,Mobile,Gold,Social Media,72,20672.51,56.9,9
CUST02484,43,Male,Master,High,North America,Desktop,Platinum,Social Media,386,17995.42,74.7,11
CUST02485,35,Female,PhD,Medium-High,Asia-Pacific,Desktop,Gold,Social Media,757,9853.59,78.4,3
CUST02486,41,Male,High School,Medium,Latin America,Desktop,Bronze,Social Media,515,3052.55,58.3,2
CUST02487,44,Male,High School,Medium,North America,Mobile,Silver,Paid Search,1095,8435.53,88.8,6
CUST02488,29,Female,High School,Medium-High,Latin America,Mobile,Bronze,Paid Search,355,2416.55,81.9,4
CUST02489,30,Female,Associate,Medium,Europe,Mobile,Bronze,Organic Search,55,2805.26,41.8,2
CUST02490,41,Male,High School,Medium,North America,Desktop,Gold,Paid Search,149,7877.03,91.4,9
CUST02491,19,Male,Bachelor,Low,North America,Mobile,Bronze,Social Media,125,1775.72,32.2,3
CUST02492,23,Male,PhD,Medium-High,Asia-Pacific,Mobile,Bronze,Social Media,46,5306.09,93.9,2
CUST02493,31,Female,Associate,Medium-Low,Europe,Desktop,Silver,Direct,863,4546.62,90.8,5
CUST02494,28,Male,Bachelor,High,Europe,Mobile,Silver,Direct,273,4617.13,56.7,8
CUST02495,38,Female,Master,Medium,Middle East,Desktop,Bronze,Paid Search,535,12057.85,31.6,0
CUST02496,51,Female,Bachelor,Medium-High,North America,Tablet,Platinum,Display Ads,492,54802.88,30.6,11
CUST02497,32,Male,Master,Medium-Low,Europe,Mobile,Bronze,Organic Search,738,2942.51,55.8,4
CUST02498,53,Male,Bachelor,High,North America,Mobile,Platinum,Social Media,145,18012.99,85.5,11
CUST02499,36,Female,Master,Medium-Low,North America,Mobile,Gold,Social Media,325,10472.08,53.1,6
CUST02500,35,Male,Master,Medium,Europe,Desktop,Platinum,Paid Search,69,49170.16,98.4,9
CUST02501,36,Male,Bachelor,Low,Europe,Desktop,Bronze,Email,125,9964.97,39.1,1
CUST02502,30,Female,High School,Medium-High,Asia-Pacific,Tablet,Silver,Organic Search,83,11688.06,86.2,1
CUST02503,28,Female,Associate,Medium,Latin America,Mobile,Bronze,Email,117,3208.22,57.0,1
CUST02504,47,Female,Associate,Medium-High,North America,Mobile,Platinum,Email,469,26162.86,35.9,14
CUST02505,25,Female,Master,Low,Europe,Mobile,Silver,Paid Search,1095,13760.11,74.0,7
CUST02506,41,Male,Master,Medium-High,North America,Mobile,Gold,Referral,239,12867.31,90.9,7
CUST02507,45,Male,Bachelor,Medium-High,Asia-Pacific,Mobile,Platinum,Email,281,21947.1,39.9,10
CUST02508,43,Male,Associate,Medium-High,Middle East,Mobile,Gold,Paid Search,292,40443.22,82.0,2
CUST02509,38,Female,Master,Medium-Low,Middle East,Mobile,Bronze,Organic Search,78,1519.53,33.1,2
CUST02510,40,Male,Bachelor,Medium-High,Latin America,Mobile,Platinum,Organic Search,170,54003.94,49.4,13
CUST02511,32,Male,Master,Medium,Europe,Mobile,Silver,Referral,962,10417.33,96.7,4
CUST02512,42,Male,Associate,Medium-Low,Europe,Desktop,Gold,Direct,513,12034.22,79.9,6
CUST02513,33,Female,PhD,Low,North America,Mobile,Silver,Email,1095,21806.14,84.2,6
CUST02514,35,Male,High School,Low,North America,Desktop,Gold,Social Media,191,30817.06,52.9,6
CUST02515,44,Male,Master,Medium-High,Middle East,Mobile,Gold,Organic Search,193,12478.87,95.8,4
CUST02516,27,Male,High School,High,Asia-Pacific,Mobile,Silver,Social Media,1095,9457.84,60.4,6
CUST02517,51,Male,Master,Medium-Low,Middle East,Desktop,Gold,Email,149,9753.1,41.5,11
CUST02518,34,Female,Bachelor,Medium-High,Europe,Mobile,Gold,Organic Search,100,34632.77,64.4,3
CUST02519,36,Male,Master,Low,Asia-Pacific,Mobile,Bronze,Email,121,3274.76,63.6,0
CUST02520,29,Female,Master,Medium-High,North America,Mobile,Bronze,Direct,556,1915.4,56.5,2
CUST02521,44,Female,Master,Medium,North America,Mobile,Gold,Social Media,105,12241.2,53.4,6
CUST02522,32,Female,Master,Medium-High,Europe,Desktop,Bronze,Social Media,633,3820.02,75.1,3
CUST02523,44,Male,High School,Low,North America,Desktop,Bronze,Referral,883,5467.64,39.0,2
CUST02524,41,Female,Master,Medium,Asia-Pacific,Mobile,Silver,Direct,18,5421.58,46.2,2
CUST02525,35,Male,Master,Low,North America,Desktop,Silver,Referral,869,5670.34,71.7,7
CUST02526,34,Male,High School,Medium-High,Latin America,Desktop,Silver,Social Media,103,5150.1,47.5,3
CUST02527,47,Male,PhD,High,North America,Desktop,Platinum,Organic Search,139,50615.0,35.7,9
CUST02528,42,Male,Associate,Medium-Low,Middle East,Mobile,Silver,Email,306,15805.83,44.3,1
CUST02529,22,Female,Associate,Low,Europe,Mobile,Silver,Organic Search,616,10038.98,47.3,6
CUST02530,32,Female,High School,Medium-High,North America,Mobile,Platinum,Email,1040,13345.11,31.9,13
CUST02531,30,Female,Master,High,North America,Desktop,Gold,Email,131,9836.42,80.7,8
CUST02532,28,Non-binary,Bachelor,Medium-Low,Asia-Pacific,Desktop,Bronze,Organic Search,1095,2491.14,41.8,3
CUST02533,28,Female,Master,Medium-High,North America,Desktop,Bronze,Organic Search,1005,3680.2,73.4,1
CUST02534,41,Female,Bachelor,Medium-Low,Europe,Desktop,Platinum,Direct,606,34887.55,64.3,18
CUST02535,32,Female,Associate,Medium-Low,Europe,Tablet,Gold,Email,636,20924.23,89.4,5
CUST02536,33,Male,Associate,Medium-High,Asia-Pacific,Mobile,Gold,Paid Search,565,6428.0,50.8,6
CUST02537,28,Male,Bachelor,Low,Latin America,Mobile,Silver,Referral,572,4094.07,35.2,5
CUST02538,32,Female,Bachelor,Medium,North America,Tablet,Bronze,Paid Search,328,619.35,43.5,1
CUST02539,33,Male,PhD,Medium,Latin America,Desktop,Gold,Organic Search,149,16547.18,88.5,5
CUST02540,34,Female,Bachelor,Medium,Asia-Pacific,Mobile,Silver,Display Ads,620,8350.49,49.9,4
CUST02541,28,Male,Bachelor,Medium-Low,North America,Desktop,Bronze,Organic Search,426,2265.86,83.1,3
CUST02542,47,Male,Master,High,North America,Mobile,Platinum,Organic Search,322,39948.79,59.1,8
CUST02543,26,Female,Bachelor,Medium-High,North America,Mobile,Gold,Social Media,312,26874.44,92.9,10
CUST02544,39,Male,Bachelor,Medium-High,North America,Mobile,Silver,Social Media,121,5990.96,89.6,1
CUST02545,41,Female,High School,Medium-High,North America,Desktop,Silver,Social Media,648,7106.82,87.3,4
CUST02546,49,Male,Master,Medium,North America,Desktop,Gold,Social Media,749,7834.46,30.7,6
CUST02547,27,Male,Associate,Medium-High,Asia-Pacific,Mobile,Silver,Organic Search,537,3703.38,70.4,2
CUST02548,38,Female,Master,Medium-High,Europe,Mobile,Silver,Paid Search,144,4132.7,52.5,6
CUST02549,45,Non-binary,Master,Medium-High,Europe,Mobile,Bronze,Email,653,8499.88,74.9,0
CUST02550,33,Male,PhD,Medium,North America,Mobile,Silver,Social Media,383,6912.38,71.4,4
CUST02551,42,Female,Bachelor,Medium-High,Asia-Pacific,Mobile,Gold,Organic Search,0,10347.49,90.9,2
CUST02552,33,Female,High School,Medium,Europe,Tablet,Silver,Social Media,130,18247.6,90.9,6
CUST02553,32,Male,Bachelor,Medium-High,Middle East,Mobile,Platinum,Organic Search,188,17597.43,79.4,11
CUST02554,38,Female,Bachelor,Medium-High,Middle East,Mobile,Gold,Organic Search,254,19541.14,92.5,7
CUST02555,38,Female,Associate,High,Middle East,Tablet,Platinum,Organic Search,258,15012.51,99.1,11
CUST02556,38,Male,Bachelor,Medium,Middle East,Desktop,Gold,Paid Search,570,17576.67,90.0,10
CUST02557,56,Female,High School,Medium-High,Latin America,Mobile,Platinum,Social Media,142,22677.02,38.9,7
CUST02558,31,Female,PhD,Medium,Latin America,Desktop,Bronze,Direct,525,2916.5,36.8,2
CUST02559,36,Male,High School,Medium-Low,North America,Desktop,Bronze,Social Media,790,2585.98,83.2,1
CUST02560,40,Female,Master,Medium-Low,Asia-Pacific,Mobile,Gold,Organic Search,327,11293.19,38.0,8
CUST02561,31,Male,Bachelor,High,Latin America,Mobile,Gold,Organic Search,204,29580.59,76.5,9
CUST02562,45,Female,High School,Medium,Latin America,Mobile,Platinum,Social Media,321,33012.95,44.9,13
CUST02563,34,Female,Bachelor,Medium-Low,North America,Mobile,Platinum,Referral,59,31674.51,91.8,11
CUST02564,43,Male,Bachelor,Medium-High,North America,Mobile,Platinum,Paid Search,1095,21511.64,42.2,12
CUST02565,32,Male,Bachelor,Medium-High,North America,Mobile,Bronze,Social Media,47,5783.48,45.0,0
CUST02566,44,Female,Bachelor,Low,North America,Desktop,Bronze,Organic Search,898,6142.51,69.7,4
CUST02567,31,Female,Bachelor,Medium-Low,Middle East,Mobile,Silver,Referral,423,5578.29,50.6,4
CUST02568,40,Female,Master,Medium,Europe,Desktop,Gold,Social Media,1095,9012.43,33.2,10
CUST02569,43,Male,Master,Medium,Middle East,Desktop,Gold,Social Media,1095,13353.98,41.3,5
CUST02570,47,Male,Associate,Medium-High,North America,Mobile,Platinum,Social Media,1095,49461.31,85.9,15
CUST02571,45,Male,PhD,Medium-High,Asia-Pacific,Mobile,Silver,Referral,336,2305.09,67.7,3
CUST02572,41,Female,Bachelor,Medium,Europe,Mobile,Bronze,Organic Search,4,4286.22,72.9,5
CUST02573,31,Female,Associate,Medium,Asia-Pacific,Mobile,Bronze,Social Media,401,2515.15,74.2,2
CUST02574,38,Male,Bachelor,Medium,North America,Mobile,Bronze,Organic Search,129,8501.72,30.0,0
CUST02575,38,Male,High School,Medium,Latin America,Desktop,Bronze,Social Media,83,7871.13,87.0,2
CUST02576,28,Male,Master,Medium,Asia-Pacific,Mobile,Bronze,Display Ads,240,3947.29,87.4,4
CUST02577,31,Female,Associate,High,Middle East,Desktop,Gold,Display Ads,58,11590.25,49.9,13
CUST02578,37,Female,Master,Medium,Europe,Mobile,Silver,Social Media,366,10741.22,60.8,8
CUST02579,38,Male,Master,High,Europe,Mobile,Silver,Organic Search,200,32917.46,77.4,7
CUST02580,41,Female,PhD,High,Europe,Mobile,Gold,Email,19,21705.26,65.7,5
CUST02581,48,Male,Bachelor,Medium-High,North America,Tablet,Platinum,Direct,352,23602.24,40.1,14
CUST02582,31,Male,Associate,Medium,Middle East,Desktop,Bronze,Display Ads,804,2603.23,77.9,1
CUST02583,49,Female,High School,Medium,North America,Tablet,Platinum,Display Ads,261,29857.1,100.0,12
CUST02584,39,Male,Associate,Medium,North America,Desktop,Bronze,Social Media,50,7916.3,57.3,3
CUST02585,41,Female,Master,High,Europe,Mobile,Gold,Social Media,223,12454.88,51.3,9
CUST02586,36,Female,Master,High,Asia-Pacific,Mobile,Gold,Organic Search,174,32649.29,92.6,5
CUST02587,40,Male,Bachelor,Medium,Asia-Pacific,Mobile,Silver,Social Media,1095,4836.15,76.1,2
CUST02588,35,Male,Master,Medium-Low,North America,Mobile,Bronze,Organic Search,47,6461.82,90.2,1
CUST02589,31,Female,Associate,Medium,Europe,Desktop,Bronze,Direct,519,2972.55,98.3,3
CUST02590,44,Female,Bachelor,Medium-High,North America,Desktop,Gold,Referral,123,37649.17,79.0,8
CUST02591,32,Female,Associate,Medium,Asia-Pacific,Mobile,Silver,Email,132,21220.96,47.2,3
CUST02592,29,Female,Master,Medium,North America,Mobile,Gold,Paid Search,948,12490.98,62.3,4
CUST02593,27,Female,PhD,Medium-Low,Europe,Mobile,Bronze,Paid Search,943,12353.02,39.8,1
CUST02594,47,Male,PhD,Medium,North America,Mobile,Platinum,Referral,864,15341.51,77.4,12
CUST02595,41,Male,Bachelor,Medium-High,Asia-Pacific,Mobile,Gold,Social Media,880,9026.84,41.3,9
CUST02596,42,Female,Associate,High,Europe,Mobile,Silver,Direct,160,13196.59,38.0,6
CUST02597,29,Female,Master,Medium,North America,Mobile,Bronze,Referral,574,19785.3,95.7,3
CUST02598,37,Male,Associate,Medium-Low,North America,Desktop,Gold,Social Media,24,41245.65,67.5,4
CUST02599,32,Female,Associate,Medium-Low,North America,Mobile,Silver,Social Media,261,6195.26,40.0,1
CUST02600,34,Male,Master,Medium-Low,Europe,Mobile,Bronze,Paid Search,215,3729.12,60.1,1
CUST02601,32,Male,PhD,High,North America,Tablet,Silver,Social Media,292,5766.24,37.3,1
CUST02602,51,Male,High School,Medium-Low,Europe,Desktop,Platinum,Referral,440,18947.84,49.6,15
CUST02603,37,Female,Associate,Medium-High,Europe,Mobile,Gold,Paid Search,395,47874.35,34.0,7
CUST02604,30,Female,Associate,Medium-High,North America,Desktop,Silver,Direct,145,10062.19,53.0,4
CUST02605,27,Female,Bachelor,Medium,Latin America,Mobile,Bronze,Social Media,80,5525.47,38.1,2
CUST02606,32,Female,Master,Medium,North America,Mobile,Bronze,Social Media,381,6320.02,72.8,0
CUST02607,40,Male,Master,Medium,Asia-Pacific,Mobile,Gold,Referral,132,32774.77,55.0,10
CUST02608,35,Female,Associate,Low,North America,Desktop,Platinum,Social Media,154,22284.45,69.9,5
CUST02609,20,Male,Bachelor,Medium-Low,Asia-Pacific,Mobile,Bronze,Social Media,28,5898.27,48.5,1
CUST02610,37,Female,Bachelor,Medium-High,Asia-Pacific,Desktop,Gold,Social Media,10,19810.35,52.2,8
CUST02611,39,Female,Associate,Medium-Low,North America,Desktop,Gold,Organic Search,166,3490.97,86.2,4
CUST02612,26,Non-binary,Bachelor,Low,Asia-Pacific,Mobile,Silver,Social Media,300,4609.22,78.0,3
CUST02613,39,Male,High School,Medium-High,Middle East,Mobile,Platinum,Organic Search,251,39952.34,66.4,9
CUST02614,22,Male,Master,Low,North America,Desktop,Bronze,Organic Search,395,4546.22,98.4,3
CUST02615,28,Male,Associate,Medium-Low,North America,Mobile,Bronze,Organic Search,1095,6669.44,97.7,1
CUST02616,39,Female,Bachelor,Medium-Low,Latin America,Tablet,Gold,Referral,183,25207.04,98.1,9
CUST02617,33,Female,Associate,Medium-High,North America,Tablet,Silver,Social Media,160,11556.26,54.6,5
CUST02618,38,Female,Bachelor,Medium-High,Europe,Desktop,Gold,Referral,240,12846.48,57.2,3
CUST02619,39,Non-binary,Bachelor,Medium-Low,North America,Desktop,Bronze,Social Media,639,2166.01,94.8,2
CUST02620,30,Male,Associate,Medium,North America,Mobile,Platinum,Email,437,72781.64,90.4,15
CUST02621,40,Male,Master,Medium,North America,Desktop,Gold,Social Media,1095,15120.09,37.5,4
CUST02622,38,Female,PhD,Medium,Europe,Tablet,Platinum,Organic Search,708,5025.62,31.7,13
CUST02623,35,Female,Bachelor,Low,North America,Mobile,Bronze,Social Media,480,4270.73,55.7,2
CUST02624,32,Male,Associate,Medium,North America,Tablet,Gold,Organic Search,170,15338.03,88.9,7
CUST02625,34,Female,Master,Medium-Low,Europe,Mobile,Silver,Referral,204,8879.48,93.8,3
CUST02626,45,Female,Associate,High,Latin America,Desktop,Gold,Display Ads,249,30894.67,37.6,9
CUST02627,46,Female,Associate,Medium-High,North America,Mobile,Platinum,Direct,228,25121.61,41.0,16
CUST02628,36,Male,PhD,Medium,Europe,Mobile,Silver,Paid Search,194,4653.35,44.0,7
CUST02629,29,Male,High School,Medium-Low,Asia-Pacific,Tablet,Silver,Direct,518,8721.7,48.0,6
CUST02630,38,Female,Master,Medium,Europe,Mobile,Gold,Organic Search,663,9914.39,88.0,8
CUST02631,27,Female,Master,Medium-High,Latin America,Mobile,Bronze,Direct,47,8210.77,46.8,4
CUST02632,54,Male,Bachelor,Medium-High,North America,Mobile,Gold,Social Media,555,20348.41,49.2,9
CUST02633,28,Female,Master,Low,Middle East,Mobile,Gold,Organic Search,765,4751.29,99.0,3
CUST02634,40,Female,High School,Medium-High,North America,Mobile,Bronze,Email,1095,4423.62,93.0,3
CUST02635,30,Male,Bachelor,Medium,Latin America,Mobile,Silver,Organic Search,423,14375.5,99.4,3
CUST02636,44,Male,Master,Medium-Low,Europe,Desktop,Gold,Social Media,151,3538.33,52.6,11
CUST02637,31,Male,High School,Medium-High,North America,Mobile,Silver,Paid Search,286,1141.56,36.3,5
CUST02638,34,Male,Bachelor,Medium-Low,North America,Desktop,Bronze,Organic Search,954,10731.39,31.1,0
CUST02639,38,Male,Bachelor,Medium-High,Middle East,Mobile,Silver,Email,57,2391.64,32.4,4
CUST02640,34,Male,Bachelor,Medium,Europe,Mobile,Gold,Direct,0,9485.06,83.6,4
CUST02641,45,Male,Master,Medium-High,Asia-Pacific,Mobile,Gold,Display Ads,280,29184.32,39.0,6
CUST02642,40,Female,High School,Medium,North America,Tablet,Silver,Organic Search,412,10168.93,97.6,5
CUST02643,29,Male,High School,High,North America,Mobile,Silver,Direct,438,1670.87,47.4,3
CUST02644,29,Female,PhD,Medium-Low,Europe,Mobile,Silver,Paid Search,147,3515.0,88.1,5
CUST02645,42,Female,PhD,Low,Europe,Mobile,Gold,Paid Search,690,33201.73,89.4,8
CUST02646,35,Female,Master,Medium-Low,Europe,Tablet,Bronze,Direct,37,15989.99,41.8,3
CUST02647,46,Female,Bachelor,High,North America,Mobile,Gold,Paid Search,244,18927.2,79.7,5
CUST02648,44,Male,Bachelor,Medium,Europe,Mobile,Silver,Paid Search,488,8394.46,68.9,5
CUST02649,37,Male,Associate,Medium-High,North America,Desktop,Gold,Direct,175,4891.16,49.4,8
CUST02650,36,Female,Bachelor,Medium-High,Asia-Pacific,Mobile,Gold,Social Media,243,23236.1,62.2,12
CUST02651,38,Male,Bachelor,Medium-High,North America,Mobile,Bronze,Social Media,368,10843.55,97.9,0
CUST02652,27,Male,Bachelor,Medium-High,North America,Mobile,Silver,Direct,831,13385.09,81.8,5
CUST02653,48,Male,Master,High,Europe,Desktop,Platinum,Social Media,136,26564.41,86.8,9
CUST02654,29,Male,Master,High,North America,Mobile,Gold,Organic Search,208,19920.73,50.6,8
CUST02655,31,Female,Associate,Medium-High,Europe,Desktop,Bronze,Direct,285,15599.78,85.5,4
CUST02656,34,Male,Bachelor,Medium,North America,Desktop,Gold,Direct,264,59652.39,93.4,4
CUST02657,27,Male,Associate,Medium-Low,Europe,Mobile,Gold,Referral,95,4699.65,90.7,7
CUST02658,41,Female,Associate,Medium,North America,Mobile,Silver,Email,522,16005.38,74.4,3
CUST02659,40,Male,High School,Medium-High,North America,Mobile,Platinum,Organic Search,250,65607.84,78.8,9
CUST02660,35,Male,High School,Medium-High,Europe,Mobile,Platinum,Organic Search,448,21014.03,45.4,11
CUST02661,45,Male,High School,Medium-Low,Middle East,Desktop,Bronze,Paid Search,56,5461.35,81.7,5
CUST02662,33,Female,PhD,Low,Europe,Mobile,Bronze,Paid Search,326,4122.57,95.3,1
CUST02663,35,Female,PhD,Medium,Europe,Tablet,Silver,Social Media,42,17663.28,50.4,1
CUST02664,39,Male,High School,Medium,Asia-Pacific,Desktop,Gold,Email,70,9335.78,57.5,8
CUST02665,36,Non-binary,Bachelor,Medium,North America,Tablet,Silver,Organic Search,451,7225.13,79.0,3
CUST02666,45,Male,Master,Medium-High,Europe,Mobile,Gold,Social Media,116,6934.61,33.2,8
CUST02667,32,Female,Bachelor,Medium,North America,Desktop,Silver,Direct,168,6096.02,74.0,4
CUST02668,35,Male,Bachelor,Medium,North America,Desktop,Silver,Referral,92,7831.43,75.3,5
CUST02669,35,Male,Bachelor,Medium-High,Asia-Pacific,Tablet,Silver,Organic Search,202,9197.73,42.8,4
CUST02670,40,Male,Bachelor,Medium-High,Asia-Pacific,Mobile,Silver,Display Ads,476,4132.89,82.7,8
CUST02671,32,Female,High School,Medium,Asia-Pacific,Mobile,Silver,Paid Search,1095,15470.45,82.8,6
CUST02672,29,Male,Master,Medium-High,Middle East,Mobile,Silver,Organic Search,0,18477.15,73.9,0
CUST02673,29,Female,Bachelor,Medium-High,North America,Mobile,Bronze,Social Media,500,8017.59,85.5,0
CUST02674,29,Male,Associate,Medium-Low,Europe,Mobile,Gold,Social Media,876,11766.98,80.1,7
CUST02675,41,Male,High School,Medium-High,Europe,Mobile,Gold,Social Media,179,23500.54,79.2,8
CUST02676,38,Male,Bachelor,Medium,Europe,Mobile,Gold,Social Media,139,9909.31,42.7,8
CUST02677,33,Male,Bachelor,Medium,Asia-Pacific,Mobile,Gold,Paid Search,119,23875.24,95.8,7
CUST02678,31,Female,High School,Low,Asia-Pacific,Tablet,Silver,Social Media,557,23700.77,90.8,5
CUST02679,38,Female,High School,High,North America,Tablet,Gold,Social Media,254,19029.81,72.8,5
CUST02680,34,Male,Bachelor,Medium-Low,North America,Desktop,Bronze,Referral,1032,2820.42,32.5,0
CUST02681,46,Male,Master,Medium-Low,North America,Mobile,Silver,Social Media,26,12453.99,32.7,3
CUST02682,51,Male,Bachelor,Medium-High,North America,Mobile,Platinum,Referral,456,19170.64,61.7,13
CUST02683,39,Male,Master,Medium,North America,Mobile,Silver,Organic Search,56,6677.84,45.7,3
CUST02684,28,Male,Associate,Medium-High,Europe,Desktop,Bronze,Display Ads,739,5427.43,92.9,4
CUST02685,37,Male,Master,Medium-High,Middle East,Mobile,Silver,Direct,320,25186.86,64.7,5
CUST02686,58,Female,PhD,Medium,North America,Desktop,Platinum,Direct,309,48777.79,58.5,11
CUST02687,29,Male,Bachelor,Medium,Asia-Pacific,Desktop,Bronze,Email,24,5021.42,61.8,1
CUST02688,40,Male,Associate,Medium-Low,North America,Mobile,Silver,Paid Search,27,12946.1,51.8,8
CUST02689,45,Female,Master,Medium-High,North America,Tablet,Bronze,Social Media,327,1894.33,71.7,1
CUST02690,37,Female,Associate,Medium-High,North America,Mobile,Silver,Email,687,1701.68,61.4,6
CUST02691,32,Female,Associate,Medium-Low,Middle East,Mobile,Silver,Display Ads,47,6472.57,60.7,5
CUST02692,28,Male,PhD,Low,Latin America,Desktop,Silver,Direct,4,4349.33,51.8,6
CUST02693,32,Male,High School,Medium-High,Asia-Pacific,Mobile,Silver,Social Media,45,21973.36,39.3,6
CUST02694,36,Non-binary,Bachelor,Medium-High,Europe,Desktop,Platinum,Social Media,202,27994.23,99.0,9
CUST02695,36,Male,Master,Medium-Low,Asia-Pacific,Mobile,Bronze,Social Media,365,1461.13,60.5,2
CUST02696,34,Non-binary,Bachelor,Medium,North America,Mobile,Bronze,Email,439,5394.02,45.0,0
CUST02697,30,Female,Bachelor,Medium,North America,Desktop,Gold,Email,223,46206.49,73.6,10
CUST02698,38,Male,PhD,Medium,Europe,Desktop,Silver,Paid Search,641,8763.56,72.5,5
CUST02699,30,Male,Bachelor,Medium-High,North America,Desktop,Silver,Paid Search,343,8782.29,53.7,3
CUST02700,38,Female,Associate,Medium-High,Europe,Desktop,Gold,Direct,713,39148.75,72.7,7
CUST02701,38,Non-binary,Master,Low,North America,Tablet,Gold,Social Media,70,17223.93,96.7,15
CUST02702,34,Female,High School,Medium,Middle East,Mobile,Bronze,Social Media,301,10422.45,79.0,1
CUST02703,25,Male,Bachelor,Medium-Low,Latin America,Mobile,Silver,Social Media,151,2054.19,55.0,6
CUST02704,36,Male,Associate,Medium-High,North America,Mobile,Gold,Paid Search,367,1403.55,55.1,3
CUST02705,20,Male,Associate,Low,North America,Tablet,Bronze,Organic Search,334,4116.33,40.6,6
CUST02706,38,Male,Bachelor,Medium-Low,North America,Desktop,Bronze,Organic Search,325,5540.8,92.0,0
CUST02707,33,Male,Associate,Low,North America,Tablet,Silver,Organic Search,476,18530.24,48.3,0
CUST02708,32,Male,Bachelor,Medium-Low,North America,Desktop,Bronze,Organic Search,36,10473.56,45.0,3
CUST02709,39,Male,Master,Medium-High,Europe,Mobile,Silver,Paid Search,34,5521.15,46.0,5
CUST02710,38,Female,Bachelor,Low,Asia-Pacific,Desktop,Bronze,Email,66,6559.35,95.7,2
CUST02711,31,Male,Bachelor,Medium,Latin America,Mobile,Gold,Social Media,225,19215.15,78.3,10
CUST02712,47,Female,Master,Medium-High,Asia-Pacific,Mobile,Platinum,Display Ads,1095,20832.32,45.5,8
CUST02713,28,Female,Associate,Medium,North America,Desktop,Bronze,Organic Search,40,7897.27,40.9,2
CUST02714,33,Male,Bachelor,Medium-High,North America,Mobile,Gold,Email,56,17643.74,60.4,9
CUST02715,32,Non-binary,Associate,Medium,North America,Tablet,Bronze,Email,2,3976.44,58.6,2
CUST02716,26,Female,Associate,Medium-High,Latin America,Mobile,Gold,Email,101,28479.15,82.7,3
CUST02717,33,Male,High School,Medium-Low,North America,Mobile,Silver,Display Ads,395,11992.65,32.3,4
CUST02718,35,Female,Bachelor,Medium,Europe,Desktop,Bronze,Social Media,26,7889.49,73.3,2
CUST02719,25,Female,Associate,Low,North America,Mobile,Bronze,Email,21,884.87,69.4,3
CUST02720,45,Male,High School,Medium-High,North America,Mobile,Platinum,Social Media,361,68760.84,40.8,10
CUST02721,35,Female,Bachelor,Medium,North America,Desktop,Bronze,Social Media,435,2408.48,86.3,1
CUST02722,33,Female,Master,Medium-High,Europe,Tablet,Gold,Email,352,41665.74,85.9,4
CUST02723,36,Non-binary,High School,Medium-Low,Asia-Pacific,Mobile,Bronze,Social Media,166,7019.87,85.2,2
CUST02724,30,Female,PhD,Medium-Low,Middle East,Desktop,Bronze,Referral,351,4736.08,72.6,3
CUST02725,28,Female,Associate,Medium-Low,Europe,Mobile,Gold,Referral,1049,35632.55,79.8,7
CUST02726,33,Male,Bachelor,Medium,Latin America,Tablet,Bronze,Display Ads,295,4990.52,48.0,2
CUST02727,40,Female,Associate,Medium-High,Asia-Pacific,Desktop,Gold,Display Ads,431,10590.51,92.4,5
CUST02728,36,Male,High School,High,North America,Desktop,Gold,Referral,78,7400.08,64.5,9
CUST02729,42,Female,Master,Medium,Latin America,Mobile,Gold,Organic Search,808,19971.88,65.8,8
CUST02730,35,Female,Bachelor,Medium,Asia-Pacific,Mobile,Platinum,Social Media,764,17174.9,52.2,15
CUST02731,33,Female,PhD,Medium-Low,Europe,Mobile,Silver,Organic Search,958,7550.74,90.3,5
CUST02732,41,Male,Master,Medium-Low,Europe,Desktop,Gold,Social Media,48,12096.41,67.0,6
CUST02733,39,Female,Associate,Medium,Europe,Desktop,Silver,Organic Search,715,3573.15,96.0,5
CUST02734,44,Female,Bachelor,Medium,Asia-Pacific,Desktop,Platinum,Social Media,521,108285.7,66.4,16
CUST02735,41,Male,Bachelor,Medium,North America,Mobile,Gold,Email,119,31574.31,70.5,8
CUST02736,34,Female,Bachelor,Medium-Low,Latin America,Tablet,Bronze,Display Ads,364,4960.82,87.2,7
CUST02737,24,Female,High School,Medium-High,North America,Tablet,Gold,Organic Search,715,1320.78,58.1,11
CUST02738,51,Male,Associate,Medium,North America,Desktop,Platinum,Email,199,57615.32,35.2,6
CUST02739,32,Male,Associate,Medium,Middle East,Desktop,Silver,Direct,400,5502.65,75.5,3
CUST02740,45,Female,Bachelor,Medium-High,Europe,Mobile,Gold,Paid Search,91,13183.26,68.8,6
CUST02741,41,Male,PhD,Medium,Asia-Pacific,Desktop,Bronze,Organic Search,302,1579.31,59.1,5
CUST02742,41,Female,High School,Low,Europe,Desktop,Silver,Paid Search,144,8070.97,42.9,3
CUST02743,29,Male,Bachelor,Medium-Low,North America,Mobile,Bronze,Direct,292,7601.56,69.6,2
CUST02744,37,Male,PhD,Medium,North America,Tablet,Gold,Paid Search,169,31903.6,79.4,4
CUST02745,43,Female,Bachelor,Medium,Europe,Tablet,Silver,Display Ads,858,1467.33,59.6,3
CUST02746,32,Female,Bachelor,Medium,North America,Desktop,Gold,Email,239,14785.91,91.0,6
CUST02747,27,Male,PhD,Low,Europe,Mobile,Bronze,Organic Search,200,2971.86,79.0,2
CUST02748,44,Female,Bachelor,Medium-High,Europe,Desktop,Bronze,Direct,156,7481.14,85.4,5
CUST02749,34,Female,Master,Medium,Latin America,Mobile,Silver,Direct,743,3999.19,60.4,4
CUST02750,27,Female,Bachelor,Medium,Latin America,Mobile,Silver,Email,534,3809.36,33.7,6
CUST02751,30,Female,Bachelor,Medium-Low,North America,Desktop,Bronze,Organic Search,1095,9141.27,70.8,0
CUST02752,42,Male,Bachelor,Low,North America,Desktop,Gold,Organic Search,485,18994.55,54.4,10
CUST02753,38,Female,Master,Medium,North America,Mobile,Platinum,Email,156,15412.16,79.9,15
CUST02754,36,Female,Bachelor,Low,Europe,Tablet,Silver,Paid Search,133,13031.37,76.6,2
CUST02755,54,Male,Bachelor,Medium-High,Europe,Desktop,Platinum,Email,995,23874.79,30.9,9
CUST02756,35,Male,Associate,Medium,North America,Mobile,Silver,Email,441,16329.62,78.1,5
CUST02757,28,Male,Associate,Medium,North America,Desktop,Platinum,Display Ads,838,68777.47,95.2,12
CUST02758,32,Female,Master,Medium,Asia-Pacific,Desktop,Bronze,Paid Search,389,2399.98,80.9,3
CUST02759,36,Female,PhD,High,North America,Mobile,Platinum,Email,1095,43316.16,31.9,15
CUST02760,27,Female,Bachelor,Medium,North America,Mobile,Silver,Email,37,9029.11,91.4,5
CUST02761,45,Male,Bachelor,Medium-Low,Europe,Mobile,Bronze,Social Media,352,1945.2,40.4,4
CUST02762,30,Male,Associate,Medium,North America,Desktop,Silver,Referral,208,3684.45,46.3,6
CUST02763,31,Male,Bachelor,Medium-High,North America,Mobile,Silver,Organic Search,592,8303.24,44.3,6
CUST02764,21,Female,High School,Low,Asia-Pacific,Mobile,Bronze,Paid Search,99,1963.98,41.5,5
CUST02765,50,Female,Master,Medium-Low,Europe,Mobile,Platinum,Referral,403,47743.0,32.0,8
CUST02766,22,Female,Master,Medium-High,North America,Mobile,Silver,Display Ads,618,4370.31,88.6,4
CUST02767,33,Male,Master,Medium-Low,Europe,Desktop,Silver,Social Media,127,19282.84,77.8,2
CUST02768,36,Male,Master,Medium-High,North America,Mobile,Silver,Social Media,120,1805.72,74.4,4
CUST02769,45,Female,Bachelor,Medium,Asia-Pacific,Mobile,Gold,Paid Search,191,2708.58,40.4,8
CUST02770,35,Male,Master,High,North America,Desktop,Silver,Social Media,768,910.65,98.1,5
CUST02771,28,Female,PhD,Medium-Low,Europe,Desktop,Silver,Organic Search,1051,16522.51,80.4,5
CUST02772,37,Female,Master,Medium,North America,Mobile,Gold,Paid Search,357,8308.33,69.7,9
CUST02773,30,Female,Master,High,North America,Desktop,Bronze,Email,390,5790.46,92.9,3
CUST02774,47,Female,Bachelor,Medium,Asia-Pacific,Mobile,Platinum,Social Media,861,48455.2,54.7,15
CUST02775,46,Female,Master,Low,Europe,Desktop,Bronze,Direct,156,2735.38,39.3,0
CUST02776,47,Female,PhD,Medium-High,North America,Desktop,Gold,Email,39,23345.28,67.9,9
CUST02777,41,Female,Master,Medium,North America,Mobile,Gold,Paid Search,227,30288.11,66.8,4
CUST02778,35,Male,Bachelor,Medium,North America,Desktop,Bronze,Email,1095,4170.47,30.0,6
CUST02779,38,Female,High School,Low,North America,Mobile,Silver,Referral,241,14008.39,91.2,3
CUST02780,36,Male,PhD,Medium-Low,North America,Tablet,Silver,Display Ads,747,16936.77,61.2,6
CUST02781,32,Male,High School,Low,Latin America,Tablet,Silver,Organic Search,46,7357.39,33.9,6
CUST02782,32,Male,Master,Low,Latin America,Mobile,Bronze,Email,278,1607.13,45.2,1
CUST02783,41,Female,Bachelor,Low,Europe,Mobile,Bronze,Social Media,830,3404.15,40.8,4
CUST02784,43,Male,Associate,Medium-High,Middle East,Mobile,Gold,Email,830,35161.3,66.1,9
CUST02785,25,Male,Bachelor,High,North America,Desktop,Silver,Referral,1095,9830.23,70.6,3
CUST02786,41,Male,High School,Medium,Middle East,Mobile,Gold,Paid Search,267,37162.4,81.5,7
CUST02787,40,Male,Master,Medium-Low,North America,Mobile,Bronze,Email,176,15614.63,46.6,1
CUST02788,37,Male,Associate,Medium-Low,North America,Tablet,Gold,Referral,438,7338.11,50.4,12
CUST02789,32,Female,Master,Medium-High,Asia-Pacific,Desktop,Gold,Social Media,504,10890.03,59.5,1
CUST02790,42,Male,High School,Low,Latin America,Mobile,Gold,Paid Search,103,34804.36,94.7,6
CUST02791,21,Male,Bachelor,Low,Latin America,Mobile,Bronze,Social Media,1016,4529.61,58.8,0
CUST02792,38,Male,Master,Medium-Low,Latin America,Desktop,Bronze,Organic Search,224,7880.93,90.8,2
CUST02793,28,Female,Master,Medium-Low,Middle East,Desktop,Bronze,Referral,1095,2706.01,57.4,3
CUST02794,44,Female,High School,Medium-High,North America,Mobile,Platinum,Social Media,214,78276.2,79.3,9
CUST02795,29,Male,Associate,Medium-Low,Europe,Mobile,Bronze,Organic Search,591,2885.84,63.8,3
CUST02796,27,Male,Master,Medium,North America,Mobile,Platinum,Organic Search,483,16649.15,57.4,12
CUST02797,35,Male,Bachelor,Medium,Europe,Desktop,Silver,Email,191,7205.21,42.9,5
CUST02798,32,Female,Bachelor,Medium-Low,Asia-Pacific,Desktop,Gold,Referral,106,22069.43,88.2,13
CUST02799,39,Male,High School,Medium-Low,Europe,Desktop,Platinum,Paid Search,376,58202.06,57.0,12
CUST02800,18,Female,Master,High,Europe,Mobile,Bronze,Organic Search,389,3213.86,52.7,2
CUST02801,40,Male,Master,Medium,Europe,Desktop,Bronze,Organic Search,566,2182.65,88.8,2
CUST02802,40,Female,High School,Medium,Middle East,Mobile,Bronze,Referral,1095,5277.01,76.1,1
CUST02803,33,Male,Associate,Medium,North America,Mobile,Bronze,Social Media,343,2782.01,59.6,1
CUST02804,43,Female,Bachelor,Medium-High,Middle East,Desktop,Gold,Display Ads,446,17436.07,44.9,4
CUST02805,46,Female,Master,High,Asia-Pacific,Mobile,Platinum,Paid Search,193,14955.84,72.2,9
CUST02806,38,Female,Bachelor,High,Asia-Pacific,Desktop,Platinum,Organic Search,294,41043.66,60.4,12
CUST02807,35,Female,PhD,Medium,Asia-Pacific,Mobile,Platinum,Organic Search,511,64736.2,91.1,8
CUST02808,27,Female,High School,Medium,Europe,Mobile,Bronze,Referral,979,1585.06,68.7,1
CUST02809,33,Male,Bachelor,Medium,Europe,Desktop,Silver,Social Media,554,18522.58,39.1,4
CUST02810,40,Female,Master,Low,Europe,Mobile,Gold,Referral,255,22299.18,41.6,8
CUST02811,34,Female,High School,Medium,North America,Desktop,Bronze,Social Media,0,6407.26,63.1,1
CUST02812,46,Male,Bachelor,Medium,North America,Tablet,Platinum,Social Media,213,19256.41,32.9,9
CUST02813,31,Female,High School,Medium,Latin America,Mobile,Gold,Social Media,163,11020.3,88.7,7
CUST02814,37,Female,PhD,Medium,Asia-Pacific,Tablet,Silver,Email,162,17639.69,64.3,3
CUST02815,36,Male,Master,Medium-Low,Latin America,Desktop,Silver,Organic Search,208,4792.73,75.9,5
CUST02816,29,Female,Bachelor,Medium,North America,Mobile,Silver,Email,761,3339.28,30.3,3
CUST02817,30,Male,Bachelor,Medium,Asia-Pacific,Mobile,Bronze,Paid Search,85,702.27,62.0,2
CUST02818,43,Non-binary,Bachelor,Medium-High,North America,Desktop,Gold,Social Media,1095,23213.88,85.9,9
CUST02819,34,Female,Master,Medium,Asia-Pacific,Mobile,Bronze,Organic Search,7,3942.89,37.2,3
CUST02820,31,Male,Associate,Medium,Europe,Mobile,Bronze,Direct,270,5256.65,37.4,3
CUST02821,43,Female,Associate,Medium-High,Europe,Mobile,Platinum,Social Media,126,45512.16,44.1,12
CUST02822,55,Female,Associate,Medium-Low,Latin America,Mobile,Gold,Direct,96,12142.83,70.3,13
CUST02823,28,Male,Bachelor,Medium,Middle East,Desktop,Bronze,Referral,25,2665.18,85.1,0
CUST02824,40,Non-binary,Master,Medium-Low,North America,Desktop,Bronze,Organic Search,169,3538.97,36.6,6
CUST02825,40,Male,PhD,Medium,Asia-Pacific,Mobile,Silver,Paid Search,483,17459.7,53.2,4
CUST02826,49,Male,Bachelor,High,North America,Mobile,Platinum,Display Ads,442,14616.56,49.5,9
CUST02827,43,Female,Master,Medium-Low,North America,Mobile,Platinum,Paid Search,680,35397.1,39.5,20
CUST02828,37,Female,Bachelor,Medium,North America,Mobile,Silver,Display Ads,433,2149.05,73.5,2
CUST02829,45,Male,High School,High,Europe,Mobile,Platinum,Referral,58,25332.05,36.3,10
CUST02830,48,Non-binary,PhD,Medium-High,Latin America,Mobile,Gold,Social Media,41,40850.14,60.5,8
CUST02831,32,Male,Bachelor,Medium,Europe,Mobile,Bronze,Email,782,2160.33,33.3,2
CUST02832,38,Female,Bachelor,Medium-High,North America,Desktop,Platinum,Paid Search,253,47038.33,57.9,13
CUST02833,42,Female,High School,Medium,Asia-Pacific,Desktop,Gold,Display Ads,263,11651.74,77.6,5
CUST02834,35,Female,Associate,Low,North America,Desktop,Bronze,Social Media,168,4028.37,83.4,1
CUST02835,29,Female,Associate,Medium,North America,Mobile,Silver,Social Media,158,2682.14,84.2,7
CUST02836,44,Female,Bachelor,Medium-Low,North America,Desktop,Gold,Email,356,20880.36,36.0,6
CUST02837,34,Female,Bachelor,Medium-High,Asia-Pacific,Mobile,Silver,Social Media,503,20073.13,59.5,9
CUST02838,32,Male,Bachelor,High,Europe,Desktop,Silver,Organic Search,182,8478.88,53.8,4
CUST02839,29,Male,Bachelor,Medium-Low,Latin America,Desktop,Bronze,Email,639,6693.97,31.1,5
CUST02840,39,Male,PhD,Medium-High,North America,Mobile,Platinum,Email,119,39685.75,82.0,13
CUST02841,45,Male,Bachelor,Medium,Asia-Pacific,Tablet,Platinum,Email,52,32368.22,39.5,7
CUST02842,26,Female,Bachelor,High,North America,Mobile,Gold,Paid Search,604,11470.24,51.3,7
CUST02843,43,Male,Bachelor,Medium-High,Europe,Mobile,Platinum,Paid Search,450,119174.43,36.7,14
CUST02844,39,Male,Bachelor,Medium-High,Europe,Desktop,Silver,Social Media,929,5374.57,57.2,6
CUST02845,29,Male,Master,Medium,Middle East,Mobile,Bronze,Email,607,10732.54,44.2,3
CUST02846,33,Male,Bachelor,Medium-Low,North America,Mobile,Bronze,Display Ads,441,3088.05,42.4,4
CUST02847,33,Female,Master,Medium-High,North America,Desktop,Gold,Paid Search,1095,14874.59,84.8,7
CUST02848,38,Male,Bachelor,Medium-Low,Europe,Mobile,Gold,Organic Search,323,39990.25,61.6,5
CUST02849,28,Male,PhD,High,North America,Mobile,Gold,Social Media,10,32338.11,67.3,10
CUST02850,32,Male,Bachelor,Medium,Europe,Desktop,Silver,Social Media,590,5974.85,32.5,5
CUST02851,43,Female,Bachelor,Medium-High,Latin America,Mobile,Platinum,Social Media,145,42442.17,76.8,8
CUST02852,33,Male,Master,Medium-Low,Middle East,Desktop,Silver,Social Media,415,7566.09,40.7,7
CUST02853,25,Male,Bachelor,Medium-High,North America,Mobile,Bronze,Social Media,63,1241.67,31.7,3
CUST02854,29,Male,Master,Medium-Low,Europe,Mobile,Silver,Organic Search,205,9139.69,77.4,3
CUST02855,44,Female,Master,Medium-Low,Europe,Desktop,Silver,Social Media,662,22644.46,81.0,3
CUST02856,33,Male,Bachelor,Medium,North America,Desktop,Bronze,Paid Search,352,6129.79,37.7,4
CUST02857,37,Male,Bachelor,High,Europe,Mobile,Gold,Social Media,930,22271.85,62.5,11
CUST02858,45,Female,Master,Medium-Low,North America,Tablet,Silver,Organic Search,601,16378.32,63.0,2
CUST02859,33,Female,Master,Medium,North America,Tablet,Bronze,Display Ads,322,1537.64,73.1,2
CUST02860,37,Male,Master,Medium-Low,Europe,Mobile,Silver,Referral,311,4604.71,43.3,3
CUST02861,31,Male,Associate,Medium-High,North America,Mobile,Gold,Organic Search,396,19634.46,76.3,11
CUST02862,30,Female,PhD,Medium,Europe,Mobile,Bronze,Organic Search,1095,3737.62,52.7,1
CUST02863,37,Male,Bachelor,High,Europe,Desktop,Gold,Display Ads,907,22240.18,85.8,4
CUST02864,32,Female,Bachelor,Medium-High,Europe,Desktop,Gold,Email,134,47551.29,65.2,12
CUST02865,33,Female,High School,Medium-High,Middle East,Desktop,Gold,Social Media,565,25803.44,99.5,7
CUST02866,41,Male,High School,Medium-Low,Europe,Desktop,Gold,Paid Search,365,7307.78,99.1,5
CUST02867,34,Female,Bachelor,Medium-Low,Europe,Desktop,Silver,Email,427,4641.61,49.8,5
CUST02868,29,Male,High School,Medium,Latin America,Mobile,Bronze,Email,239,2366.59,82.4,2
CUST02869,34,Male,Bachelor,Medium-High,North America,Tablet,Platinum,Social Media,257,2929.58,98.1,11
CUST02870,41,Female,High School,Low,Asia-Pacific,Mobile,Bronze,Organic Search,118,10479.03,78.9,2
CUST02871,41,Male,Master,Medium,Europe,Mobile,Bronze,Organic Search,134,2304.94,57.4,3
CUST02872,45,Female,Bachelor,Medium-High,Europe,Mobile,Gold,Organic Search,769,12475.17,95.2,6
CUST02873,34,Female,Master,Medium-Low,Middle East,Mobile,Bronze,Social Media,630,7276.56,44.2,1
CUST02874,39,Female,Master,Medium,Middle East,Mobile,Bronze,Direct,9,14731.4,48.0,1
CUST02875,32,Male,PhD,Medium-Low,North America,Mobile,Silver,Social Media,374,7544.93,58.7,1
CUST02876,39,Female,High School,Low,North America,Mobile,Gold,Direct,13,39822.01,97.8,7
CUST02877,47,Non-binary,PhD,Medium,Europe,Mobile,Gold,Paid Search,507,2768.34,55.7,7
CUST02878,42,Female,Bachelor,Medium-High,Europe,Desktop,Bronze,Email,21,8093.01,31.3,0
CUST02879,40,Female,Bachelor,High,North America,Desktop,Silver,Referral,749,20451.77,52.1,1
CUST02880,37,Male,PhD,High,North America,Mobile,Platinum,Social Media,1095,11805.65,59.9,9
CUST02881,52,Male,Associate,Medium-High,Europe,Mobile,Platinum,Organic Search,1095,41572.52,66.6,12
CUST02882,42,Male,Bachelor,Medium,North America,Desktop,Platinum,Social Media,1095,29516.15,84.0,12
CUST02883,41,Male,Bachelor,High,North America,Desktop,Platinum,Paid Search,774,7284.05,78.5,7
CUST02884,38,Female,PhD,Medium-High,North America,Mobile,Gold,Referral,469,16440.68,75.4,7
CUST02885,32,Male,Associate,Medium-Low,Europe,Mobile,Bronze,Social Media,742,7855.17,56.5,2
CUST02886,36,Male,High School,Medium,Middle East,Desktop,Bronze,Organic Search,366,3859.09,85.8,0
CUST02887,41,Male,High School,Medium,Latin America,Desktop,Platinum,Organic Search,391,16556.21,50.5,17
CUST02888,37,Male,Associate,Medium-Low,North America,Mobile,Bronze,Social Media,59,3344.76,44.2,2
CUST02889,53,Female,Associate,Medium-Low,Europe,Desktop,Platinum,Organic Search,6,31177.18,54.5,6
CUST02890,41,Female,Bachelor,Medium,Europe,Mobile,Bronze,Social Media,698,3682.9,51.2,2
CUST02891,48,Male,PhD,Medium-High,Asia-Pacific,Desktop,Platinum,Direct,160,23815.55,73.2,15
CUST02892,33,Male,Master,Medium,North America,Mobile,Gold,Paid Search,1095,11345.19,74.2,5
CUST02893,29,Male,Bachelor,Medium-Low,Asia-Pacific,Mobile,Silver,Organic Search,33,20007.79,64.0,6
CUST02894,31,Male,High School,Medium,Middle East,Mobile,Platinum,Social Media,237,19266.96,68.3,8
CUST02895,37,Male,Associate,Medium,Europe,Mobile,Bronze,Direct,445,4884.16,30.8,3
CUST02896,31,Male,Bachelor,Medium,Asia-Pacific,Mobile,Bronze,Direct,171,3156.28,43.3,6
CUST02897,45,Female,Master,Medium-Low,North America,Mobile,Bronze,Organic Search,38,908.21,79.9,6
CUST02898,37,Female,Master,Low,Asia-Pacific,Mobile,Bronze,Direct,388,2451.63,77.4,1
CUST02899,42,Male,Master,Medium-Low,Europe,Desktop,Silver,Social Media,170,6501.53,44.0,5
CUST02900,37,Male,Master,Medium-Low,Europe,Desktop,Bronze,Social Media,14,6164.39,97.2,1
CUST02901,40,Male,Bachelor,Medium,Europe,Desktop,Silver,Email,84,10468.25,33.1,1
CUST02902,25,Male,PhD,Medium,North America,Mobile,Bronze,Paid Search,100,4171.82,92.6,1
CUST02903,27,Female,Master,Medium-Low,Europe,Desktop,Bronze,Direct,609,6745.85,70.1,3
CUST02904,42,Male,High School,Medium-High,Middle East,Mobile,Platinum,Organic Search,102,6187.37,71.3,7
CUST02905,41,Male,Master,Medium,Asia-Pacific,Mobile,Gold,Paid Search,135,35492.8,84.9,8
CUST02906,32,Female,Master,Medium-Low,Middle East,Mobile,Silver,Referral,309,9973.55,63.7,4
CUST02907,21,Male,High School,Medium,North America,Desktop,Bronze,Direct,337,3605.48,35.9,3
CUST02908,37,Female,High School,Medium-Low,North America,Mobile,Bronze,Email,340,2350.22,71.4,2
CUST02909,39,Male,Bachelor,Medium-Low,North America,Desktop,Bronze,Email,85,6103.23,98.8,2
CUST02910,37,Male,Bachelor,Medium-High,Latin America,Desktop,Gold,Display Ads,90,26605.07,96.7,5
CUST02911,35,Male,PhD,Low,North America,Desktop,Silver,Social Media,150,12137.17,73.8,3
CUST02912,42,Male,PhD,Medium-High,Latin America,Mobile,Platinum,Referral,328,38514.05,53.6,7
CUST02913,36,Male,Bachelor,High,Europe,Mobile,Platinum,Direct,335,11242.52,78.5,11
CUST02914,38,Female,Bachelor,Medium-High,Europe,Tablet,Gold,Organic Search,1095,19729.59,68.3,7
CUST02915,37,Female,Bachelor,Medium,Asia-Pacific,Desktop,Bronze,Direct,96,4564.71,73.4,3
CUST02916,37,Male,PhD,Low,North America,Mobile,Platinum,Social Media,992,50429.92,97.4,10
CUST02917,49,Female,High School,Medium-High,Latin America,Mobile,Platinum,Paid Search,1095,89574.08,52.6,14
CUST02918,36,Male,Master,Medium-High,Europe,Mobile,Gold,Display Ads,859,53440.52,42.9,5
CUST02919,38,Female,Master,Medium-High,Latin America,Mobile,Platinum,Display Ads,436,14858.43,41.8,16
CUST02920,34,Male,Bachelor,Low,Asia-Pacific,Desktop,Gold,Organic Search,398,15272.48,72.4,6
CUST02921,31,Male,High School,Low,North America,Mobile,Bronze,Organic Search,41,1908.36,30.9,2
CUST02922,26,Female,Associate,Medium-Low,North America,Desktop,Bronze,Social Media,4,1772.87,95.4,3
CUST02923,30,Male,PhD,Medium,North America,Desktop,Gold,Paid Search,301,16111.4,76.0,8
CUST02924,33,Female,Bachelor,Medium,Latin America,Mobile,Gold,Display Ads,1088,14032.98,83.8,11
CUST02925,38,Female,Bachelor,High,Latin America,Desktop,Platinum,Organic Search,75,7112.17,30.2,12
CUST02926,37,Female,Bachelor,Medium-High,Latin America,Desktop,Gold,Social Media,9,37256.23,45.6,4
CUST02927,41,Female,Master,Medium,Europe,Mobile,Gold,Referral,6,4661.48,42.8,6
CUST02928,44,Male,High School,High,North America,Desktop,Platinum,Social Media,145,25787.76,63.8,8
CUST02929,30,Male,Associate,Medium,North America,Mobile,Silver,Social Media,781,7720.96,51.0,7
CUST02930,34,Female,Associate,Medium-Low,North America,Desktop,Silver,Organic Search,85,21611.74,90.3,5
CUST02931,32,Male,Bachelor,Medium-High,Asia-Pacific,Desktop,Silver,Email,231,23219.32,30.2,9
CUST02932,33,Female,Bachelor,Medium,North America,Mobile,Silver,Paid Search,148,12992.39,97.9,6
CUST02933,43,Male,Bachelor,Medium,Europe,Desktop,Gold,Social Media,268,15668.57,90.8,13
CUST02934,22,Female,PhD,Medium,North America,Desktop,Bronze,Paid Search,137,8297.34,41.6,4
CUST02935,38,Male,Master,Medium-High,Asia-Pacific,Mobile,Platinum,Organic Search,1095,18743.3,83.5,6
CUST02936,52,Female,Bachelor,Medium,Europe,Mobile,Silver,Organic Search,15,13592.62,72.4,5
CUST02937,46,Male,Master,Medium-High,Asia-Pacific,Mobile,Platinum,Paid Search,63,9159.04,62.7,12
CUST02938,34,Male,Master,Medium-Low,North America,Desktop,Silver,Paid Search,979,10556.17,33.3,0
CUST02939,40,Female,Bachelor,High,Europe,Desktop,Platinum,Paid Search,260,21091.24,45.4,9
CUST02940,42,Female,PhD,Medium-High,North America,Desktop,Platinum,Direct,977,14039.41,91.6,12
CUST02941,38,Female,Bachelor,Medium-Low,Asia-Pacific,Mobile,Gold,Organic Search,174,15147.48,64.9,6
CUST02942,33,Male,Associate,Medium,Europe,Mobile,Silver,Email,190,6625.33,91.8,3
CUST02943,38,Male,Bachelor,Medium-High,North America,Tablet,Platinum,Organic Search,417,14598.98,58.0,16
CUST02944,37,Male,Associate,Medium-Low,Europe,Desktop,Platinum,Email,151,87598.45,82.4,12
CUST02945,45,Male,Bachelor,Medium,North America,Desktop,Platinum,Direct,494,56504.29,36.3,13
CUST02946,46,Female,Bachelor,Medium,North America,Mobile,Gold,Display Ads,75,10932.42,58.2,6
CUST02947,45,Male,Bachelor,Medium,Europe,Desktop,Platinum,Direct,303,41513.2,74.0,16
CUST02948,41,Female,Master,Medium-Low,North America,Desktop,Bronze,Organic Search,11,2308.11,84.2,2
CUST02949,28,Male,PhD,Medium-Low,Europe,Mobile,Bronze,Email,234,3992.64,93.0,3
CUST02950,43,Male,Bachelor,High,North America,Desktop,Platinum,Organic Search,122,46171.31,54.1,8
CUST02951,31,Male,High School,Medium,North America,Mobile,Bronze,Direct,429,3044.22,85.6,1
CUST02952,40,Male,Associate,Medium,Middle East,Desktop,Gold,Direct,275,54859.55,78.0,6
CUST02953,44,Male,Bachelor,Medium-High,Europe,Tablet,Gold,Direct,11,17951.51,74.7,6
CUST02954,34,Female,PhD,Low,Europe,Tablet,Gold,Social Media,252,12946.37,77.3,4
CUST02955,38,Male,Master,Medium-High,Asia-Pacific,Desktop,Gold,Email,16,3146.38,39.2,9
CUST02956,35,Female,Bachelor,Medium,Europe,Mobile,Silver,Organic Search,94,5514.63,34.1,5
CUST02957,30,Female,High School,Medium,North America,Desktop,Bronze,Display Ads,310,3428.61,96.4,1
CUST02958,40,Female,Associate,Low,Asia-Pacific,Desktop,Silver,Referral,364,13572.81,49.7,4
CUST02959,51,Male,Bachelor,Medium-High,North America,Mobile,Gold,Social Media,4,22525.92,80.7,7
CUST02960,30,Female,Associate,Medium,Asia-Pacific,Desktop,Silver,Referral,132,4822.32,57.4,8
CUST02961,45,Male,Master,Medium-High,Latin America,Mobile,Silver,Direct,1095,18950.1,91.7,7
CUST02962,45,Male,Bachelor,Medium,North America,Mobile,Silver,Social Media,273,4966.4,93.8,1
CUST02963,36,Male,Associate,Medium,Latin America,Mobile,Silver,Organic Search,178,9127.86,66.4,5
CUST02964,36,Male,Master,Medium-High,Asia-Pacific,Desktop,Silver,Paid Search,886,17267.1,73.3,3
CUST02965,35,Male,Bachelor,Medium-High,North America,Desktop,Gold,Email,1064,5705.77,85.5,5
CUST02966,42,Male,PhD,Medium-Low,Europe,Mobile,Silver,Social Media,221,6130.83,36.9,4
CUST02967,24,Male,Master,High,North America,Mobile,Bronze,Email,223,1842.68,55.9,1
CUST02968,34,Female,High School,Medium,Europe,Desktop,Gold,Referral,438,44378.42,57.6,13
CUST02969,38,Male,Associate,Medium-Low,Asia-Pacific,Desktop,Bronze,Social Media,550,2116.67,55.4,1
CUST02970,31,Female,Associate,Medium,North America,Mobile,Bronze,Organic Search,1095,1748.75,32.1,4
CUST02971,25,Non-binary,Associate,Medium-Low,Middle East,Desktop,Bronze,Organic Search,256,715.48,65.2,5
CUST02972,46,Female,PhD,Medium-Low,Europe,Desktop,Bronze,Referral,319,4041.8,86.0,2
CUST02973,42,Male,Bachelor,Medium-High,Europe,Desktop,Platinum,Organic Search,1095,75982.96,97.2,5
CUST02974,31,Male,Associate,Low,North America,Mobile,Bronze,Paid Search,781,14364.49,49.4,1
CUST02975,33,Male,Bachelor,Medium-Low,Middle East,Desktop,Silver,Email,47,2916.81,34.3,2
CUST02976,38,Male,High School,Medium-High,North America,Desktop,Platinum,Referral,257,42505.7,95.6,13
CUST02977,42,Female,Associate,Medium,Europe,Desktop,Bronze,Direct,1095,4273.31,85.4,2
CUST02978,51,Female,Master,High,Europe,Mobile,Platinum,Organic Search,618,49775.94,58.7,11
CUST02979,35,Male,Bachelor,Medium,Asia-Pacific,Mobile,Gold,Organic Search,348,17945.64,49.8,3
CUST02980,37,Female,Associate,Medium-Low,Latin America,Tablet,Silver,Referral,977,12344.05,46.1,1
CUST02981,35,Non-binary,Master,Medium,Europe,Desktop,Silver,Organic Search,437,1250.24,58.0,4
CUST02982,41,Female,Bachelor,Medium-High,North America,Mobile,Platinum,Social Media,596,28155.79,72.1,15
CUST02983,32,Female,Bachelor,Low,Latin America,Mobile,Silver,Social Media,63,2217.86,43.0,4
CUST02984,29,Male,Master,Medium,Latin America,Mobile,Gold,Organic Search,894,15731.1,98.5,12
CUST02985,43,Male,PhD,Medium-High,Europe,Desktop,Gold,Email,131,13456.65,63.1,7
CUST02986,28,Male,Bachelor,Low,Europe,Desktop,Bronze,Display Ads,441,9757.83,66.7,3
CUST02987,36,Female,Associate,Medium,Europe,Desktop,Silver,Paid Search,415,1191.69,91.2,3
CUST02988,34,Female,Associate,Medium,Middle East,Mobile,Silver,Paid Search,394,10520.42,65.7,3
CUST02989,32,Female,Bachelor,Medium-High,North America,Desktop,Bronze,Referral,1095,1698.67,37.8,3
CUST02990,36,Male,High School,Medium-Low,North America,Desktop,Bronze,Direct,1087,1662.56,30.6,2
CUST02991,62,Male,Bachelor,Medium,Asia-Pacific,Mobile,Platinum,Organic Search,192,34806.74,60.8,9
CUST02992,43,Male,Master,Low,Latin America,Mobile,Gold,Paid Search,145,9477.63,51.7,5
CUST02993,22,Female,High School,Medium,Asia-Pacific,Mobile,Bronze,Paid Search,34,2373.8,52.8,4
CUST02994,42,Female,Bachelor,Medium-High,Asia-Pacific,Desktop,Gold,Email,152,19918.41,98.7,12
CUST02995,44,Female,Master,Medium-High,Latin America,Mobile,Platinum,Social Media,52,27363.14,99.7,9
CUST02996,28,Male,PhD,Medium-High,Latin America,Desktop,Bronze,Referral,1038,3410.38,45.4,1
CUST02997,41,Male,Bachelor,Medium-Low,Asia-Pacific,Mobile,Silver,Organic Search,2,14162.12,40.8,3
CUST02998,45,Female,Associate,Medium-High,North America,Mobile,Gold,Paid Search,198,24721.93,51.7,6
CUST02999,39,Male,Bachelor,Medium-High,North America,Mobile,Gold,Display Ads,398,4134.09,82.4,2
CUST03000,36,Female,Bachelor,Medium-High,Europe,Mobile,Gold,Social Media,39,37752.41,98.2,9
CUST03001,30,Male,Associate,Medium,North America,Mobile,Bronze,Organic Search,283,3661.77,88.4,3
CUST03002,30,Male,Bachelor,Medium,Asia-Pacific,Mobile,Gold,Referral,328,8439.98,60.9,5
CUST03003,36,Male,PhD,Medium-High,North America,Mobile,Silver,Social Media,149,17092.82,66.7,5
CUST03004,30,Male,Bachelor,Medium-High,North America,Desktop,Gold,Social Media,184,2220.54,31.0,2
CUST03005,51,Male,High School,Medium-High,Latin America,Desktop,Platinum,Organic Search,423,32573.97,45.6,11
CUST03006,24,Male,High School,Medium,Asia-Pacific,Mobile,Bronze,Direct,510,1310.79,65.0,4
CUST03007,25,Male,Associate,Medium,Europe,Desktop,Bronze,Social Media,995,3119.69,30.7,1
CUST03008,33,Male,Bachelor,Medium-Low,Latin America,Mobile,Bronze,Email,667,1848.3,83.2,1
CUST03009,32,Male,High School,Medium,North America,Mobile,Gold,Social Media,384,10936.48,57.6,5
CUST03010,38,Female,Bachelor,Medium,Europe,Mobile,Bronze,Social Media,536,1939.47,43.8,2
CUST03011,35,Female,Associate,Medium,Asia-Pacific,Mobile,Silver,Paid Search,1095,2461.23,90.9,3
CUST03012,50,Male,Master,Medium-High,Asia-Pacific,Mobile,Platinum,Referral,55,20989.29,99.5,7
CUST03013,34,Female,High School,Medium-Low,Middle East,Mobile,Bronze,Organic Search,63,6018.12,83.9,5
CUST03014,38,Male,Master,Medium-High,Europe,Desktop,Gold,Referral,65,14766.32,35.7,8
CUST03015,35,Male,Bachelor,High,Europe,Desktop,Platinum,Organic Search,291,29147.33,85.8,8
CUST03016,31,Male,Master,Medium-Low,Asia-Pacific,Mobile,Bronze,Organic Search,146,14246.75,34.2,1
CUST03017,39,Female,Bachelor,Medium,Asia-Pacific,Mobile,Platinum,Direct,1095,23967.45,75.0,13
CUST03018,34,Female,Master,Medium,Asia-Pacific,Mobile,Silver,Paid Search,47,17688.4,67.1,7
CUST03019,47,Female,Master,Medium-High,Asia-Pacific,Mobile,Silver,Display Ads,878,7577.59,64.6,8
CUST03020,48,Female,Associate,Medium,Europe,Desktop,Gold,Referral,268,5566.27,98.4,7
CUST03021,27,Male,PhD,Medium-Low,Europe,Mobile,Silver,Paid Search,88,1309.72,41.3,7
CUST03022,40,Female,Bachelor,Low,Europe,Desktop,Bronze,Social Media,70,7399.34,98.9,1
CUST03023,31,Male,High School,Medium-Low,Asia-Pacific,Desktop,Bronze,Display Ads,1095,1478.49,98.7,1
CUST03024,36,Female,Master,Medium-High,Latin America,Mobile,Gold,Email,538,10783.83,53.9,7
CUST03025,45,Male,High School,Medium-High,Asia-Pacific,Mobile,Platinum,Organic Search,141,19600.95,64.1,11
CUST03026,40,Female,PhD,High,North America,Mobile,Gold,Social Media,1095,15704.53,51.6,5
CUST03027,41,Female,Master,Medium-Low,North America,Mobile,Silver,Social Media,727,10154.7,76.7,3
CUST03028,37,Female,Master,Medium-Low,North America,Desktop,Silver,Referral,3,6511.49,92.0,4
CUST03029,25,Female,PhD,Medium-High,North America,Mobile,Bronze,Email,258,3327.85,66.5,3
CUST03030,37,Female,High School,Medium-Low,Asia-Pacific,Mobile,Silver,Email,705,7088.41,46.2,3
CUST03031,42,Female,High School,Medium-High,North America,Mobile,Platinum,Organic Search,115,26479.93,84.5,12
CUST03032,43,Female,High School,Medium-High,North America,Mobile,Bronze,Referral,43,4652.82,73.7,6
CUST03033,38,Female,PhD,Medium-High,North America,Desktop,Gold,Email,1095,8456.92,34.7,3
CUST03034,42,Female,PhD,High,Latin America,Mobile,Gold,Referral,131,30497.97,63.5,5
CUST03035,34,Male,Bachelor,High,Latin America,Mobile,Platinum,Email,362,55613.8,30.0,8
CUST03036,40,Female,Associate,Medium-Low,North America,Mobile,Gold,Direct,370,17185.92,98.2,4
CUST03037,39,Female,Bachelor,Medium-High,North America,Desktop,Silver,Referral,1095,21089.79,36.8,2
CUST03038,32,Male,Master,Medium,Latin America,Mobile,Silver,Email,173,9148.84,30.2,7
CUST03039,31,Female,Associate,Medium-Low,Middle East,Desktop,Silver,Direct,624,7916.19,91.0,1
CUST03040,36,Female,High School,Medium-Low,Asia-Pacific,Tablet,Bronze,Social Media,415,5693.63,97.5,2
CUST03041,39,Male,Associate,Medium-Low,Latin America,Mobile,Bronze,Email,211,7933.26,94.3,3
CUST03042,33,Female,High School,High,Europe,Desktop,Platinum,Direct,35,61282.4,74.8,12
CUST03043,37,Female,Bachelor,Low,North America,Tablet,Gold,Social Media,279,23462.78,62.8,11
CUST03044,38,Male,Associate,Medium,Asia-Pacific,Mobile,Silver,Email,873,16703.69,90.8,3
CUST03045,42,Female,High School,Medium,North America,Mobile,Silver,Direct,19,9869.04,65.3,2
CUST03046,27,Female,Bachelor,Medium-Low,Asia-Pacific,Mobile,Silver,Referral,1095,12556.56,86.1,4
CUST03047,39,Female,Associate,Medium,North America,Desktop,Silver,Social Media,522,10447.13,66.9,2
CUST03048,34,Female,High School,Medium,Latin America,Mobile,Bronze,Organic Search,106,11930.67,94.1,4
CUST03049,44,Male,High School,Medium,Europe,Mobile,Silver,Organic Search,1095,8373.33,56.6,5
CUST03050,38,Female,Master,Low,North America,Desktop,Bronze,Social Media,389,1299.02,48.1,4
CUST03051,48,Male,Bachelor,Medium,North America,Mobile,Platinum,Social Media,285,6958.49,76.8,11
CUST03052,26,Male,Associate,Medium-High,North America,Mobile,Bronze,Organic Search,936,11955.04,82.6,2
CUST03053,37,Female,Bachelor,Medium-High,North America,Desktop,Bronze,Referral,202,6128.04,39.5,1
CUST03054,32,Female,High School,Medium,North America,Mobile,Silver,Social Media,47,4690.29,57.0,6
CUST03055,47,Male,Master,Medium-Low,Middle East,Mobile,Silver,Organic Search,186,4944.36,73.6,4
CUST03056,31,Female,Bachelor,Medium,Europe,Desktop,Silver,Display Ads,50,18468.82,67.4,2
CUST03057,40,Male,Associate,Medium,Latin America,Desktop,Gold,Paid Search,69,13750.8,86.3,9
CUST03058,39,Female,Bachelor,Medium,Asia-Pacific,Desktop,Bronze,Display Ads,180,1839.42,47.5,5
CUST03059,35,Male,Master,Medium-Low,Europe,Mobile,Bronze,Direct,374,4563.45,99.6,2
CUST03060,53,Female,Bachelor,Medium,North America,Mobile,Gold,Organic Search,385,29632.01,33.3,11
CUST03061,38,Female,Master,Medium-High,Europe,Mobile,Silver,Organic Search,693,12375.33,49.8,2
CUST03062,26,Male,Bachelor,Medium,North America,Desktop,Silver,Display Ads,552,14415.6,59.6,11
CUST03063,40,Male,High School,Medium,North America,Tablet,Platinum,Direct,1095,69866.71,73.2,12
CUST03064,38,Male,Master,Medium,Europe,Desktop,Silver,Referral,247,7337.25,93.4,0
CUST03065,39,Female,Bachelor,Medium,Latin America,Mobile,Platinum,Organic Search,186,28813.86,37.9,8
CUST03066,42,Female,Master,High,North America,Mobile,Platinum,Direct,1095,52817.08,46.0,9
CUST03067,38,Male,High School,Low,Europe,Mobile,Silver,Social Media,1095,11257.17,43.1,4
CUST03068,41,Male,Master,Low,North America,Mobile,Bronze,Social Media,1095,3527.33,82.7,0
CUST03069,39,Female,Bachelor,Medium,Europe,Mobile,Gold,Social Media,391,43898.84,53.9,5
CUST03070,46,Female,Associate,Low,North America,Mobile,Gold,Organic Search,429,45639.11,92.8,8
CUST03071,39,Female,High School,Medium,Middle East,Mobile,Bronze,Email,0,2769.38,62.6,5
CUST03072,38,Male,Bachelor,Medium-High,Asia-Pacific,Mobile,Gold,Organic Search,555,6460.03,61.0,5
CUST03073,42,Male,High School,Medium,Middle East,Mobile,Platinum,Direct,129,22345.59,83.5,10
CUST03074,40,Male,Master,Medium,Europe,Desktop,Platinum,Organic Search,4,50469.9,49.6,7
CUST03075,32,Female,PhD,Low,North America,Mobile,Bronze,Organic Search,1005,3463.64,50.8,4
CUST03076,30,Male,Bachelor,Medium-High,Europe,Mobile,Silver,Email,483,8176.23,88.9,5
CUST03077,18,Female,Bachelor,Medium-High,North America,Desktop,Silver,Direct,831,7869.54,48.8,3
CUST03078,40,Male,Bachelor,Medium-High,North America,Mobile,Gold,Direct,759,13927.4,81.6,4
CUST03079,43,Non-binary,Bachelor,Medium,Europe,Mobile,Platinum,Social Media,662,54408.27,95.0,10
CUST03080,36,Male,Bachelor,High,North America,Desktop,Gold,Email,59,24758.75,45.2,5
CUST03081,38,Female,Master,Medium,Middle East,Mobile,Gold,Organic Search,282,24980.39,31.2,4
CUST03082,36,Female,Master,Medium,North America,Desktop,Platinum,Organic Search,293,25423.85,80.8,12
CUST03083,29,Male,Bachelor,Medium-Low,Europe,Mobile,Silver,Social Media,409,6126.3,45.5,2
CUST03084,34,Male,High School,High,Europe,Mobile,Platinum,Paid Search,297,25210.8,30.2,17
CUST03085,34,Male,Bachelor,Medium-Low,North America,Mobile,Bronze,Organic Search,1095,5114.16,97.9,2
CUST03086,38,Female,High School,Medium,Latin America,Mobile,Gold,Paid Search,28,7920.61,64.5,5
CUST03087,38,Female,Master,Medium,Europe,Mobile,Silver,Social Media,48,2834.65,53.8,7
CUST03088,32,Male,PhD,Medium,Europe,Desktop,Bronze,Referral,856,3224.14,76.6,2
CUST03089,32,Female,Associate,Medium-Low,North America,Mobile,Silver,Social Media,823,13423.16,81.3,3
CUST03090,36,Female,High School,Medium-High,North America,Desktop,Gold,Social Media,682,43227.67,65.8,8
CUST03091,41,Female,Bachelor,High,Latin America,Desktop,Bronze,Social Media,481,3088.62,46.3,1
CUST03092,32,Male,PhD,Low,Middle East,Mobile,Bronze,Email,629,840.43,46.2,3
CUST03093,41,Female,Bachelor,Low,Asia-Pacific,Desktop,Gold,Email,727,12913.61,62.6,7
CUST03094,52,Male,Master,Medium,North America,Mobile,Gold,Email,39,30995.8,57.1,10
CUST03095,40,Male,Associate,Low,Europe,Mobile,Bronze,Display Ads,404,2989.39,85.2,2
CUST03096,41,Female,High School,Low,Middle East,Tablet,Silver,Paid Search,194,8227.09,85.2,8
CUST03097,33,Female,Bachelor,Medium-High,Europe,Desktop,Bronze,Paid Search,316,7137.13,42.2,1
CUST03098,33,Male,Bachelor,Medium,North America,Mobile,Silver,Direct,173,17552.68,47.4,6
CUST03099,37,Male,PhD,Medium,Europe,Mobile,Gold,Display Ads,268,21387.88,30.5,7
CUST03100,35,Male,Master,Medium-High,North America,Mobile,Bronze,Email,40,3989.58,55.7,1
CUST03101,39,Male,PhD,Medium,Europe,Mobile,Silver,Organic Search,225,8698.82,83.5,5
CUST03102,18,Male,Bachelor,Medium,Asia-Pacific,Mobile,Bronze,Organic Search,108,2300.55,32.1,2
CUST03103,31,Male,High School,Medium,North America,Mobile,Bronze,Email,107,2750.9,80.4,0
CUST03104,39,Female,Bachelor,Medium,Asia-Pacific,Desktop,Silver,Organic Search,249,11356.15,57.1,6
CUST03105,47,Female,PhD,Medium-Low,North America,Mobile,Gold,Paid Search,0,52240.1,36.5,7
CUST03106,46,Female,PhD,Medium-Low,Europe,Desktop,Silver,Referral,170,10644.22,37.0,8
CUST03107,43,Female,Bachelor,Medium-High,Europe,Desktop,Gold,Organic Search,99,13804.11,77.8,9
CUST03108,48,Male,Bachelor,Medium-Low,North America,Desktop,Bronze,Social Media,296,3967.92,84.7,2
CUST03109,37,Female,Associate,Medium,Asia-Pacific,Mobile,Gold,Referral,35,22796.72,46.0,6
CUST03110,33,Female,Bachelor,Medium,Europe,Desktop,Bronze,Referral,316,3771.93,37.0,3
CUST03111,35,Male,Bachelor,Medium,North America,Desktop,Gold,Referral,272,18274.35,51.9,7
CUST03112,31,Male,Master,Medium-High,Latin America,Desktop,Gold,Referral,73,20214.47,81.2,4
CUST03113,37,Male,Bachelor,Low,Asia-Pacific,Desktop,Silver,Direct,424,6003.71,77.7,4
CUST03114,28,Female,PhD,Medium,Latin America,Desktop,Silver,Paid Search,739,640.65,94.6,4
CUST03115,21,Non-binary,High School,High,North America,Mobile,Gold,Referral,766,31735.32,49.4,7
CUST03116,43,Male,Bachelor,High,North America,Desktop,Platinum,Email,475,43863.1,55.2,11
CUST03117,40,Male,Bachelor,Low,Latin America,Mobile,Gold,Organic Search,261,10047.84,31.9,6
CUST03118,29,Male,Bachelor,Medium-Low,Middle East,Mobile,Bronze,Organic Search,942,4331.82,75.3,0
CUST03119,38,Male,Bachelor,Medium-High,North America,Desktop,Platinum,Paid Search,14,33592.78,68.9,12
CUST03120,37,Female,PhD,High,North America,Mobile,Silver,Email,68,6762.73,58.7,3
CUST03121,40,Female,PhD,Low,North America,Mobile,Platinum,Organic Search,72,10487.58,72.0,10
CUST03122,44,Male,Bachelor,Medium,Europe,Mobile,Bronze,Direct,464,610.64,31.6,2
CUST03123,31,Male,Master,Medium,Asia-Pacific,Desktop,Gold,Direct,179,1954.63,36.3,8
CUST03124,29,Female,High School,Medium,Europe,Desktop,Bronze,Organic Search,223,3525.35,80.3,4
CUST03125,37,Female,Associate,High,Latin America,Desktop,Platinum,Social Media,168,30510.92,52.4,11
CUST03126,36,Female,Bachelor,Medium,Middle East,Mobile,Silver,Social Media,361,7634.95,67.2,9
CUST03127,44,Female,Associate,Medium,Asia-Pacific,Mobile,Gold,Social Media,28,13578.16,94.8,6
CUST03128,43,Female,Master,Medium-Low,North America,Mobile,Silver,Email,341,4559.32,74.2,5
CUST03129,48,Male,Associate,Low,Middle East,Mobile,Platinum,Direct,293,45884.24,79.4,20
CUST03130,41,Male,Bachelor,Medium,Asia-Pacific,Mobile,Gold,Organic Search,163,17214.46,77.0,7
CUST03131,45,Male,High School,Medium-Low,North America,Mobile,Gold,Email,30,8715.92,32.6,9
CUST03132,30,Male,Master,Medium,North America,Desktop,Gold,Display Ads,19,19119.11,43.4,7
CUST03133,33,Male,Associate,Low,North America,Mobile,Silver,Direct,395,6854.19,55.9,2
CUST03134,37,Male,PhD,Medium-Low,Europe,Mobile,Silver,Social Media,649,3839.48,91.2,3
CUST03135,47,Male,Bachelor,Medium,Middle East,Desktop,Gold,Organic Search,375,12476.74,80.0,7
CUST03136,35,Male,Bachelor,Medium-Low,Europe,Desktop,Silver,Social Media,51,12679.97,78.6,5
CUST03137,40,Female,Master,Medium-High,North America,Mobile,Gold,Paid Search,855,85103.64,51.1,3
CUST03138,28,Female,Bachelor,Medium,North America,Tablet,Gold,Email,568,16012.47,72.0,6
CUST03139,46,Female,Bachelor,High,North America,Mobile,Platinum,Direct,397,55990.85,95.1,8
CUST03140,32,Female,PhD,Medium-High,Latin America,Mobile,Silver,Social Media,17,3123.67,43.1,6
CUST03141,34,Male,Master,Medium-High,North America,Mobile,Gold,Social Media,456,39454.74,42.0,8
CUST03142,33,Non-binary,Bachelor,Medium-Low,Asia-Pacific,Mobile,Bronze,Social Media,662,9002.96,81.8,4
CUST03143,32,Female,Bachelor,Medium,Latin America,Desktop,Bronze,Organic Search,731,3263.83,83.5,2
CUST03144,36,Male,Master,Medium-Low,Europe,Mobile,Silver,Direct,206,3905.6,77.6,4
CUST03145,46,Male,Associate,Medium-High,Europe,Desktop,Platinum,Display Ads,22,43376.93,34.8,12
CUST03146,35,Female,Bachelor,Medium-High,Europe,Mobile,Gold,Display Ads,114,29097.3,81.4,5
CUST03147,37,Male,Bachelor,Medium-Low,Latin America,Mobile,Bronze,Social Media,146,2054.78,99.0,2
CUST03148,45,Male,Associate,Medium,Europe,Desktop,Platinum,Social Media,175,5945.19,95.2,9
CUST03149,32,Male,Bachelor,Medium-Low,Middle East,Mobile,Bronze,Paid Search,512,788.35,32.0,2
CUST03150,33,Male,Master,Medium,North America,Desktop,Bronze,Social Media,192,2337.45,30.4,1
CUST03151,44,Male,Bachelor,Medium-High,North America,Mobile,Gold,Social Media,121,23313.48,47.1,8
CUST03152,42,Female,High School,Medium-High,North America,Mobile,Platinum,Direct,595,39639.9,69.0,12
CUST03153,35,Female,Associate,Medium-High,North America,Mobile,Platinum,Social Media,943,54856.47,79.4,15
CUST03154,31,Female,Bachelor,Medium,North America,Mobile,Silver,Organic Search,325,20520.07,94.8,3
CUST03155,34,Male,PhD,Medium,North America,Desktop,Silver,Social Media,51,23688.63,83.9,6
CUST03156,37,Female,Bachelor,Medium-Low,Asia-Pacific,Desktop,Bronze,Paid Search,89,5467.19,75.0,5
CUST03157,30,Male,Master,Medium-Low,Europe,Tablet,Bronze,Email,40,4453.49,45.6,3
CUST03158,38,Male,Bachelor,Medium-High,North America,Desktop,Gold,Paid Search,26,14357.11,32.6,11
CUST03159,43,Male,PhD,Medium-High,Latin America,Mobile,Platinum,Direct,825,28721.05,30.9,14
CUST03160,42,Male,PhD,High,Asia-Pacific,Mobile,Silver,Organic Search,740,5803.21,67.2,4
CUST03161,33,Female,Bachelor,Medium,Middle East,Desktop,Gold,Organic Search,732,16655.54,98.9,9
CUST03162,32,Male,Bachelor,Medium-Low,Latin America,Mobile,Silver,Display Ads,462,730.53,51.2,2
CUST03163,31,Female,Associate,Medium-Low,Europe,Mobile,Silver,Email,17,7617.72,78.3,10
CUST03164,38,Non-binary,High School,High,North America,Desktop,Silver,Direct,502,3022.1,51.6,4
CUST03165,30,Non-binary,PhD,Medium,Asia-Pacific,Mobile,Silver,Social Media,626,10919.49,43.4,7
CUST03166,28,Male,Master,Low,Latin America,Mobile,Silver,Organic Search,218,14884.45,76.0,1
CUST03167,45,Female,Master,Medium,Asia-Pacific,Tablet,Bronze,Social Media,294,1972.08,47.7,1
CUST03168,39,Male,Master,Medium-High,North America,Mobile,Gold,Paid Search,373,6307.46,89.7,6
CUST03169,41,Male,Bachelor,Medium-High,Middle East,Mobile,Silver,Social Media,23,27430.49,56.2,8
CUST03170,43,Male,Bachelor,Medium-Low,Europe,Mobile,Platinum,Social Media,121,21045.65,76.0,8
CUST03171,38,Female,Bachelor,Medium,Europe,Desktop,Silver,Social Media,1095,5812.95,82.9,4
CUST03172,51,Male,Master,Medium,Asia-Pacific,Mobile,Silver,Paid Search,662,3007.21,73.8,3
CUST03173,47,Female,Master,Medium-Low,Latin America,Mobile,Gold,Organic Search,81,7791.93,68.7,5
CUST03174,20,Male,Bachelor,High,Asia-Pacific,Tablet,Silver,Social Media,85,6212.71,94.7,4
CUST03175,51,Female,High School,Medium-High,North America,Mobile,Platinum,Direct,288,27791.08,78.8,14
CUST03176,28,Female,Bachelor,Medium,Asia-Pacific,Mobile,Bronze,Email,92,6717.06,50.1,2
CUST03177,34,Non-binary,Bachelor,Medium,Europe,Tablet,Gold,Social Media,533,20823.92,92.9,5
CUST03178,46,Male,PhD,Medium-High,Asia-Pacific,Mobile,Gold,Direct,94,54081.34,47.8,3
CUST03179,41,Female,High School,Medium-High,Asia-Pacific,Desktop,Gold,Social Media,1095,15337.14,84.6,4
CUST03180,28,Female,Associate,Medium-Low,Latin America,Mobile,Bronze,Email,42,6947.33,77.4,1
CUST03181,50,Female,High School,Medium-High,Europe,Mobile,Platinum,Referral,622,20817.59,58.0,14
CUST03182,27,Male,Master,Medium,Europe,Desktop,Bronze,Display Ads,42,2226.13,73.5,2
CUST03183,32,Female,Bachelor,Medium-Low,Latin America,Tablet,Bronze,Organic Search,225,14267.4,72.4,2
CUST03184,29,Male,Bachelor,High,Latin America,Desktop,Bronze,Social Media,330,6108.71,77.3,5
CUST03185,48,Female,Bachelor,Medium-High,Middle East,Mobile,Platinum,Email,1095,8044.4,44.1,8
CUST03186,41,Male,Bachelor,Medium-High,Middle East,Tablet,Gold,Organic Search,47,42230.62,67.8,8
CUST03187,45,Female,Associate,Medium-High,North America,Tablet,Gold,Social Media,599,14547.49,93.3,6
CUST03188,35,Male,Master,Medium-Low,Europe,Desktop,Silver,Display Ads,176,10207.44,75.7,3
CUST03189,41,Male,PhD,Medium,Middle East,Mobile,Silver,Social Media,260,29331.97,59.1,3
CUST03190,39,Female,Bachelor,Medium-High,Asia-Pacific,Tablet,Platinum,Referral,445,30893.21,59.2,9
CUST03191,33,Female,Master,Medium,Asia-Pacific,Mobile,Silver,Social Media,101,12622.33,78.4,4
CUST03192,52,Male,Master,Medium,Asia-Pacific,Mobile,Gold,Organic Search,283,14684.39,35.9,6
CUST03193,36,Female,Associate,Medium,Middle East,Mobile,Silver,Paid Search,505,27343.29,87.6,5
CUST03194,30,Male,Bachelor,Medium,North America,Mobile,Bronze,Social Media,59,6077.76,51.4,2
CUST03195,31,Male,Associate,Medium-High,Europe,Desktop,Silver,Organic Search,206,6492.6,93.0,1
CUST03196,31,Female,Bachelor,Medium-High,North America,Mobile,Gold,Social Media,653,44390.32,51.6,7
CUST03197,32,Female,Master,Medium,Europe,Mobile,Silver,Paid Search,1095,11882.72,45.2,6
CUST03198,35,Male,PhD,Medium-High,North America,Desktop,Gold,Organic Search,73,8621.02,82.5,8
CUST03199,46,Female,PhD,Medium-Low,North America,Mobile,Gold,Direct,328,7904.55,75.5,5
CUST03200,57,Female,Associate,Medium,Asia-Pacific,Mobile,Platinum,Direct,145,26848.95,44.4,12
CUST03201,35,Male,Associate,Low,Europe,Mobile,Silver,Display Ads,636,14243.93,78.5,2
CUST03202,45,Female,Bachelor,Medium-High,Europe,Tablet,Gold,Display Ads,177,15884.35,33.5,7
CUST03203,52,Female,High School,Medium-High,North America,Desktop,Platinum,Organic Search,214,12684.64,70.9,7
CUST03204,33,Female,Associate,Medium-Low,North America,Mobile,Silver,Display Ads,657,7470.44,82.2,2
CUST03205,33,Female,Master,Medium,North America,Mobile,Bronze,Social Media,652,4312.89,93.7,3
CUST03206,47,Female,Associate,High,North America,Tablet,Platinum,Organic Search,10,54956.4,60.1,15
CUST03207,42,Male,PhD,Medium-High,Europe,Tablet,Platinum,Organic Search,1095,29742.95,42.3,5
CUST03208,34,Male,Associate,Medium,Asia-Pacific,Desktop,Silver,Social Media,1025,7530.92,64.3,3
CUST03209,24,Female,Associate,Medium,Middle East,Mobile,Silver,Social Media,243,3727.66,99.1,1
CUST03210,20,Male,Bachelor,High,Latin America,Mobile,Silver,Display Ads,30,12112.73,86.9,4
CUST03211,36,Female,Master,Medium-Low,Europe,Desktop,Silver,Social Media,139,4693.19,76.2,4
CUST03212,37,Male,Bachelor,Medium,Asia-Pacific,Mobile,Bronze,Direct,859,6288.26,69.4,3
CUST03213,27,Male,Master,Medium-High,Middle East,Mobile,Bronze,Social Media,308,7411.87,50.3,1
CUST03214,46,Female,Associate,Medium,Europe,Mobile,Bronze,Direct,431,2090.86,58.0,0
CUST03215,31,Male,Bachelor,High,Europe,Mobile,Bronze,Direct,54,4770.05,53.0,0
CUST03216,41,Female,Bachelor,Medium-High,North America,Mobile,Platinum,Organic Search,1095,32538.83,58.1,10
CUST03217,40,Female,Master,Medium-Low,Asia-Pacific,Desktop,Silver,Email,98,3659.73,58.4,0
CUST03218,36,Male,Bachelor,Medium-High,Latin America,Mobile,Silver,Organic Search,643,33161.21,79.4,0
CUST03219,37,Female,Bachelor,Low,Europe,Mobile,Platinum,Social Media,532,14528.97,94.6,6
CUST03220,32,Male,Master,Medium,North America,Mobile,Gold,Direct,695,11756.71,52.7,7
CUST03221,34,Male,High School,Medium,Europe,Mobile,Silver,Referral,85,5959.67,34.3,3
CUST03222,29,Male,Master,Low,Asia-Pacific,Desktop,Bronze,Social Media,182,3290.57,34.9,1
CUST03223,42,Female,PhD,Medium-High,North America,Mobile,Bronze,Organic Search,300,5624.33,58.4,2
CUST03224,39,Female,Master,High,Latin America,Mobile,Bronze,Display Ads,21,4154.7,97.5,2
CUST03225,40,Female,Bachelor,Medium,Europe,Desktop,Silver,Social Media,83,2420.28,65.1,3
CUST03226,46,Female,Bachelor,High,North America,Mobile,Gold,Direct,581,12247.73,98.9,5
CUST03227,43,Male,Master,High,Europe,Tablet,Platinum,Social Media,291,15610.38,64.0,9
CUST03228,30,Female,Master,Medium-High,North America,Desktop,Bronze,Direct,313,8650.81,48.6,2
CUST03229,35,Female,Associate,Medium,Asia-Pacific,Mobile,Silver,Social Media,400,1785.24,42.3,5
CUST03230,35,Female,Associate,Medium-Low,Asia-Pacific,Desktop,Bronze,Organic Search,170,2250.91,83.4,2
CUST03231,21,Male,PhD,Medium-Low,North America,Desktop,Bronze,Organic Search,162,1191.91,86.9,2
CUST03232,28,Male,PhD,Medium,Asia-Pacific,Tablet,Silver,Organic Search,541,3383.44,91.7,4
CUST03233,35,Male,Bachelor,Medium,Europe,Mobile,Bronze,Organic Search,121,5602.79,35.9,1
CUST03234,31,Non-binary,Master,Medium-Low,North America,Mobile,Silver,Organic Search,294,6329.63,77.2,5
CUST03235,32,Male,PhD,High,North America,Tablet,Gold,Organic Search,108,10979.86,78.8,10
CUST03236,26,Male,High School,Medium,North America,Mobile,Bronze,Organic Search,163,3892.32,46.6,2
CUST03237,31,Female,Bachelor,Medium-Low,Asia-Pacific,Mobile,Silver,Organic Search,456,4954.78,97.3,2
CUST03238,42,Female,High School,Medium-High,Latin America,Mobile,Platinum,Organic Search,638,67565.45,90.8,11
CUST03239,22,Male,Bachelor,Low,North America,Mobile,Bronze,Email,714,4317.48,72.0,1
CUST03240,48,Male,Bachelor,Medium-Low,Latin America,Mobile,Platinum,Email,15,17576.01,59.2,12
CUST03241,32,Female,Bachelor,Medium-High,Middle East,Desktop,Gold,Organic Search,290,11573.26,90.6,4
CUST03242,42,Female,Master,High,Asia-Pacific,Desktop,Platinum,Email,733,58897.55,88.6,14
CUST03243,33,Female,Associate,Medium-Low,Middle East,Mobile,Bronze,Display Ads,862,3072.87,53.1,3
CUST03244,25,Female,Bachelor,Medium,North America,Desktop,Bronze,Organic Search,6,298.17,87.1,2
CUST03245,35,Male,Master,Medium,North America,Tablet,Platinum,Social Media,303,20960.98,77.1,14
CUST03246,42,Male,Bachelor,Medium-High,North America,Mobile,Platinum,Paid Search,129,128962.14,58.1,12
CUST03247,27,Male,High School,Medium-High,Asia-Pacific,Mobile,Silver,Social Media,216,8113.1,53.4,3
CUST03248,24,Male,Master,Low,Europe,Mobile,Bronze,Organic Search,798,2208.96,56.0,2
CUST03249,29,Male,Bachelor,Medium,Europe,Desktop,Silver,Paid Search,577,10272.07,95.0,6
CUST03250,44,Male,High School,Medium-Low,Europe,Desktop,Gold,Organic Search,355,26798.85,79.0,3
CUST03251,42,Male,Bachelor,Medium,North America,Mobile,Bronze,Email,194,9460.88,87.4,2
CUST03252,32,Male,Associate,High,North America,Desktop,Platinum,Organic Search,157,80628.21,46.6,15
CUST03253,33,Male,Bachelor,Medium-High,Latin America,Mobile,Bronze,Social Media,495,9708.04,74.6,2
CUST03254,35,Male,Bachelor,Medium-High,North America,Tablet,Gold,Paid Search,250,35187.43,75.6,6
CUST03255,37,Male,Master,Medium-Low,North America,Mobile,Bronze,Referral,231,3954.61,46.1,4
CUST03256,30,Male,Bachelor,Medium-High,Asia-Pacific,Desktop,Silver,Social Media,443,11598.61,48.6,4
CUST03257,40,Male,Bachelor,Medium,North America,Mobile,Gold,Social Media,335,20457.2,85.9,4
CUST03258,27,Female,Master,Medium,Asia-Pacific,Mobile,Bronze,Paid Search,95,2719.06,48.5,0
CUST03259,35,Female,Master,Medium,North America,Mobile,Bronze,Email,355,1984.31,94.4,2
CUST03260,47,Female,Master,Medium,Asia-Pacific,Mobile,Gold,Organic Search,281,12441.67,75.5,7
CUST03261,28,Male,Master,Low,Latin America,Mobile,Bronze,Display Ads,419,6100.96,86.8,2
CUST03262,37,Female,Bachelor,Medium-High,Latin America,Tablet,Gold,Direct,1095,32488.88,75.2,9
CUST03263,43,Male,Bachelor,Medium,Asia-Pacific,Mobile,Platinum,Social Media,114,32069.54,91.1,14
CUST03264,35,Male,Master,Medium,Europe,Mobile,Silver,Organic Search,1095,12588.74,78.9,4
CUST03265,36,Female,High School,Medium,Latin America,Mobile,Bronze,Organic Search,261,8612.28,84.9,2
CUST03266,34,Female,Bachelor,Low,Europe,Mobile,Silver,Organic Search,89,30852.35,96.5,5
CUST03267,28,Female,Bachelor,Medium,North America,Desktop,Silver,Direct,797,3222.73,49.6,5
CUST03268,36,Male,PhD,High,Asia-Pacific,Mobile,Bronze,Paid Search,164,2923.0,63.6,2
CUST03269,21,Female,Bachelor,Medium-Low,North America,Desktop,Bronze,Social Media,826,4206.82,79.7,0
CUST03270,34,Male,Associate,Low,Europe,Mobile,Bronze,Direct,191,5152.33,82.6,2
CUST03271,38,Male,High School,Medium-High,Asia-Pacific,Mobile,Silver,Direct,178,5384.72,68.2,4
CUST03272,29,Male,Bachelor,Medium-Low,Latin America,Mobile,Bronze,Email,969,1642.88,50.7,1
CUST03273,33,Male,PhD,Medium-High,Europe,Desktop,Silver,Display Ads,345,6572.84,86.6,2
CUST03274,38,Non-binary,High School,Medium-High,Asia-Pacific,Desktop,Bronze,Display Ads,1095,1435.46,32.1,2
CUST03275,35,Female,Master,Medium-High,Latin America,Mobile,Platinum,Social Media,448,27776.55,41.1,14
CUST03276,51,Male,Master,Medium,North America,Desktop,Platinum,Email,87,88249.64,58.5,12
CUST03277,37,Male,Associate,Medium,Asia-Pacific,Mobile,Bronze,Paid Search,132,3614.03,81.1,3
CUST03278,41,Male,PhD,Medium-High,Europe,Desktop,Silver,Direct,1002,15327.06,39.3,4
CUST03279,43,Non-binary,PhD,Medium,Europe,Mobile,Gold,Email,540,28992.09,75.5,17
CUST03280,30,Female,Bachelor,Low,Europe,Tablet,Bronze,Email,1095,3231.07,80.3,3
CUST03281,31,Male,Associate,Medium,Europe,Mobile,Silver,Organic Search,238,22429.55,45.2,2
CUST03282,34,Male,Associate,High,North America,Desktop,Gold,Paid Search,699,20029.79,52.7,9
CUST03283,19,Male,Bachelor,Medium,North America,Mobile,Bronze,Social Media,901,3416.81,59.4,1
CUST03284,40,Male,Bachelor,Medium,Europe,Mobile,Platinum,Display Ads,187,14298.43,54.2,13
CUST03285,31,Male,Bachelor,Medium,North America,Tablet,Silver,Email,248,16270.4,58.4,4
CUST03286,41,Male,Bachelor,Medium,Europe,Mobile,Bronze,Social Media,85,2812.84,82.9,1
CUST03287,31,Female,Bachelor,High,Asia-Pacific,Desktop,Gold,Paid Search,32,22659.28,34.7,8
CUST03288,38,Male,Bachelor,Medium-Low,Asia-Pacific,Desktop,Bronze,Paid Search,252,7195.15,94.1,1
CUST03289,46,Female,Bachelor,Low,North America,Desktop,Silver,Email,74,8043.84,50.0,3
CUST03290,37,Male,High School,Medium,Europe,Mobile,Silver,Referral,409,8932.6,48.1,1
CUST03291,26,Male,Bachelor,Low,Asia-Pacific,Mobile,Bronze,Direct,4,6508.81,68.1,1
CUST03292,35,Male,PhD,Medium-Low,Asia-Pacific,Tablet,Silver,Social Media,95,2738.45,96.3,2
CUST03293,46,Female,Master,Medium,Asia-Pacific,Desktop,Platinum,Paid Search,129,43979.72,74.4,11
CUST03294,35,Male,Master,Medium-High,North America,Desktop,Gold,Paid Search,1095,8144.66,82.7,8
CUST03295,31,Male,Bachelor,Medium,Asia-Pacific,Tablet,Bronze,Referral,453,5859.86,72.3,3
CUST03296,49,Female,PhD,Medium-High,North America,Desktop,Platinum,Social Media,444,104642.24,52.5,22
CUST03297,40,Female,Bachelor,Medium,Europe,Mobile,Gold,Paid Search,300,33878.6,36.8,7
CUST03298,36,Male,Associate,Medium-High,North America,Desktop,Silver,Paid Search,244,9135.12,38.7,4
CUST03299,30,Female,Associate,Medium-High,Europe,Mobile,Gold,Direct,31,14375.2,68.2,11
CUST03300,33,Female,PhD,Medium-High,North America,Mobile,Gold,Display Ads,113,41530.96,56.4,5
CUST03301,44,Male,Bachelor,Medium-High,Latin America,Desktop,Platinum,Social Media,925,45220.62,32.7,12
CUST03302,28,Female,Associate,High,Latin America,Mobile,Bronze,Organic Search,82,5568.48,80.8,3
CUST03303,40,Male,Bachelor,Medium-High,North America,Tablet,Gold,Referral,176,24948.28,67.6,7
CUST03304,43,Male,Associate,Medium-High,Europe,Mobile,Silver,Email,44,6421.9,97.8,1
CUST03305,26,Male,Bachelor,Medium,North America,Desktop,Bronze,Email,434,4322.66,40.3,1
CUST03306,43,Male,Associate,Medium,North America,Mobile,Platinum,Social Media,4,32649.72,85.7,13
CUST03307,37,Male,Bachelor,Low,North America,Desktop,Bronze,Social Media,358,5428.38,79.8,1
CUST03308,22,Female,PhD,Medium,Middle East,Mobile,Bronze,Referral,815,3660.06,66.0,2
CUST03309,38,Female,Master,Medium-Low,Latin America,Desktop,Gold,Email,112,3294.66,55.6,3
CUST03310,34,Male,Associate,Low,North America,Mobile,Bronze,Organic Search,199,1368.63,60.0,3
CUST03311,39,Non-binary,Associate,Medium-Low,Asia-Pacific,Desktop,Bronze,Paid Search,380,2959.36,97.4,3
CUST03312,30,Male,PhD,Medium-Low,Europe,Mobile,Silver,Social Media,379,3475.96,45.5,2
CUST03313,27,Male,Master,High,Europe,Mobile,Silver,Organic Search,116,8367.57,53.3,6
CUST03314,45,Female,Master,Medium,North America,Desktop,Platinum,Paid Search,600,19746.58,82.1,11
CUST03315,28,Male,PhD,Medium,North America,Mobile,Bronze,Referral,134,2844.26,65.4,1
CUST03316,39,Male,High School,Medium,North America,Desktop,Gold,Direct,185,31906.28,96.3,9
CUST03317,51,Male,Bachelor,Medium-High,Europe,Mobile,Gold,Email,82,47711.83,84.6,8
CUST03318,33,Male,Master,Medium-Low,North America,Desktop,Bronze,Email,245,2732.03,71.6,3
CUST03319,25,Female,Bachelor,Medium-High,Asia-Pacific,Mobile,Bronze,Organic Search,337,1063.7,66.4,1
CUST03320,38,Female,Bachelor,Medium-High,Europe,Tablet,Gold,Social Media,318,13404.83,44.8,8
CUST03321,43,Male,Master,Medium,Middle East,Mobile,Gold,Email,197,12432.36,57.8,5
CUST03322,37,Male,PhD,Medium,Asia-Pacific,Mobile,Bronze,Direct,213,3172.0,61.9,4
CUST03323,20,Male,PhD,Medium-High,Europe,Mobile,Bronze,Display Ads,346,2075.89,99.5,2
CUST03324,36,Female,High School,Medium-High,Middle East,Mobile,Platinum,Email,530,19896.54,71.6,11
CUST03325,46,Male,Bachelor,Medium-High,North America,Mobile,Platinum,Paid Search,470,60997.9,67.6,8
CUST03326,38,Non-binary,Bachelor,Medium-High,North America,Tablet,Platinum,Paid Search,648,22682.11,72.2,10
CUST03327,37,Male,PhD,Medium-High,Europe,Desktop,Silver,Organic Search,108,5402.4,72.0,3
CUST03328,32,Female,PhD,Medium-High,Europe,Desktop,Silver,Social Media,149,22118.87,36.9,5
CUST03329,36,Female,Associate,Medium,North America,Mobile,Silver,Direct,106,4665.87,83.9,6
CUST03330,34,Female,PhD,Low,Europe,Desktop,Bronze,Organic Search,34,3061.32,41.4,4
CUST03331,47,Female,High School,Medium-High,Europe,Desktop,Platinum,Display Ads,43,74473.42,59.9,7
CUST03332,40,Male,High School,Medium,Europe,Mobile,Gold,Organic Search,327,21947.4,60.2,4
CUST03333,32,Male,Master,Medium-Low,North America,Mobile,Bronze,Email,269,2789.91,37.1,3
CUST03334,36,Female,Master,Medium-High,Europe,Tablet,Platinum,Social Media,355,16045.15,30.2,12
CUST03335,29,Male,Bachelor,Medium-Low,Asia-Pacific,Desktop,Bronze,Social Media,72,4332.89,62.9,3
CUST03336,38,Male,Bachelor,Medium-Low,North America,Desktop,Platinum,Paid Search,320,25761.2,31.4,11
CUST03337,44,Male,Master,High,Europe,Desktop,Bronze,Direct,108,3037.46,67.7,3
CUST03338,37,Male,Bachelor,Medium,Asia-Pacific,Tablet,Gold,Email,431,51182.8,92.4,5
CUST03339,42,Male,Master,Medium-Low,North America,Mobile,Platinum,Referral,1095,28175.77,55.3,11
CUST03340,37,Female,High School,Low,Asia-Pacific,Desktop,Silver,Organic Search,104,3771.4,99.7,7
CUST03341,31,Female,Associate,Medium,Latin America,Mobile,Silver,Email,64,1814.14,97.8,4
CUST03342,35,Female,Master,Medium-Low,Asia-Pacific,Mobile,Gold,Display Ads,570,19053.67,31.4,4
CUST03343,34,Female,High School,Medium-High,Europe,Desktop,Platinum,Referral,273,25500.11,77.7,13
CUST03344,47,Female,Associate,Medium-High,Middle East,Mobile,Gold,Referral,1005,3017.39,50.7,11
CUST03345,35,Male,Master,Medium-Low,North America,Mobile,Bronze,Organic Search,210,4094.62,36.9,0
CUST03346,32,Female,Associate,Medium,Europe,Mobile,Bronze,Direct,267,21436.35,43.5,3
CUST03347,37,Male,Master,Medium-Low,Europe,Mobile,Silver,Organic Search,139,11095.02,66.9,6
CUST03348,33,Female,High School,Low,Asia-Pacific,Desktop,Bronze,Social Media,592,10399.5,53.2,5
CUST03349,32,Male,PhD,Medium-Low,Europe,Desktop,Silver,Paid Search,378,7228.06,94.1,4
CUST03350,45,Male,Bachelor,Medium-Low,North America,Mobile,Silver,Email,262,10269.34,44.2,2
CUST03351,28,Male,Associate,Medium-Low,North America,Mobile,Bronze,Referral,1095,1483.69,67.5,4
CUST03352,32,Female,High School,Medium,Europe,Mobile,Bronze,Referral,879,5977.48,91.4,2
CUST03353,42,Male,Master,Medium,North America,Mobile,Silver,Paid Search,1093,9928.22,66.5,5
CUST03354,39,Female,Master,Medium-High,North America,Desktop,Gold,Paid Search,459,9982.82,56.6,4
CUST03355,35,Male,Associate,Medium,Latin America,Desktop,Bronze,Direct,309,6018.94,49.6,0
CUST03356,33,Female,PhD,Medium-High,North America,Mobile,Bronze,Paid Search,295,4049.01,60.4,4
CUST03357,42,Female,Bachelor,Medium,North America,Desktop,Gold,Organic Search,36,18775.74,45.4,3
CUST03358,43,Male,High School,Medium-High,Europe,Mobile,Bronze,Referral,840,6021.94,84.4,1
CUST03359,49,Female,Associate,Medium-Low,Middle East,Desktop,Platinum,Social Media,442,49491.47,97.9,6
CUST03360,43,Female,PhD,Medium-Low,Asia-Pacific,Mobile,Bronze,Display Ads,1095,4928.6,53.3,2
CUST03361,36,Female,PhD,Medium,Latin America,Mobile,Bronze,Social Media,684,3973.28,72.0,3
CUST03362,29,Male,Bachelor,Medium,North America,Desktop,Gold,Organic Search,355,51570.65,64.4,10
CUST03363,48,Female,High School,Medium-Low,Asia-Pacific,Mobile,Gold,Social Media,374,12769.41,97.5,7
CUST03364,34,Female,Master,Medium,North America,Desktop,Silver,Email,176,12923.36,60.4,3
CUST03365,37,Female,High School,Medium,Latin America,Mobile,Gold,Organic Search,408,11341.9,36.3,5
CUST03366,38,Female,Bachelor,High,Asia-Pacific,Desktop,Platinum,Direct,12,104117.25,75.4,6
CUST03367,41,Male,Master,Medium-High,North America,Tablet,Gold,Social Media,895,22714.1,91.8,12
CUST03368,37,Male,Master,Medium,Asia-Pacific,Mobile,Gold,Referral,292,23631.86,39.6,8
CUST03369,42,Male,Master,Medium-Low,Latin America,Mobile,Platinum,Organic Search,553,54598.39,90.5,8
CUST03370,38,Female,Master,Medium-Low,Asia-Pacific,Desktop,Silver,Referral,736,6744.95,43.0,4
CUST03371,39,Female,Associate,Medium-Low,North America,Mobile,Platinum,Organic Search,528,35094.01,74.4,19
CUST03372,38,Female,Bachelor,Medium,North America,Mobile,Gold,Organic Search,36,21999.5,45.5,5
CUST03373,42,Female,Master,Medium-High,North America,Tablet,Gold,Social Media,238,4500.63,94.0,13
CUST03374,25,Female,Bachelor,Medium-Low,Latin America,Mobile,Bronze,Email,595,7151.86,96.7,0
CUST03375,31,Female,Bachelor,Medium-High,North America,Desktop,Silver,Referral,24,10865.12,92.3,4
CUST03376,39,Female,Master,Medium,Europe,Mobile,Bronze,Referral,90,12172.78,90.3,0
CUST03377,31,Male,Master,High,Asia-Pacific,Desktop,Gold,Organic Search,6,26201.46,52.9,3
CUST03378,32,Female,Master,Medium,Latin America,Desktop,Silver,Direct,21,5386.79,50.4,6
CUST03379,33,Female,High School,Medium-Low,Europe,Tablet,Bronze,Paid Search,261,391.42,79.4,5
CUST03380,49,Male,Bachelor,Medium-High,Middle East,Mobile,Platinum,Social Media,222,9618.71,80.3,16
CUST03381,30,Male,PhD,Medium-High,North America,Mobile,Bronze,Organic Search,22,4892.02,33.7,3
CUST03382,37,Female,PhD,Medium,Europe,Desktop,Silver,Referral,141,1977.24,84.9,5
CUST03383,38,Male,Master,Medium,Middle East,Tablet,Bronze,Organic Search,685,5018.43,53.4,4
CUST03384,43,Male,PhD,Medium-High,Latin America,Desktop,Silver,Organic Search,145,5480.96,48.4,4
CUST03385,33,Male,High School,High,North America,Mobile,Gold,Paid Search,908,5068.75,30.8,11
CUST03386,35,Male,PhD,Medium-Low,Latin America,Mobile,Bronze,Email,630,5620.86,78.9,0
CUST03387,28,Male,PhD,Medium-Low,North America,Desktop,Gold,Email,381,13556.28,61.2,4
CUST03388,26,Male,Master,Low,Latin America,Mobile,Silver,Organic Search,122,10011.07,77.7,2
CUST03389,51,Male,Master,Medium-High,North America,Desktop,Platinum,Referral,531,14285.66,58.6,10
CUST03390,37,Male,High School,Medium,Asia-Pacific,Mobile,Gold,Direct,16,16178.71,84.1,9
CUST03391,44,Male,Associate,Medium,Europe,Tablet,Platinum,Paid Search,1095,36179.77,74.0,11
CUST03392,37,Male,Associate,Medium,Middle East,Mobile,Gold,Display Ads,154,4038.81,60.5,2
CUST03393,37,Female,Associate,Low,Latin America,Desktop,Silver,Social Media,283,6731.96,64.2,3
CUST03394,33,Female,Bachelor,Medium,North America,Desktop,Bronze,Social Media,89,2592.94,88.9,4
CUST03395,37,Female,Bachelor,Medium-Low,Europe,Desktop,Bronze,Social Media,205,2215.05,43.9,3
CUST03396,39,Male,High School,Medium-High,Asia-Pacific,Mobile,Bronze,Referral,27,10433.7,99.3,5
CUST03397,43,Female,Bachelor,Medium,Europe,Tablet,Gold,Organic Search,409,16012.65,86.5,8
CUST03398,21,Male,Associate,Medium-High,Europe,Desktop,Silver,Display Ads,1095,6327.13,43.3,7
CUST03399,35,Female,Bachelor,Medium,Europe,Mobile,Silver,Referral,266,12244.91,39.5,3
CUST03400,46,Male,Associate,Medium,North America,Desktop,Bronze,Referral,202,11286.88,94.4,2
CUST03401,36,Male,High School,Medium,Asia-Pacific,Mobile,Gold,Organic Search,1095,8920.56,53.7,4
CUST03402,38,Female,Master,Medium,Europe,Mobile,Gold,Organic Search,86,60652.21,30.7,9
CUST03403,28,Male,Bachelor,Medium-Low,Middle East,Desktop,Silver,Direct,432,1103.58,66.3,4
CUST03404,41,Female,Bachelor,Medium-High,Latin America,Mobile,Platinum,Social Media,16,10655.4,46.9,11
CUST03405,47,Male,Master,High,Europe,Tablet,Platinum,Social Media,47,6241.36,74.0,18
CUST03406,27,Male,PhD,Medium,North America,Mobile,Silver,Social Media,169,1203.45,40.5,2
CUST03407,43,Female,Master,Medium-High,Europe,Mobile,Platinum,Email,578,26783.91,54.4,6
CUST03408,44,Female,High School,Medium-High,Asia-Pacific,Mobile,Platinum,Direct,1005,21929.13,92.9,16
CUST03409,36,Male,High School,Medium,Europe,Mobile,Bronze,Email,507,7465.68,87.3,0
CUST03410,42,Male,PhD,Low,Latin America,Mobile,Silver,Organic Search,139,8763.64,64.1,6
CUST03411,25,Female,PhD,Medium,North America,Mobile,Bronze,Organic Search,63,2216.27,41.0,1
CUST03412,45,Male,PhD,Medium,Asia-Pacific,Mobile,Bronze,Social Media,664,2162.24,30.7,4
CUST03413,25,Male,High School,Medium-High,North America,Desktop,Bronze,Social Media,462,369.33,78.5,4
CUST03414,38,Female,Master,Medium,North America,Desktop,Platinum,Social Media,177,17405.56,52.5,9
CUST03415,34,Male,Associate,Medium-High,Latin America,Desktop,Platinum,Email,155,18769.52,77.7,9
CUST03416,41,Male,High School,Medium-Low,North America,Desktop,Silver,Social Media,358,11990.79,52.8,5
CUST03417,33,Female,Associate,Medium,Europe,Mobile,Bronze,Email,18,1321.24,47.0,5
CUST03418,34,Female,Master,Medium,Europe,Mobile,Bronze,Social Media,1095,8931.95,98.2,2
CUST03419,43,Female,Associate,Medium-High,Latin America,Desktop,Gold,Paid Search,1095,59448.85,38.5,11
CUST03420,43,Female,Bachelor,Medium-High,Asia-Pacific,Desktop,Gold,Referral,102,13054.32,42.6,5
CUST03421,38,Male,Master,Medium,Latin America,Mobile,Silver,Organic Search,930,12180.74,34.3,1
CUST03422,29,Male,Master,High,Middle East,Tablet,Silver,Direct,349,11842.88,68.9,6
CUST03423,34,Female,Bachelor,Medium,Europe,Mobile,Bronze,Display Ads,927,4753.53,79.6,5
CUST03424,39,Male,PhD,Medium,Europe,Mobile,Gold,Social Media,981,17455.4,96.3,2
CUST03425,32,Female,Master,Medium-High,Asia-Pacific,Desktop,Bronze,Paid Search,559,3453.07,69.6,0
CUST03426,38,Female,Master,Medium-Low,Asia-Pacific,Mobile,Platinum,Social Media,80,4655.13,49.3,5
CUST03427,29,Male,Bachelor,Medium-Low,Europe,Mobile,Bronze,Organic Search,334,2401.38,52.1,4
CUST03428,33,Male,High School,Medium-Low,North America,Desktop,Bronze,Email,97,866.69,57.7,0
CUST03429,27,Male,Associate,Medium-Low,North America,Mobile,Bronze,Organic Search,117,12319.45,76.6,0
CUST03430,42,Male,Master,High,North America,Mobile,Gold,Referral,199,25811.68,82.2,9
CUST03431,36,Female,Master,Medium-Low,North America,Mobile,Silver,Organic Search,198,13200.13,68.8,3
CUST03432,40,Female,High School,Medium-Low,Latin America,Desktop,Silver,Direct,125,3747.25,42.8,4
CUST03433,24,Female,Associate,High,North America,Mobile,Gold,Display Ads,597,26852.08,60.5,6
CUST03434,30,Female,Bachelor,Low,North America,Mobile,Silver,Display Ads,39,20795.96,35.8,5
CUST03435,42,Female,Bachelor,Medium-High,North America,Mobile,Gold,Social Media,180,9226.1,61.3,11
CUST03436,40,Female,Bachelor,Medium-Low,Latin America,Mobile,Bronze,Organic Search,6,6005.33,84.1,1
CUST03437,47,Female,Bachelor,Medium-Low,Europe,Desktop,Platinum,Display Ads,28,12414.34,65.2,11
CUST03438,35,Female,High School,Low,North America,Mobile,Gold,Direct,113,17409.16,96.0,11
CUST03439,41,Male,PhD,High,Middle East,Mobile,Platinum,Organic Search,33,33527.64,70.6,11
CUST03440,35,Male,Bachelor,High,Europe,Desktop,Gold,Paid Search,219,8864.64,37.5,12
CUST03441,37,Female,Master,Medium-Low,North America,Mobile,Silver,Paid Search,150,17784.06,86.7,3
CUST03442,27,Male,Master,Medium-High,North America,Mobile,Silver,Direct,554,23964.46,42.0,7
CUST03443,38,Female,Associate,Medium-High,North America,Mobile,Bronze,Email,236,4284.7,35.2,5
CUST03444,37,Non-binary,Bachelor,Medium-High,Latin America,Mobile,Gold,Paid Search,8,27999.52,31.1,6
CUST03445,36,Male,Master,Medium,Asia-Pacific,Mobile,Gold,Display Ads,59,10551.55,77.3,4
CUST03446,43,Male,High School,Medium,Latin America,Mobile,Gold,Display Ads,25,35460.34,91.7,6
CUST03447,27,Female,High School,Medium,Asia-Pacific,Mobile,Bronze,Social Media,100,7806.86,52.9,0
CUST03448,31,Female,Bachelor,High,Europe,Mobile,Bronze,Social Media,315,4740.35,60.4,4
CUST03449,48,Female,Bachelor,Medium,Asia-Pacific,Mobile,Gold,Email,147,17189.47,48.4,7
CUST03450,27,Female,Associate,Low,North America,Mobile,Bronze,Referral,1052,7036.36,64.0,2
CUST03451,30,Female,Master,Low,North America,Mobile,Bronze,Social Media,767,4543.82,40.0,3
CUST03452,51,Male,Bachelor,Medium,Europe,Mobile,Bronze,Referral,537,5157.64,45.2,2
CUST03453,30,Male,High School,Medium-Low,Asia-Pacific,Mobile,Bronze,Display Ads,124,5156.9,65.9,0
CUST03454,45,Male,Master,Medium-High,North America,Mobile,Platinum,Social Media,590,74678.23,42.9,13
CUST03455,20,Female,Associate,Medium-Low,Europe,Desktop,Bronze,Organic Search,86,1761.05,49.5,1
CUST03456,41,Male,Master,High,Middle East,Mobile,Platinum,Referral,1095,61105.44,34.7,16
CUST03457,40,Female,Master,Low,Latin America,Desktop,Platinum,Display Ads,303,54850.42,90.7,12
CUST03458,44,Male,High School,High,North America,Desktop,Platinum,Social Media,20,17936.34,33.5,11
CUST03459,30,Female,High School,Medium-Low,Middle East,Desktop,Bronze,Referral,326,5448.04,68.6,1
CUST03460,46,Female,High School,Medium-Low,Europe,Desktop,Platinum,Social Media,392,15680.85,55.6,10
CUST03461,37,Male,Master,Medium,Europe,Desktop,Gold,Social Media,374,21266.37,54.2,8
CUST03462,50,Male,High School,Medium,North America,Desktop,Platinum,Organic Search,569,36032.9,59.2,13
CUST03463,45,Female,High School,Medium-High,Middle East,Mobile,Platinum,Social Media,121,45210.68,45.7,6
CUST03464,27,Female,Bachelor,Medium,Middle East,Mobile,Gold,Social Media,200,20955.83,83.0,4
CUST03465,37,Female,Master,Medium,Middle East,Tablet,Bronze,Organic Search,94,5341.27,84.1,4
CUST03466,35,Male,High School,Medium-Low,North America,Desktop,Bronze,Direct,344,7395.42,32.2,2
CUST03467,30,Male,Bachelor,Medium-Low,Europe,Desktop,Gold,Organic Search,251,9673.51,71.8,6
CUST03468,30,Female,Master,Medium-High,Europe,Mobile,Gold,Referral,276,30209.54,87.6,2
CUST03469,32,Female,Master,Medium,Europe,Mobile,Silver,Social Media,91,7491.15,63.7,3
CUST03470,33,Female,Associate,Low,Europe,Tablet,Silver,Display Ads,10,3897.39,59.1,4
CUST03471,39,Female,Associate,High,Europe,Mobile,Silver,Email,733,1709.53,73.9,5
CUST03472,34,Female,PhD,Medium,North America,Desktop,Bronze,Social Media,386,2867.88,69.4,0
CUST03473,34,Female,Bachelor,Medium-Low,North America,Desktop,Bronze,Email,384,7126.13,40.6,4
CUST03474,28,Male,Master,High,North America,Desktop,Silver,Organic Search,73,2285.15,93.0,2
CUST03475,47,Female,Bachelor,High,North America,Mobile,Platinum,Organic Search,730,28408.47,95.5,14
CUST03476,41,Male,Master,Medium,Europe,Mobile,Gold,Direct,376,24029.92,66.6,4
CUST03477,30,Female,Master,Medium-High,Europe,Mobile,Gold,Social Media,218,22859.26,69.8,12
CUST03478,41,Female,Master,Medium-Low,Latin America,Mobile,Gold,Display Ads,140,7110.62,45.4,5
CUST03479,48,Female,Bachelor,Medium-High,North America,Desktop,Platinum,Email,1095,25774.47,94.1,7
CUST03480,41,Male,Bachelor,Medium-High,Europe,Mobile,Bronze,Social Media,345,7722.35,50.0,4
CUST03481,48,Female,PhD,Medium,North America,Desktop,Platinum,Paid Search,464,51841.76,95.2,4
CUST03482,43,Female,Associate,Medium,North America,Mobile,Gold,Email,295,8054.37,43.6,6
CUST03483,42,Female,High School,Medium,Asia-Pacific,Mobile,Bronze,Social Media,58,2764.19,32.8,3
CUST03484,36,Male,Master,Low,Latin America,Tablet,Silver,Email,631,5208.84,85.8,4
CUST03485,37,Female,Master,Medium-High,Asia-Pacific,Mobile,Bronze,Referral,38,6191.36,79.6,1
CUST03486,45,Male,Bachelor,Medium-High,Asia-Pacific,Mobile,Platinum,Email,115,17907.73,47.8,15
CUST03487,45,Male,High School,Medium-Low,North America,Mobile,Bronze,Organic Search,325,12512.17,60.8,3
CUST03488,49,Female,High School,Medium,Europe,Desktop,Silver,Email,306,2057.78,71.4,6
CUST03489,41,Female,Bachelor,Medium,North America,Desktop,Silver,Paid Search,107,8489.45,97.7,6
CUST03490,40,Female,Bachelor,Medium-Low,Latin America,Desktop,Gold,Organic Search,181,9205.04,52.4,7
CUST03491,38,Male,Bachelor,Medium,North America,Mobile,Platinum,Email,10,31032.79,44.1,8
CUST03492,25,Female,Associate,Medium,North America,Desktop,Bronze,Organic Search,235,4479.5,69.1,3
CUST03493,31,Female,Bachelor,Medium-High,North America,Desktop,Platinum,Referral,409,54611.27,99.9,4
CUST03494,47,Female,Bachelor,High,Europe,Desktop,Gold,Direct,202,25512.87,76.6,5
CUST03495,30,Male,Master,Medium,Asia-Pacific,Desktop,Bronze,Email,516,7843.12,92.2,1
CUST03496,31,Male,Master,Medium,North America,Desktop,Bronze,Social Media,259,5160.2,55.8,1
CUST03497,38,Female,Master,Medium-High,North America,Mobile,Platinum,Social Media,674,33633.21,92.3,11
CUST03498,28,Male,Associate,Medium-Low,Asia-Pacific,Tablet,Bronze,Organic Search,352,4648.31,98.7,2
CUST03499,42,Male,Bachelor,Medium-High,Asia-Pacific,Mobile,Gold,Paid Search,1095,9543.88,82.4,5
CUST03500,37,Male,Bachelor,Medium-Low,Latin America,Desktop,Silver,Email,105,9164.95,33.5,1
CUST03501,27,Male,Bachelor,Medium-Low,Europe,Desktop,Bronze,Social Media,325,9488.36,60.3,2
CUST03502,34,Female,Bachelor,Medium,Europe,Desktop,Platinum,Email,535,40323.24,38.6,14
CUST03503,33,Non-binary,Bachelor,Medium,Asia-Pacific,Desktop,Silver,Display Ads,396,8391.85,92.8,4
CUST03504,30,Female,Associate,Medium-High,Europe,Desktop,Gold,Organic Search,145,55510.13,43.2,8
CUST03505,30,Male,Master,Medium,Europe,Mobile,Bronze,Organic Search,358,2811.72,45.4,3
CUST03506,42,Male,Master,Medium-Low,North America,Desktop,Silver,Organic Search,266,8211.18,71.5,4
CUST03507,48,Male,Associate,Medium,North America,Tablet,Bronze,Referral,553,1396.65,32.7,2
CUST03508,34,Male,Master,Low,Europe,Mobile,Silver,Direct,49,22685.9,79.5,5
CUST03509,38,Female,Bachelor,High,North America,Mobile,Gold,Organic Search,132,39028.85,33.6,9
CUST03510,51,Female,PhD,High,North America,Mobile,Platinum,Social Media,99,26360.68,36.7,11
CUST03511,33,Female,High School,Medium,North America,Mobile,Bronze,Referral,6,3512.32,37.8,1
CUST03512,38,Male,Bachelor,Medium-High,Asia-Pacific,Desktop,Platinum,Organic Search,432,49119.68,46.5,14
CUST03513,48,Female,Master,Medium,North America,Tablet,Gold,Paid Search,270,18040.28,57.8,8
CUST03514,42,Male,High School,Medium-High,North America,Mobile,Gold,Social Media,587,23700.86,41.6,6
CUST03515,37,Male,Master,Medium,North America,Desktop,Silver,Social Media,537,4119.56,58.3,6
CUST03516,40,Female,High School,Medium-Low,Asia-Pacific,Mobile,Silver,Referral,275,9361.64,39.9,3
CUST03517,31,Female,Bachelor,Medium-High,North America,Mobile,Silver,Organic Search,82,3688.05,32.0,5
CUST03518,40,Female,High School,High,North America,Mobile,Bronze,Social Media,506,909.25,36.3,0
CUST03519,41,Male,Associate,Medium-High,Asia-Pacific,Desktop,Gold,Email,13,12631.26,42.2,4
CUST03520,38,Female,Bachelor,Low,North America,Mobile,Silver,Direct,818,6557.24,66.8,4
CUST03521,34,Male,PhD,Medium,North America,Mobile,Gold,Email,213,11321.76,56.2,7
CUST03522,34,Female,PhD,Medium,Asia-Pacific,Mobile,Gold,Social Media,51,44942.55,99.9,8
CUST03523,22,Female,Bachelor,Medium,Latin America,Desktop,Bronze,Social Media,4,1852.0,78.9,0
CUST03524,44,Male,Master,Medium-Low,Asia-Pacific,Mobile,Bronze,Direct,615,2993.09,81.3,1
CUST03525,39,Male,Bachelor,Medium-Low,Middle East,Tablet,Gold,Display Ads,902,32097.78,40.1,12
CUST03526,37,Female,Bachelor,Medium,Asia-Pacific,Mobile,Gold,Social Media,243,21839.47,83.4,1
CUST03527,45,Female,Bachelor,Medium,Middle East,Tablet,Bronze,Direct,16,9272.11,93.3,3
CUST03528,46,Female,Bachelor,High,North America,Desktop,Bronze,Social Media,94,1163.95,73.7,6
CUST03529,41,Male,Master,Medium-High,Asia-Pacific,Desktop,Gold,Social Media,334,15717.12,53.8,5
CUST03530,36,Male,Master,Medium,Europe,Mobile,Bronze,Paid Search,272,2527.79,55.6,2
CUST03531,45,Female,PhD,Medium,North America,Mobile,Gold,Email,317,14607.64,33.1,12
CUST03532,38,Male,High School,Medium,Asia-Pacific,Mobile,Silver,Social Media,1095,9688.95,83.1,2
CUST03533,36,Male,Bachelor,Medium-High,Latin America,Desktop,Silver,Organic Search,379,7678.74,35.0,5
CUST03534,24,Male,Bachelor,Medium-High,North America,Desktop,Gold,Referral,231,16991.15,65.2,8
CUST03535,38,Female,Bachelor,Medium-High,Middle East,Desktop,Gold,Organic Search,380,12578.44,63.8,6
CUST03536,37,Female,High School,Medium,North America,Mobile,Silver,Social Media,639,3849.76,32.7,6
CUST03537,37,Female,Master,Medium-High,North America,Mobile,Gold,Display Ads,13,11920.79,65.7,8
CUST03538,26,Male,Bachelor,Medium-Low,Asia-Pacific,Mobile,Bronze,Paid Search,1095,3945.06,94.6,2
CUST03539,30,Male,Bachelor,Medium,Europe,Desktop,Silver,Direct,356,15631.16,56.1,4
CUST03540,38,Female,High School,Medium,North America,Mobile,Platinum,Direct,44,87135.23,83.6,19
CUST03541,26,Female,High School,Medium,North America,Desktop,Bronze,Direct,81,1639.48,99.2,1
CUST03542,39,Male,Master,Medium-High,North America,Mobile,Platinum,Display Ads,67,66405.42,56.4,16
CUST03543,31,Female,Associate,Medium-Low,Latin America,Mobile,Bronze,Email,409,4169.7,84.2,0
CUST03544,41,Male,Bachelor,Medium,Europe,Mobile,Silver,Social Media,267,17810.14,97.7,4
CUST03545,40,Female,Master,Medium,Latin America,Tablet,Gold,Paid Search,202,68889.38,81.8,5
CUST03546,28,Female,Bachelor,Medium-Low,North America,Mobile,Bronze,Email,1095,8048.57,69.8,1
CUST03547,32,Female,Bachelor,Medium-Low,Latin America,Desktop,Silver,Social Media,83,17117.7,90.6,3
CUST03548,42,Male,High School,Medium-Low,Asia-Pacific,Mobile,Silver,Paid Search,620,5598.82,40.9,4
CUST03549,41,Female,PhD,Medium,Europe,Mobile,Gold,Social Media,424,22450.66,50.5,4
CUST03550,34,Female,Associate,Medium-Low,North America,Desktop,Gold,Referral,588,16220.18,92.4,6
CUST03551,45,Female,Master,Medium-High,North America,Desktop,Platinum,Direct,41,50859.63,53.8,6
CUST03552,30,Female,High School,Medium-High,Latin America,Tablet,Bronze,Email,112,7347.98,83.1,3
CUST03553,38,Female,Master,Medium,Europe,Tablet,Silver,Social Media,314,10643.23,30.6,3
CUST03554,37,Male,Bachelor,Medium-High,Middle East,Mobile,Gold,Email,22,10751.96,99.3,7
CUST03555,42,Male,High School,Medium-Low,North America,Tablet,Gold,Paid Search,20,14713.33,44.1,3
CUST03556,50,Female,High School,Medium,Europe,Mobile,Gold,Organic Search,557,47638.44,41.3,10
CUST03557,34,Male,Bachelor,Medium-High,Latin America,Mobile,Silver,Social Media,122,6708.28,98.2,2
CUST03558,32,Female,Master,Low,Europe,Desktop,Bronze,Direct,130,320.27,53.7,2
CUST03559,42,Female,Master,Low,Europe,Desktop,Silver,Organic Search,199,8553.66,76.1,4
CUST03560,29,Female,Bachelor,Medium-High,North America,Desktop,Silver,Email,66,9481.0,85.7,5
CUST03561,29,Male,Bachelor,Medium-High,Latin America,Desktop,Silver,Social Media,174,17470.5,68.9,3
CUST03562,43,Female,Associate,Medium-High,Asia-Pacific,Mobile,Silver,Social Media,46,6237.36,65.6,3
CUST03563,34,Male,Bachelor,Medium,Latin America,Desktop,Silver,Paid Search,96,14717.68,44.2,4
CUST03564,39,Female,Bachelor,Medium-High,North America,Tablet,Silver,Organic Search,717,9622.47,85.4,5
CUST03565,31,Male,Bachelor,Medium-Low,Latin America,Desktop,Gold,Referral,292,21814.3,80.8,7
CUST03566,34,Male,Associate,Medium-High,Europe,Mobile,Silver,Social Media,447,11800.92,71.0,4
CUST03567,35,Female,PhD,Medium,North America,Desktop,Silver,Direct,887,13651.32,93.3,5
CUST03568,18,Male,Master,Medium,North America,Desktop,Silver,Organic Search,29,7102.23,43.9,2
CUST03569,28,Female,Bachelor,High,North America,Desktop,Bronze,Direct,319,3319.38,56.9,3
CUST03570,36,Non-binary,High School,Medium,Latin America,Mobile,Silver,Social Media,395,13827.75,84.2,5
CUST03571,39,Female,High School,High,Europe,Tablet,Platinum,Email,49,70677.16,90.5,17
CUST03572,38,Male,Associate,Low,Latin America,Mobile,Silver,Paid Search,52,15708.08,61.5,4
CUST03573,38,Male,Master,Medium-Low,Europe,Desktop,Bronze,Direct,553,11272.49,84.4,1
CUST03574,39,Female,PhD,Medium-Low,Asia-Pacific,Desktop,Bronze,Organic Search,639,3644.62,98.9,2
CUST03575,37,Male,High School,Medium-High,Asia-Pacific,Mobile,Gold,Direct,116,41671.06,58.9,12
CUST03576,35,Male,Associate,Medium-Low,North America,Mobile,Bronze,Social Media,941,8669.98,82.2,2
CUST03577,39,Male,Master,Medium,North America,Mobile,Gold,Email,91,11122.19,37.4,8
CUST03578,34,Non-binary,High School,Medium-Low,Asia-Pacific,Mobile,Silver,Social Media,903,9661.56,67.5,4
CUST03579,34,Female,Master,Medium-Low,Asia-Pacific,Desktop,Silver,Display Ads,14,4736.01,67.3,5
CUST03580,45,Male,Master,Medium,Asia-Pacific,Mobile,Gold,Direct,222,28773.98,48.3,12
CUST03581,28,Female,High School,Medium-Low,Asia-Pacific,Mobile,Gold,Social Media,1095,15165.17,92.8,4
CUST03582,37,Male,Master,High,North America,Mobile,Bronze,Display Ads,367,6209.15,53.7,2
CUST03583,37,Female,Bachelor,Medium,Latin America,Desktop,Bronze,Organic Search,48,5986.17,95.7,2
CUST03584,35,Male,Master,Medium,Latin America,Desktop,Bronze,Social Media,563,1798.05,73.9,3
CUST03585,26,Male,Associate,Medium,North America,Desktop,Silver,Paid Search,585,12892.9,94.5,4
CUST03586,42,Male,Bachelor,High,Middle East,Desktop,Gold,Social Media,377,5528.98,86.7,4
CUST03587,44,Male,High School,Medium-Low,Asia-Pacific,Mobile,Platinum,Organic Search,681,64919.79,84.0,14
CUST03588,40,Female,Master,Medium-High,North America,Desktop,Gold,Display Ads,580,24343.37,69.2,7
CUST03589,28,Male,PhD,Medium-High,Asia-Pacific,Desktop,Platinum,Display Ads,1095,23688.17,59.9,10
CUST03590,42,Male,High School,Low,Middle East,Tablet,Silver,Organic Search,101,10434.83,39.1,4
CUST03591,39,Female,High School,Medium,North America,Desktop,Bronze,Organic Search,22,4162.7,95.2,0
CUST03592,38,Non-binary,High School,Low,Latin America,Mobile,Bronze,Social Media,110,6500.01,91.6,0
CUST03593,36,Female,PhD,Medium,Asia-Pacific,Mobile,Silver,Direct,155,4179.73,67.0,4
CUST03594,36,Female,Master,Medium-High,Europe,Mobile,Silver,Email,40,3517.7,73.0,5
CUST03595,33,Female,Associate,Medium-High,Latin America,Mobile,Bronze,Social Media,157,2152.38,40.3,4
CUST03596,28,Male,Bachelor,Medium-Low,Asia-Pacific,Mobile,Silver,Email,432,6458.61,84.1,4
CUST03597,31,Male,Bachelor,Medium-Low,North America,Mobile,Bronze,Social Media,10,11280.12,62.6,1
CUST03598,34,Male,Bachelor,Medium,North America,Desktop,Bronze,Email,188,1503.96,83.2,1
CUST03599,29,Female,Associate,Medium,Asia-Pacific,Desktop,Gold,Direct,465,12621.34,64.1,9
CUST03600,39,Non-binary,Associate,High,Asia-Pacific,Tablet,Gold,Paid Search,1095,20878.63,61.8,10
CUST03601,28,Female,Bachelor,Medium,Europe,Mobile,Gold,Referral,485,9417.97,43.4,6
CUST03602,32,Male,Master,Medium,Latin America,Mobile,Bronze,Social Media,30,3220.3,61.8,1
CUST03603,35,Male,Bachelor,Medium-High,Asia-Pacific,Mobile,Gold,Organic Search,581,26581.6,70.9,12
CUST03604,39,Male,Master,High,North America,Tablet,Silver,Paid Search,456,2555.61,37.5,3
CUST03605,43,Female,Bachelor,Medium-Low,North America,Mobile,Silver,Social Media,227,1258.15,32.1,3
CUST03606,33,Male,High School,Medium,Latin America,Desktop,Bronze,Display Ads,831,7877.45,32.7,3
CUST03607,43,Male,Master,Medium-High,Europe,Mobile,Platinum,Referral,178,39482.35,60.4,15
CUST03608,36,Male,Associate,Low,North America,Tablet,Bronze,Referral,558,11127.73,63.3,2
CUST03609,38,Female,Associate,Medium-High,Latin America,Tablet,Gold,Social Media,115,18905.16,80.9,7
CUST03610,37,Female,Associate,Medium-High,North America,Mobile,Gold,Organic Search,137,3596.39,98.1,3
CUST03611,48,Male,PhD,Medium,Europe,Mobile,Gold,Organic Search,156,54611.66,51.9,8
CUST03612,32,Male,Master,Medium-High,North America,Desktop,Silver,Organic Search,95,4834.5,31.5,4
CUST03613,21,Male,Master,Medium-High,Europe,Mobile,Silver,Social Media,88,5168.21,97.0,6
CUST03614,45,Male,Bachelor,Medium-High,Asia-Pacific,Desktop,Gold,Social Media,315,9213.91,60.1,8
CUST03615,42,Female,Master,Medium,Europe,Desktop,Bronze,Email,231,3625.37,72.7,2
CUST03616,40,Male,High School,Medium-Low,North America,Tablet,Gold,Organic Search,189,48222.78,60.1,4
CUST03617,42,Male,Bachelor,Medium,Europe,Mobile,Silver,Direct,43,5907.13,31.3,5
CUST03618,54,Male,Associate,Medium-High,Asia-Pacific,Tablet,Platinum,Referral,398,32359.04,69.8,9
CUST03619,29,Female,High School,Medium-High,North America,Desktop,Gold,Paid Search,204,17519.83,59.0,8
CUST03620,37,Male,Bachelor,Medium,Europe,Desktop,Bronze,Organic Search,178,3028.14,70.8,0
CUST03621,39,Female,Bachelor,Medium,Middle East,Desktop,Silver,Organic Search,541,21901.68,57.0,1
CUST03622,32,Female,Bachelor,Medium,North America,Mobile,Silver,Organic Search,70,9281.67,76.7,5
CUST03623,29,Female,Bachelor,Medium,Latin America,Desktop,Silver,Social Media,409,14057.26,39.8,7
CUST03624,41,Female,Bachelor,Medium,Asia-Pacific,Mobile,Gold,Email,427,8686.95,86.8,5
CUST03625,27,Female,Master,Medium-High,North America,Desktop,Bronze,Social Media,27,10269.52,52.9,3
CUST03626,35,Female,Bachelor,Medium-High,North America,Desktop,Gold,Referral,318,11381.92,31.6,9
CUST03627,42,Male,High School,Medium-High,North America,Desktop,Platinum,Organic Search,609,40058.27,75.8,5
CUST03628,42,Male,PhD,Medium,North America,Mobile,Platinum,Organic Search,133,39642.07,37.8,8
CUST03629,42,Male,Bachelor,Medium-High,North America,Desktop,Gold,Direct,42,7438.37,90.9,6
CUST03630,29,Female,Master,Medium-High,Europe,Tablet,Silver,Paid Search,1095,12334.34,63.4,2
CUST03631,28,Female,Master,Medium-Low,Asia-Pacific,Desktop,Bronze,Social Media,174,7992.93,61.7,5
CUST03632,33,Male,PhD,Medium,Europe,Mobile,Bronze,Paid Search,432,793.27,70.0,5
CUST03633,30,Female,Master,Medium-High,North America,Desktop,Silver,Email,138,8097.59,60.1,5
CUST03634,42,Female,Bachelor,Medium,Asia-Pacific,Mobile,Silver,Social Media,535,7614.57,95.5,2
CUST03635,32,Non-binary,High School,Low,Europe,Desktop,Platinum,Social Media,490,70519.93,35.7,8
CUST03636,27,Female,Associate,Medium,Asia-Pacific,Tablet,Bronze,Display Ads,550,2488.36,98.6,0
CUST03637,29,Male,Bachelor,Medium-High,North America,Desktop,Bronze,Organic Search,540,3862.72,66.6,1
CUST03638,27,Male,Bachelor,Medium-High,North America,Desktop,Silver,Referral,146,3111.81,73.0,4
CUST03639,43,Female,Associate,Medium,North America,Mobile,Silver,Organic Search,200,9414.94,89.0,4
CUST03640,44,Male,High School,Medium,Asia-Pacific,Mobile,Bronze,Direct,819,3401.33,82.8,4
CUST03641,24,Male,Associate,High,Asia-Pacific,Desktop,Bronze,Social Media,43,9994.2,94.5,0
CUST03642,32,Female,Associate,High,North America,Tablet,Silver,Referral,319,1203.53,55.6,5
CUST03643,36,Female,Master,Medium,Latin America,Desktop,Bronze,Email,30,2546.08,72.2,2
CUST03644,35,Female,High School,Medium-High,Europe,Mobile,Bronze,Paid Search,567,1576.61,90.5,3
CUST03645,41,Female,Master,Medium-High,Europe,Desktop,Silver,Display Ads,615,22026.01,87.8,5
CUST03646,40,Male,Bachelor,Medium,Middle East,Mobile,Silver,Referral,915,6099.03,54.4,1
CUST03647,30,Female,PhD,Medium,Middle East,Mobile,Gold,Email,171,26511.48,87.4,7
CUST03648,28,Female,PhD,Medium-Low,Europe,Mobile,Bronze,Organic Search,170,9459.72,33.5,3
CUST03649,39,Female,PhD,Medium-High,Asia-Pacific,Mobile,Silver,Organic Search,424,4343.53,91.3,3
CUST03650,27,Female,High School,Medium-Low,North America,Desktop,Bronze,Email,82,381.35,47.6,3
CUST03651,42,Female,High School,Medium,Europe,Mobile,Silver,Display Ads,1006,567.42,72.8,6
CUST03652,43,Male,High School,Medium,North America,Mobile,Bronze,Social Media,50,1564.43,71.5,3
CUST03653,32,Female,PhD,Medium,North America,Desktop,Gold,Paid Search,80,17839.82,77.5,4
CUST03654,37,Male,Associate,Medium-High,Asia-Pacific,Mobile,Bronze,Social Media,1036,679.87,83.6,6
CUST03655,47,Male,Master,Medium,North America,Tablet,Gold,Social Media,270,10126.3,93.7,7
CUST03656,48,Male,High School,Medium,Asia-Pacific,Mobile,Platinum,Organic Search,519,42028.66,43.5,18
CUST03657,52,Male,Bachelor,Low,North America,Mobile,Silver,Referral,282,5365.2,81.1,6
CUST03658,20,Female,PhD,Medium-Low,North America,Desktop,Bronze,Social Media,353,6092.23,57.6,2
CUST03659,31,Female,Master,High,Latin America,Mobile,Gold,Organic Search,674,17857.63,86.8,4
CUST03660,32,Non-binary,High School,Medium-Low,Latin America,Tablet,Bronze,Organic Search,5,3272.01,96.5,2
CUST03661,30,Male,Bachelor,Medium-High,Asia-Pacific,Desktop,Silver,Organic Search,419,5198.08,73.2,4
CUST03662,46,Female,High School,Medium-Low,Europe,Mobile,Bronze,Referral,1011,3340.06,88.6,1
CUST03663,47,Male,Master,Medium,North America,Desktop,Gold,Referral,416,43050.71,66.2,7
CUST03664,41,Male,Associate,Medium,Asia-Pacific,Desktop,Gold,Paid Search,34,40517.88,63.6,6
CUST03665,20,Male,Master,Low,Asia-Pacific,Mobile,Bronze,Direct,59,2122.3,35.4,2
CUST03666,37,Female,Bachelor,Medium-Low,North America,Mobile,Bronze,Social Media,1,8482.3,74.0,1
CUST03667,42,Male,PhD,High,Latin America,Mobile,Platinum,Referral,198,71572.82,72.1,12
CUST03668,37,Male,Bachelor,Medium-High,Europe,Tablet,Gold,Social Media,12,28327.96,61.9,6
CUST03669,36,Male,Bachelor,Medium-Low,North America,Desktop,Gold,Social Media,1084,23769.15,84.1,6
CUST03670,40,Male,Bachelor,Medium-High,Europe,Mobile,Platinum,Paid Search,99,19169.41,38.5,8
CUST03671,34,Female,Master,High,Europe,Mobile,Silver,Organic Search,1095,11471.54,70.4,4
CUST03672,41,Female,Master,Low,Asia-Pacific,Mobile,Bronze,Social Media,119,4416.63,36.7,2
CUST03673,30,Male,Master,Medium,Europe,Mobile,Silver,Referral,30,8862.62,93.1,6
CUST03674,44,Female,High School,Medium,Asia-Pacific,Tablet,Gold,Organic Search,195,16550.99,48.7,6
CUST03675,38,Male,Associate,Medium,Asia-Pacific,Desktop,Silver,Organic Search,1048,3699.48,79.4,4
CUST03676,32,Male,Associate,Low,North America,Desktop,Bronze,Social Media,90,19569.01,48.9,1
CUST03677,33,Non-binary,Bachelor,Medium,North America,Mobile,Silver,Referral,1095,4822.01,96.1,3
CUST03678,32,Female,Bachelor,Medium-High,Europe,Mobile,Silver,Paid Search,896,16206.5,40.1,5
CUST03679,38,Female,Master,Medium-High,Middle East,Desktop,Silver,Email,99,5319.82,63.3,2
CUST03680,33,Male,Associate,Medium,Asia-Pacific,Desktop,Gold,Referral,82,5275.57,45.6,9
CUST03681,39,Male,Associate,Low,Europe,Mobile,Bronze,Email,164,12288.89,55.8,0
CUST03682,40,Non-binary,PhD,Medium,Latin America,Desktop,Bronze,Display Ads,145,2874.95,30.2,2
CUST03683,38,Male,PhD,Medium-High,Asia-Pacific,Mobile,Platinum,Email,351,24593.65,47.7,18
CUST03684,18,Female,High School,Medium-Low,Europe,Desktop,Silver,Paid Search,179,8023.51,54.5,7
CUST03685,45,Female,Bachelor,Medium,North America,Desktop,Platinum,Display Ads,189,39628.61,43.1,7
CUST03686,45,Female,Bachelor,Medium,North America,Mobile,Silver,Social Media,211,8937.58,75.7,5
CUST03687,32,Male,High School,Medium-High,Latin America,Tablet,Silver,Social Media,420,7866.52,81.6,2
CUST03688,56,Non-binary,Bachelor,Medium-High,Europe,Desktop,Gold,Social Media,106,22656.77,65.7,1
CUST03689,36,Female,Master,Medium,Asia-Pacific,Desktop,Silver,Social Media,439,8801.37,44.6,5
CUST03690,44,Male,Master,Medium-Low,Europe,Tablet,Platinum,Email,565,12168.89,34.7,13
CUST03691,49,Male,Master,Medium-High,Europe,Mobile,Silver,Organic Search,59,12739.07,47.6,3
CUST03692,41,Male,High School,High,Europe,Desktop,Silver,Email,459,7268.88,66.6,6
CUST03693,42,Female,Master,Medium-High,Asia-Pacific,Mobile,Silver,Referral,88,1321.06,63.6,8
CUST03694,44,Female,Bachelor,Low,North America,Tablet,Gold,Paid Search,170,60466.65,45.0,11
CUST03695,38,Male,Associate,Medium-High,North America,Tablet,Platinum,Referral,6,41992.03,50.5,10
CUST03696,43,Male,Bachelor,Medium,Latin America,Mobile,Gold,Direct,346,21347.4,81.1,6
CUST03697,48,Female,PhD,Medium,North America,Desktop,Silver,Email,362,6751.42,43.9,3
CUST03698,45,Male,Master,High,Middle East,Mobile,Platinum,Organic Search,156,25090.79,66.6,14
CUST03699,52,Male,Bachelor,Medium-High,North America,Mobile,Platinum,Social Media,51,29497.5,54.3,16
CUST03700,30,Female,Master,Medium,North America,Tablet,Bronze,Referral,1095,3435.17,40.9,1
CUST03701,48,Female,PhD,Medium-High,North America,Mobile,Gold,Display Ads,530,21983.34,68.6,4
CUST03702,38,Female,Bachelor,Medium,Asia-Pacific,Desktop,Gold,Organic Search,550,10446.76,71.0,7
CUST03703,51,Female,PhD,High,Asia-Pacific,Mobile,Platinum,Display Ads,126,7168.92,96.9,8
CUST03704,42,Male,High School,Medium-Low,North America,Mobile,Gold,Email,330,19823.99,35.2,8
CUST03705,38,Female,Master,Medium-High,North America,Desktop,Gold,Organic Search,77,53012.21,77.9,4
CUST03706,41,Male,High School,High,North America,Mobile,Silver,Direct,1095,16108.61,56.9,3
CUST03707,43,Female,Master,Medium-High,North America,Desktop,Platinum,Email,308,30888.99,49.7,6
CUST03708,40,Male,Bachelor,Medium,Latin America,Tablet,Silver,Email,1095,30743.64,82.2,3
CUST03709,44,Female,High School,Medium,North America,Tablet,Gold,Social Media,141,7685.29,45.9,12
CUST03710,40,Female,PhD,Medium-High,Europe,Desktop,Silver,Social Media,402,5265.43,70.1,4
CUST03711,44,Female,PhD,Medium-High,Middle East,Desktop,Gold,Organic Search,63,23130.02,94.3,11
CUST03712,40,Male,Bachelor,Medium-High,Asia-Pacific,Desktop,Gold,Social Media,889,26158.32,72.2,5
CUST03713,34,Female,Bachelor,Medium,North America,Mobile,Bronze,Social Media,144,2643.42,48.2,1
CUST03714,38,Female,Master,High,North America,Mobile,Platinum,Organic Search,59,55799.45,89.4,10
CUST03715,29,Male,PhD,Medium,North America,Mobile,Bronze,Organic Search,727,8780.47,46.8,2
CUST03716,39,Male,Bachelor,Medium-Low,North America,Desktop,Gold,Display Ads,1095,29033.05,81.5,4
CUST03717,50,Female,Associate,Medium-High,Asia-Pacific,Mobile,Gold,Social Media,162,5758.53,42.9,10
CUST03718,44,Female,Bachelor,Medium,North America,Mobile,Silver,Email,447,1179.63,62.8,5
CUST03719,36,Female,Associate,Medium,Asia-Pacific,Mobile,Bronze,Referral,173,4272.81,88.2,1
CUST03720,41,Female,PhD,Medium-Low,Middle East,Mobile,Silver,Direct,721,30846.03,31.4,8
CUST03721,49,Female,Master,Medium-High,Europe,Desktop,Platinum,Social Media,24,12626.9,63.7,4
CUST03722,43,Male,Bachelor,Medium-Low,North America,Mobile,Bronze,Organic Search,253,5704.72,50.4,3
CUST03723,49,Male,Bachelor,Medium-High,Asia-Pacific,Mobile,Platinum,Social Media,293,56554.21,37.5,10
CUST03724,33,Female,Associate,High,North America,Mobile,Bronze,Display Ads,591,4142.16,73.8,2
CUST03725,32,Female,Associate,Medium-High,North America,Mobile,Gold,Social Media,105,17859.07,66.3,5
CUST03726,44,Male,Master,Medium,Europe,Mobile,Silver,Organic Search,660,18890.37,98.2,3
CUST03727,41,Female,High School,Medium-High,North America,Desktop,Gold,Organic Search,360,11538.22,37.2,10
CUST03728,36,Female,Bachelor,Medium-Low,Europe,Mobile,Silver,Paid Search,360,7589.47,32.2,7
CUST03729,44,Male,Bachelor,Medium,Europe,Desktop,Silver,Email,7,3035.84,46.7,8
CUST03730,34,Female,Associate,Medium-High,Latin America,Desktop,Gold,Email,878,29247.65,97.7,5
CUST03731,33,Male,Master,Low,Europe,Desktop,Silver,Referral,85,7351.64,99.2,5
CUST03732,35,Male,Bachelor,Medium,Europe,Desktop,Bronze,Display Ads,568,5081.72,94.3,1
CUST03733,40,Male,Master,Medium,North America,Tablet,Gold,Social Media,534,6712.88,87.0,7
CUST03734,37,Female,Bachelor,Medium,Latin America,Desktop,Gold,Social Media,80,22567.75,40.6,8
CUST03735,40,Male,Master,Medium-High,North America,Desktop,Platinum,Display Ads,1067,20240.32,76.3,10
CUST03736,45,Female,Bachelor,Medium-High,North America,Mobile,Platinum,Organic Search,154,51329.59,89.2,13
CUST03737,32,Male,High School,Medium-High,Middle East,Mobile,Platinum,Paid Search,647,92691.47,80.8,9
CUST03738,36,Female,High School,Medium-High,Europe,Mobile,Silver,Direct,668,4670.04,39.3,5
CUST03739,35,Male,Bachelor,High,Asia-Pacific,Mobile,Bronze,Email,246,4298.78,90.0,0
CUST03740,41,Male,Bachelor,Medium,North America,Mobile,Silver,Email,416,2313.67,36.5,3
CUST03741,37,Male,High School,Medium-High,North America,Mobile,Bronze,Display Ads,337,587.4,64.9,3
CUST03742,49,Male,Master,High,Asia-Pacific,Mobile,Platinum,Referral,641,61843.24,55.7,13
CUST03743,52,Male,Bachelor,Medium,Asia-Pacific,Desktop,Gold,Referral,579,24393.79,92.4,9
CUST03744,37,Female,High School,Low,Asia-Pacific,Desktop,Bronze,Referral,63,2612.58,44.9,0
CUST03745,40,Female,Master,Medium,Latin America,Mobile,Bronze,Direct,44,2884.55,42.2,5
CUST03746,36,Female,Bachelor,Medium-High,Latin America,Desktop,Platinum,Display Ads,182,47477.26,91.8,17
CUST03747,34,Male,Bachelor,Medium-Low,North America,Desktop,Bronze,Organic Search,592,5026.59,77.2,2
CUST03748,46,Female,Master,Medium,Asia-Pacific,Tablet,Gold,Email,471,5705.2,62.3,3
CUST03749,47,Female,Bachelor,Medium-Low,North America,Mobile,Gold,Email,526,50777.35,46.1,4
CUST03750,39,Male,Bachelor,Medium-High,North America,Mobile,Platinum,Email,55,12746.46,88.9,19
CUST03751,35,Male,Associate,Low,Middle East,Mobile,Bronze,Paid Search,1095,1710.85,80.7,3
CUST03752,40,Female,Associate,Medium,Asia-Pacific,Mobile,Silver,Social Media,612,4780.22,48.0,1
CUST03753,36,Male,Associate,Medium-High,Middle East,Mobile,Platinum,Social Media,237,26698.07,79.1,13
CUST03754,52,Male,Bachelor,Medium-Low,Asia-Pacific,Desktop,Gold,Paid Search,394,32021.53,78.8,10
CUST03755,35,Male,Master,Medium-High,North America,Mobile,Platinum,Organic Search,177,25212.87,53.1,9
CUST03756,31,Female,Associate,High,Europe,Mobile,Silver,Email,709,14755.65,62.4,5
CUST03757,47,Female,Bachelor,Medium,Middle East,Desktop,Platinum,Paid Search,1095,60740.04,79.9,16
CUST03758,41,Male,Bachelor,Medium-High,North America,Mobile,Gold,Referral,22,11169.3,94.2,11
CUST03759,32,Female,Associate,Medium,North America,Tablet,Bronze,Email,1095,8923.2,55.6,4
CUST03760,41,Female,Master,Medium-High,Latin America,Mobile,Gold,Email,89,6876.63,57.6,6
CUST03761,43,Female,Bachelor,Medium,Asia-Pacific,Mobile,Silver,Social Media,430,28940.13,86.5,4
CUST03762,28,Male,Associate,Medium-High,Asia-Pacific,Tablet,Gold,Social Media,354,49954.87,49.1,5
CUST03763,26,Male,Bachelor,Medium-High,Asia-Pacific,Tablet,Bronze,Display Ads,831,1887.63,55.2,2
CUST03764,24,Male,Bachelor,Medium,Europe,Mobile,Bronze,Direct,446,1163.42,53.1,1
CUST03765,33,Male,Associate,Medium,North America,Desktop,Bronze,Paid Search,395,3994.04,97.2,2
CUST03766,36,Non-binary,Bachelor,High,North America,Mobile,Silver,Social Media,535,7874.67,84.8,3
CUST03767,41,Female,PhD,Medium-Low,Europe,Tablet,Bronze,Social Media,100,8238.27,81.9,2
CUST03768,34,Male,High School,Medium-High,Asia-Pacific,Mobile,Silver,Email,733,3583.08,98.5,5
CUST03769,35,Female,Bachelor,Low,Latin America,Mobile,Silver,Organic Search,358,1001.62,83.2,4
CUST03770,27,Female,Master,Medium-High,Europe,Mobile,Silver,Social Media,59,3547.29,63.5,4
CUST03771,28,Female,PhD,Medium,Latin America,Mobile,Silver,Organic Search,1095,2859.12,36.6,6
CUST03772,38,Non-binary,Bachelor,Medium,Asia-Pacific,Mobile,Silver,Paid Search,7,8634.68,65.3,3
CUST03773,33,Non-binary,Bachelor,Medium-High,North America,Mobile,Gold,Organic Search,23,20703.33,64.4,3
CUST03774,36,Male,Associate,Medium-Low,North America,Desktop,Bronze,Social Media,4,3675.59,55.6,0
CUST03775,26,Female,Associate,Medium-Low,North America,Mobile,Bronze,Email,24,3664.39,83.6,2
CUST03776,28,Female,Bachelor,Medium-High,North America,Desktop,Gold,Email,657,6912.38,54.0,7
CUST03777,37,Male,High School,Medium-Low,Europe,Desktop,Bronze,Display Ads,67,6586.07,47.3,1
CUST03778,38,Female,High School,High,Asia-Pacific,Mobile,Silver,Organic Search,494,5069.68,53.7,5
CUST03779,31,Male,Master,Medium,Asia-Pacific,Tablet,Bronze,Paid Search,688,6595.73,53.5,0
CUST03780,38,Male,Master,Medium-High,North America,Mobile,Silver,Organic Search,56,6982.69,33.4,4
CUST03781,48,Male,Bachelor,Medium-High,Latin America,Mobile,Platinum,Social Media,325,39289.17,54.4,7
CUST03782,33,Female,Master,Medium,Asia-Pacific,Desktop,Bronze,Social Media,860,2593.14,64.3,2
CUST03783,18,Female,Master,Medium-Low,North America,Desktop,Bronze,Social Media,7,2632.43,77.1,2
CUST03784,34,Male,Master,Medium,Asia-Pacific,Desktop,Bronze,Social Media,175,2793.35,80.8,3
CUST03785,33,Male,PhD,Medium,Asia-Pacific,Desktop,Silver,Email,340,17469.05,34.9,7
CUST03786,36,Male,Bachelor,High,North America,Mobile,Silver,Email,37,10527.47,83.5,3
CUST03787,41,Female,High School,Low,Latin America,Mobile,Gold,Email,122,23038.5,66.8,10
CUST03788,29,Male,Bachelor,Medium,North America,Mobile,Silver,Organic Search,149,11126.14,53.5,6
CUST03789,40,Female,Master,Medium-High,Europe,Mobile,Bronze,Email,89,1241.67,52.3,1
CUST03790,27,Female,Associate,High,Europe,Desktop,Bronze,Email,1070,5042.0,89.3,4
CUST03791,41,Male,Master,Medium-High,Europe,Desktop,Platinum,Direct,337,29435.57,83.2,9
CUST03792,37,Male,High School,Medium-Low,Latin America,Mobile,Bronze,Paid Search,391,1871.33,45.3,1
CUST03793,28,Female,Bachelor,Medium-Low,Asia-Pacific,Mobile,Silver,Direct,169,7667.06,93.7,3
CUST03794,33,Male,High School,Medium-High,North America,Mobile,Silver,Referral,82,13454.83,98.5,2
CUST03795,29,Female,Master,Medium,Latin America,Desktop,Bronze,Email,64,21141.98,41.8,2
CUST03796,42,Male,Bachelor,Medium-Low,North America,Mobile,Bronze,Organic Search,62,1172.84,76.5,2
CUST03797,29,Female,Associate,Medium,North America,Desktop,Silver,Paid Search,144,14750.03,79.9,4
CUST03798,33,Male,Master,Medium-Low,Latin America,Mobile,Silver,Social Media,558,777.87,85.5,2
CUST03799,23,Male,Bachelor,Medium-Low,Europe,Desktop,Bronze,Social Media,460,11977.2,90.7,0
CUST03800,29,Female,Associate,Medium,North America,Mobile,Bronze,Social Media,269,3283.01,72.0,2
CUST03801,43,Male,Master,High,Asia-Pacific,Desktop,Platinum,Referral,123,49392.93,77.5,11
CUST03802,42,Male,High School,Medium-High,Asia-Pacific,Desktop,Platinum,Display Ads,103,7274.59,34.4,14
CUST03803,41,Female,Bachelor,Medium,Latin America,Desktop,Silver,Display Ads,166,6551.6,72.5,7
CUST03804,32,Female,High School,Medium-High,North America,Desktop,Bronze,Paid Search,734,5329.35,44.1,3
CUST03805,27,Female,PhD,Low,Latin America,Desktop,Bronze,Social Media,78,3975.46,92.5,3
CUST03806,46,Female,Master,Medium,Europe,Desktop,Bronze,Referral,163,4522.33,99.8,4
CUST03807,37,Female,Bachelor,Low,North America,Mobile,Gold,Social Media,1095,55009.22,70.3,9
CUST03808,39,Male,Bachelor,Medium,Middle East,Desktop,Silver,Organic Search,1060,4700.26,89.1,2
CUST03809,30,Male,Associate,Medium-Low,Europe,Tablet,Silver,Referral,109,10217.99,57.9,7
CUST03810,38,Male,High School,Medium,North America,Mobile,Platinum,Organic Search,114,85257.11,69.3,8
CUST03811,33,Non-binary,Bachelor,Medium-Low,Europe,Mobile,Bronze,Email,108,1570.16,66.9,1
CUST03812,38,Male,Associate,Medium,Europe,Desktop,Silver,Direct,291,2503.91,98.2,4
CUST03813,34,Female,Associate,Medium-Low,Europe,Desktop,Bronze,Social Media,94,6968.97,36.5,3
CUST03814,45,Male,Associate,Medium,North America,Mobile,Platinum,Organic Search,222,67151.26,53.6,6
CUST03815,40,Male,Bachelor,Medium-Low,North America,Mobile,Bronze,Referral,518,11074.91,81.5,4
CUST03816,41,Male,High School,Medium,Middle East,Desktop,Silver,Paid Search,350,8193.51,36.9,2
CUST03817,45,Male,Associate,Low,Europe,Mobile,Silver,Organic Search,807,820.79,49.7,3
CUST03818,47,Male,Master,Medium-High,Europe,Desktop,Gold,Direct,617,13117.5,62.3,10
CUST03819,34,Male,Master,Low,Middle East,Mobile,Silver,Email,537,6075.26,78.9,7
CUST03820,34,Female,Bachelor,Medium,Asia-Pacific,Mobile,Silver,Email,348,8372.35,34.4,7
CUST03821,19,Male,Associate,Medium,Asia-Pacific,Desktop,Silver,Display Ads,87,3034.83,63.8,5
CUST03822,26,Female,High School,Medium-High,Europe,Tablet,Silver,Direct,136,6252.73,33.4,5
CUST03823,35,Non-binary,Bachelor,Medium,Asia-Pacific,Desktop,Silver,Organic Search,0,7341.6,74.4,3
CUST03824,38,Male,Bachelor,Low,North America,Mobile,Silver,Social Media,259,7046.08,67.8,2
CUST03825,31,Female,Associate,Low,Europe,Desktop,Bronze,Email,583,2074.39,57.1,5
CUST03826,38,Female,High School,High,North America,Desktop,Silver,Organic Search,67,11552.47,74.3,5
CUST03827,32,Male,Master,Medium-Low,Europe,Desktop,Bronze,Organic Search,33,2142.81,58.0,5
CUST03828,40,Female,Associate,Medium,Middle East,Mobile,Gold,Email,1095,29752.32,35.6,6
CUST03829,44,Female,PhD,High,Asia-Pacific,Desktop,Gold,Organic Search,314,21447.53,33.6,6
CUST03830,28,Male,Associate,Medium-High,Middle East,Mobile,Silver,Social Media,216,18738.43,51.7,7
CUST03831,47,Male,High School,Medium-Low,Asia-Pacific,Mobile,Platinum,Email,1095,4623.68,58.5,12
CUST03832,34,Male,Associate,Medium-High,Middle East,Mobile,Platinum,Organic Search,306,37991.5,55.1,9
CUST03833,37,Female,PhD,Low,Europe,Desktop,Platinum,Organic Search,275,9756.07,67.5,20
CUST03834,22,Male,Master,Medium,Europe,Desktop,Silver,Social Media,17,2555.66,92.2,5
CUST03835,30,Male,Bachelor,Medium,Middle East,Mobile,Platinum,Direct,552,33824.66,74.6,8
CUST03836,39,Male,Associate,Medium-Low,Europe,Mobile,Bronze,Organic Search,186,8854.28,93.0,3
CUST03837,47,Male,High School,Medium-Low,Middle East,Mobile,Silver,Organic Search,474,10435.99,62.9,3
CUST03838,30,Male,Bachelor,Medium-High,Europe,Mobile,Silver,Organic Search,263,8264.7,56.8,5
CUST03839,38,Female,Bachelor,Medium,North America,Desktop,Bronze,Paid Search,41,5031.09,81.3,1
CUST03840,34,Male,Associate,Medium-High,Europe,Mobile,Platinum,Organic Search,356,32569.98,62.0,8
CUST03841,38,Male,PhD,Medium-High,Asia-Pacific,Mobile,Gold,Referral,11,23927.49,96.2,3
CUST03842,31,Female,Associate,High,Europe,Desktop,Bronze,Email,730,6817.66,72.8,1
CUST03843,35,Male,Bachelor,Medium,North America,Desktop,Gold,Paid Search,74,13008.94,63.8,7
CUST03844,27,Female,High School,Medium-Low,Asia-Pacific,Mobile,Bronze,Direct,447,3389.78,43.0,4
CUST03845,25,Female,Master,Medium,Latin America,Mobile,Silver,Direct,542,3225.23,35.9,4
CUST03846,42,Female,Associate,High,Europe,Desktop,Gold,Direct,577,22222.73,89.9,9
CUST03847,37,Female,Associate,Medium-Low,North America,Desktop,Silver,Email,111,24533.96,96.5,2
CUST03848,29,Male,Bachelor,Medium,Latin America,Mobile,Bronze,Social Media,251,2715.35,92.4,3
CUST03849,40,Non-binary,PhD,Medium,Asia-Pacific,Mobile,Silver,Referral,433,18936.88,49.3,7
CUST03850,40,Male,Associate,Medium,North America,Mobile,Platinum,Referral,157,54060.1,35.0,7
CUST03851,33,Female,High School,Medium-High,North America,Mobile,Silver,Social Media,59,26195.48,95.3,4
CUST03852,35,Female,Bachelor,Medium-Low,Middle East,Desktop,Silver,Social Media,522,687.99,32.3,4
CUST03853,42,Female,Bachelor,Medium,Latin America,Mobile,Gold,Social Media,20,18404.06,98.4,8
CUST03854,33,Female,Bachelor,Medium-High,Asia-Pacific,Desktop,Gold,Email,57,18354.01,91.2,8
CUST03855,43,Female,Associate,Low,Europe,Tablet,Silver,Email,245,1031.13,83.9,5
CUST03856,33,Male,Bachelor,Medium-Low,North America,Mobile,Gold,Referral,265,9781.98,82.1,9
CUST03857,33,Female,Bachelor,Medium-High,North America,Desktop,Platinum,Organic Search,338,35615.84,94.3,7
CUST03858,32,Female,Associate,Medium,Europe,Mobile,Gold,Social Media,55,3301.39,36.3,14
CUST03859,30,Female,Master,Medium,Middle East,Mobile,Bronze,Social Media,246,3433.31,75.0,0
CUST03860,48,Male,Master,Medium-High,Asia-Pacific,Mobile,Platinum,Direct,668,17024.87,71.0,18
CUST03861,36,Male,Associate,Medium,North America,Mobile,Gold,Organic Search,97,7228.57,74.6,6
CUST03862,37,Non-binary,Bachelor,Medium-Low,North America,Desktop,Platinum,Email,228,30753.62,84.9,7
CUST03863,44,Non-binary,Bachelor,Low,Asia-Pacific,Mobile,Silver,Paid Search,151,32438.7,91.5,7
CUST03864,35,Female,Associate,Medium-Low,Europe,Desktop,Bronze,Paid Search,253,9980.35,48.9,2
CUST03865,34,Female,PhD,Medium,North America,Tablet,Bronze,Email,86,6912.53,75.7,1
CUST03866,29,Male,Master,Medium-Low,Middle East,Tablet,Bronze,Social Media,172,6178.42,90.4,0
CUST03867,19,Non-binary,Bachelor,Medium,Middle East,Mobile,Bronze,Direct,458,6679.73,76.2,2
CUST03868,41,Female,Bachelor,Medium-High,North America,Desktop,Silver,Social Media,979,3977.59,73.5,4
CUST03869,31,Male,Bachelor,Medium-Low,Europe,Tablet,Silver,Social Media,465,5370.02,66.1,4
CUST03870,36,Male,High School,Medium,North America,Mobile,Silver,Social Media,257,1958.0,73.7,3
CUST03871,39,Female,Master,Medium,North America,Desktop,Gold,Paid Search,27,35403.61,74.4,4
CUST03872,48,Female,Bachelor,Medium-High,Asia-Pacific,Mobile,Platinum,Referral,600,23739.38,43.5,9
CUST03873,29,Female,Bachelor,Medium,North America,Mobile,Bronze,Social Media,166,4340.43,89.5,2
CUST03874,49,Male,PhD,Medium-High,North America,Mobile,Gold,Organic Search,621,14564.64,83.8,10
CUST03875,40,Female,Associate,High,North America,Mobile,Silver,Organic Search,176,5773.77,48.4,10
CUST03876,37,Female,Associate,Medium-High,North America,Desktop,Platinum,Organic Search,611,21094.0,37.6,16
CUST03877,45,Male,PhD,Medium-High,North America,Tablet,Platinum,Organic Search,87,42108.53,87.6,7
CUST03878,39,Male,PhD,Medium-High,Europe,Mobile,Silver,Email,538,14095.26,42.6,5
CUST03879,32,Male,Bachelor,Medium-Low,Europe,Desktop,Bronze,Social Media,262,1819.14,68.5,0
CUST03880,42,Male,Bachelor,Medium-High,North America,Desktop,Gold,Paid Search,458,4247.75,80.1,5
CUST03881,28,Female,Associate,Medium-High,Asia-Pacific,Mobile,Bronze,Email,322,6386.22,40.1,2
CUST03882,30,Non-binary,Master,Medium,Europe,Tablet,Bronze,Referral,93,2163.34,82.5,4
CUST03883,43,Male,Bachelor,Medium,North America,Desktop,Gold,Organic Search,137,24937.45,75.6,5
CUST03884,49,Male,Master,Medium-High,North America,Tablet,Platinum,Organic Search,1,17592.76,46.3,9
CUST03885,46,Female,Bachelor,Low,Asia-Pacific,Desktop,Silver,Paid Search,620,5293.12,89.7,6
CUST03886,43,Male,Associate,Medium,North America,Mobile,Gold,Paid Search,1095,19197.03,59.7,5
CUST03887,37,Female,Bachelor,Medium-Low,North America,Mobile,Silver,Organic Search,746,9094.59,50.3,4
CUST03888,38,Non-binary,Bachelor,Medium,Europe,Mobile,Bronze,Email,537,1856.39,56.6,2
CUST03889,24,Male,Bachelor,Medium,North America,Desktop,Silver,Direct,226,3598.1,73.1,3
CUST03890,31,Male,Bachelor,Medium,North America,Desktop,Silver,Email,154,14605.96,57.7,3
CUST03891,35,Male,Bachelor,Medium-High,Latin America,Tablet,Gold,Organic Search,78,22397.96,83.0,12
CUST03892,31,Female,Bachelor,Medium-Low,Europe,Mobile,Bronze,Referral,1095,4204.53,65.0,2
CUST03893,39,Male,Bachelor,Medium,Europe,Mobile,Gold,Organic Search,129,21965.03,72.9,4
CUST03894,26,Male,Master,Low,Asia-Pacific,Mobile,Bronze,Social Media,11,2801.16,69.8,2
CUST03895,34,Female,High School,Medium,Asia-Pacific,Mobile,Silver,Organic Search,273,13264.2,72.4,3
CUST03896,35,Male,Bachelor,Medium-Low,Asia-Pacific,Mobile,Bronze,Email,349,3606.38,45.1,6
CUST03897,35,Female,Associate,Medium-High,Asia-Pacific,Mobile,Silver,Direct,106,14823.68,46.1,7
CUST03898,26,Female,Bachelor,Medium-High,Middle East,Mobile,Silver,Social Media,129,12958.48,49.9,1
CUST03899,29,Female,Master,Medium-High,Asia-Pacific,Desktop,Bronze,Display Ads,240,4067.23,30.6,1
CUST03900,37,Female,Master,High,North America,Mobile,Silver,Email,65,11331.46,77.3,7
CUST03901,44,Female,Bachelor,High,Middle East,Mobile,Platinum,Direct,14,42085.89,81.7,15
CUST03902,40,Female,Bachelor,Medium-Low,Europe,Desktop,Silver,Email,38,10085.83,95.2,4
CUST03903,42,Female,Bachelor,High,Europe,Desktop,Platinum,Paid Search,936,77843.18,95.3,15
CUST03904,26,Male,High School,Medium,North America,Mobile,Silver,Paid Search,156,1545.92,83.0,1
CUST03905,32,Male,Associate,Medium-High,North America,Mobile,Silver,Email,303,7007.88,99.3,3
CUST03906,45,Male,Bachelor,Medium-High,Asia-Pacific,Mobile,Gold,Email,321,40564.97,97.4,6
CUST03907,43,Male,Associate,Medium,Latin America,Desktop,Silver,Referral,816,10561.28,46.6,3
CUST03908,34,Male,Associate,Medium-Low,North America,Mobile,Gold,Social Media,849,45636.25,37.3,6
CUST03909,42,Male,PhD,Medium-High,Europe,Tablet,Bronze,Social Media,234,6157.84,58.4,3
CUST03910,29,Female,Associate,Medium,Latin America,Desktop,Silver,Email,305,9827.76,62.7,3
CUST03911,32,Female,Bachelor,Medium-Low,Latin America,Mobile,Bronze,Paid Search,806,7397.36,82.6,0
CUST03912,38,Male,Master,Medium-Low,Middle East,Desktop,Bronze,Social Media,2,10024.76,66.7,2
CUST03913,35,Female,High School,Medium,Asia-Pacific,Mobile,Silver,Organic Search,368,4233.27,52.6,8
CUST03914,39,Male,High School,Medium-High,North America,Desktop,Bronze,Referral,385,4960.91,83.5,1
CUST03915,50,Female,Bachelor,Medium-Low,Asia-Pacific,Desktop,Platinum,Social Media,83,28060.1,72.5,11
CUST03916,46,Female,Bachelor,High,Latin America,Mobile,Platinum,Social Media,168,59008.48,52.3,11
CUST03917,27,Male,Associate,Medium-High,North America,Desktop,Gold,Social Media,44,7056.8,96.1,3
CUST03918,46,Female,Bachelor,Low,North America,Tablet,Silver,Social Media,211,1843.48,68.2,2
CUST03919,25,Female,Master,Medium-High,Europe,Tablet,Bronze,Direct,383,3240.73,98.6,2
CUST03920,35,Male,Master,Medium,North America,Mobile,Bronze,Paid Search,406,2846.61,99.9,2
CUST03921,26,Male,Associate,Medium-Low,Latin America,Mobile,Bronze,Organic Search,812,5910.72,54.6,1
CUST03922,28,Male,Master,Medium-Low,Europe,Desktop,Bronze,Referral,171,1179.94,82.2,2
CUST03923,36,Male,High School,Medium-Low,Latin America,Mobile,Silver,Social Media,61,8900.4,96.1,5
CUST03924,32,Male,Bachelor,Medium-High,Latin America,Desktop,Silver,Social Media,183,11856.54,57.3,5
CUST03925,35,Male,Bachelor,Medium,Asia-Pacific,Desktop,Bronze,Social Media,879,5961.78,96.6,1
CUST03926,43,Male,Bachelor,High,North America,Mobile,Platinum,Social Media,467,54819.93,97.5,12
CUST03927,26,Female,Bachelor,High,Latin America,Desktop,Platinum,Social Media,647,85198.79,56.1,10
CUST03928,45,Male,Bachelor,Low,Asia-Pacific,Mobile,Platinum,Organic Search,156,33259.43,37.0,6
CUST03929,33,Male,Master,Medium-Low,Latin America,Desktop,Gold,Paid Search,721,31269.55,41.0,8
CUST03930,46,Male,Bachelor,High,Europe,Desktop,Platinum,Social Media,469,19540.98,46.4,3
CUST03931,44,Male,High School,Medium-Low,Latin America,Mobile,Silver,Organic Search,71,14026.41,61.2,5
CUST03932,24,Male,Master,Medium,North America,Desktop,Bronze,Organic Search,228,5594.09,34.7,1
CUST03933,44,Non-binary,Bachelor,High,North America,Mobile,Platinum,Organic Search,517,45299.62,50.2,7
CUST03934,41,Female,Bachelor,Medium-High,North America,Desktop,Silver,Direct,405,260.82,94.7,2
CUST03935,34,Male,PhD,High,North America,Desktop,Silver,Social Media,253,1679.25,85.3,6
CUST03936,39,Male,High School,Medium-Low,Asia-Pacific,Desktop,Silver,Organic Search,75,11452.02,56.5,4
CUST03937,34,Female,Associate,Medium-High,Asia-Pacific,Desktop,Gold,Social Media,357,39719.68,94.8,2
CUST03938,47,Female,PhD,Medium-High,Europe,Desktop,Platinum,Organic Search,587,43080.62,39.8,12
CUST03939,39,Female,Bachelor,Medium,North America,Desktop,Silver,Social Media,1095,3887.08,53.5,5
CUST03940,39,Female,Bachelor,Medium-High,Asia-Pacific,Tablet,Platinum,Organic Search,203,51327.95,68.2,17
CUST03941,41,Male,Bachelor,Medium,Latin America,Tablet,Bronze,Paid Search,1095,5196.81,44.7,2
CUST03942,49,Male,Bachelor,Medium-High,Asia-Pacific,Mobile,Platinum,Social Media,88,11376.46,87.1,11
CUST03943,32,Male,Bachelor,Medium,Europe,Desktop,Silver,Email,146,6605.25,41.7,4
CUST03944,39,Male,PhD,Medium-High,North America,Mobile,Silver,Organic Search,116,4706.95,44.8,2
CUST03945,45,Female,PhD,Medium,Middle East,Desktop,Platinum,Paid Search,85,38872.49,58.5,13
CUST03946,42,Female,Bachelor,Medium-Low,Europe,Desktop,Silver,Direct,446,37543.02,44.9,3
CUST03947,40,Male,Master,Medium,Latin America,Tablet,Gold,Email,637,20345.17,93.6,6
CUST03948,36,Female,Bachelor,Low,North America,Mobile,Bronze,Direct,760,2506.64,63.0,1
CUST03949,42,Female,Bachelor,Medium,Asia-Pacific,Mobile,Gold,Social Media,302,22237.55,68.3,11
CUST03950,33,Male,Master,Medium,Middle East,Mobile,Bronze,Paid Search,95,3877.9,94.1,1
CUST03951,41,Female,Bachelor,Medium-High,Asia-Pacific,Mobile,Gold,Display Ads,187,37173.16,63.6,4
CUST03952,39,Male,High School,Medium,Asia-Pacific,Tablet,Platinum,Referral,693,15050.76,89.5,10
CUST03953,36,Male,PhD,Medium-Low,North America,Desktop,Gold,Email,381,22665.06,89.8,8
CUST03954,32,Male,Bachelor,Medium-Low,Europe,Mobile,Silver,Organic Search,18,20198.51,72.8,7
CUST03955,27,Male,High School,Medium,North America,Mobile,Silver,Paid Search,116,5950.78,63.0,2
CUST03956,43,Male,Bachelor,Medium-Low,Latin America,Mobile,Silver,Social Media,797,10512.85,54.6,4
CUST03957,32,Female,Bachelor,Medium-Low,Asia-Pacific,Desktop,Bronze,Email,514,6992.03,75.7,1
CUST03958,34,Male,PhD,Medium-Low,North America,Mobile,Bronze,Organic Search,552,10392.98,58.1,2
CUST03959,31,Male,Bachelor,Medium-High,Asia-Pacific,Mobile,Silver,Email,251,15554.88,90.0,4
CUST03960,44,Female,Associate,Medium-Low,Middle East,Desktop,Silver,Organic Search,483,3275.74,57.7,5
CUST03961,47,Female,Bachelor,High,Latin America,Mobile,Platinum,Social Media,410,66002.56,33.5,15
CUST03962,44,Female,High School,Medium-High,Europe,Mobile,Gold,Paid Search,70,36588.75,41.2,8
CUST03963,19,Female,Bachelor,Medium,North America,Tablet,Bronze,Display Ads,368,4855.47,40.4,0
CUST03964,44,Female,Master,Medium-High,Asia-Pacific,Mobile,Platinum,Email,64,8630.46,74.1,12
CUST03965,35,Female,High School,Medium,Latin America,Desktop,Bronze,Social Media,379,5509.69,36.6,3
CUST03966,27,Non-binary,Master,Medium,Asia-Pacific,Mobile,Gold,Email,789,53485.52,31.3,5
CUST03967,44,Male,Associate,Medium,Europe,Mobile,Silver,Social Media,232,6486.04,57.9,2
CUST03968,35,Female,PhD,Medium,North America,Mobile,Silver,Email,402,26175.36,44.1,4
CUST03969,35,Male,Bachelor,Medium-High,Europe,Mobile,Gold,Paid Search,119,11549.49,94.8,3
CUST03970,37,Male,Bachelor,Medium-Low,North America,Mobile,Bronze,Email,423,3791.2,66.4,2
CUST03971,40,Male,Master,Medium-Low,Europe,Desktop,Bronze,Organic Search,46,1634.78,57.1,2
CUST03972,26,Male,Bachelor,Medium-High,Europe,Desktop,Silver,Organic Search,314,7729.52,69.6,4
CUST03973,37,Female,Bachelor,Medium-High,Latin America,Mobile,Gold,Organic Search,443,23479.21,82.1,6
CUST03974,42,Female,Master,Medium-High,North America,Mobile,Platinum,Paid Search,137,22311.93,79.3,13
CUST03975,34,Female,PhD,Medium,Europe,Mobile,Bronze,Display Ads,352,2502.52,51.1,3
CUST03976,42,Male,Associate,Medium,North America,Desktop,Platinum,Referral,64,17796.29,48.3,13
CUST03977,32,Female,Master,Medium-High,Asia-Pacific,Mobile,Gold,Paid Search,108,16004.41,37.1,4
CUST03978,42,Male,Master,Medium,Middle East,Mobile,Silver,Display Ads,21,11042.14,80.7,5
CUST03979,45,Male,Master,Medium-Low,Asia-Pacific,Desktop,Silver,Referral,544,3096.81,34.3,5
CUST03980,34,Female,Associate,Medium,Europe,Mobile,Bronze,Social Media,531,4688.47,92.6,3
CUST03981,35,Female,Bachelor,Low,Europe,Mobile,Silver,Organic Search,50,2859.0,55.4,3
CUST03982,39,Non-binary,Bachelor,Medium-Low,Asia-Pacific,Desktop,Bronze,Social Media,113,3244.76,76.1,2
CUST03983,33,Male,Associate,Low,Europe,Desktop,Silver,Organic Search,114,11948.68,62.6,3
CUST03984,33,Female,Bachelor,Medium-High,Europe,Mobile,Silver,Paid Search,563,8504.95,65.0,3
CUST03985,34,Female,Master,Medium-Low,North America,Desktop,Bronze,Display Ads,356,6741.34,55.7,1
CUST03986,46,Male,Master,Medium,North America,Mobile,Platinum,Social Media,297,59624.99,91.1,11
CUST03987,38,Male,PhD,Medium-High,Asia-Pacific,Mobile,Bronze,Social Media,98,6112.25,61.2,1
CUST03988,41,Female,Master,Low,Europe,Mobile,Gold,Social Media,243,17464.37,81.2,7
CUST03989,40,Male,Associate,Medium-Low,Latin America,Mobile,Bronze,Social Media,773,2492.25,96.8,1
CUST03990,30,Male,Bachelor,Medium,North America,Desktop,Bronze,Organic Search,572,7721.02,42.7,3
CUST03991,28,Male,High School,Medium-High,Europe,Mobile,Gold,Paid Search,428,39576.28,59.3,7
CUST03992,42,Male,Bachelor,Medium-High,Latin America,Tablet,Gold,Social Media,427,20277.2,89.3,8
CUST03993,24,Male,Bachelor,Medium-High,North America,Desktop,Gold,Direct,401,21890.01,77.2,8
CUST03994,39,Male,Associate,Low,North America,Mobile,Silver,Social Media,322,12716.83,94.2,9
CUST03995,39,Male,High School,Medium-Low,Middle East,Mobile,Bronze,Display Ads,428,6502.3,75.4,1
CUST03996,34,Male,Master,Medium-Low,Latin America,Mobile,Gold,Social Media,136,11857.86,68.1,3
CUST03997,39,Female,Bachelor,High,Europe,Desktop,Bronze,Direct,775,4963.02,90.8,3
CUST03998,44,Male,Master,Medium,North America,Desktop,Silver,Social Media,298,2540.3,100.0,5
CUST03999,44,Female,Bachelor,Medium-Low,North America,Tablet,Silver,Direct,45,8631.71,39.1,2
CUST04000,32,Female,PhD,High,Asia-Pacific,Mobile,Silver,Social Media,32,7419.59,42.3,1
CUST04001,30,Female,Bachelor,Medium-Low,Asia-Pacific,Mobile,Bronze,Referral,857,5457.45,32.0,2
CUST04002,38,Female,High School,Medium,North America,Desktop,Silver,Social Media,8,9485.72,83.4,5
CUST04003,35,Male,Master,Medium,North America,Desktop,Platinum,Paid Search,333,96609.38,58.3,4
CUST04004,32,Female,PhD,Medium,Asia-Pacific,Mobile,Gold,Social Media,512,11370.44,83.2,6
CUST04005,35,Female,Master,Medium,Europe,Mobile,Silver,Referral,953,12052.45,45.3,4
CUST04006,39,Female,Bachelor,Medium-Low,Asia-Pacific,Desktop,Silver,Social Media,103,16723.67,59.4,5
CUST04007,33,Non-binary,Master,Medium,Asia-Pacific,Mobile,Bronze,Paid Search,300,2284.08,96.1,2
CUST04008,35,Female,Master,Medium-High,Middle East,Mobile,Platinum,Referral,118,7581.43,99.5,9
CUST04009,44,Female,Associate,Medium,North America,Mobile,Gold,Organic Search,601,5762.61,70.7,6
CUST04010,35,Female,Bachelor,Medium-High,Europe,Mobile,Silver,Paid Search,327,4864.67,51.7,1
CUST04011,41,Male,Master,Medium-High,Europe,Tablet,Platinum,Email,409,24749.67,76.6,13
CUST04012,38,Male,Master,Medium,Asia-Pacific,Desktop,Silver,Organic Search,23,7063.18,67.9,5
CUST04013,27,Male,Bachelor,Medium,North America,Desktop,Bronze,Social Media,112,11431.47,51.7,1
CUST04014,22,Male,Associate,Low,Europe,Mobile,Bronze,Social Media,391,3602.49,73.9,2
CUST04015,31,Female,Bachelor,Medium,North America,Mobile,Silver,Organic Search,588,4785.76,52.2,5
CUST04016,44,Male,Associate,Medium-Low,Middle East,Mobile,Bronze,Referral,734,4445.61,63.8,1
CUST04017,34,Male,Associate,Medium,Middle East,Mobile,Silver,Referral,1095,16639.41,75.3,4
CUST04018,31,Male,Master,Medium-Low,North America,Mobile,Silver,Email,173,9473.97,53.7,2
CUST04019,34,Male,Associate,Medium-Low,Asia-Pacific,Desktop,Bronze,Social Media,28,1400.65,55.2,1
CUST04020,42,Male,Bachelor,Medium-Low,Europe,Desktop,Silver,Email,152,11896.25,63.7,7
CUST04021,44,Male,High School,Medium,North America,Mobile,Silver,Direct,517,12672.74,87.9,2
CUST04022,47,Female,Bachelor,High,Europe,Desktop,Platinum,Email,301,7709.07,66.4,12
CUST04023,34,Male,Master,High,North America,Desktop,Platinum,Email,161,70748.55,84.9,15
CUST04024,42,Male,Bachelor,Medium-High,North America,Mobile,Platinum,Paid Search,1095,15033.83,45.7,15
CUST04025,43,Male,Master,Medium,Europe,Desktop,Gold,Referral,54,2090.68,33.9,9
CUST04026,49,Female,High School,High,Europe,Tablet,Gold,Organic Search,102,15593.23,50.8,9
CUST04027,36,Male,High School,Medium,Latin America,Mobile,Gold,Social Media,215,27174.81,66.1,2
CUST04028,34,Female,Bachelor,Medium,Europe,Mobile,Bronze,Social Media,606,7543.85,50.0,2
CUST04029,34,Male,Master,Medium-Low,North America,Desktop,Silver,Organic Search,385,2986.41,51.1,5
CUST04030,55,Male,Associate,Medium-High,Asia-Pacific,Desktop,Platinum,Email,380,18509.4,68.8,9
CUST04031,32,Male,High School,Medium-Low,North America,Mobile,Bronze,Organic Search,64,6121.2,40.0,3
CUST04032,40,Female,Master,Low,North America,Mobile,Gold,Email,81,29497.86,67.3,6
CUST04033,33,Male,Bachelor,High,Latin America,Tablet,Silver,Organic Search,300,894.18,55.7,2
CUST04034,38,Male,Bachelor,Medium-Low,Latin America,Desktop,Bronze,Display Ads,537,9883.49,76.9,2
CUST04035,38,Female,PhD,Medium,Latin America,Mobile,Silver,Organic Search,303,4456.36,98.6,4
CUST04036,37,Male,High School,Medium-Low,Middle East,Mobile,Silver,Paid Search,357,6036.71,64.5,4
CUST04037,38,Male,Associate,High,Asia-Pacific,Desktop,Silver,Organic Search,230,11548.78,39.0,6
CUST04038,44,Male,Associate,Medium-High,Asia-Pacific,Desktop,Platinum,Social Media,524,18914.57,76.9,15
CUST04039,54,Female,Bachelor,Medium,Europe,Mobile,Platinum,Referral,159,40691.56,40.3,7
CUST04040,31,Male,PhD,Medium,Europe,Mobile,Gold,Organic Search,69,19976.61,94.0,11
CUST04041,43,Female,High School,Medium,Europe,Mobile,Silver,Display Ads,896,17783.33,100.0,3
CUST04042,46,Male,Associate,Medium,Latin America,Desktop,Platinum,Organic Search,264,47285.41,39.9,9
CUST04043,34,Male,Bachelor,Medium-High,North America,Mobile,Silver,Social Media,93,3979.43,37.6,5
CUST04044,43,Female,PhD,Medium,North America,Tablet,Silver,Social Media,235,8509.56,81.1,1
CUST04045,40,Female,Bachelor,Medium,Europe,Desktop,Bronze,Email,33,5181.54,80.8,2
CUST04046,30,Male,Bachelor,Medium,Asia-Pacific,Mobile,Bronze,Social Media,13,12651.61,40.3,6
CUST04047,18,Female,Master,Medium,Latin America,Tablet,Bronze,Email,156,4920.55,57.5,0
CUST04048,28,Male,High School,Medium,North America,Mobile,Silver,Social Media,440,21334.42,75.6,7
CUST04049,30,Female,Master,Low,North America,Desktop,Silver,Email,497,9776.73,31.0,4
CUST04050,35,Female,High School,Medium-High,North America,Desktop,Gold,Social Media,61,54853.62,81.9,7
CUST04051,45,Male,High School,Medium-High,Asia-Pacific,Mobile,Platinum,Email,646,20945.82,91.1,12
CUST04052,35,Male,Bachelor,Medium,North America,Desktop,Silver,Referral,1095,7443.32,34.3,7
CUST04053,33,Male,Bachelor,Medium-High,Asia-Pacific,Desktop,Gold,Referral,451,18604.45,88.0,6
CUST04054,33,Female,PhD,High,Middle East,Desktop,Silver,Email,45,12030.02,50.6,3
CUST04055,36,Male,Associate,Low,Europe,Tablet,Gold,Social Media,750,47169.55,61.1,10
CUST04056,37,Female,Associate,Medium-High,Europe,Mobile,Gold,Social Media,368,10929.96,82.2,8
CUST04057,36,Male,Bachelor,Medium,Europe,Desktop,Silver,Organic Search,548,6576.96,43.4,4
CUST04058,39,Male,High School,Medium-Low,North America,Mobile,Silver,Direct,368,3247.56,31.4,1
CUST04059,39,Male,High School,Medium-High,Europe,Mobile,Silver,Social Media,834,6180.58,55.4,7
CUST04060,40,Female,High School,Medium-High,Asia-Pacific,Tablet,Silver,Email,177,10863.3,30.0,5
CUST04061,28,Female,Master,Medium-Low,North America,Desktop,Silver,Organic Search,453,2428.92,41.0,5
CUST04062,29,Male,Bachelor,Medium-Low,Europe,Mobile,Silver,Social Media,801,4535.46,67.5,2
CUST04063,36,Male,Master,Medium-Low,Europe,Mobile,Bronze,Referral,380,1958.43,55.7,2
CUST04064,47,Male,High School,Medium-High,North America,Desktop,Platinum,Social Media,370,20074.6,74.0,11
CUST04065,36,Male,Bachelor,High,Asia-Pacific,Mobile,Silver,Paid Search,71,2059.67,67.2,3
CUST04066,33,Female,High School,Medium,North America,Desktop,Gold,Direct,320,2046.22,64.3,10
CUST04067,35,Female,Associate,Medium-Low,North America,Tablet,Gold,Organic Search,32,13005.68,48.3,5
CUST04068,35,Female,High School,Medium-Low,Europe,Desktop,Bronze,Social Media,519,1159.91,30.3,4
CUST04069,37,Male,Master,Medium-High,Latin America,Mobile,Silver,Email,159,7160.83,41.9,4
CUST04070,37,Male,Bachelor,Medium-High,Middle East,Desktop,Silver,Direct,55,3002.98,64.2,4
CUST04071,37,Male,Master,Medium-High,North America,Mobile,Gold,Social Media,496,11943.45,35.7,13
CUST04072,25,Male,Master,High,Europe,Desktop,Gold,Social Media,174,22881.71,95.7,4
CUST04073,38,Male,Master,High,North America,Desktop,Silver,Paid Search,394,958.71,80.7,2
CUST04074,31,Female,Bachelor,Medium-Low,North America,Tablet,Silver,Referral,306,4474.49,77.4,3
CUST04075,53,Male,Master,High,Asia-Pacific,Tablet,Platinum,Social Media,1095,28119.99,35.0,15
CUST04076,36,Female,Associate,High,Europe,Desktop,Gold,Social Media,346,16800.0,49.3,2
CUST04077,36,Female,Bachelor,Medium-Low,North America,Desktop,Silver,Social Media,157,23174.67,35.0,1
CUST04078,38,Male,High School,Medium-High,Europe,Tablet,Platinum,Email,1095,59687.83,35.0,9
CUST04079,39,Male,Bachelor,Medium,Asia-Pacific,Desktop,Gold,Social Media,324,28387.5,35.4,8
CUST04080,40,Male,PhD,High,Middle East,Mobile,Platinum,Referral,509,19950.49,93.2,7
CUST04081,36,Female,PhD,Medium,Latin America,Desktop,Silver,Social Media,908,17164.5,78.5,3
CUST04082,38,Male,Master,Low,Europe,Tablet,Bronze,Social Media,244,5682.75,65.8,1
CUST04083,42,Male,Bachelor,Medium,Middle East,Mobile,Silver,Email,388,21679.56,57.9,6
CUST04084,37,Female,Bachelor,Medium-Low,Europe,Desktop,Gold,Display Ads,135,9869.58,76.7,7
CUST04085,32,Non-binary,High School,Medium,North America,Mobile,Silver,Display Ads,5,13405.27,53.7,5
CUST04086,41,Male,Bachelor,Medium-High,Latin America,Mobile,Gold,Social Media,477,9696.15,76.2,5
CUST04087,29,Male,Master,Medium-Low,North America,Desktop,Bronze,Display Ads,503,8409.95,47.7,0
CUST04088,37,Female,High School,Medium,North America,Mobile,Bronze,Social Media,541,1482.63,58.5,2
CUST04089,42,Male,Master,Low,North America,Mobile,Bronze,Direct,971,2113.47,73.5,2
CUST04090,37,Female,Bachelor,Medium,Europe,Desktop,Bronze,Direct,273,9246.57,67.9,1
CUST04091,54,Male,Master,Medium-High,Europe,Tablet,Platinum,Email,203,38442.01,88.9,13
CUST04092,34,Female,High School,Medium-High,Europe,Desktop,Bronze,Direct,848,1337.96,73.4,2
CUST04093,40,Male,Bachelor,Medium-Low,Asia-Pacific,Desktop,Silver,Email,1095,13367.04,87.7,4
CUST04094,40,Female,Master,Medium-High,Latin America,Desktop,Gold,Email,611,41820.7,99.7,5
CUST04095,46,Male,High School,Low,Europe,Desktop,Gold,Organic Search,270,12470.63,99.3,6
CUST04096,40,Female,Bachelor,Medium-High,North America,Desktop,Platinum,Organic Search,374,31219.48,87.6,11
CUST04097,44,Non-binary,High School,High,Europe,Desktop,Silver,Referral,176,5192.7,37.7,9
CUST04098,39,Female,Master,High,Asia-Pacific,Desktop,Platinum,Referral,90,99906.68,32.5,11
CUST04099,38,Female,High School,Medium-High,Latin America,Desktop,Silver,Paid Search,98,4969.06,60.9,8
CUST04100,45,Male,Master,Medium,Asia-Pacific,Mobile,Silver,Social Media,99,5799.27,42.1,3
CUST04101,32,Male,Associate,Medium-Low,Middle East,Tablet,Silver,Email,189,8049.87,39.6,2
CUST04102,33,Female,Master,Medium-High,North America,Mobile,Gold,Social Media,108,23468.93,71.6,5
CUST04103,48,Male,Bachelor,Medium-High,Europe,Desktop,Platinum,Email,70,14486.59,49.2,13
CUST04104,32,Female,PhD,Low,Europe,Tablet,Silver,Paid Search,170,14806.55,56.1,4
CUST04105,38,Male,High School,Medium,Europe,Desktop,Platinum,Direct,584,23914.43,35.2,7
CUST04106,32,Male,Master,Low,Asia-Pacific,Mobile,Bronze,Social Media,122,1360.31,45.1,3
CUST04107,34,Female,Bachelor,Medium,Middle East,Mobile,Bronze,Organic Search,300,2715.39,55.5,4
CUST04108,43,Female,Master,High,Latin America,Mobile,Bronze,Email,999,3248.44,53.1,1
CUST04109,38,Male,Bachelor,Medium-High,Latin America,Mobile,Platinum,Paid Search,259,15757.48,93.7,7
CUST04110,47,Male,Associate,Medium-High,Middle East,Mobile,Platinum,Social Media,67,47093.76,45.7,10
CUST04111,35,Male,High School,Medium-High,Middle East,Mobile,Silver,Referral,817,6404.48,74.4,3
CUST04112,40,Female,Master,Medium,Asia-Pacific,Mobile,Bronze,Email,303,10875.21,86.9,1
CUST04113,41,Male,High School,Medium-Low,Europe,Mobile,Silver,Direct,401,1573.8,33.7,5
CUST04114,38,Female,Master,Medium-Low,Europe,Tablet,Silver,Organic Search,85,13290.08,31.3,3
CUST04115,35,Female,Bachelor,Medium,Asia-Pacific,Mobile,Silver,Direct,103,10488.12,63.6,3
CUST04116,47,Male,High School,Medium,North America,Mobile,Silver,Referral,1049,5261.84,33.0,3
CUST04117,50,Female,Master,High,North America,Desktop,Gold,Referral,274,11542.28,98.6,6
CUST04118,32,Male,Bachelor,Medium-High,Europe,Desktop,Silver,Email,1095,3581.45,70.2,4
CUST04119,36,Male,PhD,Medium,Europe,Desktop,Bronze,Email,98,6643.38,97.3,1
CUST04120,35,Female,Master,Low,Europe,Desktop,Platinum,Email,185,5013.3,96.6,8
CUST04121,40,Male,Associate,Low,Asia-Pacific,Desktop,Silver,Organic Search,129,16883.51,78.1,5
CUST04122,47,Male,High School,Medium-High,North America,Desktop,Platinum,Organic Search,708,124216.49,66.1,10
CUST04123,33,Female,Bachelor,Medium,Europe,Mobile,Silver,Paid Search,76,1315.81,53.8,7
CUST04124,32,Male,Master,Medium,Europe,Mobile,Bronze,Referral,512,3259.47,34.1,5
CUST04125,39,Male,Master,Medium,Middle East,Tablet,Silver,Direct,377,8332.13,52.2,5
CUST04126,26,Male,Master,Medium,North America,Tablet,Bronze,Referral,378,1173.25,36.2,2
CUST04127,42,Male,Associate,Medium-Low,Asia-Pacific,Mobile,Silver,Paid Search,1095,4947.0,71.4,3
CUST04128,39,Female,Master,Low,Middle East,Mobile,Bronze,Paid Search,449,15584.05,93.5,5
CUST04129,52,Female,Master,Low,Asia-Pacific,Desktop,Gold,Direct,408,20246.28,44.7,10
CUST04130,33,Male,Bachelor,Medium-Low,Asia-Pacific,Tablet,Bronze,Social Media,123,2581.58,40.5,2
CUST04131,30,Male,Master,Medium-High,Middle East,Mobile,Gold,Social Media,91,10580.97,69.6,8
CUST04132,31,Female,High School,Medium-Low,Latin America,Desktop,Silver,Social Media,36,15456.35,57.5,3
CUST04133,32,Female,High School,Medium,Europe,Mobile,Bronze,Organic Search,171,3064.97,35.9,0
CUST04134,43,Male,Master,Medium,Europe,Desktop,Platinum,Social Media,122,15980.22,67.4,9
CUST04135,39,Female,Bachelor,High,Asia-Pacific,Mobile,Gold,Social Media,815,23131.93,65.2,3
CUST04136,32,Female,High School,Medium-Low,Europe,Mobile,Silver,Organic Search,213,13939.32,57.5,2
CUST04137,22,Female,Bachelor,Medium,Latin America,Tablet,Silver,Direct,102,2552.36,43.6,6
CUST04138,42,Male,Associate,Low,North America,Mobile,Gold,Direct,93,8462.67,43.8,9
CUST04139,45,Female,Bachelor,Medium-Low,Latin America,Tablet,Gold,Email,291,6588.98,73.6,8
CUST04140,46,Female,Associate,Medium,North America,Mobile,Gold,Social Media,1095,15859.83,78.9,10
CUST04141,39,Male,Master,Medium,Europe,Mobile,Platinum,Organic Search,379,67366.12,54.5,15
CUST04142,39,Female,PhD,Medium-High,Europe,Tablet,Silver,Organic Search,489,16603.17,50.9,2
CUST04143,44,Male,Master,Low,Middle East,Mobile,Platinum,Referral,296,26177.28,38.0,10
CUST04144,39,Male,PhD,Medium,North America,Desktop,Silver,Organic Search,696,4290.58,31.1,6
CUST04145,33,Female,Bachelor,Medium-Low,Latin America,Tablet,Platinum,Organic Search,492,6935.66,98.8,7
CUST04146,32,Female,Associate,Medium,North America,Mobile,Silver,Social Media,48,3265.79,32.5,4
CUST04147,41,Female,High School,Low,Europe,Desktop,Bronze,Direct,122,9395.1,33.1,2
CUST04148,38,Female,High School,Medium-Low,Asia-Pacific,Desktop,Bronze,Direct,215,11351.2,39.6,1
CUST04149,41,Female,Bachelor,Medium,North America,Mobile,Gold,Organic Search,583,604.29,71.1,5
CUST04150,52,Female,Associate,Medium,Asia-Pacific,Mobile,Platinum,Email,519,35771.63,39.3,12
CUST04151,30,Male,Bachelor,Medium,Asia-Pacific,Tablet,Silver,Social Media,880,5819.6,33.1,3
CUST04152,37,Male,Associate,Medium,Europe,Mobile,Gold,Email,491,9370.1,47.5,4
CUST04153,27,Female,Associate,Medium-Low,North America,Desktop,Bronze,Email,534,5750.98,35.4,4
CUST04154,38,Male,Bachelor,Medium-High,Middle East,Mobile,Silver,Display Ads,91,15611.21,91.6,5
CUST04155,26,Male,Associate,Medium,North America,Desktop,Gold,Email,159,12926.47,51.6,9
CUST04156,38,Male,Master,Medium-High,North America,Mobile,Silver,Organic Search,93,8288.9,62.5,3
CUST04157,39,Male,Bachelor,Low,Latin America,Desktop,Bronze,Paid Search,444,8703.79,48.1,4
CUST04158,34,Female,Associate,High,Middle East,Mobile,Gold,Social Media,1095,21735.75,54.4,4
CUST04159,35,Male,Bachelor,Medium,Europe,Desktop,Gold,Display Ads,623,8686.7,76.1,4
CUST04160,33,Female,Associate,Medium-High,Latin America,Tablet,Gold,Paid Search,1095,8258.02,70.5,15
CUST04161,30,Male,High School,Medium-High,North America,Mobile,Gold,Referral,750,6774.9,67.8,15
CUST04162,35,Male,PhD,Medium-High,North America,Desktop,Platinum,Display Ads,119,40372.55,82.9,11
CUST04163,28,Male,Master,Medium-High,Latin America,Desktop,Bronze,Direct,483,2420.14,66.3,1
CUST04164,63,Male,Master,Medium-Low,North America,Mobile,Platinum,Paid Search,563,58208.07,87.1,15
CUST04165,30,Male,Associate,Medium,Asia-Pacific,Mobile,Bronze,Organic Search,740,7451.22,34.1,2
CUST04166,40,Male,Bachelor,High,Europe,Desktop,Bronze,Referral,319,6692.05,45.0,2
CUST04167,40,Female,High School,Low,Europe,Desktop,Silver,Paid Search,375,6939.95,34.2,3
CUST04168,40,Male,Associate,Medium-High,Asia-Pacific,Mobile,Platinum,Social Media,269,39331.36,65.0,11
CUST04169,38,Female,Master,Medium,North America,Mobile,Silver,Display Ads,696,3703.04,77.1,6
CUST04170,44,Male,PhD,Medium,North America,Mobile,Platinum,Email,825,18553.02,83.3,8
CUST04171,39,Male,Bachelor,Medium,North America,Tablet,Gold,Social Media,482,18780.16,73.4,7
CUST04172,42,Female,Associate,Medium-High,North America,Mobile,Gold,Direct,239,10453.16,45.2,5
CUST04173,37,Female,Bachelor,Medium,North America,Desktop,Gold,Social Media,22,29831.07,81.6,6
CUST04174,45,Female,Bachelor,Medium,North America,Mobile,Gold,Social Media,901,13031.73,50.2,14
CUST04175,34,Female,PhD,Low,North America,Desktop,Silver,Organic Search,11,7074.28,96.1,5
CUST04176,45,Male,Bachelor,Medium,North America,Mobile,Bronze,Social Media,167,5180.57,53.9,1
CUST04177,37,Male,High School,Medium-High,Europe,Mobile,Silver,Organic Search,396,1386.97,79.5,2
CUST04178,34,Female,Bachelor,Low,North America,Desktop,Bronze,Email,105,5439.68,74.5,1
CUST04179,45,Female,Associate,Medium-High,North America,Desktop,Platinum,Referral,814,4571.28,49.6,7
CUST04180,28,Female,Bachelor,Medium-Low,Asia-Pacific,Mobile,Gold,Paid Search,707,38394.59,47.5,6
CUST04181,43,Male,PhD,Medium,North America,Desktop,Gold,Social Media,206,23953.85,85.5,13
CUST04182,40,Female,Master,Medium,Asia-Pacific,Mobile,Bronze,Email,899,9413.76,67.5,0
CUST04183,24,Male,High School,Medium-Low,North America,Desktop,Bronze,Display Ads,101,3550.15,44.3,0
CUST04184,31,Male,Associate,High,Europe,Desktop,Gold,Organic Search,195,5490.63,67.4,9
CUST04185,21,Male,Bachelor,Medium,North America,Tablet,Bronze,Social Media,154,4975.02,73.6,3
CUST04186,38,Male,Bachelor,Medium-Low,Europe,Mobile,Bronze,Organic Search,813,1736.49,62.5,2
CUST04187,32,Male,PhD,Medium,Europe,Mobile,Bronze,Display Ads,899,16592.52,77.5,2
CUST04188,42,Male,High School,Medium-High,Asia-Pacific,Tablet,Gold,Direct,352,11851.02,32.2,5
CUST04189,46,Male,Bachelor,Medium,North America,Mobile,Bronze,Direct,964,1805.06,52.1,0
CUST04190,36,Female,Master,Medium,Asia-Pacific,Tablet,Gold,Referral,243,14052.66,95.1,7
CUST04191,31,Male,PhD,Medium,Asia-Pacific,Mobile,Bronze,Direct,148,2310.13,45.2,1
CUST04192,31,Male,High School,Medium-High,North America,Desktop,Bronze,Social Media,1095,5081.59,85.9,2
CUST04193,38,Female,Master,Medium-High,Asia-Pacific,Mobile,Gold,Social Media,104,22038.61,39.7,9
CUST04194,31,Female,Associate,Medium,Europe,Mobile,Silver,Paid Search,69,12304.37,88.0,5
CUST04195,36,Female,High School,High,Europe,Mobile,Gold,Social Media,60,9960.74,44.7,10
CUST04196,38,Female,Associate,Medium-High,North America,Mobile,Gold,Social Media,50,9334.31,83.5,6
CUST04197,36,Male,Master,Medium-Low,Asia-Pacific,Desktop,Silver,Social Media,381,5704.11,63.9,2
CUST04198,40,Female,Master,Low,Latin America,Tablet,Gold,Email,170,19298.36,80.9,3
CUST04199,29,Female,PhD,Medium,Latin America,Tablet,Silver,Display Ads,125,9801.23,82.3,3
CUST04200,51,Male,Master,Medium,Europe,Desktop,Platinum,Organic Search,4,6962.72,79.3,8
CUST04201,42,Female,Bachelor,Medium,Asia-Pacific,Mobile,Silver,Display Ads,156,15848.56,99.8,4
CUST04202,31,Male,Bachelor,Medium-High,Latin America,Desktop,Bronze,Direct,7,2122.6,88.1,1
CUST04203,35,Male,Associate,Medium-High,Asia-Pacific,Mobile,Platinum,Social Media,73,56157.82,68.7,9
CUST04204,43,Female,Master,Medium-Low,Europe,Tablet,Gold,Social Media,132,43180.45,96.4,12
CUST04205,34,Male,Master,Medium,Europe,Mobile,Silver,Referral,96,10302.71,69.7,6
CUST04206,43,Female,Master,Medium,North America,Mobile,Gold,Referral,532,15120.77,72.4,7
CUST04207,34,Female,PhD,Medium-High,Asia-Pacific,Mobile,Platinum,Organic Search,68,59108.61,39.9,5
CUST04208,43,Male,Master,Medium,North America,Desktop,Bronze,Organic Search,23,17321.87,69.7,1
CUST04209,44,Non-binary,Associate,Medium-High,Middle East,Desktop,Platinum,Email,555,10355.38,53.6,6
CUST04210,37,Female,Master,Medium-Low,North America,Mobile,Bronze,Social Media,182,2760.66,67.7,2
CUST04211,35,Male,High School,Medium-High,North America,Mobile,Bronze,Social Media,267,3663.76,99.7,1
CUST04212,32,Male,Bachelor,High,Asia-Pacific,Mobile,Gold,Referral,111,6934.51,52.2,7
CUST04213,34,Male,Master,Medium-High,North America,Mobile,Gold,Email,478,14203.39,84.0,13
CUST04214,45,Female,High School,Medium-High,North America,Tablet,Platinum,Paid Search,555,77488.79,41.9,11
CUST04215,34,Female,Bachelor,High,Europe,Mobile,Gold,Organic Search,1095,3879.83,30.4,8
CUST04216,44,Female,Bachelor,Medium-High,Europe,Mobile,Silver,Email,182,18120.66,82.1,9
CUST04217,40,Female,Bachelor,Medium-Low,North America,Desktop,Platinum,Direct,1095,29786.63,52.4,16
CUST04218,39,Male,Bachelor,Medium-High,Middle East,Mobile,Gold,Direct,48,17976.38,51.2,7
CUST04219,30,Female,Master,Low,Europe,Mobile,Bronze,Organic Search,11,8613.11,96.1,2
CUST04220,26,Female,Associate,Medium,Asia-Pacific,Mobile,Silver,Paid Search,1095,12362.59,45.0,3
CUST04221,34,Female,High School,Medium,North America,Mobile,Silver,Paid Search,517,15352.1,33.3,6
CUST04222,28,Male,High School,High,Asia-Pacific,Mobile,Bronze,Paid Search,409,3366.55,70.5,2
CUST04223,27,Female,Associate,Medium,Europe,Desktop,Bronze,Email,1066,6491.04,65.5,3
CUST04224,41,Male,Bachelor,High,Latin America,Desktop,Platinum,Organic Search,96,62745.44,36.0,18
CUST04225,40,Male,Bachelor,Medium-High,Europe,Mobile,Platinum,Direct,158,29074.6,40.5,11
CUST04226,34,Female,Bachelor,Medium-High,Asia-Pacific,Mobile,Platinum,Email,22,58936.26,66.2,9
CUST04227,30,Male,Master,Medium-High,Europe,Desktop,Bronze,Organic Search,255,5903.77,68.7,2
CUST04228,39,Male,Master,Medium,Latin America,Mobile,Gold,Social Media,414,27562.44,62.1,4
CUST04229,38,Male,Master,Medium-Low,Europe,Mobile,Gold,Direct,313,8274.64,89.2,5
CUST04230,40,Female,Bachelor,Medium,North America,Mobile,Bronze,Direct,64,9157.21,49.9,4
CUST04231,31,Female,Associate,Medium-Low,North America,Mobile,Silver,Social Media,369,46163.84,77.2,5
CUST04232,31,Female,Bachelor,Medium,Europe,Mobile,Bronze,Organic Search,52,8127.75,47.6,1
CUST04233,47,Male,Associate,Medium,North America,Tablet,Silver,Display Ads,86,8447.27,77.9,3
CUST04234,50,Male,Master,Medium,Europe,Desktop,Platinum,Social Media,714,51534.27,78.1,13
CUST04235,33,Male,Bachelor,Medium-High,Latin America,Mobile,Gold,Direct,74,6314.25,38.4,11
CUST04236,44,Non-binary,Master,Medium-High,Asia-Pacific,Mobile,Platinum,Organic Search,269,8554.04,56.9,12
CUST04237,39,Male,Bachelor,Medium-Low,North America,Tablet,Silver,Organic Search,156,14434.28,78.7,1
CUST04238,28,Male,High School,Low,North America,Mobile,Bronze,Social Media,1095,15231.18,89.9,1
CUST04239,32,Female,PhD,Low,Latin America,Mobile,Bronze,Organic Search,362,3065.67,69.0,3
CUST04240,40,Female,Bachelor,Medium-Low,Asia-Pacific,Mobile,Bronze,Paid Search,330,1114.68,96.2,0
CUST04241,35,Female,Master,High,North America,Mobile,Gold,Social Media,1009,22417.78,69.3,6
CUST04242,34,Male,Bachelor,Medium,North America,Desktop,Silver,Direct,122,7544.84,31.1,4
CUST04243,40,Female,Bachelor,Medium-Low,North America,Mobile,Silver,Social Media,164,18276.63,60.8,4
CUST04244,36,Male,Bachelor,Medium-Low,Europe,Mobile,Bronze,Social Media,253,11065.22,95.9,3
CUST04245,43,Female,Bachelor,Medium,Middle East,Mobile,Gold,Direct,551,404.25,87.6,10
CUST04246,30,Male,Master,Low,Latin America,Desktop,Bronze,Email,374,2318.27,34.1,6
CUST04247,33,Male,High School,Medium-Low,Europe,Mobile,Silver,Referral,163,20991.51,97.1,3
CUST04248,47,Male,Master,Medium,Europe,Desktop,Gold,Social Media,1095,17204.18,85.6,11
CUST04249,41,Male,Bachelor,High,North America,Desktop,Platinum,Email,704,13438.94,70.5,11
CUST04250,27,Female,Bachelor,Medium,North America,Desktop,Silver,Social Media,59,11772.77,56.8,1
CUST04251,41,Male,Associate,High,North America,Mobile,Platinum,Social Media,335,34591.16,81.4,8
CUST04252,48,Non-binary,Bachelor,Medium-Low,Latin America,Mobile,Silver,Social Media,108,13288.78,93.1,2
CUST04253,35,Female,Bachelor,Medium,Europe,Desktop,Gold,Email,91,20323.71,90.7,11
CUST04254,35,Female,Master,Medium-Low,Asia-Pacific,Mobile,Gold,Paid Search,240,9698.36,38.0,8
CUST04255,31,Female,Master,Medium,Asia-Pacific,Desktop,Silver,Social Media,43,9426.97,87.8,3
CUST04256,34,Male,Bachelor,Medium,Europe,Mobile,Bronze,Organic Search,40,2933.22,52.2,0
CUST04257,34,Female,Master,Medium-High,Latin America,Desktop,Silver,Direct,443,3066.44,76.9,9
CUST04258,39,Male,Bachelor,Low,North America,Mobile,Bronze,Paid Search,354,1894.24,84.6,0
CUST04259,35,Female,Associate,Medium,Middle East,Desktop,Silver,Social Media,454,24854.3,59.8,4
CUST04260,31,Female,Bachelor,Medium-High,North America,Mobile,Platinum,Referral,547,9694.24,66.0,12
CUST04261,39,Female,Master,Medium-Low,North America,Desktop,Bronze,Referral,251,5119.61,60.1,2
CUST04262,45,Male,Bachelor,Medium-High,Asia-Pacific,Desktop,Platinum,Referral,126,87884.33,44.5,14
CUST04263,40,Female,Bachelor,Medium,North America,Mobile,Bronze,Referral,209,2967.39,63.4,4
CUST04264,33,Female,Associate,Medium,Asia-Pacific,Mobile,Silver,Direct,711,1300.07,98.3,4
CUST04265,51,Female,Master,Medium,North America,Mobile,Gold,Social Media,470,58166.12,63.9,4
CUST04266,34,Male,Associate,Medium-Low,Middle East,Tablet,Bronze,Direct,206,6297.98,35.0,1
CUST04267,40,Female,High School,Medium,Asia-Pacific,Desktop,Bronze,Social Media,21,2764.42,47.9,3
CUST04268,39,Male,Associate,High,Asia-Pacific,Mobile,Gold,Social Media,209,12557.37,33.6,5
CUST04269,34,Male,Associate,Medium,Asia-Pacific,Mobile,Silver,Direct,43,8520.71,60.4,4
CUST04270,37,Female,PhD,Low,Europe,Mobile,Gold,Referral,774,14479.55,46.3,12
CUST04271,25,Male,Associate,Medium,Asia-Pacific,Desktop,Silver,Referral,300,3988.17,88.5,5
CUST04272,42,Male,Bachelor,Medium-Low,Latin America,Desktop,Gold,Display Ads,194,26557.67,46.7,5
CUST04273,37,Female,Bachelor,Medium-High,Europe,Tablet,Silver,Email,196,7613.92,43.0,6
CUST04274,28,Male,Master,Medium-High,Europe,Mobile,Silver,Social Media,352,11795.26,95.8,3
CUST04275,28,Female,Bachelor,Medium,Europe,Desktop,Bronze,Referral,776,2496.7,96.3,1
CUST04276,32,Male,High School,Medium,Asia-Pacific,Desktop,Silver,Direct,172,620.93,86.0,6
CUST04277,29,Male,High School,Medium,Europe,Mobile,Silver,Social Media,328,6574.38,33.3,6
CUST04278,36,Male,Bachelor,Medium-High,Europe,Mobile,Silver,Display Ads,276,6629.59,40.1,8
CUST04279,27,Male,PhD,Medium,North America,Mobile,Silver,Social Media,210,18313.09,84.3,3
CUST04280,38,Non-binary,Bachelor,Medium-Low,Europe,Desktop,Gold,Organic Search,701,30235.39,33.2,9
CUST04281,55,Female,Master,High,North America,Mobile,Platinum,Direct,33,24269.89,67.4,13
CUST04282,29,Male,Associate,Medium,Latin America,Tablet,Bronze,Paid Search,47,3534.53,50.6,1
CUST04283,38,Male,Master,Medium,Europe,Mobile,Bronze,Direct,136,1096.56,72.1,2
CUST04284,36,Female,Associate,Medium-High,Europe,Mobile,Platinum,Email,495,21835.58,88.3,5
CUST04285,32,Female,Bachelor,Medium-High,Middle East,Mobile,Silver,Organic Search,209,6046.65,73.4,6
CUST04286,34,Female,High School,Low,North America,Mobile,Bronze,Social Media,290,7861.12,67.0,3
CUST04287,36,Female,PhD,Medium,Latin America,Mobile,Gold,Social Media,405,13227.78,90.0,6
CUST04288,44,Male,Bachelor,Medium-High,North America,Desktop,Gold,Social Media,681,22055.92,54.4,7
CUST04289,26,Male,Bachelor,Medium-High,North America,Mobile,Gold,Email,1095,19215.87,83.8,4
CUST04290,33,Male,High School,Medium-High,North America,Mobile,Silver,Referral,6,2920.62,41.2,8
CUST04291,40,Female,Bachelor,High,Europe,Desktop,Platinum,Social Media,370,25910.58,71.4,11
CUST04292,36,Male,Master,Medium,North America,Mobile,Silver,Organic Search,345,10562.15,68.0,2
CUST04293,25,Male,High School,Medium-High,Middle East,Mobile,Silver,Social Media,467,10359.55,73.0,2
CUST04294,38,Female,Master,High,Latin America,Desktop,Platinum,Paid Search,216,37257.88,91.7,15
CUST04295,40,Male,High School,High,Latin America,Mobile,Silver,Referral,868,9550.27,44.7,2
CUST04296,41,Female,Master,Medium-High,Europe,Mobile,Platinum,Organic Search,157,19936.39,62.2,10
CUST04297,49,Male,Master,Medium,Asia-Pacific,Desktop,Platinum,Organic Search,119,37892.64,53.6,12
CUST04298,42,Female,High School,Medium-Low,Asia-Pacific,Mobile,Silver,Email,357,7006.23,38.2,6
CUST04299,39,Male,Master,Medium,Asia-Pacific,Desktop,Gold,Organic Search,140,15448.42,45.9,7
CUST04300,29,Male,PhD,Medium-Low,Asia-Pacific,Desktop,Bronze,Organic Search,1095,4321.49,38.6,1
CUST04301,42,Female,Associate,High,Latin America,Desktop,Gold,Organic Search,167,55916.29,47.5,3
CUST04302,34,Male,Bachelor,Medium,North America,Mobile,Silver,Display Ads,379,8633.06,83.4,4
CUST04303,39,Female,Bachelor,Medium-High,Asia-Pacific,Desktop,Silver,Email,127,9174.81,36.6,3
CUST04304,32,Male,Bachelor,Medium-High,North America,Tablet,Gold,Direct,163,35823.56,62.9,3
CUST04305,38,Female,Master,Medium-Low,Asia-Pacific,Desktop,Silver,Organic Search,741,4048.14,58.6,3
CUST04306,37,Male,High School,Medium,North America,Mobile,Silver,Social Media,159,19886.33,42.6,5
CUST04307,34,Male,PhD,High,North America,Mobile,Platinum,Organic Search,139,42404.38,84.5,11
CUST04308,44,Male,High School,Medium-High,North America,Desktop,Gold,Email,34,6278.78,73.2,4
CUST04309,44,Male,High School,Medium,Asia-Pacific,Desktop,Gold,Direct,17,23950.56,86.7,2
CUST04310,40,Female,Bachelor,Low,Europe,Desktop,Platinum,Direct,199,53385.88,67.0,11
CUST04311,36,Female,Associate,Medium-Low,Asia-Pacific,Desktop,Bronze,Organic Search,486,1446.78,94.8,1
CUST04312,39,Female,High School,Medium,North America,Mobile,Bronze,Display Ads,86,11413.39,86.7,1
CUST04313,37,Male,Master,Medium,Asia-Pacific,Desktop,Silver,Organic Search,339,3400.58,68.7,9
CUST04314,45,Male,Bachelor,Low,North America,Tablet,Silver,Email,801,7425.82,62.3,3
CUST04315,50,Male,High School,Low,Europe,Mobile,Silver,Organic Search,501,14207.45,34.6,4
CUST04316,25,Female,Bachelor,Medium-Low,North America,Tablet,Bronze,Organic Search,1095,2171.05,77.2,2
CUST04317,29,Male,Master,High,North America,Desktop,Silver,Social Media,589,5339.2,52.7,5
CUST04318,44,Female,Master,Medium-High,Latin America,Desktop,Gold,Organic Search,610,22895.95,53.7,5
CUST04319,37,Female,Master,Medium,North America,Mobile,Gold,Direct,336,13331.11,69.3,6
CUST04320,42,Male,PhD,Medium,Middle East,Desktop,Silver,Organic Search,90,7892.39,74.9,5
CUST04321,35,Male,Master,Medium,Europe,Mobile,Silver,Social Media,1058,3344.12,73.3,2
CUST04322,36,Female,Master,Medium,Asia-Pacific,Mobile,Bronze,Email,50,1965.8,40.2,0
CUST04323,47,Male,Bachelor,Medium-High,North America,Tablet,Gold,Organic Search,744,36543.94,30.7,9
CUST04324,32,Non-binary,Master,Low,North America,Desktop,Silver,Direct,49,18114.39,69.1,5
CUST04325,24,Female,Associate,Medium,Europe,Desktop,Bronze,Organic Search,93,3664.65,32.7,3
CUST04326,24,Male,Master,Medium-Low,Latin America,Mobile,Silver,Direct,567,8576.24,68.9,2
CUST04327,35,Non-binary,Master,Medium-Low,Latin America,Desktop,Bronze,Email,1095,7153.52,68.7,2
CUST04328,30,Female,Bachelor,Medium-High,Europe,Mobile,Silver,Email,444,5629.41,66.3,3
CUST04329,36,Male,Master,Low,Asia-Pacific,Desktop,Platinum,Organic Search,173,12039.57,87.8,12
CUST04330,44,Male,High School,Medium-High,North America,Desktop,Gold,Referral,444,17702.17,83.1,5
CUST04331,25,Female,Bachelor,Medium,Europe,Tablet,Silver,Organic Search,130,7796.59,35.9,5
CUST04332,40,Male,Associate,Medium-High,Europe,Desktop,Bronze,Paid Search,65,6284.82,88.9,4
CUST04333,42,Male,Associate,High,Latin America,Desktop,Gold,Social Media,1095,12448.63,89.9,5
CUST04334,31,Male,Bachelor,High,North America,Mobile,Bronze,Paid Search,166,2880.87,89.7,1
CUST04335,24,Male,Bachelor,Medium,North America,Tablet,Bronze,Email,169,4121.84,63.1,1
CUST04336,39,Non-binary,Master,Medium,Europe,Desktop,Gold,Email,53,22693.56,80.5,5
CUST04337,41,Female,Bachelor,Medium,Asia-Pacific,Mobile,Gold,Email,138,20418.68,68.8,9
CUST04338,32,Male,PhD,Medium,Asia-Pacific,Desktop,Gold,Social Media,345,23191.07,31.0,11
CUST04339,31,Male,Master,Medium,North America,Tablet,Silver,Email,6,13974.61,94.1,7
CUST04340,36,Male,Associate,Medium,Asia-Pacific,Desktop,Platinum,Social Media,275,12730.96,96.8,7
CUST04341,39,Male,Associate,Medium-Low,Europe,Tablet,Bronze,Paid Search,87,10230.51,52.5,4
CUST04342,33,Female,PhD,Medium-Low,Europe,Mobile,Bronze,Referral,373,2903.22,96.1,1
CUST04343,31,Female,Master,Medium,Europe,Tablet,Bronze,Email,1095,2737.93,77.2,1
CUST04344,18,Female,Master,Medium-Low,North America,Mobile,Bronze,Email,121,4568.71,91.6,2
CUST04345,44,Male,Associate,Medium,North America,Tablet,Gold,Social Media,443,31289.09,90.8,6
CUST04346,34,Male,PhD,Medium,North America,Mobile,Silver,Organic Search,382,15195.51,55.8,8
CUST04347,29,Male,Master,Medium-Low,North America,Mobile,Silver,Email,76,10658.01,50.5,8
CUST04348,31,Female,Bachelor,Medium,Asia-Pacific,Mobile,Bronze,Social Media,107,5806.22,59.1,4
CUST04349,31,Male,Master,Medium-Low,Latin America,Mobile,Bronze,Email,743,7671.83,88.9,2
CUST04350,50,Male,High School,Medium-Low,Middle East,Mobile,Gold,Social Media,189,16432.56,56.2,6
CUST04351,43,Female,Bachelor,Medium-Low,Asia-Pacific,Desktop,Gold,Social Media,18,17218.51,31.2,4
CUST04352,47,Male,Bachelor,Low,Latin America,Tablet,Gold,Paid Search,1095,18562.99,33.7,5
CUST04353,44,Male,PhD,Medium,Latin America,Mobile,Platinum,Display Ads,26,41067.32,86.5,9
CUST04354,24,Female,Bachelor,Medium-High,Europe,Mobile,Silver,Referral,306,2782.13,62.8,8
CUST04355,37,Female,Bachelor,Medium-Low,Europe,Mobile,Silver,Social Media,21,1568.12,44.4,4
CUST04356,42,Male,Bachelor,Medium-High,Asia-Pacific,Tablet,Platinum,Email,116,2244.67,84.9,8
CUST04357,51,Female,Bachelor,Medium,Asia-Pacific,Desktop,Platinum,Social Media,10,96348.98,84.1,8
CUST04358,27,Male,PhD,Medium-Low,North America,Mobile,Bronze,Referral,563,11603.03,85.8,5
CUST04359,30,Male,Master,High,North America,Mobile,Silver,Social Media,515,6993.32,80.9,0
CUST04360,47,Male,Bachelor,Medium-High,North America,Mobile,Gold,Email,793,18361.48,91.9,6
CUST04361,41,Male,Master,Medium,Europe,Desktop,Gold,Display Ads,414,8030.52,75.1,9
CUST04362,33,Female,Bachelor,Medium-Low,Asia-Pacific,Desktop,Silver,Organic Search,1058,14054.29,32.2,3
CUST04363,33,Male,PhD,High,North America,Desktop,Gold,Email,945,9318.49,37.1,4
CUST04364,30,Female,Master,Medium-Low,North America,Mobile,Silver,Display Ads,1095,2963.46,82.0,5
CUST04365,41,Female,Bachelor,Medium,Latin America,Mobile,Silver,Display Ads,139,7319.8,35.6,6
CUST04366,40,Male,Bachelor,Medium,Asia-Pacific,Mobile,Gold,Social Media,735,10610.72,70.8,5
CUST04367,34,Male,PhD,Medium-Low,North America,Desktop,Bronze,Organic Search,439,6204.0,56.5,2
CUST04368,26,Male,Master,Medium,North America,Mobile,Silver,Social Media,311,9925.17,81.2,2
CUST04369,50,Female,High School,Medium,North America,Desktop,Gold,Organic Search,233,26293.3,85.4,10
CUST04370,34,Female,High School,Medium-High,North America,Mobile,Platinum,Paid Search,64,29434.06,62.1,10
CUST04371,43,Female,Associate,High,North America,Mobile,Platinum,Direct,74,37451.34,95.1,14
CUST04372,43,Female,Bachelor,Medium-High,Asia-Pacific,Tablet,Platinum,Organic Search,183,5085.85,83.8,17
CUST04373,44,Non-binary,High School,Medium,Asia-Pacific,Desktop,Gold,Paid Search,528,14062.46,77.0,5
CUST04374,47,Female,Bachelor,Medium,Latin America,Desktop,Silver,Display Ads,611,15758.12,95.6,0
CUST04375,37,Male,Associate,Medium-High,Latin America,Mobile,Gold,Paid Search,141,4169.5,85.1,5
CUST04376,38,Male,Master,Low,Europe,Mobile,Gold,Social Media,95,17898.9,60.7,5
CUST04377,42,Female,PhD,Medium-High,Europe,Desktop,Gold,Paid Search,1095,21525.51,87.2,3
CUST04378,25,Male,Bachelor,Medium,Europe,Desktop,Platinum,Email,58,45658.36,31.7,10
CUST04379,36,Female,Associate,Medium,Europe,Tablet,Bronze,Paid Search,132,10472.99,99.1,1
CUST04380,36,Male,Bachelor,Medium,North America,Mobile,Silver,Social Media,475,14278.9,76.2,3
CUST04381,38,Female,Associate,Medium-Low,North America,Mobile,Bronze,Social Media,12,2970.34,44.5,2
CUST04382,35,Female,Bachelor,Low,Asia-Pacific,Desktop,Gold,Email,1095,20244.09,94.7,8
CUST04383,31,Female,Associate,Low,Middle East,Mobile,Bronze,Email,12,4631.84,65.9,2
CUST04384,32,Male,PhD,Medium,Europe,Desktop,Bronze,Referral,80,11171.42,78.7,1
CUST04385,40,Male,Master,Medium-High,Europe,Mobile,Bronze,Social Media,19,4749.58,47.0,5
CUST04386,32,Male,PhD,Medium,Europe,Mobile,Silver,Referral,82,12748.27,33.7,9
CUST04387,25,Female,Bachelor,Medium-Low,North America,Desktop,Bronze,Direct,1095,7136.15,99.3,3
CUST04388,31,Female,Master,Medium-High,Latin America,Desktop,Gold,Organic Search,375,14851.67,98.5,10
CUST04389,42,Male,Master,Medium-High,Latin America,Desktop,Platinum,Social Media,162,18777.0,34.0,8
CUST04390,35,Non-binary,PhD,High,North America,Desktop,Silver,Email,641,7989.87,51.2,8
CUST04391,44,Male,Bachelor,Medium-High,Asia-Pacific,Desktop,Platinum,Direct,1053,26850.28,49.3,10
CUST04392,39,Male,Associate,Medium,North America,Mobile,Platinum,Referral,1054,53882.82,79.0,12
CUST04393,43,Male,Associate,Medium,Europe,Desktop,Silver,Email,74,13138.01,31.8,5
CUST04394,51,Female,PhD,Medium-High,North America,Desktop,Platinum,Social Media,1095,35522.37,83.6,13
CUST04395,46,Male,Master,Medium,Europe,Desktop,Platinum,Social Media,270,43392.46,82.6,10
CUST04396,43,Male,Master,Medium,North America,Mobile,Platinum,Social Media,268,71351.48,53.6,8
CUST04397,36,Female,High School,Medium-Low,Europe,Mobile,Bronze,Paid Search,410,2470.48,82.6,1
CUST04398,30,Male,Bachelor,Medium-High,Latin America,Mobile,Silver,Email,441,764.9,69.4,9
CUST04399,30,Male,Bachelor,High,North America,Mobile,Platinum,Email,670,8485.62,96.9,12
CUST04400,26,Male,High School,Medium-Low,North America,Desktop,Silver,Paid Search,575,3183.57,85.2,6
CUST04401,37,Female,Bachelor,Medium-Low,Europe,Mobile,Gold,Direct,78,15000.29,46.7,7
CUST04402,36,Male,Bachelor,Medium-Low,North America,Mobile,Bronze,Social Media,555,7080.14,82.5,1
CUST04403,34,Non-binary,Master,Medium-High,Middle East,Tablet,Silver,Organic Search,682,7412.64,56.7,3
CUST04404,39,Female,Master,Medium,Europe,Desktop,Gold,Social Media,113,45523.03,76.0,5
CUST04405,38,Male,Bachelor,Medium-Low,North America,Mobile,Silver,Direct,200,10780.38,96.8,2
CUST04406,38,Female,Master,Medium,Asia-Pacific,Desktop,Silver,Referral,463,7583.22,42.1,4
CUST04407,41,Female,High School,Medium-Low,Europe,Mobile,Silver,Email,261,5231.37,65.8,6
CUST04408,28,Male,Associate,Medium-High,Asia-Pacific,Mobile,Silver,Display Ads,243,8722.03,57.2,4
CUST04409,31,Female,PhD,Medium,Latin America,Mobile,Bronze,Display Ads,492,10331.58,74.9,1
CUST04410,33,Male,Bachelor,Medium-High,Asia-Pacific,Desktop,Silver,Social Media,826,3447.99,74.8,1
CUST04411,39,Female,Master,Medium-High,Middle East,Mobile,Gold,Social Media,278,21111.47,79.5,7
CUST04412,37,Non-binary,Master,Medium,Europe,Desktop,Gold,Social Media,940,17834.36,57.2,8
CUST04413,36,Female,Associate,Medium-High,North America,Desktop,Platinum,Social Media,57,16742.33,32.3,10
CUST04414,34,Female,Master,Medium,Asia-Pacific,Desktop,Bronze,Direct,11,5092.89,85.0,3
CUST04415,44,Female,Associate,Medium-High,North America,Desktop,Silver,Social Media,120,10438.47,61.7,5
CUST04416,31,Female,Associate,Medium,Asia-Pacific,Mobile,Gold,Email,807,22729.38,92.4,10
CUST04417,28,Male,High School,Medium,North America,Mobile,Bronze,Social Media,55,5387.74,99.6,2
CUST04418,41,Female,Associate,Medium-Low,Middle East,Tablet,Gold,Direct,21,17565.36,87.5,9
CUST04419,34,Female,Bachelor,Medium,North America,Tablet,Silver,Direct,1079,9274.04,98.9,1
CUST04420,41,Female,Master,High,North America,Mobile,Silver,Organic Search,432,11533.54,51.8,7
CUST04421,32,Male,Bachelor,Medium-High,Europe,Mobile,Silver,Organic Search,1095,8589.72,44.7,5
CUST04422,28,Male,Bachelor,Medium,North America,Mobile,Silver,Paid Search,66,6233.27,39.7,5
CUST04423,41,Female,Bachelor,Low,North America,Mobile,Silver,Social Media,649,21345.74,31.7,5
CUST04424,40,Female,High School,Medium,Asia-Pacific,Desktop,Platinum,Organic Search,585,43227.75,52.1,15
CUST04425,38,Female,Bachelor,Medium-Low,Europe,Mobile,Bronze,Social Media,258,1290.92,39.7,0
CUST04426,30,Female,High School,Medium-Low,Latin America,Mobile,Bronze,Referral,1095,1559.48,44.8,5
CUST04427,33,Female,Master,High,Europe,Desktop,Gold,Social Media,1095,37131.38,87.8,8
CUST04428,36,Male,Bachelor,Medium-Low,North America,Mobile,Platinum,Referral,208,20501.34,94.9,11
CUST04429,39,Male,Master,Medium-High,Middle East,Desktop,Silver,Email,289,7983.46,82.1,3
CUST04430,35,Female,Bachelor,Medium-Low,North America,Mobile,Bronze,Social Media,789,5648.19,46.0,3
CUST04431,38,Female,Master,Medium,Middle East,Mobile,Gold,Social Media,67,61075.58,59.8,4
CUST04432,39,Female,Associate,Medium,Asia-Pacific,Mobile,Silver,Referral,40,4704.79,97.3,5
CUST04433,35,Female,Bachelor,Medium,Asia-Pacific,Mobile,Gold,Direct,699,6596.06,70.0,10
CUST04434,34,Male,Associate,Medium,North America,Mobile,Silver,Paid Search,138,11601.78,58.9,7
CUST04435,32,Male,Associate,High,Asia-Pacific,Desktop,Silver,Social Media,0,5431.55,73.2,1
CUST04436,37,Male,High School,Medium,Asia-Pacific,Desktop,Platinum,Social Media,430,14085.19,81.4,12
CUST04437,37,Male,Master,Medium,North America,Mobile,Silver,Organic Search,909,8574.64,70.0,5
CUST04438,43,Female,Master,Medium,North America,Desktop,Silver,Email,32,9435.53,68.1,4
CUST04439,38,Female,Associate,Medium-Low,North America,Mobile,Silver,Display Ads,163,10528.49,78.6,6
CUST04440,39,Non-binary,PhD,Medium-High,Latin America,Mobile,Bronze,Direct,1095,990.85,71.9,1
CUST04441,41,Female,Master,Medium,Europe,Mobile,Platinum,Organic Search,85,8119.13,95.6,16
CUST04442,41,Male,Bachelor,Medium-High,North America,Desktop,Gold,Paid Search,152,16560.22,52.4,7
CUST04443,30,Male,High School,Medium,Asia-Pacific,Mobile,Bronze,Referral,118,6438.64,78.3,2
CUST04444,32,Female,Bachelor,Medium,North America,Mobile,Silver,Social Media,27,13994.11,77.1,7
CUST04445,37,Male,High School,Low,Latin America,Desktop,Bronze,Organic Search,457,4397.51,59.4,0
CUST04446,40,Female,Bachelor,High,North America,Mobile,Gold,Organic Search,99,17660.82,65.4,7
CUST04447,37,Female,Bachelor,Medium-High,North America,Tablet,Silver,Organic Search,277,14433.9,35.4,6
CUST04448,51,Female,Master,Medium-High,Middle East,Desktop,Gold,Organic Search,275,24732.64,44.9,9
CUST04449,36,Non-binary,Bachelor,Medium-Low,North America,Desktop,Bronze,Organic Search,1095,3112.8,90.6,2
CUST04450,36,Male,Master,High,Asia-Pacific,Desktop,Silver,Social Media,142,2849.11,93.2,0
CUST04451,41,Male,Master,Medium-High,North America,Mobile,Platinum,Paid Search,194,15966.71,35.3,11
CUST04452,36,Male,Bachelor,Medium-Low,Latin America,Desktop,Silver,Social Media,278,3519.52,44.4,7
CUST04453,28,Male,Bachelor,Medium-High,Asia-Pacific,Mobile,Silver,Paid Search,276,6232.18,88.2,8
CUST04454,25,Male,Master,High,Latin America,Mobile,Bronze,Display Ads,274,3459.28,41.8,1
CUST04455,43,Male,Master,Medium-High,North America,Tablet,Gold,Social Media,332,38629.07,54.5,10
CUST04456,36,Female,Associate,High,Europe,Mobile,Silver,Email,37,8717.99,49.1,1
CUST04457,38,Female,High School,Medium,Europe,Desktop,Silver,Direct,15,6692.98,35.8,2
CUST04458,39,Male,Bachelor,Medium-High,Europe,Desktop,Gold,Direct,140,57425.24,99.1,6
CUST04459,34,Non-binary,Bachelor,Medium-High,North America,Mobile,Silver,Social Media,212,7769.05,42.1,7
CUST04460,34,Female,Master,Medium-High,North America,Desktop,Silver,Social Media,610,29535.53,92.2,4
CUST04461,40,Non-binary,High School,Low,Asia-Pacific,Desktop,Bronze,Organic Search,1095,2535.8,33.0,1
CUST04462,44,Male,Bachelor,Medium,North America,Tablet,Gold,Organic Search,81,8346.31,64.0,13
CUST04463,46,Female,Master,Low,Asia-Pacific,Mobile,Bronze,Organic Search,29,1789.94,72.8,1
CUST04464,33,Male,Bachelor,Medium,Middle East,Desktop,Silver,Organic Search,1045,21127.3,72.9,4
CUST04465,37,Non-binary,Bachelor,Medium,Europe,Mobile,Gold,Email,652,31282.31,51.0,6
CUST04466,21,Female,Bachelor,Medium-Low,Europe,Desktop,Silver,Social Media,635,5577.16,72.5,2
CUST04467,25,Female,Bachelor,Medium-High,North America,Desktop,Silver,Social Media,184,3206.67,48.9,4
CUST04468,31,Female,Master,Medium-Low,Asia-Pacific,Desktop,Bronze,Email,888,2770.08,49.3,1
CUST04469,48,Male,Bachelor,Medium,North America,Desktop,Platinum,Email,1095,51620.85,62.8,17
CUST04470,35,Male,Bachelor,Medium-High,Asia-Pacific,Mobile,Silver,Referral,16,14650.87,30.9,4
CUST04471,53,Male,Bachelor,Medium-High,Latin America,Tablet,Gold,Paid Search,26,33673.03,40.9,4
CUST04472,54,Female,PhD,Medium-High,Asia-Pacific,Mobile,Gold,Social Media,489,32387.1,37.4,7
CUST04473,47,Non-binary,PhD,Medium,North America,Mobile,Gold,Email,69,6437.63,54.6,7
CUST04474,32,Female,Bachelor,Medium,North America,Desktop,Bronze,Organic Search,246,3893.95,76.6,2
CUST04475,32,Male,Bachelor,Medium-Low,North America,Desktop,Bronze,Social Media,1095,6478.06,78.5,1
CUST04476,44,Male,Bachelor,Medium-Low,North America,Desktop,Bronze,Social Media,40,8623.04,95.3,2
CUST04477,22,Male,Bachelor,Medium-High,Middle East,Mobile,Bronze,Social Media,343,9110.97,58.2,3
CUST04478,33,Male,Bachelor,Low,North America,Desktop,Bronze,Direct,367,6427.71,79.3,3
CUST04479,39,Female,Associate,Medium,Asia-Pacific,Mobile,Silver,Display Ads,90,3348.47,80.0,8
CUST04480,31,Male,Bachelor,Medium,Asia-Pacific,Mobile,Silver,Social Media,20,7745.49,63.1,1
CUST04481,50,Female,Master,Medium-Low,Asia-Pacific,Mobile,Gold,Organic Search,1095,9741.28,36.0,3
CUST04482,27,Female,High School,Medium-Low,Asia-Pacific,Mobile,Silver,Paid Search,657,10522.57,90.0,7
CUST04483,41,Female,Associate,Medium-High,North America,Mobile,Platinum,Email,208,51770.41,44.9,12
CUST04484,47,Male,Master,Medium-High,North America,Mobile,Platinum,Display Ads,577,33507.78,52.2,15
CUST04485,44,Male,Bachelor,Medium,North America,Mobile,Bronze,Email,99,4369.5,44.3,4
CUST04486,36,Female,Bachelor,Medium,Asia-Pacific,Desktop,Silver,Email,787,8225.52,88.0,4
CUST04487,48,Male,Master,Medium-Low,Europe,Mobile,Gold,Organic Search,785,33591.61,54.9,10
CUST04488,34,Male,Associate,Medium-High,Middle East,Mobile,Gold,Organic Search,74,37338.94,65.6,3
CUST04489,42,Male,Master,Medium-Low,Asia-Pacific,Mobile,Bronze,Direct,241,4091.38,56.4,1
CUST04490,37,Female,Associate,Medium-Low,Latin America,Mobile,Gold,Email,139,39140.52,92.7,9
CUST04491,41,Female,Associate,Medium-Low,North America,Mobile,Silver,Organic Search,67,2435.24,47.5,4
CUST04492,34,Male,Bachelor,Medium-Low,Europe,Mobile,Silver,Email,104,15476.17,72.5,3
CUST04493,36,Male,High School,High,North America,Desktop,Bronze,Social Media,406,3487.09,64.9,1
CUST04494,37,Female,High School,Medium,North America,Tablet,Silver,Email,56,9902.5,81.7,7
CUST04495,36,Female,Associate,Medium-High,Europe,Tablet,Silver,Email,121,4676.14,38.4,5
CUST04496,42,Female,PhD,Low,North America,Mobile,Platinum,Social Media,490,17304.26,52.9,12
CUST04497,38,Female,Associate,Medium-High,Middle East,Desktop,Platinum,Social Media,0,15170.49,78.1,8
CUST04498,37,Male,High School,Low,Asia-Pacific,Tablet,Bronze,Email,72,7789.62,63.0,3
CUST04499,37,Female,Bachelor,High,Asia-Pacific,Mobile,Silver,Display Ads,853,11068.63,62.0,4
CUST04500,37,Female,Master,Medium,Europe,Tablet,Silver,Email,1095,4691.56,92.9,1
CUST04501,50,Male,Bachelor,Medium,Asia-Pacific,Desktop,Gold,Email,668,37472.38,96.3,6
CUST04502,49,Female,PhD,Medium,North America,Mobile,Platinum,Organic Search,76,26239.29,65.6,13
CUST04503,41,Male,Bachelor,Medium,Asia-Pacific,Desktop,Gold,Referral,259,7692.05,60.6,7
CUST04504,36,Male,Associate,Medium,Europe,Desktop,Bronze,Paid Search,1028,5835.26,69.0,4
CUST04505,35,Female,Master,Medium,Europe,Mobile,Silver,Paid Search,1095,12118.22,31.1,5
CUST04506,29,Male,Bachelor,High,North America,Mobile,Silver,Organic Search,539,2157.42,78.5,4
CUST04507,24,Female,Master,Medium,North America,Desktop,Bronze,Referral,524,1525.21,35.2,5
CUST04508,40,Female,Bachelor,High,North America,Mobile,Silver,Display Ads,425,5506.8,74.2,1
CUST04509,41,Female,PhD,Medium-Low,North America,Desktop,Silver,Social Media,233,9250.5,81.2,7
CUST04510,44,Female,PhD,Medium-Low,North America,Mobile,Gold,Social Media,74,13571.1,74.8,6
CUST04511,40,Female,Associate,Medium-Low,North America,Mobile,Silver,Organic Search,208,14015.03,59.3,2
CUST04512,33,Male,Bachelor,Medium,North America,Tablet,Silver,Email,448,13708.4,68.7,3
CUST04513,33,Male,PhD,High,Europe,Mobile,Silver,Direct,135,3185.85,63.0,7
CUST04514,40,Female,Master,Low,Asia-Pacific,Mobile,Bronze,Email,67,5138.54,47.1,0
CUST04515,37,Female,Bachelor,Medium-Low,Latin America,Mobile,Bronze,Paid Search,235,4350.43,85.2,1
CUST04516,38,Male,Bachelor,Medium,Asia-Pacific,Desktop,Gold,Organic Search,304,16471.34,84.2,8
CUST04517,48,Male,High School,Medium-High,North America,Desktop,Silver,Referral,482,22081.73,52.7,4
CUST04518,37,Female,Master,Medium,Europe,Mobile,Bronze,Direct,97,7176.95,97.6,3
CUST04519,36,Female,High School,Medium,North America,Mobile,Platinum,Social Media,234,53270.69,52.4,15
CUST04520,34,Female,High School,Medium-Low,North America,Desktop,Gold,Display Ads,548,46060.74,63.7,7
CUST04521,43,Male,Master,Medium-Low,Latin America,Tablet,Gold,Email,38,19223.4,89.9,7
CUST04522,31,Female,Bachelor,Medium,Europe,Desktop,Silver,Display Ads,633,9922.07,96.8,4
CUST04523,34,Female,Bachelor,Medium-High,Europe,Mobile,Platinum,Paid Search,178,27618.63,39.2,12
CUST04524,33,Male,High School,Medium-High,North America,Mobile,Gold,Social Media,201,28470.98,37.3,5
CUST04525,46,Female,Bachelor,Medium,Europe,Desktop,Silver,Social Media,1095,21678.76,68.6,2
CUST04526,40,Female,Bachelor,High,Asia-Pacific,Mobile,Platinum,Social Media,110,96177.28,84.2,12
CUST04527,41,Female,Bachelor,Medium-High,Europe,Mobile,Gold,Referral,49,12062.12,94.5,6
CUST04528,47,Male,Associate,Medium-High,Europe,Desktop,Platinum,Display Ads,164,18377.05,52.2,11
CUST04529,34,Female,Master,Low,Europe,Mobile,Platinum,Social Media,196,30405.39,31.8,11
CUST04530,29,Female,Bachelor,Medium,North America,Desktop,Bronze,Social Media,376,5256.63,78.6,4
CUST04531,43,Female,Bachelor,Medium-High,Europe,Tablet,Platinum,Paid Search,118,26581.91,64.4,10
CUST04532,39,Female,Bachelor,Medium-Low,Asia-Pacific,Desktop,Silver,Social Media,247,6768.25,98.6,5
CUST04533,36,Male,Bachelor,Medium,Asia-Pacific,Desktop,Gold,Referral,504,11124.75,69.4,3
CUST04534,29,Male,Master,Medium-High,Asia-Pacific,Mobile,Silver,Organic Search,9,14041.24,38.1,2
CUST04535,39,Male,Bachelor,High,Middle East,Tablet,Silver,Paid Search,1095,3993.02,35.9,9
CUST04536,30,Male,Master,Medium-High,North America,Mobile,Platinum,Organic Search,811,7923.11,42.8,10
CUST04537,33,Female,High School,Medium-High,Europe,Desktop,Silver,Organic Search,285,8857.69,60.1,1
CUST04538,33,Male,High School,Medium,Europe,Mobile,Silver,Organic Search,449,14152.11,40.4,2
CUST04539,38,Female,Associate,Medium,Latin America,Desktop,Platinum,Social Media,193,27521.3,71.8,13
CUST04540,30,Female,Bachelor,Medium-Low,North America,Mobile,Silver,Display Ads,3,7842.72,30.9,3
CUST04541,26,Female,Bachelor,Medium-Low,Europe,Desktop,Silver,Referral,73,7299.45,98.6,4
CUST04542,37,Female,Bachelor,Medium,Asia-Pacific,Mobile,Bronze,Direct,43,2585.63,89.9,2
CUST04543,29,Male,High School,Medium,North America,Desktop,Silver,Organic Search,31,1338.99,55.9,3
CUST04544,33,Male,Master,Medium-High,Europe,Mobile,Silver,Organic Search,387,10879.63,82.3,5
CUST04545,39,Male,PhD,Medium,North America,Tablet,Bronze,Paid Search,289,10793.24,42.5,2
CUST04546,48,Male,Master,Medium-High,Europe,Mobile,Gold,Referral,657,8949.44,58.8,8
CUST04547,44,Male,Bachelor,Medium,Europe,Mobile,Gold,Referral,210,31851.59,47.1,12
CUST04548,35,Female,Master,Medium,Europe,Mobile,Silver,Direct,959,699.43,48.4,5
CUST04549,40,Female,High School,Medium-Low,North America,Mobile,Bronze,Paid Search,192,3184.52,80.0,2
CUST04550,42,Male,Bachelor,Medium-High,Europe,Mobile,Platinum,Email,25,13571.04,86.8,15
CUST04551,41,Male,Master,Medium-High,Latin America,Mobile,Platinum,Direct,39,40503.87,98.8,11
CUST04552,44,Male,Bachelor,High,Latin America,Mobile,Bronze,Direct,588,5145.92,87.2,2
CUST04553,36,Non-binary,High School,Low,Latin America,Mobile,Silver,Paid Search,479,1383.56,74.8,2
CUST04554,33,Female,Master,Medium,Asia-Pacific,Desktop,Silver,Direct,153,8266.77,65.5,8
CUST04555,26,Female,Associate,Medium,North America,Desktop,Silver,Email,208,9297.99,59.6,3
CUST04556,30,Female,Bachelor,Medium,Europe,Desktop,Silver,Email,357,2685.71,95.6,6
CUST04557,35,Male,Master,Medium-High,Latin America,Desktop,Silver,Paid Search,254,14028.57,80.9,5
CUST04558,39,Male,PhD,Medium-High,North America,Desktop,Silver,Referral,129,10431.12,86.0,8
CUST04559,27,Female,Master,Medium-Low,North America,Mobile,Silver,Direct,69,4873.1,81.9,4
CUST04560,49,Female,Associate,Medium,Asia-Pacific,Mobile,Bronze,Social Media,35,5539.63,53.5,1
CUST04561,40,Male,Bachelor,Medium,Asia-Pacific,Desktop,Gold,Referral,18,10818.41,95.6,9
CUST04562,45,Male,Bachelor,Medium,North America,Mobile,Silver,Display Ads,66,6476.14,54.9,3
CUST04563,33,Female,Bachelor,Medium-Low,North America,Desktop,Bronze,Paid Search,300,3142.95,91.6,0
CUST04564,48,Female,Bachelor,Medium-High,North America,Mobile,Platinum,Paid Search,341,20961.55,34.4,11
CUST04565,39,Male,Master,Medium-High,North America,Mobile,Bronze,Referral,157,3360.37,39.9,2
CUST04566,36,Female,High School,High,Latin America,Mobile,Silver,Referral,438,13266.46,88.3,4
CUST04567,38,Male,Bachelor,Medium-Low,North America,Mobile,Bronze,Direct,512,6996.83,85.2,1
CUST04568,35,Female,Associate,Medium,Latin America,Mobile,Gold,Social Media,29,21045.89,31.0,9
CUST04569,40,Female,PhD,Medium-Low,North America,Tablet,Platinum,Social Media,442,36673.03,54.7,7
CUST04570,32,Female,Bachelor,Medium-High,North America,Mobile,Gold,Referral,1095,38134.11,64.9,8
CUST04571,38,Female,Master,Medium-High,North America,Mobile,Bronze,Display Ads,35,200.0,78.4,3
CUST04572,40,Female,Bachelor,Medium,Middle East,Desktop,Silver,Email,1095,15817.12,36.2,10
CUST04573,45,Male,Bachelor,Medium,Latin America,Mobile,Silver,Direct,765,2765.48,68.8,3
CUST04574,32,Male,Bachelor,Medium-Low,Asia-Pacific,Mobile,Bronze,Organic Search,607,8264.76,44.5,0
CUST04575,38,Female,High School,High,Europe,Mobile,Silver,Referral,139,16940.64,61.8,1
CUST04576,30,Non-binary,Bachelor,Medium,Europe,Tablet,Gold,Social Media,64,73353.24,53.0,6
CUST04577,30,Male,Bachelor,Medium-High,Latin America,Mobile,Gold,Social Media,371,25053.04,40.9,9
CUST04578,36,Male,Bachelor,Low,Europe,Mobile,Silver,Direct,1095,32626.84,80.7,6
CUST04579,39,Male,Master,High,Europe,Mobile,Platinum,Display Ads,28,43922.01,45.3,18
CUST04580,34,Female,Bachelor,Medium,Asia-Pacific,Mobile,Bronze,Display Ads,80,7266.9,44.8,3
CUST04581,36,Male,Bachelor,Medium-Low,North America,Desktop,Gold,Paid Search,32,9500.67,49.2,8
CUST04582,39,Female,Bachelor,Medium,North America,Mobile,Bronze,Social Media,358,9174.53,48.3,0
CUST04583,39,Female,Master,Medium,Middle East,Tablet,Bronze,Direct,660,6039.01,48.9,4
CUST04584,36,Female,Bachelor,Medium-High,Europe,Mobile,Platinum,Paid Search,460,35206.44,67.7,10
CUST04585,40,Male,Master,Medium-Low,Latin America,Mobile,Bronze,Social Media,42,5608.61,31.7,1
CUST04586,30,Male,Bachelor,High,Latin America,Mobile,Gold,Display Ads,205,3614.13,85.2,6
CUST04587,40,Male,Bachelor,Medium,North America,Mobile,Silver,Organic Search,26,11916.47,87.1,5
CUST04588,32,Female,High School,Medium-Low,Middle East,Mobile,Silver,Email,266,3118.11,33.9,5
CUST04589,24,Male,High School,Low,North America,Desktop,Bronze,Social Media,52,3215.88,93.7,2
CUST04590,49,Female,Associate,Low,Latin America,Mobile,Platinum,Email,460,37229.62,60.8,3
CUST04591,38,Female,High School,Medium-High,North America,Desktop,Platinum,Paid Search,75,57170.41,94.0,13
CUST04592,43,Female,Bachelor,Medium,Middle East,Mobile,Gold,Social Media,51,44241.4,40.9,4
CUST04593,42,Non-binary,Master,Medium-High,North America,Tablet,Gold,Direct,85,8199.29,45.9,6
CUST04594,34,Female,PhD,Medium-Low,North America,Tablet,Bronze,Organic Search,231,3089.2,68.8,2
CUST04595,28,Female,PhD,Medium,Asia-Pacific,Desktop,Bronze,Social Media,160,2554.33,87.0,0
CUST04596,52,Female,Bachelor,Medium-High,Latin America,Mobile,Platinum,Organic Search,156,37550.35,48.0,12
CUST04597,32,Male,PhD,Medium-High,North America,Mobile,Gold,Referral,272,17745.03,33.0,7
CUST04598,37,Female,PhD,High,Asia-Pacific,Mobile,Platinum,Referral,23,42309.02,62.3,11
CUST04599,43,Male,High School,High,Middle East,Mobile,Platinum,Social Media,115,48011.6,93.0,3
CUST04600,39,Female,Bachelor,Medium-High,Asia-Pacific,Desktop,Silver,Referral,49,7384.81,72.7,1
CUST04601,40,Male,Master,Medium-Low,North America,Desktop,Silver,Social Media,558,20160.87,96.7,1
CUST04602,50,Female,PhD,Medium,North America,Desktop,Platinum,Referral,139,63707.31,58.8,9
CUST04603,33,Male,Master,Medium-Low,Europe,Desktop,Silver,Referral,28,7048.74,73.5,2
CUST04604,35,Female,Master,Medium-Low,Asia-Pacific,Desktop,Silver,Referral,54,6308.43,72.6,3
CUST04605,35,Male,PhD,Low,Latin America,Mobile,Silver,Social Media,382,7425.74,97.7,3
CUST04606,35,Female,Master,Medium,North America,Desktop,Silver,Social Media,15,7574.8,43.4,2
CUST04607,36,Male,High School,Low,North America,Tablet,Silver,Organic Search,208,5354.06,43.3,4
CUST04608,47,Male,Associate,High,North America,Mobile,Platinum,Referral,128,22967.77,31.3,10
CUST04609,29,Female,PhD,Medium,Europe,Mobile,Bronze,Paid Search,15,5729.94,37.8,2
CUST04610,33,Female,Associate,Medium-High,Latin America,Desktop,Silver,Social Media,167,7844.78,54.5,4
CUST04611,28,Male,Master,Medium-High,North America,Desktop,Gold,Organic Search,336,24195.46,41.5,5
CUST04612,46,Female,Bachelor,Medium,North America,Desktop,Platinum,Organic Search,546,46562.74,63.6,11
CUST04613,47,Male,Master,Medium-Low,North America,Desktop,Gold,Social Media,583,8013.32,61.7,7
CUST04614,35,Female,Associate,Low,Asia-Pacific,Mobile,Bronze,Display Ads,1095,4426.74,89.5,1
CUST04615,36,Female,PhD,Medium-High,Europe,Desktop,Platinum,Organic Search,252,26619.1,92.5,11
CUST04616,39,Female,PhD,Medium-High,Middle East,Mobile,Gold,Organic Search,527,27119.75,36.6,4
CUST04617,40,Female,High School,High,Latin America,Desktop,Silver,Social Media,399,6267.88,42.2,3
CUST04618,32,Male,Bachelor,Medium,Europe,Mobile,Gold,Paid Search,175,16751.47,61.4,8
CUST04619,39,Female,Associate,Medium-High,North America,Desktop,Silver,Direct,662,9315.2,54.2,2
CUST04620,39,Female,High School,Medium,Asia-Pacific,Desktop,Bronze,Social Media,1095,5030.82,32.6,1
CUST04621,49,Male,High School,Medium-High,Middle East,Tablet,Platinum,Display Ads,891,35229.37,36.8,14
CUST04622,43,Female,PhD,Medium-Low,North America,Desktop,Silver,Organic Search,1,7416.5,72.5,6
CUST04623,54,Male,Associate,Medium,North America,Tablet,Gold,Email,598,2507.8,94.2,6
CUST04624,41,Female,Master,Medium,Asia-Pacific,Tablet,Silver,Direct,751,8682.77,93.4,4
CUST04625,45,Male,Master,Low,Asia-Pacific,Mobile,Gold,Direct,404,9730.64,41.2,10
CUST04626,35,Female,Bachelor,Medium,Europe,Tablet,Gold,Direct,560,11579.84,31.9,6
CUST04627,34,Male,Bachelor,Medium,Europe,Desktop,Silver,Email,5,3252.65,72.1,3
CUST04628,40,Female,Master,Medium,North America,Mobile,Platinum,Social Media,326,42226.84,56.6,7
CUST04629,37,Male,Associate,Medium,Asia-Pacific,Tablet,Gold,Display Ads,664,1048.19,47.9,9
CUST04630,50,Female,Bachelor,Medium,North America,Tablet,Platinum,Social Media,1,24366.39,96.4,8
CUST04631,52,Female,Master,High,Asia-Pacific,Desktop,Platinum,Direct,19,11562.9,97.7,13
CUST04632,40,Male,High School,Medium-Low,Asia-Pacific,Desktop,Platinum,Social Media,1029,92398.44,91.6,9
CUST04633,26,Non-binary,PhD,Medium-Low,North America,Mobile,Bronze,Organic Search,662,1773.88,96.3,1
CUST04634,38,Female,Associate,Medium,North America,Tablet,Gold,Direct,267,5707.51,94.6,6
CUST04635,29,Male,Bachelor,Medium-High,North America,Mobile,Bronze,Social Media,30,6809.21,71.4,0
CUST04636,30,Male,Bachelor,Low,North America,Mobile,Silver,Referral,167,9484.91,61.6,3
CUST04637,42,Male,Bachelor,High,Europe,Mobile,Silver,Display Ads,29,8701.88,59.3,2
CUST04638,35,Male,Master,Medium-Low,Europe,Mobile,Bronze,Social Media,230,5214.67,83.6,1
CUST04639,46,Female,Bachelor,Low,Asia-Pacific,Tablet,Bronze,Referral,38,564.16,99.1,5
CUST04640,36,Male,Bachelor,Medium-High,Latin America,Tablet,Bronze,Direct,400,4076.08,43.2,3
CUST04641,39,Male,Bachelor,Medium,Asia-Pacific,Mobile,Platinum,Social Media,1064,17567.84,58.6,19
CUST04642,37,Female,Master,Medium,North America,Mobile,Gold,Email,30,8918.34,57.8,8
CUST04643,28,Female,Bachelor,High,Europe,Desktop,Silver,Social Media,169,12777.93,40.7,4
CUST04644,38,Male,Bachelor,Low,Latin America,Mobile,Bronze,Organic Search,123,2930.13,44.9,2
CUST04645,36,Male,Master,Medium-Low,Europe,Desktop,Silver,Organic Search,16,12095.03,98.8,0
CUST04646,54,Male,Master,Medium-High,Asia-Pacific,Mobile,Platinum,Email,213,25540.94,80.9,9
CUST04647,45,Male,Master,Medium-High,North America,Mobile,Platinum,Direct,127,23178.86,76.2,16
CUST04648,31,Male,Bachelor,Medium,Latin America,Mobile,Bronze,Direct,153,2628.67,83.1,1
CUST04649,50,Male,Master,High,Europe,Mobile,Platinum,Organic Search,798,48325.35,98.5,12
CUST04650,26,Female,High School,Medium-High,Asia-Pacific,Desktop,Silver,Social Media,448,9436.47,50.6,2
CUST04651,43,Male,Master,Medium,Asia-Pacific,Tablet,Platinum,Organic Search,96,43299.67,33.4,10
CUST04652,42,Female,Bachelor,Medium,North America,Tablet,Platinum,Referral,435,9331.17,69.5,13
CUST04653,45,Female,PhD,High,Latin America,Mobile,Platinum,Organic Search,180,27564.33,54.1,9
CUST04654,29,Female,PhD,Medium-Low,North America,Desktop,Bronze,Referral,70,11230.25,34.9,2
CUST04655,48,Female,Bachelor,High,North America,Desktop,Platinum,Social Media,56,15774.75,41.8,12
CUST04656,42,Male,Master,Medium,Asia-Pacific,Desktop,Gold,Organic Search,435,50156.8,38.4,8
CUST04657,45,Male,Master,Medium-High,Latin America,Mobile,Platinum,Display Ads,1095,41433.21,39.0,9
CUST04658,35,Male,High School,Low,Asia-Pacific,Desktop,Silver,Direct,99,4851.64,35.9,4
CUST04659,49,Female,Master,High,Latin America,Mobile,Platinum,Direct,331,39074.33,59.0,16
CUST04660,32,Female,Master,Medium,North America,Desktop,Silver,Social Media,432,3458.2,90.6,6
CUST04661,39,Female,Bachelor,High,Europe,Desktop,Gold,Direct,40,16692.23,86.5,6
CUST04662,29,Female,Bachelor,Medium,Middle East,Mobile,Bronze,Social Media,185,625.25,91.7,1
CUST04663,36,Male,Bachelor,Medium-High,Europe,Tablet,Gold,Social Media,397,35627.1,91.3,7
CUST04664,43,Male,Bachelor,Medium,North America,Desktop,Silver,Direct,87,11449.37,74.8,5
CUST04665,38,Non-binary,Bachelor,Low,North America,Mobile,Silver,Direct,559,5422.37,52.8,5
CUST04666,31,Male,Associate,Medium,Asia-Pacific,Desktop,Bronze,Organic Search,63,4966.61,56.8,3
CUST04667,50,Female,High School,Medium-High,North America,Mobile,Silver,Email,164,6666.78,89.5,6
CUST04668,37,Female,Master,Low,Asia-Pacific,Mobile,Silver,Email,24,4838.28,39.1,3
CUST04669,34,Male,Bachelor,Medium-Low,Europe,Tablet,Silver,Direct,901,5322.01,32.9,4
CUST04670,46,Female,Associate,High,Europe,Mobile,Platinum,Display Ads,126,72929.43,67.5,10
CUST04671,38,Male,Associate,Medium-High,Latin America,Desktop,Bronze,Social Media,1095,5209.07,78.5,3
CUST04672,37,Female,Bachelor,Medium,Europe,Mobile,Silver,Email,19,4292.93,96.8,8
CUST04673,27,Male,Bachelor,Medium-High,North America,Mobile,Silver,Social Media,71,11394.47,48.0,2
CUST04674,40,Female,Master,Low,Asia-Pacific,Mobile,Silver,Social Media,1095,6749.75,75.0,2
CUST04675,42,Male,Master,Medium-Low,Asia-Pacific,Desktop,Silver,Display Ads,1095,17214.81,45.3,3
CUST04676,26,Male,Master,Medium-Low,North America,Mobile,Bronze,Social Media,15,8140.09,31.6,1
CUST04677,31,Male,Bachelor,Medium,Asia-Pacific,Mobile,Bronze,Paid Search,1095,2087.95,68.8,1
CUST04678,39,Male,Bachelor,Medium,Europe,Tablet,Silver,Paid Search,38,4615.15,64.0,6
CUST04679,40,Male,Master,Medium,North America,Mobile,Bronze,Referral,289,7753.59,33.9,2
CUST04680,35,Male,PhD,Low,Europe,Mobile,Silver,Social Media,1024,13078.98,44.6,8
CUST04681,33,Male,High School,Medium-Low,North America,Desktop,Silver,Social Media,631,9538.38,60.0,5
CUST04682,42,Male,PhD,Medium-High,Europe,Mobile,Gold,Social Media,1095,23396.74,78.5,6
CUST04683,45,Male,Master,High,North America,Desktop,Silver,Paid Search,826,16166.61,89.6,6
CUST04684,38,Female,Bachelor,Medium,North America,Desktop,Silver,Direct,709,3387.51,92.9,3
CUST04685,43,Male,Master,Medium-Low,Europe,Mobile,Gold,Organic Search,793,32537.98,100.0,5
CUST04686,39,Male,Master,Medium-High,Middle East,Desktop,Silver,Email,602,4426.12,86.8,7
CUST04687,39,Male,Master,Medium-Low,North America,Mobile,Gold,Organic Search,67,12052.56,62.4,5
CUST04688,36,Male,Associate,Medium-Low,Middle East,Mobile,Silver,Paid Search,1095,10861.1,83.3,1
CUST04689,33,Male,Master,Medium,Europe,Desktop,Bronze,Direct,89,10440.3,79.0,0
CUST04690,36,Female,Associate,Low,Europe,Desktop,Bronze,Social Media,1041,4270.08,58.5,1
CUST04691,43,Male,Master,Medium-High,Europe,Desktop,Silver,Email,413,7726.45,79.6,0
CUST04692,36,Male,High School,Medium-High,Latin America,Desktop,Silver,Organic Search,433,13506.53,90.6,4
CUST04693,32,Male,High School,Medium-High,North America,Mobile,Silver,Organic Search,127,6198.7,61.2,4
CUST04694,34,Female,Bachelor,Medium-High,Europe,Mobile,Bronze,Social Media,1095,2311.26,33.6,5
CUST04695,42,Male,Master,Medium,Asia-Pacific,Mobile,Silver,Social Media,155,15219.85,62.3,7
CUST04696,47,Male,High School,High,Europe,Mobile,Platinum,Email,689,18299.15,53.5,12
CUST04697,33,Male,PhD,Medium-High,North America,Mobile,Gold,Direct,830,24030.49,85.5,9
CUST04698,41,Male,Master,Medium-Low,North America,Mobile,Platinum,Organic Search,368,29035.26,72.9,10
CUST04699,36,Female,Bachelor,Medium,Europe,Desktop,Bronze,Organic Search,66,4465.44,34.4,2
CUST04700,41,Male,High School,Medium-High,North America,Mobile,Platinum,Organic Search,431,26980.08,56.1,10
CUST04701,42,Male,Bachelor,Medium,Asia-Pacific,Desktop,Silver,Social Media,119,3980.77,41.6,3
CUST04702,41,Female,High School,Medium,Europe,Desktop,Gold,Organic Search,58,16963.8,37.6,8
CUST04703,42,Male,Bachelor,Low,Asia-Pacific,Mobile,Gold,Social Media,8,20292.8,31.2,3
CUST04704,39,Male,Master,Medium,North America,Mobile,Bronze,Paid Search,150,4817.18,57.4,2
CUST04705,43,Female,Master,Medium-High,Latin America,Mobile,Silver,Social Media,40,2792.66,36.0,7
CUST04706,40,Male,Associate,Low,Europe,Mobile,Silver,Organic Search,87,8931.13,31.2,3
CUST04707,42,Female,High School,Medium,Asia-Pacific,Mobile,Gold,Social Media,20,23058.37,94.9,5
CUST04708,42,Male,Associate,Medium-Low,North America,Desktop,Silver,Organic Search,28,20028.6,86.8,3
CUST04709,31,Male,PhD,Medium-High,Asia-Pacific,Desktop,Silver,Direct,428,13458.97,52.8,5
CUST04710,38,Female,PhD,Medium,North America,Mobile,Silver,Email,291,5534.46,63.7,6
CUST04711,31,Male,Bachelor,Medium-High,North America,Mobile,Silver,Social Media,335,12382.89,79.8,4
CUST04712,36,Male,Bachelor,Medium,Europe,Desktop,Bronze,Paid Search,37,7205.6,83.9,1
CUST04713,37,Male,PhD,Medium,North America,Desktop,Silver,Organic Search,370,13351.53,78.6,2
CUST04714,30,Female,Bachelor,Medium,North America,Desktop,Bronze,Referral,718,6792.08,44.4,3
CUST04715,36,Male,Bachelor,Medium,North America,Mobile,Silver,Paid Search,383,2319.11,38.6,3
CUST04716,47,Male,Bachelor,Medium,Europe,Desktop,Gold,Paid Search,876,29415.82,67.6,7
CUST04717,29,Female,Bachelor,Medium,Asia-Pacific,Mobile,Bronze,Referral,383,4556.5,98.3,1
CUST04718,31,Female,Master,Medium,North America,Mobile,Silver,Email,153,16864.99,74.7,2
CUST04719,52,Male,Master,Medium,North America,Mobile,Platinum,Social Media,139,23892.3,32.0,14
CUST04720,34,Female,Bachelor,Medium,Europe,Mobile,Silver,Paid Search,701,6583.06,44.7,5
CUST04721,25,Female,PhD,Medium,Europe,Mobile,Silver,Organic Search,585,12774.27,93.3,5
CUST04722,39,Female,Associate,Low,Asia-Pacific,Mobile,Bronze,Social Media,622,5721.48,51.4,2
CUST04723,33,Male,Bachelor,Medium-Low,Asia-Pacific,Mobile,Bronze,Direct,408,1497.84,44.8,2
CUST04724,35,Female,PhD,Medium,Europe,Mobile,Bronze,Organic Search,1095,3896.32,69.3,1
CUST04725,38,Male,Bachelor,Medium,Asia-Pacific,Mobile,Gold,Organic Search,777,33457.31,35.0,7
CUST04726,45,Female,Master,Medium-Low,Asia-Pacific,Mobile,Platinum,Direct,208,53125.65,37.0,15
CUST04727,32,Male,High School,Medium-High,Latin America,Mobile,Platinum,Referral,206,93980.47,51.8,6
CUST04728,42,Female,Master,Medium,North America,Tablet,Platinum,Paid Search,11,53453.2,46.2,14
CUST04729,38,Female,Bachelor,Medium,Asia-Pacific,Mobile,Bronze,Organic Search,7,2426.01,43.8,4
CUST04730,36,Female,Master,Medium-Low,Asia-Pacific,Desktop,Bronze,Direct,436,4726.06,59.2,2
CUST04731,31,Female,High School,Low,Europe,Desktop,Platinum,Paid Search,109,57775.75,72.8,9
CUST04732,41,Female,High School,Medium-High,Europe,Desktop,Silver,Email,109,4328.41,49.7,5
CUST04733,37,Female,Master,Medium-High,Latin America,Mobile,Gold,Social Media,103,9672.16,74.0,6
CUST04734,42,Female,Master,Medium,Europe,Mobile,Gold,Paid Search,130,7776.47,65.5,4
CUST04735,40,Female,Associate,Medium-Low,Middle East,Mobile,Silver,Paid Search,149,6942.76,42.0,2
CUST04736,33,Male,PhD,Medium-Low,North America,Mobile,Silver,Email,35,6260.71,60.7,5
CUST04737,36,Male,PhD,Medium,Asia-Pacific,Mobile,Bronze,Direct,54,3256.34,50.5,2
CUST04738,26,Female,Bachelor,Medium,North America,Tablet,Bronze,Referral,386,4410.92,50.4,1
CUST04739,24,Female,Master,Medium,North America,Mobile,Silver,Organic Search,462,15006.56,45.4,5
CUST04740,41,Female,Master,Medium-High,Latin America,Mobile,Bronze,Paid Search,65,1991.04,54.3,1
CUST04741,36,Male,Master,Low,North America,Mobile,Gold,Social Media,672,10357.47,67.3,9
CUST04742,51,Female,Bachelor,Medium-High,Asia-Pacific,Mobile,Platinum,Social Media,29,35756.96,47.5,15
CUST04743,35,Male,Master,Medium,Latin America,Desktop,Bronze,Referral,602,3543.16,69.3,3
CUST04744,37,Male,High School,Medium,North America,Mobile,Gold,Display Ads,331,40275.97,46.0,9
CUST04745,37,Non-binary,Master,Medium-Low,Europe,Mobile,Gold,Display Ads,1095,22618.39,56.0,7
CUST04746,33,Male,Master,Medium,Latin America,Mobile,Bronze,Email,417,315.74,79.4,2
CUST04747,38,Male,Master,High,North America,Mobile,Gold,Social Media,222,41333.45,42.2,5
CUST04748,38,Female,Associate,Low,Asia-Pacific,Desktop,Platinum,Email,169,4159.63,39.6,11
CUST04749,33,Male,PhD,Medium-Low,Europe,Mobile,Silver,Email,993,8281.44,59.9,2
CUST04750,31,Male,Master,Medium-High,North America,Mobile,Gold,Social Media,150,7756.23,63.5,9
CUST04751,31,Female,Master,High,Asia-Pacific,Mobile,Silver,Social Media,205,9876.5,82.2,3
CUST04752,46,Male,Bachelor,High,Asia-Pacific,Desktop,Platinum,Social Media,711,110923.73,78.9,7
CUST04753,37,Male,Associate,Medium-Low,North America,Mobile,Bronze,Organic Search,1033,14654.04,63.5,1
CUST04754,45,Male,PhD,Medium,Latin America,Desktop,Bronze,Social Media,124,4166.83,72.4,2
CUST04755,32,Female,Bachelor,Medium,Asia-Pacific,Desktop,Silver,Social Media,905,10084.42,93.6,2
CUST04756,29,Female,Bachelor,Low,Asia-Pacific,Mobile,Gold,Display Ads,408,12071.99,56.1,9
CUST04757,42,Male,Master,High,Asia-Pacific,Mobile,Bronze,Social Media,998,6021.16,34.9,4
CUST04758,36,Male,Master,Medium,North America,Tablet,Silver,Email,102,12450.88,74.9,3
CUST04759,36,Female,Master,Medium-Low,North America,Mobile,Gold,Social Media,170,34090.98,67.1,5
CUST04760,35,Male,Master,Medium,North America,Mobile,Silver,Referral,683,1538.61,60.2,2
CUST04761,36,Male,Bachelor,Medium,Europe,Mobile,Gold,Organic Search,297,39889.15,35.2,7
CUST04762,45,Female,Master,High,North America,Mobile,Platinum,Organic Search,340,20672.1,38.8,12
CUST04763,47,Female,Associate,Medium,Europe,Mobile,Platinum,Social Media,44,22632.03,31.4,9
CUST04764,34,Male,Master,Medium-High,Asia-Pacific,Tablet,Platinum,Social Media,258,89741.61,72.8,10
CUST04765,40,Non-binary,Master,Medium,Latin America,Tablet,Bronze,Social Media,1,5115.27,96.2,3
CUST04766,34,Male,Bachelor,Medium,Europe,Mobile,Silver,Social Media,80,4150.06,48.4,1
CUST04767,34,Male,Associate,Medium-Low,North America,Tablet,Gold,Social Media,112,21674.57,92.9,7
CUST04768,45,Female,Master,Low,Europe,Mobile,Platinum,Display Ads,884,14111.99,75.4,7
CUST04769,35,Male,Bachelor,Medium,North America,Mobile,Silver,Email,76,6329.44,40.3,2
CUST04770,62,Male,Master,Medium-Low,Latin America,Mobile,Gold,Direct,1087,4917.11,42.9,10
CUST04771,34,Male,High School,Medium,Europe,Desktop,Bronze,Email,28,1579.78,48.0,1
CUST04772,34,Male,Bachelor,Medium-Low,North America,Desktop,Gold,Paid Search,415,10496.67,67.0,9
CUST04773,39,Female,Bachelor,Medium,Latin America,Mobile,Gold,Direct,1095,33897.8,56.5,7
CUST04774,37,Female,Master,Medium,North America,Desktop,Silver,Organic Search,934,16788.75,65.0,0
CUST04775,43,Female,Bachelor,Medium,Europe,Mobile,Bronze,Email,186,3612.4,57.5,3
CUST04776,42,Male,Master,Medium,Europe,Mobile,Bronze,Display Ads,1095,3359.41,70.7,2
CUST04777,21,Male,High School,Medium,North America,Mobile,Bronze,Organic Search,323,345.85,37.5,4
CUST04778,47,Male,Bachelor,Medium-High,Europe,Mobile,Gold,Social Media,64,48954.41,93.1,3
CUST04779,34,Female,High School,Medium,Latin America,Desktop,Bronze,Display Ads,931,4133.37,63.7,1
CUST04780,31,Female,Bachelor,Medium,North America,Mobile,Bronze,Display Ads,131,2137.19,45.8,2
CUST04781,31,Male,Master,Medium-Low,Europe,Desktop,Silver,Social Media,62,12196.99,46.4,3
CUST04782,40,Male,PhD,Medium,North America,Desktop,Bronze,Social Media,825,3857.16,90.6,1
CUST04783,31,Female,High School,High,Middle East,Mobile,Bronze,Social Media,372,14096.66,89.2,2
CUST04784,32,Male,PhD,Medium-Low,North America,Mobile,Silver,Social Media,356,9035.38,89.0,6
CUST04785,37,Female,PhD,High,North America,Mobile,Bronze,Social Media,52,1885.48,58.3,5
CUST04786,44,Male,Associate,Medium-Low,North America,Mobile,Bronze,Display Ads,525,2490.87,82.0,1
CUST04787,48,Male,Master,Medium,Europe,Mobile,Gold,Organic Search,171,20263.18,44.8,15
CUST04788,38,Male,High School,Medium,North America,Mobile,Silver,Display Ads,455,5093.29,47.9,3
CUST04789,48,Male,Master,Medium-High,Asia-Pacific,Mobile,Gold,Social Media,110,6955.03,75.8,5
CUST04790,32,Female,Associate,Medium-High,Europe,Tablet,Silver,Direct,46,8446.52,92.3,3
CUST04791,35,Female,Associate,Medium,Europe,Tablet,Silver,Social Media,53,6315.6,70.0,9
CUST04792,37,Female,Master,Medium-Low,Europe,Mobile,Bronze,Social Media,891,8937.71,52.5,2
CUST04793,32,Male,PhD,Medium-High,North America,Desktop,Gold,Email,126,10666.45,77.6,11
CUST04794,33,Male,Bachelor,Medium-Low,North America,Mobile,Gold,Paid Search,358,16825.87,95.5,12
CUST04795,27,Female,PhD,Medium-High,North America,Mobile,Silver,Organic Search,111,4595.17,90.5,3
CUST04796,33,Male,Master,Medium,Asia-Pacific,Mobile,Bronze,Email,619,4195.83,46.8,2
CUST04797,37,Female,Bachelor,Low,Europe,Mobile,Gold,Paid Search,554,8896.51,81.1,10
CUST04798,18,Male,Associate,Medium,North America,Desktop,Silver,Direct,688,12477.09,43.0,1
CUST04799,41,Female,Bachelor,Medium,North America,Mobile,Gold,Referral,81,18991.41,41.4,4
CUST04800,28,Male,Bachelor,Medium-High,Europe,Desktop,Gold,Social Media,43,27634.4,46.6,4
CUST04801,36,Female,Master,Medium,North America,Mobile,Gold,Direct,398,34100.84,66.8,9
CUST04802,38,Female,Master,Medium-Low,North America,Mobile,Silver,Referral,21,13833.71,52.3,4
CUST04803,33,Female,Bachelor,Medium,North America,Desktop,Silver,Paid Search,409,15135.5,76.7,1
CUST04804,37,Male,Bachelor,Medium-High,North America,Desktop,Gold,Social Media,87,3920.93,73.4,8
CUST04805,44,Male,Master,Medium,Europe,Desktop,Silver,Email,102,13713.03,89.2,3
CUST04806,42,Male,Master,Medium-High,Asia-Pacific,Desktop,Gold,Direct,494,8550.48,58.7,7
CUST04807,44,Male,Associate,Medium,Europe,Mobile,Platinum,Paid Search,187,17394.9,36.0,14
CUST04808,42,Male,High School,Medium,Europe,Tablet,Platinum,Direct,86,15442.15,44.3,7
CUST04809,34,Female,Master,Low,Asia-Pacific,Mobile,Silver,Direct,393,6597.0,35.5,2
CUST04810,30,Male,Bachelor,Medium,Europe,Mobile,Bronze,Organic Search,1095,6994.03,51.3,2
CUST04811,39,Male,Associate,Medium-Low,Asia-Pacific,Desktop,Silver,Direct,347,9044.1,72.3,7
CUST04812,25,Female,Associate,Medium,North America,Tablet,Bronze,Social Media,15,3511.44,68.0,0
CUST04813,36,Male,Master,Medium-Low,Middle East,Desktop,Silver,Display Ads,864,1855.09,57.3,4
CUST04814,46,Non-binary,Master,Medium-Low,North America,Tablet,Platinum,Email,36,61995.81,54.8,9
CUST04815,41,Male,Master,Medium,Latin America,Mobile,Gold,Email,27,30347.87,97.1,6
CUST04816,40,Female,Master,High,Europe,Desktop,Bronze,Direct,22,3109.25,49.1,2
CUST04817,50,Male,Bachelor,Medium,Europe,Desktop,Gold,Email,374,15774.44,94.1,10
CUST04818,42,Female,Bachelor,Medium-Low,Europe,Mobile,Silver,Email,397,1578.38,84.2,6
CUST04819,40,Female,Associate,High,Asia-Pacific,Desktop,Bronze,Organic Search,6,5270.86,91.4,4
CUST04820,31,Male,Master,Medium-Low,North America,Mobile,Silver,Email,548,5624.77,65.2,1
CUST04821,35,Female,Master,Low,North America,Mobile,Silver,Paid Search,520,8264.72,89.8,5
CUST04822,41,Male,High School,Low,Europe,Desktop,Gold,Social Media,337,11504.19,77.0,11
CUST04823,34,Male,Master,Medium-Low,North America,Tablet,Bronze,Social Media,154,3354.68,53.5,4
CUST04824,38,Male,PhD,Medium,North America,Mobile,Platinum,Direct,983,14132.69,92.0,9
CUST04825,37,Male,Master,High,North America,Desktop,Platinum,Social Media,426,52496.02,47.2,12
CUST04826,28,Female,Master,High,Asia-Pacific,Mobile,Gold,Social Media,75,25377.16,51.7,7
CUST04827,30,Female,Bachelor,Medium-Low,North America,Mobile,Silver,Organic Search,665,5218.69,78.1,7
CUST04828,34,Male,Bachelor,Medium-Low,North America,Mobile,Bronze,Direct,187,7998.93,63.5,2
CUST04829,32,Male,Associate,Medium-Low,Middle East,Mobile,Platinum,Email,187,20293.5,75.1,15
CUST04830,52,Male,High School,Medium-High,Middle East,Mobile,Platinum,Organic Search,18,11322.26,80.5,9
CUST04831,48,Male,Bachelor,Medium-Low,Europe,Mobile,Platinum,Social Media,122,52393.47,55.8,12
CUST04832,37,Non-binary,Master,High,Asia-Pacific,Mobile,Silver,Organic Search,23,16563.55,37.2,2
CUST04833,30,Female,Master,Medium,Asia-Pacific,Tablet,Bronze,Paid Search,76,3848.33,31.3,2
CUST04834,45,Male,Bachelor,Medium-Low,Latin America,Mobile,Gold,Display Ads,1095,15471.64,32.3,3
CUST04835,38,Female,High School,Medium,Europe,Mobile,Silver,Direct,432,2271.0,34.1,4
CUST04836,33,Female,Bachelor,High,Middle East,Mobile,Silver,Direct,36,8725.17,74.6,3
CUST04837,37,Male,High School,Medium,Latin America,Desktop,Gold,Social Media,145,12862.14,46.1,5
CUST04838,35,Male,Master,Medium-High,North America,Mobile,Platinum,Organic Search,222,16780.41,53.3,15
CUST04839,28,Male,Associate,Medium-Low,Asia-Pacific,Mobile,Bronze,Social Media,161,6272.67,91.8,2
CUST04840,33,Male,High School,Medium,Europe,Mobile,Silver,Organic Search,378,6466.41,45.4,2
CUST04841,20,Female,Bachelor,Medium-Low,Europe,Tablet,Bronze,Referral,97,4709.41,31.3,3
CUST04842,33,Male,Bachelor,Medium-Low,Europe,Mobile,Silver,Organic Search,325,13704.66,34.9,7
CUST04843,36,Non-binary,Bachelor,High,North America,Mobile,Gold,Paid Search,33,23572.93,40.1,5
CUST04844,35,Female,Associate,Medium-Low,North America,Mobile,Bronze,Social Media,14,4580.77,69.5,1
CUST04845,29,Female,Associate,Medium-High,Latin America,Desktop,Bronze,Email,567,1331.4,41.8,3
CUST04846,33,Male,Bachelor,Medium-Low,Europe,Mobile,Bronze,Direct,146,3720.51,80.2,3
CUST04847,34,Female,Master,Medium-Low,Europe,Desktop,Bronze,Organic Search,235,3401.11,96.0,2
CUST04848,38,Male,Master,Medium-High,North America,Mobile,Gold,Organic Search,253,12612.87,55.2,8
CUST04849,43,Female,Bachelor,Low,Europe,Desktop,Silver,Paid Search,95,5006.08,47.8,6
CUST04850,40,Female,High School,Medium-Low,Europe,Mobile,Silver,Email,60,4139.38,85.4,4
CUST04851,37,Male,Bachelor,Medium,North America,Mobile,Bronze,Direct,258,7178.77,42.5,2
CUST04852,42,Female,Bachelor,Low,Europe,Mobile,Platinum,Email,186,36071.86,31.9,18
CUST04853,28,Male,High School,High,Europe,Desktop,Silver,Referral,3,5665.39,78.1,0
CUST04854,34,Male,Bachelor,Medium-Low,North America,Desktop,Silver,Direct,1095,6270.6,57.8,5
CUST04855,41,Male,PhD,Medium-Low,Latin America,Mobile,Silver,Email,317,12357.44,90.4,6
CUST04856,32,Male,PhD,Medium,Europe,Mobile,Platinum,Email,155,24759.58,66.2,6
CUST04857,47,Non-binary,PhD,Medium-High,Middle East,Desktop,Platinum,Direct,524,19983.53,63.3,9
CUST04858,41,Female,Master,Medium-High,Asia-Pacific,Mobile,Silver,Email,145,7072.74,51.7,5
CUST04859,33,Female,Associate,Low,Europe,Desktop,Silver,Direct,208,3735.34,85.2,5
CUST04860,28,Female,Associate,Low,Europe,Mobile,Bronze,Organic Search,261,1858.58,83.3,4
CUST04861,47,Male,Bachelor,Medium-High,Middle East,Tablet,Gold,Paid Search,314,37684.49,39.2,5
CUST04862,45,Female,PhD,High,Europe,Desktop,Platinum,Social Media,54,14896.5,74.9,14
CUST04863,37,Female,PhD,Medium-Low,Asia-Pacific,Mobile,Bronze,Referral,72,9696.62,61.6,0
CUST04864,31,Male,Associate,Medium,Asia-Pacific,Mobile,Gold,Organic Search,225,51301.29,83.2,11
CUST04865,51,Female,Bachelor,Medium-High,Europe,Mobile,Platinum,Social Media,115,19738.19,56.2,11
CUST04866,39,Female,Master,High,North America,Desktop,Platinum,Paid Search,1095,19485.93,30.1,14
CUST04867,31,Female,Bachelor,High,North America,Desktop,Bronze,Organic Search,74,2063.54,92.8,2
CUST04868,38,Male,High School,Medium-High,Europe,Tablet,Silver,Social Media,258,10654.55,73.9,5
CUST04869,46,Female,PhD,High,North America,Desktop,Platinum,Email,202,51596.0,99.2,8
CUST04870,42,Female,Associate,Medium-High,Asia-Pacific,Mobile,Gold,Referral,1095,5376.41,49.0,11
CUST04871,39,Male,Bachelor,Medium-Low,Asia-Pacific,Mobile,Gold,Direct,70,22937.74,59.0,6
CUST04872,49,Male,Bachelor,Medium,Asia-Pacific,Mobile,Silver,Paid Search,78,6712.45,84.9,4
CUST04873,35,Female,Bachelor,Medium,North America,Desktop,Bronze,Email,745,4772.27,31.3,1
CUST04874,38,Female,PhD,Medium-High,Latin America,Mobile,Gold,Organic Search,233,23619.07,64.5,10
CUST04875,39,Male,Bachelor,Medium,Middle East,Mobile,Gold,Organic Search,96,51106.74,76.9,10
CUST04876,48,Male,Master,Medium,North America,Mobile,Gold,Display Ads,785,29838.06,93.9,6
CUST04877,40,Male,High School,Medium,Latin America,Desktop,Gold,Organic Search,14,5991.43,49.2,4
CUST04878,48,Female,Bachelor,Medium-Low,North America,Mobile,Silver,Referral,14,3318.61,91.2,6
CUST04879,29,Female,High School,Medium-Low,Asia-Pacific,Mobile,Bronze,Paid Search,724,9327.52,47.7,2
CUST04880,32,Female,Bachelor,Low,Europe,Desktop,Bronze,Social Media,248,2309.79,91.5,3
CUST04881,45,Non-binary,Bachelor,Medium,Latin America,Tablet,Gold,Organic Search,155,44911.25,56.7,8
CUST04882,34,Male,High School,High,North America,Desktop,Silver,Direct,67,4774.38,74.4,3
CUST04883,30,Non-binary,PhD,Medium-High,Latin America,Desktop,Silver,Referral,738,16959.38,95.5,5
CUST04884,31,Male,Master,Medium-Low,North America,Mobile,Bronze,Email,187,10255.32,36.1,2
CUST04885,29,Male,PhD,Medium-Low,North America,Desktop,Silver,Social Media,785,2720.49,59.7,3
CUST04886,51,Male,Associate,Medium-Low,Asia-Pacific,Mobile,Platinum,Email,290,35020.16,43.9,8
CUST04887,42,Female,Associate,Medium,Europe,Mobile,Gold,Social Media,570,20169.15,83.3,7
CUST04888,43,Male,Associate,Medium-Low,Asia-Pacific,Mobile,Silver,Direct,470,8043.72,71.3,2
CUST04889,29,Female,Master,Low,Europe,Mobile,Bronze,Social Media,40,5562.82,89.2,1
CUST04890,30,Male,Associate,Medium,Europe,Desktop,Gold,Social Media,585,22446.32,35.5,7
CUST04891,33,Female,Associate,Medium-Low,North America,Mobile,Bronze,Social Media,288,7774.69,85.2,1
CUST04892,42,Female,Bachelor,Medium-Low,Asia-Pacific,Desktop,Gold,Paid Search,287,26818.96,45.1,9
CUST04893,24,Male,PhD,Medium,North America,Mobile,Bronze,Direct,48,6037.86,66.3,1
CUST04894,35,Female,High School,Medium-High,Latin America,Desktop,Bronze,Social Media,254,1409.65,49.9,1
CUST04895,30,Female,Bachelor,Medium,Europe,Desktop,Bronze,Email,125,3959.02,62.4,2
CUST04896,26,Male,Associate,Medium-Low,Europe,Desktop,Silver,Organic Search,630,10044.96,82.0,3
CUST04897,36,Male,Master,Medium-Low,Asia-Pacific,Desktop,Bronze,Social Media,649,2291.85,98.4,0
CUST04898,40,Non-binary,Bachelor,Medium,Europe,Mobile,Bronze,Direct,355,2507.22,88.6,3
CUST04899,41,Male,Associate,Medium,Latin America,Desktop,Bronze,Social Media,106,5314.74,64.9,2
CUST04900,34,Male,Master,Medium-Low,North America,Mobile,Silver,Email,5,2963.83,90.2,2
CUST04901,40,Male,Associate,Medium,Europe,Desktop,Silver,Display Ads,260,12800.32,94.5,3
CUST04902,41,Female,High School,Medium,Middle East,Mobile,Silver,Email,1095,6913.41,62.1,6
CUST04903,31,Male,Master,Medium,Asia-Pacific,Mobile,Bronze,Direct,189,10460.01,64.6,1
CUST04904,35,Female,Master,Low,North America,Mobile,Bronze,Paid Search,44,2569.52,80.8,1
CUST04905,28,Male,Bachelor,Medium,Europe,Tablet,Gold,Social Media,146,15123.6,40.2,2
CUST04906,54,Female,High School,Medium,North America,Tablet,Platinum,Social Media,1095,17805.37,64.0,16
CUST04907,43,Female,Bachelor,Medium,Latin America,Desktop,Gold,Organic Search,39,15628.43,70.1,11
CUST04908,34,Female,High School,High,Asia-Pacific,Desktop,Silver,Social Media,410,5969.59,44.5,11
CUST04909,35,Female,Associate,Medium,Latin America,Tablet,Gold,Direct,150,18674.07,71.0,5
CUST04910,44,Non-binary,Bachelor,Medium,North America,Desktop,Gold,Social Media,122,33791.35,63.5,5
CUST04911,58,Male,Bachelor,Medium-High,North America,Tablet,Platinum,Referral,185,31034.07,37.7,12
CUST04912,38,Female,Bachelor,High,North America,Desktop,Gold,Paid Search,1025,15325.98,52.2,7
CUST04913,41,Male,High School,Medium,Latin America,Desktop,Platinum,Email,126,42262.69,52.2,6
CUST04914,47,Female,Master,Medium,North America,Mobile,Platinum,Social Media,660,31101.88,45.5,8
CUST04915,38,Female,Bachelor,Medium-High,Latin America,Mobile,Silver,Social Media,133,7854.83,56.9,1
CUST04916,42,Male,High School,High,Europe,Desktop,Platinum,Social Media,144,65504.83,39.0,9
CUST04917,28,Female,High School,Low,Asia-Pacific,Mobile,Bronze,Paid Search,721,2564.27,95.1,3
CUST04918,28,Male,Master,Medium-Low,Middle East,Mobile,Bronze,Organic Search,597,1514.36,68.4,3
CUST04919,28,Male,Bachelor,Low,North America,Desktop,Bronze,Email,482,5151.2,92.1,5
CUST04920,46,Male,Master,Medium-High,North America,Tablet,Platinum,Referral,345,50232.04,69.0,16
CUST04921,27,Female,Master,Medium,Latin America,Tablet,Gold,Referral,123,16953.28,63.3,7
CUST04922,43,Female,PhD,Medium,Europe,Desktop,Gold,Paid Search,300,19323.97,91.9,9
CUST04923,38,Male,Bachelor,Medium,Latin America,Mobile,Silver,Direct,111,17611.83,88.0,5
CUST04924,34,Female,Master,Medium-High,Europe,Mobile,Gold,Paid Search,891,14124.75,98.9,6
CUST04925,40,Female,High School,Medium-High,North America,Tablet,Silver,Social Media,15,13648.73,53.0,10
CUST04926,50,Male,Master,High,Asia-Pacific,Desktop,Platinum,Social Media,546,70229.81,34.5,5
CUST04927,39,Female,Associate,Medium-High,Middle East,Mobile,Platinum,Direct,354,14175.83,36.4,10
CUST04928,23,Female,Bachelor,Medium,Europe,Desktop,Bronze,Social Media,214,6772.44,81.8,0
CUST04929,34,Female,Master,Medium-Low,Asia-Pacific,Desktop,Silver,Social Media,382,5308.66,67.9,2
CUST04930,34,Male,High School,Medium-High,North America,Desktop,Bronze,Social Media,719,18204.02,96.8,2
CUST04931,38,Male,High School,Medium-High,Asia-Pacific,Desktop,Platinum,Social Media,447,16701.68,33.6,11
CUST04932,36,Female,Bachelor,Medium-High,North America,Mobile,Bronze,Email,740,1049.26,55.9,0
CUST04933,35,Male,Associate,Medium-High,Europe,Mobile,Gold,Social Media,1035,10321.24,34.2,9
CUST04934,31,Male,PhD,Medium,North America,Mobile,Silver,Email,299,4651.81,98.3,6
CUST04935,37,Female,Master,Medium-High,North America,Tablet,Platinum,Social Media,925,19767.52,34.9,11
CUST04936,26,Male,High School,High,Latin America,Desktop,Silver,Email,319,11370.07,97.8,3
CUST04937,51,Male,Master,Medium-High,Asia-Pacific,Mobile,Platinum,Paid Search,179,37391.45,57.9,15
CUST04938,36,Male,Bachelor,Medium-High,Latin America,Mobile,Gold,Paid Search,786,20194.41,88.0,6
CUST04939,31,Female,Associate,Medium,Middle East,Desktop,Bronze,Social Media,133,1307.07,68.8,0
CUST04940,34,Male,Associate,Low,Asia-Pacific,Mobile,Silver,Organic Search,83,8746.16,69.0,2
CUST04941,36,Female,Master,Medium,North America,Mobile,Bronze,Display Ads,106,9103.89,99.5,2
CUST04942,43,Male,Associate,Medium,North America,Tablet,Platinum,Organic Search,356,35409.25,72.5,12
CUST04943,38,Female,Bachelor,High,North America,Mobile,Silver,Display Ads,193,3084.77,34.7,6
CUST04944,40,Male,High School,High,Europe,Mobile,Platinum,Email,23,49844.32,54.0,7
CUST04945,39,Male,Master,Medium,North America,Desktop,Gold,Referral,904,15999.85,43.5,9
CUST04946,39,Male,Associate,Medium-Low,North America,Mobile,Silver,Paid Search,113,14471.72,52.9,7
CUST04947,34,Female,Bachelor,Medium,Asia-Pacific,Desktop,Bronze,Direct,200,4011.91,83.7,2
CUST04948,32,Female,Bachelor,Medium-High,Middle East,Desktop,Silver,Direct,103,1493.04,42.7,4
CUST04949,26,Male,High School,Medium,Europe,Mobile,Bronze,Display Ads,247,1583.81,53.9,2
CUST04950,40,Female,High School,Medium-High,Latin America,Desktop,Platinum,Social Media,296,33253.87,36.3,12
CUST04951,44,Female,Master,Medium,Europe,Mobile,Gold,Organic Search,167,18859.89,64.7,10
CUST04952,27,Male,Master,Low,Asia-Pacific,Desktop,Silver,Referral,1095,2618.2,45.3,2
CUST04953,36,Female,High School,Medium-High,Latin America,Mobile,Silver,Email,399,17933.31,32.3,3
CUST04954,30,Male,Bachelor,Medium-Low,Asia-Pacific,Tablet,Silver,Paid Search,820,4636.82,68.3,4
CUST04955,45,Male,Master,Medium-High,Europe,Mobile,Platinum,Referral,637,47879.79,73.8,14
CUST04956,41,Male,Master,High,Latin America,Mobile,Gold,Organic Search,259,35985.65,77.1,8
CUST04957,33,Female,Master,Medium-Low,North America,Desktop,Gold,Organic Search,140,3481.93,32.5,3
CUST04958,45,Male,Bachelor,High,Europe,Mobile,Platinum,Organic Search,67,11624.36,30.9,10
CUST04959,31,Male,Bachelor,Medium-Low,North America,Desktop,Silver,Social Media,573,5953.89,82.4,2
CUST04960,39,Female,Master,Medium-High,Europe,Desktop,Platinum,Organic Search,725,21003.92,80.0,13
CUST04961,33,Female,Associate,Medium,Latin America,Tablet,Silver,Email,322,15059.52,41.8,5
CUST04962,33,Female,Master,Medium,North America,Desktop,Gold,Email,477,6161.34,74.2,4
CUST04963,28,Female,Bachelor,Medium,Europe,Mobile,Bronze,Email,846,2173.21,37.4,4
CUST04964,35,Male,High School,Medium-Low,North America,Mobile,Bronze,Direct,211,5922.06,66.8,1
CUST04965,46,Non-binary,Master,Medium,Latin America,Tablet,Silver,Social Media,348,8414.55,88.7,6
CUST04966,33,Female,Bachelor,Medium,Europe,Desktop,Silver,Paid Search,1095,4858.91,94.9,2
CUST04967,52,Female,High School,High,Asia-Pacific,Tablet,Platinum,Referral,50,10896.99,83.3,9
CUST04968,33,Female,Master,Medium-High,Asia-Pacific,Mobile,Bronze,Organic Search,23,12684.58,63.6,2
CUST04969,29,Male,Bachelor,Medium,North America,Tablet,Bronze,Organic Search,21,771.51,85.9,2
CUST04970,26,Male,Master,High,North America,Mobile,Platinum,Organic Search,470,45121.7,84.8,11
CUST04971,51,Male,Bachelor,Medium-Low,North America,Desktop,Platinum,Social Media,279,22494.75,58.9,9
CUST04972,36,Female,Bachelor,Low,Middle East,Desktop,Gold,Organic Search,20,10869.54,46.3,4
CUST04973,39,Female,Bachelor,Medium,North America,Mobile,Silver,Organic Search,335,2760.78,93.2,6
CUST04974,38,Female,Master,Medium-High,Asia-Pacific,Desktop,Silver,Email,160,11877.7,52.2,4
CUST04975,42,Female,Bachelor,Medium-High,Asia-Pacific,Mobile,Gold,Direct,75,23408.31,61.7,16
CUST04976,33,Male,Bachelor,Medium,Middle East,Tablet,Bronze,Social Media,610,3158.69,66.5,5
CUST04977,21,Male,Master,Medium-Low,North America,Desktop,Bronze,Referral,297,14182.42,89.2,2
CUST04978,29,Female,Master,Low,Latin America,Desktop,Bronze,Direct,69,776.97,60.6,1
CUST04979,30,Male,High School,Medium,Europe,Desktop,Bronze,Organic Search,646,6917.65,69.3,4
CUST04980,35,Female,High School,Medium-High,Asia-Pacific,Desktop,Silver,Display Ads,217,3638.28,83.9,2
CUST04981,41,Male,High School,Medium-Low,North America,Tablet,Platinum,Referral,118,13305.42,57.4,14
CUST04982,22,Male,Associate,Medium-Low,Asia-Pacific,Desktop,Bronze,Referral,100,9082.58,74.2,1
CUST04983,35,Female,High School,High,Europe,Desktop,Bronze,Direct,503,9350.36,37.7,1
CUST04984,44,Female,Bachelor,Medium,North America,Desktop,Silver,Paid Search,575,7993.44,69.6,1
CUST04985,41,Female,Bachelor,High,Asia-Pacific,Mobile,Silver,Social Media,1095,2102.05,99.2,5
CUST04986,29,Female,Master,Medium-Low,Europe,Desktop,Silver,Email,98,17396.36,79.2,6
CUST04987,28,Male,Bachelor,Medium,Europe,Mobile,Silver,Direct,177,3359.74,49.3,7
CUST04988,29,Male,High School,Medium-Low,Europe,Desktop,Silver,Email,353,10257.39,93.7,5
CUST04989,37,Male,Bachelor,Medium,Europe,Desktop,Gold,Organic Search,168,19821.14,66.0,9
CUST04990,39,Male,Bachelor,Medium,Europe,Tablet,Gold,Paid Search,6,17105.73,52.1,6
CUST04991,41,Male,Master,Medium-Low,Europe,Mobile,Platinum,Organic Search,99,24185.85,84.5,13
CUST04992,32,Female,Master,Medium,Latin America,Mobile,Silver,Organic Search,761,8780.1,66.3,3
CUST04993,28,Female,Associate,Medium-Low,Europe,Mobile,Bronze,Referral,599,6508.61,99.9,2
CUST04994,36,Female,PhD,High,North America,Desktop,Gold,Display Ads,623,14229.35,72.5,6
CUST04995,38,Female,Master,High,Europe,Desktop,Platinum,Paid Search,66,37292.47,34.2,8
CUST04996,26,Female,Master,Medium,Asia-Pacific,Mobile,Silver,Paid Search,228,4693.4,54.7,8
CUST04997,35,Female,High School,Medium-High,Latin America,Desktop,Gold,Paid Search,19,13807.29,34.3,9
CUST04998,51,Male,Master,Medium-High,Asia-Pacific,Mobile,Platinum,Email,1095,36006.04,80.6,10
CUST04999,35,Male,Bachelor,Medium-High,Latin America,Mobile,Silver,Social Media,88,9007.52,41.7,3
CUST05000,36,Female,Master,Medium-Low,North America,Mobile,Platinum,Organic Search,442,5382.79,61.3,5
