PurchaseID,CustomerID,CampaignID,PurchaseDate,PurchaseAmount,DiscountApplied,NetAmount,PaymentMethod,PurchaseStatus,ProfitMargin
PUR000001,CUST01885,CAM009514,2025-03-28,1901.53,0.22,1483.19,PayPal,Completed,0.38
PUR000002,CUST04697,CAM000010,2024-11-11,557.71,0.24,423.86,Debit Card,Completed,0.25
PUR000003,CUST02575,CAM005914,2026-01-11,266.71,0.24,202.7,Apple Pay,Completed,0.224
PUR000004,CUST03419,CAM004373,2025-04-28,513.73,0.0,513.73,Credit Card,Completed,0.306
PUR000005,CUST01029,CAM005650,2025-07-23,463.6,0.0,463.6,Debit Card,Completed,0.407
PUR000006,CUST01783,CAM002780,2026-02-09,124.69,0.25,93.52,Debit Card,Completed,0.204
PUR000007,CUST00987,CAM007127,2026-05-22,503.45,0.0,503.45,Apple Pay,Completed,0.283
PUR000008,CUST00304,CAM003081,2026-07-14,437.22,0.0,437.22,Debit Card,Cancelled,0.412
PUR000009,CUST03611,CAM002332,2025-02-17,1646.34,0.22,1284.15,Debit Card,Completed,0.427
PUR000010,CUST01237,CAM004082,2026-06-02,417.15,0.0,417.15,Credit Card,Completed,0.255
PUR000011,CUST02088,CAM008833,2024-11-17,643.18,0.16,540.27,Apple Pay,Completed,0.328
PUR000012,CUST02091,CAM002191,2025-02-11,557.67,0.0,557.67,Debit Card,Completed,0.263
PUR000013,CUST01225,CAM006971,2026-01-09,805.46,0.0,805.46,Credit Card,Completed,0.446
PUR000014,CUST01199,CAM006725,2024-08-27,284.99,0.16,239.39,Debit Card,Pending,0.4
PUR000015,CUST00749,CAM005044,2025-09-01,455.62,0.0,455.62,Debit Card,Completed,0.435
PUR000016,CUST01996,CAM005142,2025-02-25,1241.38,0.14,1067.59,Credit Card,Completed,0.404
PUR000017,CUST02788,CAM005261,2024-10-27,1121.25,0.09,1020.34,Apple Pay,Pending,0.395
PUR000018,CUST03204,CAM000843,2026-01-23,590.48,0.03,572.77,Google Pay,Completed,0.276
PUR000019,CUST02437,CAM004457,2025-06-20,384.16,0.19,311.17,PayPal,Completed,0.223
PUR000020,CUST01845,CAM002622,2025-05-04,342.35,0.0,342.35,Debit Card,Completed,0.361
PUR000021,CUST03342,CAM008641,2025-11-12,1140.96,0.0,1140.96,Google Pay,Completed,0.27
PUR000022,CUST04423,CAM007489,2025-06-09,373.93,0.0,373.93,Apple Pay,Completed,0.296
PUR000023,CUST04262,CAM003144,2026-04-16,188.74,0.0,188.74,Credit Card,Completed,0.29
PUR000024,CUST01260,CAM002926,2025-03-14,309.09,0.1,278.18,Apple Pay,Refunded,0.328
PUR000025,CUST02513,CAM007991,2025-10-04,1120.46,0.0,1120.46,Credit Card,Completed,0.31
PUR000026,CUST03360,CAM003251,2024-09-04,382.52,0.08,351.92,Credit Card,Completed,0.392
PUR000027,CUST01065,CAM006227,2025-11-17,520.24,0.0,520.24,PayPal,Cancelled,0.329
PUR000028,CUST01614,CAM007959,2025-10-14,326.21,0.24,247.92,Debit Card,Completed,0.215
PUR000029,CUST04587,CAM004397,2024-11-15,345.1,0.0,345.1,PayPal,Completed,0.262
PUR000030,CUST01780,CAM007592,2026-02-15,1404.37,0.0,1404.37,Debit Card,Completed,0.362
PUR000031,CUST00229,CAM009501,2026-05-10,1439.7,0.0,1439.7,Credit Card,Completed,0.361
PUR000032,CUST00124,CAM005841,2026-03-08,713.45,0.0,713.45,Apple Pay,Pending,0.356
PUR000033,CUST04111,CAM006517,2026-05-25,659.27,0.01,652.68,PayPal,Completed,0.28
PUR000034,CUST04229,CAM000235,2025-12-09,342.14,0.0,342.14,Google Pay,Completed,0.304
PUR000035,CUST04844,CAM005449,2025-03-27,231.59,0.0,231.59,Debit Card,Completed,0.285
PUR000036,CUST04653,CAM008582,2026-08-07,2870.91,0.0,2870.91,Apple Pay,Completed,0.424
PUR000037,CUST01959,CAM000105,2026-01-29,704.8,0.0,704.8,PayPal,Completed,0.312
PUR000038,CUST01461,CAM003257,2026-08-02,427.07,0.0,427.07,Google Pay,Cancelled,0.449
PUR000039,CUST00271,CAM007376,2026-03-29,1652.33,0.0,1652.33,PayPal,Completed,0.405
PUR000040,CUST03526,CAM000814,2025-10-27,797.92,0.0,797.92,PayPal,Completed,0.377
PUR000041,CUST02418,CAM003756,2026-06-12,223.26,0.0,223.26,Credit Card,Completed,0.214
PUR000042,CUST00586,CAM001168,2026-08-29,154.11,0.0,154.11,Debit Card,Completed,0.332
PUR000043,CUST02183,CAM008028,2026-07-19,7023.54,0.0,7023.54,Debit Card,Cancelled,0.331
PUR000044,CUST03145,CAM006965,2024-10-30,1417.05,0.07,1317.86,Apple Pay,Completed,0.355
PUR000045,CUST01386,CAM001860,2025-06-19,3187.42,0.0,3187.42,PayPal,Completed,0.277
PUR000046,CUST04080,CAM006853,2025-01-08,167.9,0.0,167.9,Credit Card,Completed,0.394
PUR000047,CUST02409,CAM009854,2024-10-11,927.12,0.0,927.12,Apple Pay,Completed,0.304
PUR000048,CUST01366,CAM000565,2025-03-17,2422.14,0.0,2422.14,Debit Card,Completed,0.251
PUR000049,CUST01246,CAM002720,2026-03-13,479.84,0.07,446.25,PayPal,Completed,0.393
PUR000050,CUST02606,CAM008516,2026-02-10,425.37,0.0,425.37,Debit Card,Completed,0.36
PUR000051,CUST04038,CAM009042,2026-04-17,1083.5,0.0,1083.5,Google Pay,Completed,0.328
PUR000052,CUST03929,CAM003941,2025-03-27,534.15,0.0,534.15,PayPal,Completed,0.252
PUR000053,CUST02906,CAM003389,2025-09-17,484.23,0.0,484.23,PayPal,Completed,0.286
PUR000054,CUST04495,CAM004698,2025-09-18,136.53,0.04,131.07,Debit Card,Completed,0.337
PUR000055,CUST02677,CAM003537,2026-03-14,398.24,0.02,390.28,PayPal,Completed,0.418
PUR000056,CUST04612,CAM000612,2024-11-12,602.24,0.09,548.04,Credit Card,Completed,0.333
PUR000057,CUST03605,CAM000625,2026-03-31,586.25,0.0,586.25,Debit Card,Completed,0.312
PUR000058,CUST02666,CAM002398,2026-01-18,322.37,0.05,306.25,Debit Card,Completed,0.286
PUR000059,CUST02373,CAM003526,2026-04-04,516.07,0.0,516.07,PayPal,Completed,0.232
PUR000060,CUST01417,CAM003611,2024-10-03,168.48,0.0,168.48,Google Pay,Completed,0.256
PUR000061,CUST01831,CAM004835,2025-12-17,509.96,0.0,509.96,Apple Pay,Completed,0.243
PUR000062,CUST03340,CAM009304,2025-10-09,489.32,0.0,489.32,Google Pay,Completed,0.25
PUR000063,CUST03690,CAM005263,2025-05-27,1387.53,0.0,1387.53,Debit Card,Completed,0.284
PUR000064,CUST00662,CAM000636,2025-10-31,759.11,0.17,630.06,Credit Card,Completed,0.352
PUR000065,CUST03980,CAM001058,2025-02-21,173.07,0.0,173.07,Google Pay,Completed,0.217
PUR000066,CUST03709,CAM005720,2025-08-18,1554.52,0.04,1492.34,Credit Card,Completed,0.358
PUR000067,CUST04548,CAM003136,2025-03-03,205.51,0.0,205.51,PayPal,Completed,0.31
PUR000068,CUST02893,CAM003530,2026-03-19,909.54,0.14,782.2,Google Pay,Completed,0.284
PUR000069,CUST00687,CAM007946,2025-01-22,698.95,0.0,698.95,PayPal,Completed,0.395
PUR000070,CUST00707,CAM002023,2024-10-30,366.11,0.13,318.52,Apple Pay,Completed,0.299
PUR000071,CUST03998,CAM001486,2025-02-09,414.2,0.0,414.2,PayPal,Completed,0.35
PUR000072,CUST04144,CAM009593,2026-03-17,594.81,0.15,505.59,PayPal,Completed,0.353
PUR000073,CUST00084,CAM008719,2025-06-24,135.23,0.0,135.23,PayPal,Completed,0.294
PUR000074,CUST00332,CAM000773,2025-10-21,376.07,0.05,357.27,Google Pay,Pending,0.33
PUR000075,CUST02953,CAM003969,2026-04-13,485.46,0.08,446.62,Debit Card,Pending,0.431
PUR000076,CUST02334,CAM004764,2025-10-26,357.09,0.0,357.09,Credit Card,Completed,0.305
PUR000077,CUST04585,CAM003606,2025-02-11,242.35,0.0,242.35,Debit Card,Completed,0.449
PUR000078,CUST02517,CAM005944,2025-09-24,754.13,0.0,754.13,Debit Card,Completed,0.294
PUR000079,CUST04193,CAM005859,2025-01-19,968.63,0.0,968.63,Apple Pay,Completed,0.284
PUR000080,CUST00361,CAM007546,2025-11-11,2834.1,0.0,2834.1,Apple Pay,Completed,0.338
PUR000081,CUST01258,CAM001942,2026-03-31,366.2,0.0,366.2,PayPal,Completed,0.225
PUR000082,CUST01205,CAM007233,2024-09-04,1718.29,0.07,1598.01,Credit Card,Completed,0.252
PUR000083,CUST00124,CAM001796,2025-10-25,1347.95,0.0,1347.95,Debit Card,Pending,0.291
PUR000084,CUST00164,CAM008304,2024-10-06,407.72,0.0,407.72,Google Pay,Completed,0.235
PUR000085,CUST04353,CAM004831,2026-08-26,4906.03,0.0,4906.03,Debit Card,Completed,0.361
PUR000086,CUST02112,CAM001306,2025-03-29,1548.03,0.0,1548.03,Apple Pay,Completed,0.217
PUR000087,CUST02034,CAM004932,2026-03-18,1722.04,0.16,1446.51,PayPal,Pending,0.301
PUR000088,CUST03862,CAM004197,2025-07-14,493.75,0.0,493.75,Debit Card,Completed,0.274
PUR000089,CUST02840,CAM004720,2025-10-24,859.67,0.07,799.49,Apple Pay,Pending,0.439
PUR000090,CUST00769,CAM006231,2026-06-28,243.15,0.0,243.15,PayPal,Completed,0.262
PUR000091,CUST04105,CAM008002,2025-12-09,362.43,0.23,279.07,Apple Pay,Completed,0.33
PUR000092,CUST00418,CAM009584,2025-01-18,117.66,0.0,117.66,Apple Pay,Completed,0.322
PUR000093,CUST01097,CAM009876,2026-02-03,5766.44,0.23,4440.16,Debit Card,Completed,0.386
PUR000094,CUST00267,CAM004516,2025-09-28,1314.18,0.0,1314.18,Credit Card,Completed,0.285
PUR000095,CUST03627,CAM000657,2025-04-20,2720.08,0.0,2720.08,Debit Card,Pending,0.304
PUR000096,CUST02315,CAM009903,2026-02-28,385.42,0.0,385.42,Credit Card,Completed,0.222
PUR000097,CUST00179,CAM004754,2026-07-06,210.41,0.08,193.58,PayPal,Completed,0.228
PUR000098,CUST01775,CAM002840,2025-06-17,202.27,0.24,153.73,Credit Card,Completed,0.446
PUR000099,CUST04427,CAM006002,2026-08-28,230.06,0.0,230.06,PayPal,Completed,0.258
PUR000100,CUST00880,CAM002173,2026-05-18,152.01,0.24,115.53,Google Pay,Cancelled,0.243
PUR000101,CUST01990,CAM007596,2025-07-31,2190.0,0.13,1905.3,Apple Pay,Pending,0.314
PUR000102,CUST01967,CAM002702,2024-11-18,732.36,0.0,732.36,Debit Card,Completed,0.265
PUR000103,CUST03619,CAM004915,2026-09-08,623.24,0.21,492.36,Apple Pay,Completed,0.427
PUR000104,CUST02865,CAM006627,2026-01-12,270.68,0.0,270.68,PayPal,Pending,0.417
PUR000105,CUST03537,CAM008368,2025-04-30,1091.85,0.0,1091.85,Apple Pay,Cancelled,0.316
PUR000106,CUST04399,CAM000055,2025-03-26,7766.58,0.0,7766.58,Credit Card,Completed,0.354
PUR000107,CUST04913,CAM006316,2025-01-07,970.45,0.19,786.06,Debit Card,Pending,0.298
PUR000108,CUST00897,CAM007550,2025-03-08,1275.15,0.0,1275.15,Apple Pay,Completed,0.318
PUR000109,CUST00279,CAM000746,2024-10-17,835.2,0.02,818.5,Debit Card,Completed,0.393
PUR000110,CUST03414,CAM004430,2025-05-03,457.64,0.0,457.64,Credit Card,Completed,0.364
PUR000111,CUST01366,CAM009515,2026-07-10,955.2,0.0,955.2,Apple Pay,Completed,0.278
PUR000112,CUST01601,CAM007255,2025-10-14,962.44,0.0,962.44,Debit Card,Cancelled,0.246
PUR000113,CUST04353,CAM007781,2025-05-27,865.36,0.01,856.71,Google Pay,Completed,0.316
PUR000114,CUST00004,CAM005975,2024-11-05,1576.45,0.16,1324.22,Apple Pay,Completed,0.314
PUR000115,CUST00055,CAM000723,2026-03-10,289.44,0.17,240.24,Google Pay,Refunded,0.381
PUR000116,CUST03747,CAM001447,2024-09-25,180.88,0.0,180.88,PayPal,Completed,0.202
PUR000117,CUST01631,CAM005142,2025-02-17,606.67,0.1,546.0,Google Pay,Completed,0.373
PUR000118,CUST04118,CAM000410,2025-03-31,346.01,0.0,346.01,Debit Card,Completed,0.418
PUR000119,CUST03568,CAM008024,2025-03-14,616.51,0.0,616.51,Debit Card,Completed,0.241
PUR000120,CUST02194,CAM007259,2025-07-13,620.27,0.0,620.27,Google Pay,Completed,0.246
PUR000121,CUST03956,CAM006590,2026-05-04,1508.85,0.25,1131.64,Debit Card,Completed,0.301
PUR000122,CUST01094,CAM004158,2024-12-01,739.39,0.0,739.39,PayPal,Completed,0.286
PUR000123,CUST01866,CAM009876,2026-01-20,1265.71,0.0,1265.71,Apple Pay,Refunded,0.305
PUR000124,CUST01384,CAM005914,2026-01-12,712.04,0.0,712.04,Credit Card,Completed,0.301
PUR000125,CUST03008,CAM006324,2025-06-06,66.3,0.11,59.01,Apple Pay,Completed,0.329
PUR000126,CUST01796,CAM005919,2025-04-17,492.39,0.16,413.61,PayPal,Completed,0.299
PUR000127,CUST01174,CAM002322,2025-10-31,238.81,0.0,238.81,Apple Pay,Completed,0.262
PUR000128,CUST03082,CAM007077,2025-04-16,680.88,0.0,680.88,Debit Card,Pending,0.34
PUR000129,CUST02708,CAM000339,2025-02-12,544.07,0.16,457.02,Debit Card,Refunded,0.279
PUR000130,CUST02542,CAM000414,2026-03-10,823.69,0.0,823.69,Debit Card,Completed,0.231
PUR000131,CUST00653,CAM001424,2026-04-26,309.77,0.18,254.01,Debit Card,Pending,0.244
PUR000132,CUST03460,CAM008378,2025-09-11,1351.45,0.0,1351.45,Apple Pay,Completed,0.399
PUR000133,CUST04601,CAM006000,2026-09-04,1133.76,0.0,1133.76,PayPal,Cancelled,0.212
PUR000134,CUST04892,CAM004045,2026-06-30,1132.35,0.0,1132.35,PayPal,Completed,0.431
PUR000135,CUST02190,CAM009023,2025-10-20,685.5,0.07,637.52,Credit Card,Completed,0.292
PUR000136,CUST01990,CAM006962,2026-07-28,589.85,0.02,578.05,Credit Card,Completed,0.39
PUR000137,CUST02508,CAM005392,2025-06-10,500.43,0.12,440.38,Apple Pay,Pending,0.38
PUR000138,CUST04784,CAM000184,2025-01-10,133.27,0.0,133.27,Credit Card,Completed,0.249
PUR000139,CUST00830,CAM006170,2026-06-22,816.24,0.0,816.24,Debit Card,Completed,0.379
PUR000140,CUST01362,CAM004110,2025-03-11,447.15,0.13,389.02,Credit Card,Completed,0.246
PUR000141,CUST04598,CAM004220,2026-01-21,439.04,0.0,439.04,Apple Pay,Pending,0.257
PUR000142,CUST01046,CAM006106,2026-05-21,452.52,0.0,452.52,PayPal,Pending,0.368
PUR000143,CUST04059,CAM007686,2024-11-13,182.01,0.22,141.97,Credit Card,Completed,0.206
PUR000144,CUST03203,CAM006066,2024-10-28,953.5,0.0,953.5,Credit Card,Completed,0.369
PUR000145,CUST02214,CAM004429,2026-08-15,340.9,0.0,340.9,Credit Card,Completed,0.424
PUR000146,CUST00954,CAM003207,2025-12-10,1810.62,0.2,1448.5,PayPal,Completed,0.348
PUR000147,CUST03400,CAM002285,2024-11-01,188.2,0.0,188.2,Debit Card,Completed,0.341
PUR000148,CUST04797,CAM001738,2025-10-08,210.52,0.11,187.36,Credit Card,Completed,0.445
PUR000149,CUST02381,CAM003802,2026-08-17,95.57,0.17,79.32,PayPal,Completed,0.389
PUR000150,CUST00630,CAM008255,2025-03-09,1352.12,0.23,1041.13,Debit Card,Pending,0.27
PUR000151,CUST04718,CAM008731,2026-04-20,187.61,0.0,187.61,Credit Card,Refunded,0.229
PUR000152,CUST04098,CAM003782,2025-04-04,2353.1,0.02,2306.04,Credit Card,Completed,0.256
PUR000153,CUST04794,CAM005705,2025-11-25,668.28,0.15,568.04,PayPal,Completed,0.244
PUR000154,CUST02518,CAM003965,2025-08-17,2260.27,0.03,2192.46,Credit Card,Completed,0.231
PUR000155,CUST02971,CAM009372,2025-02-22,260.43,0.0,260.43,PayPal,Completed,0.215
PUR000156,CUST03915,CAM004560,2025-01-21,643.3,0.03,624.0,PayPal,Completed,0.358
PUR000157,CUST01134,CAM002305,2026-02-01,480.68,0.0,480.68,Credit Card,Pending,0.312
PUR000158,CUST00968,CAM003652,2025-02-15,482.22,0.1,434.0,Debit Card,Completed,0.346
PUR000159,CUST03404,CAM001878,2025-08-19,1777.06,0.02,1741.52,Debit Card,Completed,0.362
PUR000160,CUST02504,CAM002631,2025-11-22,675.45,0.0,675.45,Debit Card,Completed,0.423
PUR000161,CUST04782,CAM007885,2025-06-06,115.0,0.21,90.85,Debit Card,Completed,0.365
PUR000162,CUST04485,CAM006367,2026-03-15,751.15,0.18,615.94,Debit Card,Completed,0.21
PUR000163,CUST03734,CAM006594,2026-02-17,237.1,0.0,237.1,Debit Card,Completed,0.365
PUR000164,CUST00924,CAM001726,2026-01-12,1669.54,0.02,1636.15,Apple Pay,Completed,0.257
PUR000165,CUST04886,CAM006679,2024-12-29,1706.4,0.0,1706.4,Apple Pay,Completed,0.445
PUR000166,CUST03009,CAM005808,2025-11-29,342.88,0.08,315.45,PayPal,Completed,0.294
PUR000167,CUST02759,CAM003865,2026-04-08,1978.69,0.0,1978.69,PayPal,Completed,0.404
PUR000168,CUST04312,CAM008457,2026-07-04,270.97,0.0,270.97,PayPal,Completed,0.245
PUR000169,CUST00262,CAM003176,2025-01-30,327.68,0.0,327.68,Credit Card,Completed,0.404
PUR000170,CUST01054,CAM005020,2026-04-29,242.82,0.0,242.82,Credit Card,Completed,0.223
PUR000171,CUST02891,CAM008769,2024-10-26,2695.99,0.0,2695.99,Google Pay,Completed,0.3
PUR000172,CUST04011,CAM002020,2025-05-02,528.84,0.2,423.07,Credit Card,Completed,0.209
PUR000173,CUST03733,CAM002007,2024-12-18,1143.22,0.08,1051.76,Debit Card,Completed,0.296
PUR000174,CUST03210,CAM007821,2025-04-13,162.6,0.04,156.1,PayPal,Completed,0.399
PUR000175,CUST00452,CAM005867,2026-07-12,230.98,0.0,230.98,Credit Card,Completed,0.35
PUR000176,CUST03010,CAM000230,2025-07-26,251.4,0.0,251.4,Apple Pay,Completed,0.397
PUR000177,CUST02591,CAM004374,2025-12-01,392.71,0.06,369.15,Google Pay,Refunded,0.361
PUR000178,CUST02109,CAM006361,2025-08-05,110.12,0.0,110.12,PayPal,Cancelled,0.251
PUR000179,CUST02836,CAM009801,2025-04-14,333.67,0.0,333.67,Debit Card,Completed,0.435
PUR000180,CUST01286,CAM004270,2025-02-18,2475.37,0.0,2475.37,PayPal,Completed,0.212
PUR000181,CUST04528,CAM009106,2025-09-25,1169.36,0.0,1169.36,Google Pay,Completed,0.214
PUR000182,CUST01407,CAM002591,2024-12-08,204.05,0.19,165.28,Apple Pay,Completed,0.239
PUR000183,CUST04273,CAM000465,2024-09-29,332.64,0.19,269.44,Apple Pay,Completed,0.366
PUR000184,CUST04825,CAM005574,2026-04-20,1621.76,0.0,1621.76,Google Pay,Completed,0.381
PUR000185,CUST00952,CAM003355,2025-02-20,156.98,0.17,130.29,Debit Card,Completed,0.415
PUR000186,CUST03616,CAM000681,2024-11-11,1708.6,0.0,1708.6,Debit Card,Completed,0.366
PUR000187,CUST01068,CAM000970,2026-09-13,1332.63,0.0,1332.63,Apple Pay,Completed,0.213
PUR000188,CUST03940,CAM001996,2025-10-21,757.12,0.0,757.12,Credit Card,Completed,0.24
PUR000189,CUST01267,CAM009475,2025-12-18,302.91,0.0,302.91,Google Pay,Completed,0.324
PUR000190,CUST00511,CAM006571,2025-11-25,1070.62,0.0,1070.62,Credit Card,Completed,0.289
PUR000191,CUST03793,CAM002735,2025-01-25,198.58,0.0,198.58,Credit Card,Completed,0.398
PUR000192,CUST01579,CAM008568,2024-11-18,1300.3,0.0,1300.3,Apple Pay,Completed,0.4
PUR000193,CUST04846,CAM008566,2026-04-02,178.08,0.0,178.08,Google Pay,Completed,0.359
PUR000194,CUST00828,CAM008820,2025-10-15,849.93,0.0,849.93,Credit Card,Completed,0.443
PUR000195,CUST01685,CAM002936,2025-04-09,1122.81,0.0,1122.81,Debit Card,Completed,0.407
PUR000196,CUST01677,CAM001724,2025-06-10,663.16,0.04,636.63,PayPal,Completed,0.353
PUR000197,CUST02179,CAM005752,2025-05-09,1713.86,0.18,1405.37,Debit Card,Completed,0.217
PUR000198,CUST00871,CAM008553,2026-05-20,833.74,0.0,833.74,Apple Pay,Completed,0.29
PUR000199,CUST00329,CAM007649,2025-07-23,1287.94,0.2,1030.35,PayPal,Completed,0.427
PUR000200,CUST03353,CAM005577,2026-07-08,287.85,0.0,287.85,Credit Card,Completed,0.401
PUR000201,CUST02399,CAM000181,2026-07-01,448.35,0.18,367.65,Google Pay,Completed,0.401
PUR000202,CUST00084,CAM009631,2026-03-20,202.79,0.22,158.18,Credit Card,Completed,0.217
PUR000203,CUST01308,CAM000461,2025-09-02,151.66,0.06,142.56,PayPal,Completed,0.426
PUR000204,CUST04268,CAM006681,2026-07-30,1089.81,0.06,1024.42,Credit Card,Completed,0.267
PUR000205,CUST03953,CAM005708,2025-03-30,256.6,0.0,256.6,Google Pay,Completed,0.407
PUR000206,CUST04399,CAM005691,2025-06-11,79.76,0.0,79.76,Debit Card,Completed,0.243
PUR000207,CUST04746,CAM004424,2026-06-13,585.91,0.06,550.76,Debit Card,Completed,0.438
PUR000208,CUST03002,CAM007446,2025-08-19,2209.97,0.09,2011.07,PayPal,Refunded,0.26
PUR000209,CUST02351,CAM004473,2026-01-22,897.14,0.0,897.14,Credit Card,Completed,0.201
PUR000210,CUST00035,CAM002164,2024-12-29,1738.27,0.23,1338.47,Apple Pay,Completed,0.405
PUR000211,CUST02660,CAM008799,2025-10-30,2116.48,0.0,2116.48,Debit Card,Completed,0.303
PUR000212,CUST04547,CAM007151,2025-01-28,228.11,0.0,228.11,PayPal,Pending,0.201
PUR000213,CUST03588,CAM008293,2025-04-25,821.57,0.0,821.57,Credit Card,Completed,0.388
PUR000214,CUST00343,CAM000801,2025-02-25,817.32,0.0,817.32,Apple Pay,Completed,0.326
PUR000215,CUST00684,CAM001151,2024-12-01,454.46,0.0,454.46,Credit Card,Completed,0.236
PUR000216,CUST00055,CAM004197,2025-08-21,406.51,0.03,394.31,Credit Card,Completed,0.404
PUR000217,CUST00323,CAM003853,2026-01-26,576.25,0.0,576.25,Apple Pay,Completed,0.4
PUR000218,CUST04122,CAM008572,2025-06-24,988.88,0.15,840.55,Debit Card,Completed,0.328
PUR000219,CUST00826,CAM006460,2026-07-30,976.6,0.1,878.94,Debit Card,Completed,0.369
PUR000220,CUST03027,CAM003622,2025-07-26,976.16,0.0,976.16,Debit Card,Cancelled,0.296
PUR000221,CUST00187,CAM000305,2026-05-20,398.55,0.0,398.55,Credit Card,Pending,0.293
PUR000222,CUST01885,CAM004698,2025-09-07,1047.65,0.0,1047.65,Debit Card,Completed,0.335
PUR000223,CUST00766,CAM005507,2026-03-24,708.73,0.0,708.73,Apple Pay,Completed,0.244
PUR000224,CUST02543,CAM006777,2025-08-18,826.23,0.15,702.3,Debit Card,Completed,0.322
PUR000225,CUST02020,CAM009935,2025-09-30,1447.53,0.1,1302.78,Apple Pay,Completed,0.427
PUR000226,CUST00652,CAM005920,2024-11-30,948.34,0.0,948.34,Apple Pay,Completed,0.419
PUR000227,CUST04726,CAM001474,2025-01-03,1572.27,0.0,1572.27,Debit Card,Completed,0.341
PUR000228,CUST02208,CAM006053,2025-06-30,342.98,0.0,342.98,Debit Card,Pending,0.391
PUR000229,CUST02877,CAM009568,2024-10-18,506.13,0.0,506.13,Apple Pay,Completed,0.421
PUR000230,CUST02246,CAM005065,2025-03-05,548.17,0.0,548.17,Credit Card,Pending,0.332
PUR000231,CUST03159,CAM006446,2025-07-27,666.26,0.0,666.26,Google Pay,Completed,0.407
PUR000232,CUST01469,CAM000139,2025-06-02,461.24,0.19,373.6,Apple Pay,Pending,0.421
PUR000233,CUST03494,CAM001035,2026-05-31,1134.53,0.0,1134.53,Credit Card,Completed,0.228
PUR000234,CUST04052,CAM009487,2025-03-20,67.6,0.0,67.6,Debit Card,Completed,0.378
PUR000235,CUST03333,CAM002085,2026-04-28,248.86,0.07,231.44,Debit Card,Completed,0.257
PUR000236,CUST03198,CAM009795,2025-12-16,180.13,0.22,140.5,Apple Pay,Completed,0.405
PUR000237,CUST02785,CAM006372,2026-07-15,36.08,0.07,33.55,Debit Card,Completed,0.394
PUR000238,CUST01354,CAM004924,2025-11-20,550.42,0.0,550.42,Credit Card,Completed,0.396
PUR000239,CUST03574,CAM005924,2025-06-13,348.93,0.24,265.19,Google Pay,Pending,0.232
PUR000240,CUST02833,CAM008667,2024-11-25,1027.36,0.0,1027.36,Debit Card,Cancelled,0.222
PUR000241,CUST03435,CAM004894,2026-01-02,1185.51,0.04,1138.09,Apple Pay,Completed,0.27
PUR000242,CUST00639,CAM006765,2026-01-19,513.0,0.0,513.0,Credit Card,Completed,0.292
PUR000243,CUST00254,CAM007696,2025-06-04,314.91,0.16,264.52,PayPal,Completed,0.399
PUR000244,CUST03771,CAM000359,2025-01-02,440.08,0.0,440.08,Apple Pay,Completed,0.292
PUR000245,CUST00279,CAM001107,2026-03-04,2434.64,0.0,2434.64,Debit Card,Completed,0.301
PUR000246,CUST02659,CAM005941,2026-06-02,715.74,0.0,715.74,Debit Card,Completed,0.255
PUR000247,CUST00649,CAM008568,2024-11-11,915.93,0.11,815.18,Debit Card,Completed,0.256
PUR000248,CUST03203,CAM005682,2026-02-13,651.61,0.0,651.61,Apple Pay,Completed,0.273
PUR000249,CUST01023,CAM001508,2024-11-29,1105.54,0.0,1105.54,PayPal,Completed,0.214
PUR000250,CUST04797,CAM009433,2024-12-19,653.89,0.0,653.89,Apple Pay,Completed,0.381
PUR000251,CUST03097,CAM008967,2025-06-29,267.12,0.0,267.12,PayPal,Completed,0.369
PUR000252,CUST01289,CAM003426,2024-12-13,285.19,0.0,285.19,PayPal,Completed,0.433
PUR000253,CUST02496,CAM002280,2026-01-19,152.54,0.24,115.93,Credit Card,Completed,0.402
PUR000254,CUST02303,CAM005433,2024-11-16,282.03,0.21,222.8,Google Pay,Completed,0.298
PUR000255,CUST03296,CAM001079,2024-10-15,560.7,0.0,560.7,Credit Card,Completed,0.348
PUR000256,CUST00352,CAM006221,2025-10-18,1015.33,0.0,1015.33,Debit Card,Cancelled,0.442
PUR000257,CUST01975,CAM008538,2026-01-14,546.82,0.0,546.82,PayPal,Completed,0.325
PUR000258,CUST00057,CAM000092,2025-08-09,461.12,0.0,461.12,Apple Pay,Completed,0.261
PUR000259,CUST02023,CAM008952,2024-11-11,2502.04,0.0,2502.04,PayPal,Refunded,0.438
PUR000260,CUST02891,CAM003548,2025-06-26,305.73,0.0,305.73,Credit Card,Refunded,0.225
PUR000261,CUST02536,CAM002176,2025-05-22,146.83,0.0,146.83,PayPal,Completed,0.307
PUR000262,CUST01629,CAM008393,2025-12-01,1791.4,0.0,1791.4,Apple Pay,Completed,0.324
PUR000263,CUST01012,CAM005900,2025-10-02,270.67,0.02,265.26,Credit Card,Pending,0.315
PUR000264,CUST00461,CAM008263,2026-07-23,505.83,0.21,399.61,Apple Pay,Completed,0.271
PUR000265,CUST02128,CAM000376,2026-02-17,652.01,0.24,495.53,Credit Card,Completed,0.309
PUR000266,CUST04418,CAM000519,2024-10-29,53.16,0.0,53.16,Apple Pay,Completed,0.276
PUR000267,CUST01624,CAM007141,2025-05-05,468.25,0.0,468.25,Credit Card,Completed,0.336
PUR000268,CUST00744,CAM003783,2026-08-05,405.8,0.0,405.8,Credit Card,Completed,0.274
PUR000269,CUST03571,CAM007604,2024-10-04,247.01,0.0,247.01,Credit Card,Completed,0.225
PUR000270,CUST04029,CAM001214,2026-06-29,1599.65,0.01,1583.65,Debit Card,Completed,0.445
PUR000271,CUST04291,CAM007025,2025-12-07,1949.31,0.04,1871.34,Debit Card,Completed,0.41
PUR000272,CUST00053,CAM007049,2025-04-01,1043.48,0.0,1043.48,Google Pay,Completed,0.326
PUR000273,CUST03592,CAM008625,2025-02-07,213.68,0.03,207.27,Apple Pay,Completed,0.356
PUR000274,CUST01579,CAM008166,2025-12-26,2244.04,0.0,2244.04,Google Pay,Completed,0.369
PUR000275,CUST00252,CAM005458,2026-04-28,610.49,0.18,500.6,PayPal,Completed,0.289
PUR000276,CUST00407,CAM003305,2024-11-21,117.69,0.0,117.69,PayPal,Completed,0.305
PUR000277,CUST03754,CAM001009,2024-12-18,527.71,0.0,527.71,Debit Card,Cancelled,0.226
PUR000278,CUST02749,CAM009794,2026-04-12,87.16,0.13,75.83,Credit Card,Completed,0.321
PUR000279,CUST01337,CAM002843,2026-07-29,220.1,0.02,215.7,Credit Card,Completed,0.374
PUR000280,CUST02296,CAM000920,2026-01-10,1963.74,0.0,1963.74,PayPal,Completed,0.278
PUR000281,CUST01354,CAM005968,2025-01-25,1882.22,0.0,1882.22,Debit Card,Completed,0.357
PUR000282,CUST01939,CAM009370,2024-11-08,1367.9,0.17,1135.36,Credit Card,Completed,0.223
PUR000283,CUST03743,CAM009155,2025-08-12,1338.86,0.0,1338.86,Google Pay,Completed,0.337
PUR000284,CUST03353,CAM007022,2025-06-03,105.31,0.23,81.09,Debit Card,Completed,0.219
PUR000285,CUST04566,CAM003524,2026-05-02,538.65,0.0,538.65,Google Pay,Pending,0.401
PUR000286,CUST04125,CAM009334,2025-02-24,130.16,0.0,130.16,Google Pay,Completed,0.393
PUR000287,CUST02141,CAM002040,2026-01-17,429.24,0.0,429.24,Apple Pay,Completed,0.358
PUR000288,CUST01232,CAM007063,2026-06-12,275.77,0.0,275.77,Debit Card,Completed,0.396
PUR000289,CUST02994,CAM001993,2025-09-01,260.14,0.05,247.13,Apple Pay,Completed,0.364
PUR000290,CUST01293,CAM001580,2025-02-25,62.52,0.0,62.52,Debit Card,Pending,0.202
PUR000291,CUST04628,CAM004407,2025-08-20,1375.83,0.0,1375.83,Debit Card,Refunded,0.438
PUR000292,CUST01632,CAM003520,2026-07-28,135.12,0.0,135.12,Debit Card,Completed,0.399
PUR000293,CUST04427,CAM003421,2024-11-26,304.74,0.11,271.22,Credit Card,Completed,0.257
PUR000294,CUST00578,CAM001642,2024-12-10,1105.68,0.02,1083.57,Debit Card,Completed,0.42
PUR000295,CUST00599,CAM006344,2024-09-08,454.42,0.04,436.24,Debit Card,Completed,0.343
PUR000296,CUST04935,CAM004124,2026-01-19,830.48,0.0,830.48,Debit Card,Completed,0.418
PUR000297,CUST03153,CAM005292,2024-12-15,1389.04,0.17,1152.9,Credit Card,Completed,0.37
PUR000298,CUST03874,CAM009522,2026-07-22,808.03,0.0,808.03,PayPal,Completed,0.372
PUR000299,CUST01254,CAM000102,2026-05-05,843.21,0.0,843.21,Credit Card,Completed,0.271
PUR000300,CUST02660,CAM005066,2026-07-07,2795.76,0.0,2795.76,Google Pay,Completed,0.217
PUR000301,CUST04392,CAM003872,2024-09-23,69.82,0.0,69.82,Credit Card,Refunded,0.211
PUR000302,CUST02234,CAM000700,2024-12-05,490.37,0.09,446.24,PayPal,Completed,0.202
PUR000303,CUST01075,CAM006623,2025-03-14,456.47,0.19,369.74,Debit Card,Completed,0.369
PUR000304,CUST03801,CAM000142,2026-07-14,2178.52,0.1,1960.67,Google Pay,Completed,0.349
PUR000305,CUST03268,CAM008894,2025-03-21,551.61,0.0,551.61,PayPal,Completed,0.347
PUR000306,CUST00925,CAM005990,2025-08-29,1365.13,0.0,1365.13,PayPal,Completed,0.405
PUR000307,CUST03297,CAM007969,2025-08-29,766.03,0.0,766.03,Debit Card,Completed,0.248
PUR000308,CUST03468,CAM002161,2026-03-20,1215.12,0.0,1215.12,Debit Card,Cancelled,0.397
PUR000309,CUST03876,CAM007490,2025-02-19,371.3,0.0,371.3,Credit Card,Completed,0.21
PUR000310,CUST03333,CAM003203,2025-04-03,74.27,0.0,74.27,PayPal,Completed,0.387
PUR000311,CUST04075,CAM007078,2026-05-06,2200.74,0.24,1672.56,Debit Card,Completed,0.342
PUR000312,CUST01559,CAM006546,2024-11-27,1813.31,0.0,1813.31,Google Pay,Completed,0.301
PUR000313,CUST01964,CAM000696,2026-05-25,1651.36,0.0,1651.36,Apple Pay,Completed,0.293
PUR000314,CUST03090,CAM006329,2025-12-14,1172.02,0.0,1172.02,PayPal,Completed,0.213
PUR000315,CUST02278,CAM006752,2026-02-17,825.43,0.0,825.43,PayPal,Cancelled,0.217
PUR000316,CUST02785,CAM007489,2025-05-29,328.55,0.14,282.55,Apple Pay,Completed,0.205
PUR000317,CUST03906,CAM006092,2026-02-11,919.27,0.0,919.27,PayPal,Cancelled,0.42
PUR000318,CUST02926,CAM008336,2024-12-24,367.53,0.15,312.4,Credit Card,Completed,0.221
PUR000319,CUST03033,CAM008810,2025-08-13,816.32,0.0,816.32,PayPal,Completed,0.401
PUR000320,CUST04990,CAM000296,2026-04-13,742.88,0.0,742.88,Apple Pay,Completed,0.287
PUR000321,CUST02179,CAM003934,2026-01-15,1671.26,0.0,1671.26,Credit Card,Completed,0.317
PUR000322,CUST01338,CAM001005,2025-02-04,281.36,0.0,281.36,Credit Card,Completed,0.239
PUR000323,CUST01024,CAM006304,2025-12-29,224.54,0.24,170.65,Apple Pay,Completed,0.286
PUR000324,CUST04331,CAM001533,2025-08-05,293.0,0.0,293.0,Credit Card,Completed,0.326
PUR000325,CUST00713,CAM006239,2026-02-21,438.43,0.0,438.43,Debit Card,Completed,0.27
PUR000326,CUST01822,CAM001888,2026-05-15,614.31,0.0,614.31,Debit Card,Completed,0.41
PUR000327,CUST04950,CAM008897,2026-08-04,332.98,0.0,332.98,PayPal,Completed,0.229
PUR000328,CUST04010,CAM001225,2026-04-19,273.55,0.0,273.55,Google Pay,Completed,0.342
PUR000329,CUST02904,CAM004852,2026-05-02,418.96,0.0,418.96,PayPal,Completed,0.27
PUR000330,CUST01081,CAM001807,2025-01-21,940.22,0.0,940.22,Apple Pay,Completed,0.435
PUR000331,CUST04481,CAM003347,2025-05-12,1027.17,0.0,1027.17,Credit Card,Completed,0.33
PUR000332,CUST02944,CAM007531,2026-06-12,2860.99,0.07,2660.72,Debit Card,Completed,0.322
PUR000333,CUST04611,CAM000403,2025-10-14,260.38,0.0,260.38,Credit Card,Completed,0.376
PUR000334,CUST03074,CAM007620,2026-01-02,2895.6,0.0,2895.6,Credit Card,Completed,0.251
PUR000335,CUST01699,CAM005066,2026-07-12,985.57,0.0,985.57,PayPal,Completed,0.413
PUR000336,CUST04646,CAM009964,2026-02-25,1433.77,0.0,1433.77,Credit Card,Completed,0.27
PUR000337,CUST00864,CAM003773,2025-06-12,510.5,0.19,413.51,Debit Card,Pending,0.409
PUR000338,CUST04641,CAM003633,2026-07-27,2154.32,0.1,1938.89,Credit Card,Cancelled,0.367
PUR000339,CUST04663,CAM002625,2026-03-01,1692.23,0.0,1692.23,PayPal,Completed,0.288
PUR000340,CUST04576,CAM003371,2025-11-06,1787.52,0.11,1590.89,Debit Card,Completed,0.22
PUR000341,CUST02214,CAM002583,2026-05-04,1733.36,0.23,1334.69,Credit Card,Completed,0.378
PUR000342,CUST01364,CAM003387,2025-09-15,584.05,0.02,572.37,PayPal,Completed,0.344
PUR000343,CUST04530,CAM008175,2025-02-15,175.74,0.0,175.74,PayPal,Completed,0.275
PUR000344,CUST00518,CAM004372,2024-11-10,392.0,0.0,392.0,Credit Card,Completed,0.229
PUR000345,CUST03408,CAM009509,2026-04-07,1216.72,0.09,1107.22,Debit Card,Completed,0.365
PUR000346,CUST04656,CAM008210,2026-08-08,2502.2,0.08,2302.02,Credit Card,Completed,0.395
PUR000347,CUST00477,CAM000757,2024-10-20,198.81,0.22,155.07,PayPal,Completed,0.365
PUR000348,CUST02665,CAM001027,2025-05-30,434.95,0.0,434.95,Google Pay,Completed,0.442
PUR000349,CUST02160,CAM003449,2025-11-13,938.13,0.14,806.79,Apple Pay,Completed,0.219
PUR000350,CUST04489,CAM007945,2026-03-10,112.84,0.23,86.89,Credit Card,Completed,0.402
PUR000351,CUST04130,CAM003825,2024-11-17,206.77,0.0,206.77,Google Pay,Completed,0.262
PUR000352,CUST03268,CAM006191,2024-12-17,321.31,0.0,321.31,Credit Card,Completed,0.362
PUR000353,CUST01147,CAM006819,2026-05-27,552.12,0.0,552.12,Debit Card,Completed,0.333
PUR000354,CUST02695,CAM002751,2026-06-11,227.58,0.23,175.24,Debit Card,Completed,0.42
PUR000355,CUST02796,CAM002291,2026-01-10,226.76,0.0,226.76,Credit Card,Completed,0.279
PUR000356,CUST00208,CAM007826,2026-02-14,964.33,0.24,732.89,Debit Card,Completed,0.429
PUR000357,CUST01244,CAM008433,2024-11-29,839.61,0.01,831.21,Apple Pay,Completed,0.374
PUR000358,CUST01621,CAM002319,2024-12-14,1166.17,0.1,1049.55,Credit Card,Cancelled,0.206
PUR000359,CUST03016,CAM006598,2026-08-15,343.18,0.08,315.73,Debit Card,Completed,0.243
PUR000360,CUST02095,CAM007587,2025-03-24,381.67,0.17,316.79,Credit Card,Completed,0.206
PUR000361,CUST04182,CAM009751,2025-10-01,169.59,0.0,169.59,Google Pay,Completed,0.305
PUR000362,CUST00044,CAM008576,2026-09-25,171.12,0.0,171.12,Debit Card,Cancelled,0.336
PUR000363,CUST01376,CAM007107,2024-10-01,317.6,0.0,317.6,Credit Card,Completed,0.241
PUR000364,CUST01099,CAM003150,2025-12-07,1288.37,0.17,1069.35,PayPal,Completed,0.373
PUR000365,CUST02774,CAM002137,2025-07-14,1777.35,0.0,1777.35,Debit Card,Completed,0.243
PUR000366,CUST04146,CAM005832,2025-08-07,257.16,0.0,257.16,Apple Pay,Pending,0.274
PUR000367,CUST01140,CAM004091,2025-09-05,1774.38,0.0,1774.38,Credit Card,Completed,0.334
PUR000368,CUST00398,CAM000347,2025-07-22,1328.76,0.04,1275.61,PayPal,Completed,0.417
PUR000369,CUST01445,CAM004640,2026-03-31,199.87,0.14,171.89,PayPal,Completed,0.307
PUR000370,CUST01395,CAM001280,2026-06-13,123.28,0.12,108.49,Google Pay,Completed,0.253
PUR000371,CUST03835,CAM002501,2025-04-01,3199.05,0.0,3199.05,Apple Pay,Completed,0.2
PUR000372,CUST01901,CAM001422,2024-11-10,681.18,0.17,565.38,Credit Card,Completed,0.253
PUR000373,CUST00601,CAM007026,2025-06-04,758.13,0.16,636.83,Credit Card,Completed,0.358
PUR000374,CUST02135,CAM005451,2026-06-30,1071.44,0.0,1071.44,Apple Pay,Completed,0.241
PUR000375,CUST00116,CAM003608,2025-05-12,238.9,0.21,188.73,Credit Card,Completed,0.374
PUR000376,CUST04513,CAM007927,2025-05-02,447.21,0.0,447.21,Credit Card,Refunded,0.281
PUR000377,CUST00630,CAM004397,2024-11-25,1232.22,0.03,1195.25,Credit Card,Pending,0.43
PUR000378,CUST03245,CAM001027,2025-05-19,1705.86,0.18,1398.81,Debit Card,Completed,0.223
PUR000379,CUST04087,CAM008949,2025-10-14,429.01,0.0,429.01,Debit Card,Completed,0.297
PUR000380,CUST01190,CAM000944,2026-02-03,1327.22,0.0,1327.22,Credit Card,Pending,0.316
PUR000381,CUST01599,CAM004721,2025-02-23,1758.06,0.0,1758.06,PayPal,Completed,0.345
PUR000382,CUST03463,CAM007019,2025-11-05,954.99,0.0,954.99,PayPal,Completed,0.277
PUR000383,CUST02468,CAM007972,2025-12-02,1865.07,0.07,1734.52,Debit Card,Completed,0.214
PUR000384,CUST00511,CAM005840,2025-06-16,113.71,0.0,113.71,Debit Card,Completed,0.3
PUR000385,CUST02992,CAM006531,2026-03-02,218.98,0.22,170.8,PayPal,Completed,0.247
PUR000386,CUST03502,CAM005535,2024-09-17,1198.62,0.0,1198.62,Google Pay,Completed,0.433
PUR000387,CUST03379,CAM003042,2026-08-05,302.4,0.14,260.06,Apple Pay,Completed,0.219
PUR000388,CUST00828,CAM000612,2024-12-13,449.13,0.15,381.76,Debit Card,Completed,0.215
PUR000389,CUST04079,CAM009412,2024-08-26,844.09,0.0,844.09,Apple Pay,Completed,0.241
PUR000390,CUST03376,CAM000381,2026-07-14,148.89,0.09,135.49,Credit Card,Completed,0.274
PUR000391,CUST02654,CAM006788,2026-06-29,891.02,0.0,891.02,Credit Card,Completed,0.349
PUR000392,CUST00390,CAM009403,2024-12-16,260.3,0.12,229.06,Google Pay,Completed,0.277
PUR000393,CUST00971,CAM006789,2025-03-17,417.52,0.0,417.52,Debit Card,Completed,0.434
PUR000394,CUST03362,CAM004769,2025-12-03,131.94,0.11,117.43,Credit Card,Completed,0.232
PUR000395,CUST00941,CAM004555,2025-03-17,924.41,0.07,859.7,Apple Pay,Completed,0.406
PUR000396,CUST03153,CAM007859,2026-02-23,321.15,0.0,321.15,Credit Card,Completed,0.205
PUR000397,CUST04109,CAM008242,2025-10-31,840.77,0.16,706.25,Credit Card,Completed,0.297
PUR000398,CUST00248,CAM003954,2024-09-10,261.35,0.0,261.35,Debit Card,Completed,0.206
PUR000399,CUST02776,CAM005170,2024-12-22,439.03,0.23,338.05,Credit Card,Completed,0.335
PUR000400,CUST03223,CAM000455,2026-05-28,111.7,0.04,107.23,Apple Pay,Completed,0.37
PUR000401,CUST00828,CAM000593,2025-10-25,651.5,0.01,644.98,Debit Card,Completed,0.304
PUR000402,CUST00113,CAM003325,2025-07-30,477.85,0.06,449.18,Credit Card,Completed,0.252
PUR000403,CUST02940,CAM001115,2026-03-02,1384.58,0.0,1384.58,Google Pay,Completed,0.419
PUR000404,CUST04162,CAM002219,2025-04-02,2427.9,0.0,2427.9,Apple Pay,Completed,0.383
PUR000405,CUST01870,CAM005180,2025-04-23,443.85,0.0,443.85,Debit Card,Completed,0.449
PUR000406,CUST00666,CAM006759,2025-04-28,922.1,0.0,922.1,PayPal,Completed,0.435
PUR000407,CUST01749,CAM002407,2026-05-28,221.7,0.02,217.27,Credit Card,Completed,0.395
PUR000408,CUST02829,CAM002585,2026-02-09,546.44,0.0,546.44,Debit Card,Completed,0.428
PUR000409,CUST00292,CAM006948,2025-05-07,644.74,0.0,644.74,Credit Card,Completed,0.226
PUR000410,CUST00633,CAM005714,2024-11-13,192.53,0.0,192.53,Credit Card,Pending,0.344
PUR000411,CUST04461,CAM005960,2025-03-19,280.47,0.0,280.47,Debit Card,Completed,0.245
PUR000412,CUST03962,CAM003827,2025-06-30,557.65,0.21,440.54,Credit Card,Completed,0.33
PUR000413,CUST01055,CAM002800,2025-08-27,1898.79,0.0,1898.79,Credit Card,Completed,0.339
PUR000414,CUST03531,CAM006632,2025-05-19,1232.75,0.18,1010.86,Credit Card,Pending,0.212
PUR000415,CUST01145,CAM008980,2024-12-12,782.26,0.0,782.26,Debit Card,Refunded,0.21
PUR000416,CUST02564,CAM006809,2024-11-30,921.41,0.09,838.48,Apple Pay,Completed,0.441
PUR000417,CUST01978,CAM001295,2025-03-04,1454.72,0.0,1454.72,Debit Card,Completed,0.386
PUR000418,CUST01150,CAM004028,2025-06-24,2650.2,0.19,2146.66,Apple Pay,Completed,0.364
PUR000419,CUST03202,CAM000254,2025-09-13,371.06,0.0,371.06,Debit Card,Pending,0.419
PUR000420,CUST01511,CAM008585,2025-09-02,428.79,0.0,428.79,Apple Pay,Completed,0.213
PUR000421,CUST03343,CAM002290,2026-06-18,1230.16,0.11,1094.84,PayPal,Completed,0.436
PUR000422,CUST04365,CAM002864,2025-06-17,287.34,0.0,287.34,Apple Pay,Completed,0.213
PUR000423,CUST03587,CAM004714,2025-01-01,974.82,0.0,974.82,PayPal,Completed,0.319
PUR000424,CUST03974,CAM009816,2026-01-05,739.15,0.0,739.15,Credit Card,Completed,0.235
PUR000425,CUST03062,CAM003032,2025-11-21,500.57,0.0,500.57,PayPal,Completed,0.416
PUR000426,CUST00652,CAM009781,2024-12-01,640.24,0.12,563.41,Credit Card,Completed,0.216
PUR000427,CUST01992,CAM004698,2025-09-12,234.08,0.0,234.08,Credit Card,Pending,0.362
PUR000428,CUST02100,CAM004542,2025-12-13,2426.81,0.0,2426.81,Debit Card,Refunded,0.286
PUR000429,CUST00265,CAM002020,2025-04-14,1756.75,0.02,1721.62,PayPal,Completed,0.376
PUR000430,CUST01536,CAM002395,2025-08-22,1515.15,0.0,1515.15,Google Pay,Completed,0.213
PUR000431,CUST00947,CAM000391,2026-02-16,451.9,0.0,451.9,Apple Pay,Pending,0.393
PUR000432,CUST03359,CAM000314,2025-09-18,2058.16,0.0,2058.16,Google Pay,Pending,0.224
PUR000433,CUST03526,CAM003430,2025-08-10,92.2,0.0,92.2,Apple Pay,Completed,0.277
PUR000434,CUST01194,CAM002316,2026-07-23,730.6,0.0,730.6,Debit Card,Cancelled,0.402
PUR000435,CUST03695,CAM005335,2025-07-31,331.02,0.17,274.75,Apple Pay,Completed,0.359
PUR000436,CUST00610,CAM000705,2026-08-23,289.95,0.0,289.95,Credit Card,Completed,0.384
PUR000437,CUST00686,CAM004372,2024-12-01,182.84,0.0,182.84,Credit Card,Pending,0.445
PUR000438,CUST03028,CAM004997,2026-05-26,402.72,0.0,402.72,Debit Card,Completed,0.385
PUR000439,CUST03222,CAM001542,2026-06-26,95.81,0.0,95.81,Google Pay,Completed,0.265
PUR000440,CUST04856,CAM007353,2026-04-03,560.82,0.0,560.82,Debit Card,Completed,0.286
PUR000441,CUST03136,CAM001901,2025-05-25,1078.82,0.0,1078.82,Apple Pay,Completed,0.368
PUR000442,CUST04634,CAM006190,2025-02-18,1105.1,0.11,983.54,Credit Card,Completed,0.361
PUR000443,CUST03004,CAM006969,2025-11-19,1627.59,0.0,1627.59,Credit Card,Completed,0.421
PUR000444,CUST01713,CAM006843,2026-06-03,1209.28,0.0,1209.28,Credit Card,Completed,0.336
PUR000445,CUST01023,CAM005409,2025-04-22,681.64,0.2,545.31,Google Pay,Completed,0.441
PUR000446,CUST01016,CAM007424,2025-08-20,519.93,0.0,519.93,PayPal,Completed,0.35
PUR000447,CUST00995,CAM008906,2025-04-24,1131.12,0.0,1131.12,Credit Card,Completed,0.325
PUR000448,CUST01069,CAM008724,2026-08-11,1178.74,0.0,1178.74,Debit Card,Completed,0.427
PUR000449,CUST02851,CAM007639,2026-08-08,792.43,0.2,633.94,PayPal,Completed,0.336
PUR000450,CUST00197,CAM007459,2026-03-11,133.94,0.0,133.94,PayPal,Completed,0.387
PUR000451,CUST02737,CAM002020,2025-04-22,151.85,0.24,115.41,Google Pay,Completed,0.319
PUR000452,CUST04500,CAM005212,2026-02-03,889.85,0.05,845.36,Credit Card,Completed,0.289
PUR000453,CUST01670,CAM003856,2026-08-20,96.27,0.0,96.27,PayPal,Pending,0.305
PUR000454,CUST01545,CAM009374,2026-01-30,620.84,0.21,490.46,Credit Card,Completed,0.346
PUR000455,CUST01022,CAM008508,2025-03-03,731.3,0.21,577.73,PayPal,Completed,0.359
PUR000456,CUST00977,CAM002091,2025-12-02,275.56,0.0,275.56,PayPal,Completed,0.266
PUR000457,CUST03477,CAM001909,2026-02-01,137.27,0.2,109.82,Debit Card,Completed,0.35
PUR000458,CUST00830,CAM003773,2025-05-19,644.81,0.0,644.81,Debit Card,Completed,0.206
PUR000459,CUST01235,CAM004056,2025-08-01,404.21,0.0,404.21,Credit Card,Completed,0.309
PUR000460,CUST03293,CAM004354,2025-07-31,428.29,0.0,428.29,Credit Card,Completed,0.409
PUR000461,CUST04319,CAM003134,2026-03-20,868.25,0.17,720.65,Debit Card,Completed,0.259
PUR000462,CUST02426,CAM004266,2026-06-28,985.54,0.0,985.54,Google Pay,Completed,0.398
PUR000463,CUST02022,CAM004224,2025-05-23,655.1,0.03,635.45,Credit Card,Completed,0.344
PUR000464,CUST02863,CAM003294,2026-02-08,1537.17,0.19,1245.11,Apple Pay,Completed,0.329
PUR000465,CUST01420,CAM005136,2025-11-16,380.35,0.04,365.14,Google Pay,Completed,0.321
PUR000466,CUST04575,CAM006100,2024-12-26,567.52,0.0,567.52,Credit Card,Completed,0.427
PUR000467,CUST03721,CAM005296,2025-10-21,425.81,0.19,344.91,Debit Card,Pending,0.362
PUR000468,CUST04506,CAM006233,2025-01-30,239.7,0.0,239.7,Debit Card,Completed,0.356
PUR000469,CUST00771,CAM003706,2025-09-09,224.17,0.0,224.17,Debit Card,Completed,0.446
PUR000470,CUST01033,CAM001291,2025-02-25,1029.15,0.01,1018.86,Debit Card,Completed,0.209
PUR000471,CUST02534,CAM004008,2025-11-12,1742.82,0.11,1551.11,PayPal,Completed,0.435
PUR000472,CUST01377,CAM003291,2025-05-09,353.44,0.0,353.44,Debit Card,Completed,0.251
PUR000473,CUST04776,CAM009193,2026-06-13,129.47,0.16,108.75,Apple Pay,Completed,0.437
PUR000474,CUST01081,CAM003236,2024-09-23,279.19,0.0,279.19,Google Pay,Completed,0.272
PUR000475,CUST01855,CAM006645,2024-09-25,224.19,0.08,206.25,Debit Card,Completed,0.303
PUR000476,CUST02530,CAM000078,2025-12-20,1572.98,0.0,1572.98,Debit Card,Pending,0.317
PUR000477,CUST01798,CAM005326,2025-10-11,694.35,0.12,611.03,PayPal,Completed,0.416
PUR000478,CUST02411,CAM000691,2025-08-05,284.72,0.21,224.93,Credit Card,Pending,0.278
PUR000479,CUST02020,CAM004987,2026-05-27,1006.53,0.0,1006.53,Apple Pay,Completed,0.257
PUR000480,CUST00829,CAM003297,2025-11-03,732.77,0.0,732.77,Credit Card,Completed,0.376
PUR000481,CUST02612,CAM001234,2025-03-17,513.5,0.01,508.37,Credit Card,Completed,0.351
PUR000482,CUST02146,CAM000271,2026-06-15,504.64,0.0,504.64,Debit Card,Pending,0.423
PUR000483,CUST01679,CAM006147,2025-09-19,1063.8,0.0,1063.8,Google Pay,Completed,0.345
PUR000484,CUST01410,CAM002761,2026-01-10,348.78,0.11,310.41,Credit Card,Completed,0.229
PUR000485,CUST04357,CAM004683,2026-05-11,864.92,0.0,864.92,Google Pay,Completed,0.343
PUR000486,CUST03051,CAM009430,2025-09-17,600.42,0.0,600.42,Google Pay,Completed,0.335
PUR000487,CUST02671,CAM004031,2025-03-30,380.64,0.14,327.35,Credit Card,Completed,0.367
PUR000488,CUST00655,CAM008513,2025-03-16,977.02,0.0,977.02,Apple Pay,Completed,0.256
PUR000489,CUST02530,CAM002582,2026-07-30,903.36,0.0,903.36,PayPal,Completed,0.418
PUR000490,CUST01210,CAM004469,2024-10-07,749.65,0.07,697.17,Apple Pay,Completed,0.442
PUR000491,CUST04799,CAM002443,2025-06-19,1432.1,0.0,1432.1,Credit Card,Completed,0.258
PUR000492,CUST00515,CAM008215,2025-06-30,2284.08,0.0,2284.08,Debit Card,Completed,0.446
PUR000493,CUST01195,CAM006818,2025-07-04,260.86,0.0,260.86,Debit Card,Cancelled,0.27
PUR000494,CUST01988,CAM006878,2026-06-28,885.7,0.0,885.7,Credit Card,Completed,0.255
PUR000495,CUST01259,CAM008776,2025-09-06,153.14,0.0,153.14,PayPal,Completed,0.292
PUR000496,CUST01967,CAM009768,2026-01-28,1590.02,0.07,1478.72,Debit Card,Completed,0.387
PUR000497,CUST00058,CAM006447,2025-06-25,1765.56,0.0,1765.56,Debit Card,Completed,0.392
PUR000498,CUST01519,CAM008120,2025-06-26,155.4,0.0,155.4,Credit Card,Completed,0.342
PUR000499,CUST02660,CAM004542,2025-11-25,3070.38,0.0,3070.38,Credit Card,Completed,0.379
PUR000500,CUST02222,CAM000270,2025-08-21,127.01,0.16,106.69,Credit Card,Completed,0.233
PUR000501,CUST04642,CAM008679,2025-10-14,547.14,0.0,547.14,PayPal,Completed,0.21
PUR000502,CUST02505,CAM007666,2024-11-07,248.59,0.0,248.59,Debit Card,Completed,0.336
PUR000503,CUST00656,CAM006923,2025-05-19,303.01,0.16,254.53,Credit Card,Completed,0.361
PUR000504,CUST01573,CAM006213,2025-07-16,2706.89,0.1,2436.2,PayPal,Pending,0.378
PUR000505,CUST00551,CAM007365,2025-01-31,450.05,0.0,450.05,Apple Pay,Completed,0.364
PUR000506,CUST04994,CAM000748,2025-02-04,948.47,0.02,929.5,PayPal,Completed,0.232
PUR000507,CUST03246,CAM009825,2025-03-30,397.15,0.0,397.15,PayPal,Pending,0.415
PUR000508,CUST02327,CAM007858,2024-08-25,503.69,0.0,503.69,Google Pay,Cancelled,0.365
PUR000509,CUST04096,CAM007509,2025-04-14,254.82,0.0,254.82,Credit Card,Completed,0.417
PUR000510,CUST04462,CAM004461,2025-10-01,704.27,0.0,704.27,PayPal,Completed,0.434
PUR000511,CUST01761,CAM004434,2025-07-11,543.58,0.18,445.74,Apple Pay,Completed,0.286
PUR000512,CUST02740,CAM000916,2025-08-29,272.25,0.05,258.64,Google Pay,Completed,0.231
PUR000513,CUST02630,CAM001086,2026-02-10,730.97,0.21,577.47,PayPal,Completed,0.251
PUR000514,CUST01763,CAM001249,2025-03-13,539.91,0.0,539.91,Debit Card,Completed,0.282
PUR000515,CUST03011,CAM003196,2025-08-05,445.48,0.0,445.48,PayPal,Pending,0.272
PUR000516,CUST03198,CAM003116,2025-03-22,355.78,0.18,291.74,Credit Card,Completed,0.212
PUR000517,CUST02426,CAM000142,2026-07-03,805.4,0.0,805.4,PayPal,Completed,0.389
PUR000518,CUST01545,CAM004453,2026-06-13,309.01,0.0,309.01,Debit Card,Completed,0.42
PUR000519,CUST00978,CAM009482,2025-05-13,262.66,0.0,262.66,PayPal,Completed,0.247
PUR000520,CUST01516,CAM000928,2025-02-22,427.92,0.0,427.92,Credit Card,Completed,0.249
PUR000521,CUST00471,CAM001659,2025-05-18,466.09,0.0,466.09,Credit Card,Completed,0.204
PUR000522,CUST00498,CAM001711,2025-09-23,969.07,0.0,969.07,Credit Card,Completed,0.369
PUR000523,CUST04909,CAM009858,2025-10-23,704.32,0.2,563.46,Apple Pay,Completed,0.322
PUR000524,CUST01076,CAM000783,2025-03-07,175.97,0.0,175.97,Apple Pay,Completed,0.263
PUR000525,CUST00323,CAM002651,2025-06-28,365.61,0.18,299.8,PayPal,Completed,0.314
PUR000526,CUST00464,CAM008988,2025-11-24,1915.08,0.2,1532.06,Credit Card,Completed,0.441
PUR000527,CUST04590,CAM004988,2026-01-21,969.97,0.0,969.97,Credit Card,Completed,0.3
PUR000528,CUST02099,CAM005109,2025-08-03,234.81,0.0,234.81,Credit Card,Completed,0.321
PUR000529,CUST00302,CAM006108,2024-10-11,372.35,0.0,372.35,Debit Card,Completed,0.449
PUR000530,CUST02377,CAM008163,2025-12-25,231.86,0.0,231.86,PayPal,Completed,0.428
PUR000531,CUST00767,CAM006264,2025-04-01,1613.36,0.04,1548.83,Debit Card,Completed,0.44
PUR000532,CUST04265,CAM008637,2024-11-29,945.4,0.0,945.4,Debit Card,Completed,0.25
PUR000533,CUST03753,CAM007476,2026-02-14,1235.49,0.04,1186.07,Credit Card,Completed,0.407
PUR000534,CUST02085,CAM002555,2025-10-27,1304.45,0.16,1095.74,PayPal,Completed,0.31
PUR000535,CUST00643,CAM002879,2026-08-19,1005.55,0.0,1005.55,Debit Card,Completed,0.429
PUR000536,CUST01678,CAM009531,2024-09-07,1610.01,0.02,1577.81,Debit Card,Completed,0.276
PUR000537,CUST00245,CAM004647,2025-01-27,826.08,0.21,652.6,Credit Card,Completed,0.227
PUR000538,CUST04834,CAM001733,2026-06-10,324.42,0.0,324.42,Credit Card,Completed,0.225
PUR000539,CUST02553,CAM000245,2025-03-02,480.06,0.0,480.06,Credit Card,Completed,0.303
PUR000540,CUST01161,CAM000200,2025-12-29,74.71,0.0,74.71,Apple Pay,Completed,0.445
PUR000541,CUST03246,CAM007428,2025-01-03,1178.79,0.0,1178.79,Apple Pay,Completed,0.437
PUR000542,CUST02040,CAM007736,2025-01-20,330.41,0.2,264.33,Credit Card,Refunded,0.246
PUR000543,CUST02843,CAM003747,2025-08-03,1219.14,0.0,1219.14,Credit Card,Completed,0.342
PUR000544,CUST04659,CAM006668,2025-03-15,281.28,0.0,281.28,PayPal,Completed,0.391
PUR000545,CUST01036,CAM003207,2025-12-18,251.24,0.15,213.55,Debit Card,Completed,0.357
PUR000546,CUST01254,CAM008044,2025-07-09,665.67,0.0,665.67,Credit Card,Completed,0.337
PUR000547,CUST00433,CAM004153,2025-12-23,760.9,0.0,760.9,Credit Card,Completed,0.354
PUR000548,CUST04812,CAM009039,2026-01-09,184.51,0.19,149.45,Credit Card,Pending,0.348
PUR000549,CUST00627,CAM004251,2024-10-23,818.33,0.0,818.33,Credit Card,Completed,0.29
PUR000550,CUST01793,CAM005257,2026-06-21,401.02,0.0,401.02,Credit Card,Completed,0.347
PUR000551,CUST04671,CAM007271,2024-09-22,561.97,0.0,561.97,Credit Card,Completed,0.437
PUR000552,CUST01524,CAM001679,2026-07-08,635.42,0.0,635.42,Credit Card,Completed,0.282
PUR000553,CUST01391,CAM001821,2026-01-18,116.63,0.17,96.8,Debit Card,Completed,0.285
PUR000554,CUST02828,CAM002027,2025-10-18,182.71,0.18,149.82,Credit Card,Completed,0.267
PUR000555,CUST02601,CAM002322,2025-12-17,384.2,0.0,384.2,Google Pay,Completed,0.267
PUR000556,CUST03506,CAM006592,2025-11-21,151.21,0.03,146.67,Debit Card,Pending,0.416
PUR000557,CUST03013,CAM007286,2024-12-04,137.96,0.22,107.61,Credit Card,Completed,0.226
PUR000558,CUST02060,CAM009339,2025-07-19,1702.86,0.22,1328.23,PayPal,Completed,0.207
PUR000559,CUST02028,CAM009933,2024-10-28,549.41,0.0,549.41,Credit Card,Completed,0.386
PUR000560,CUST03618,CAM001346,2026-03-07,1226.07,0.06,1152.51,Debit Card,Completed,0.342
PUR000561,CUST03244,CAM002994,2025-04-29,133.57,0.22,104.18,PayPal,Completed,0.249
PUR000562,CUST01592,CAM005924,2025-06-21,171.26,0.04,164.41,Credit Card,Completed,0.45
PUR000563,CUST00009,CAM006389,2024-11-09,6789.37,0.0,6789.37,Credit Card,Refunded,0.265
PUR000564,CUST01687,CAM004000,2026-05-06,408.41,0.0,408.41,Google Pay,Completed,0.267
PUR000565,CUST02606,CAM005629,2024-10-25,235.23,0.0,235.23,Debit Card,Completed,0.357
PUR000566,CUST00598,CAM009861,2025-01-04,1922.57,0.0,1922.57,Debit Card,Completed,0.443
PUR000567,CUST00790,CAM003518,2025-10-20,244.92,0.18,200.83,PayPal,Completed,0.242
PUR000568,CUST03998,CAM007212,2026-06-09,129.55,0.0,129.55,Debit Card,Completed,0.429
PUR000569,CUST03366,CAM009908,2024-11-12,1160.38,0.0,1160.38,Debit Card,Cancelled,0.224
PUR000570,CUST01514,CAM006384,2026-02-12,83.94,0.09,76.39,Credit Card,Pending,0.341
PUR000571,CUST03820,CAM007151,2025-01-27,1065.23,0.0,1065.23,Credit Card,Completed,0.386
PUR000572,CUST04829,CAM007190,2024-09-21,955.2,0.0,955.2,Debit Card,Completed,0.311
PUR000573,CUST02435,CAM007795,2026-03-18,501.41,0.13,436.23,Apple Pay,Pending,0.321
PUR000574,CUST03648,CAM003139,2025-02-09,114.03,0.02,111.75,PayPal,Completed,0.336
PUR000575,CUST01797,CAM000816,2025-04-05,200.62,0.0,200.62,Credit Card,Cancelled,0.297
PUR000576,CUST01329,CAM004192,2024-11-05,482.93,0.0,482.93,PayPal,Completed,0.368
PUR000577,CUST03174,CAM008060,2025-07-30,148.97,0.0,148.97,Google Pay,Completed,0.203
PUR000578,CUST00740,CAM007777,2025-04-30,905.37,0.0,905.37,PayPal,Completed,0.316
PUR000579,CUST01189,CAM004662,2025-09-19,250.86,0.13,218.25,Google Pay,Completed,0.248
PUR000580,CUST03031,CAM006778,2025-12-08,2128.66,0.03,2064.8,Debit Card,Completed,0.262
PUR000581,CUST02302,CAM006283,2025-10-07,2197.28,0.1,1977.55,PayPal,Completed,0.311
PUR000582,CUST02818,CAM008482,2025-12-25,1081.71,0.0,1081.71,PayPal,Cancelled,0.365
PUR000583,CUST02618,CAM000238,2025-11-30,1119.52,0.05,1063.54,Credit Card,Completed,0.421
PUR000584,CUST03883,CAM007359,2025-06-02,343.94,0.08,316.42,Debit Card,Completed,0.437
PUR000585,CUST03843,CAM002654,2025-09-09,616.01,0.0,616.01,Credit Card,Completed,0.366
PUR000586,CUST01905,CAM009553,2025-10-13,443.99,0.16,372.95,PayPal,Completed,0.442
PUR000587,CUST02429,CAM000638,2025-11-20,821.09,0.0,821.09,Credit Card,Completed,0.258
PUR000588,CUST03424,CAM009820,2025-07-02,594.28,0.0,594.28,Credit Card,Refunded,0.392
PUR000589,CUST03290,CAM008234,2024-09-06,407.74,0.13,354.73,PayPal,Completed,0.29
PUR000590,CUST02036,CAM009712,2024-12-15,1577.31,0.07,1466.9,Credit Card,Completed,0.254
PUR000591,CUST04835,CAM001294,2024-12-23,70.1,0.12,61.69,Credit Card,Completed,0.272
PUR000592,CUST02807,CAM002764,2025-05-15,1728.3,0.0,1728.3,Credit Card,Completed,0.398
PUR000593,CUST00931,CAM000670,2024-10-03,1755.33,0.0,1755.33,Debit Card,Completed,0.431
PUR000594,CUST04351,CAM004955,2025-10-15,530.54,0.0,530.54,Google Pay,Completed,0.324
PUR000595,CUST00416,CAM005564,2024-12-18,2239.97,0.0,2239.97,Credit Card,Completed,0.206
PUR000596,CUST01422,CAM005509,2025-11-26,280.52,0.0,280.52,Debit Card,Completed,0.247
PUR000597,CUST04104,CAM001160,2025-07-08,310.68,0.0,310.68,Credit Card,Pending,0.219
PUR000598,CUST03529,CAM009208,2025-10-24,395.32,0.0,395.32,Google Pay,Pending,0.325
PUR000599,CUST02188,CAM003371,2025-10-21,56.33,0.04,54.08,Debit Card,Pending,0.387
PUR000600,CUST01359,CAM001168,2026-08-23,195.22,0.0,195.22,Google Pay,Completed,0.33
PUR000601,CUST02379,CAM002556,2025-02-26,411.23,0.02,403.01,Credit Card,Completed,0.225
PUR000602,CUST03648,CAM001978,2025-06-25,405.45,0.1,364.9,Apple Pay,Completed,0.443
PUR000603,CUST01426,CAM000711,2026-06-22,329.44,0.0,329.44,PayPal,Completed,0.36
PUR000604,CUST01690,CAM009080,2026-02-22,2483.87,0.0,2483.87,PayPal,Completed,0.324
PUR000605,CUST01306,CAM007255,2025-10-11,308.36,0.11,274.44,Credit Card,Completed,0.304
PUR000606,CUST01244,CAM003181,2025-12-07,1907.18,0.19,1544.82,Debit Card,Completed,0.433
PUR000607,CUST01982,CAM007932,2026-04-09,159.86,0.21,126.29,Apple Pay,Completed,0.263
PUR000608,CUST02788,CAM005238,2026-06-16,845.88,0.17,702.08,Debit Card,Completed,0.37
PUR000609,CUST01027,CAM007998,2025-11-04,216.79,0.12,190.78,PayPal,Completed,0.402
PUR000610,CUST01470,CAM005687,2025-07-04,509.76,0.0,509.76,Credit Card,Completed,0.257
PUR000611,CUST01695,CAM004940,2026-06-19,1055.27,0.0,1055.27,Credit Card,Completed,0.393
PUR000612,CUST00361,CAM008272,2026-01-17,684.53,0.24,520.24,Debit Card,Completed,0.203
PUR000613,CUST02090,CAM001535,2025-04-20,1035.86,0.0,1035.86,Credit Card,Completed,0.343
PUR000614,CUST04315,CAM004726,2026-04-27,458.15,0.0,458.15,PayPal,Completed,0.33
PUR000615,CUST02939,CAM001727,2025-12-30,1061.43,0.0,1061.43,Credit Card,Completed,0.241
PUR000616,CUST01422,CAM007933,2026-03-24,426.68,0.22,332.81,Credit Card,Completed,0.272
PUR000617,CUST03692,CAM004499,2025-11-18,545.82,0.0,545.82,PayPal,Completed,0.3
PUR000618,CUST03902,CAM009419,2026-06-06,183.17,0.03,177.67,Debit Card,Completed,0.271
PUR000619,CUST04815,CAM003102,2025-08-11,1253.73,0.05,1191.04,Debit Card,Completed,0.405
PUR000620,CUST04798,CAM008236,2025-12-12,367.86,0.0,367.86,Credit Card,Completed,0.433
PUR000621,CUST04304,CAM007110,2025-08-23,488.18,0.0,488.18,Credit Card,Completed,0.329
PUR000622,CUST00613,CAM009625,2026-03-23,929.08,0.0,929.08,Credit Card,Completed,0.355
PUR000623,CUST00790,CAM009687,2026-08-26,1851.88,0.0,1851.88,Apple Pay,Completed,0.297
PUR000624,CUST03447,CAM006018,2024-11-23,120.84,0.0,120.84,PayPal,Completed,0.427
PUR000625,CUST04797,CAM000777,2025-08-04,569.4,0.14,489.68,Credit Card,Completed,0.383
PUR000626,CUST01682,CAM003256,2025-03-25,58.51,0.0,58.51,Credit Card,Completed,0.251
PUR000627,CUST01607,CAM004620,2024-10-27,292.04,0.0,292.04,Debit Card,Completed,0.409
PUR000628,CUST03783,CAM004789,2025-11-13,201.0,0.0,201.0,Credit Card,Completed,0.209
PUR000629,CUST03210,CAM002598,2026-05-30,334.6,0.0,334.6,Debit Card,Cancelled,0.25
PUR000630,CUST01064,CAM002888,2024-11-25,704.44,0.0,704.44,Apple Pay,Completed,0.413
PUR000631,CUST04394,CAM005464,2026-03-15,676.93,0.0,676.93,Credit Card,Completed,0.232
PUR000632,CUST04744,CAM004711,2025-11-05,333.73,0.2,266.98,Debit Card,Completed,0.218
PUR000633,CUST01449,CAM008823,2026-01-17,1192.08,0.0,1192.08,Credit Card,Pending,0.29
PUR000634,CUST02712,CAM006776,2026-04-28,1563.98,0.0,1563.98,Apple Pay,Completed,0.373
PUR000635,CUST04525,CAM008498,2024-10-09,689.34,0.0,689.34,Debit Card,Completed,0.407
PUR000636,CUST03863,CAM000389,2026-06-26,728.08,0.0,728.08,Debit Card,Pending,0.21
PUR000637,CUST04036,CAM003665,2025-06-14,323.36,0.0,323.36,Apple Pay,Completed,0.314
PUR000638,CUST03522,CAM008210,2026-08-15,1262.59,0.17,1047.95,Debit Card,Completed,0.2
PUR000639,CUST01194,CAM002060,2025-06-25,2291.24,0.0,2291.24,Credit Card,Refunded,0.218
PUR000640,CUST04482,CAM002256,2024-10-21,700.18,0.0,700.18,Debit Card,Completed,0.446
PUR000641,CUST01928,CAM001507,2025-06-13,221.63,0.0,221.63,Apple Pay,Refunded,0.449
PUR000642,CUST00763,CAM008629,2025-01-17,158.21,0.23,121.82,PayPal,Completed,0.399
PUR000643,CUST00668,CAM004449,2025-01-17,3801.84,0.0,3801.84,Apple Pay,Completed,0.425
PUR000644,CUST04564,CAM009440,2024-11-28,176.01,0.0,176.01,Debit Card,Completed,0.431
PUR000645,CUST02613,CAM000134,2024-09-07,1861.49,0.0,1861.49,Debit Card,Completed,0.205
PUR000646,CUST03267,CAM006184,2026-06-21,380.79,0.09,346.52,Apple Pay,Completed,0.259
PUR000647,CUST04455,CAM000093,2026-06-06,864.61,0.02,847.32,PayPal,Completed,0.442
PUR000648,CUST03622,CAM002094,2026-08-20,411.05,0.0,411.05,Apple Pay,Completed,0.373
PUR000649,CUST02868,CAM009086,2024-12-02,432.99,0.0,432.99,Apple Pay,Completed,0.32
PUR000650,CUST00857,CAM007537,2026-03-30,1275.67,0.23,982.27,PayPal,Completed,0.232
PUR000651,CUST04733,CAM001309,2025-05-13,2399.06,0.0,2399.06,Apple Pay,Completed,0.219
PUR000652,CUST01530,CAM006558,2025-09-17,370.87,0.0,370.87,Debit Card,Completed,0.279
PUR000653,CUST02913,CAM007309,2025-10-25,819.49,0.21,647.4,PayPal,Completed,0.426
PUR000654,CUST04100,CAM003436,2024-10-16,583.8,0.0,583.8,Apple Pay,Completed,0.325
PUR000655,CUST01157,CAM004074,2024-11-15,465.01,0.0,465.01,Debit Card,Completed,0.351
PUR000656,CUST02809,CAM004820,2025-03-07,591.86,0.0,591.86,Credit Card,Completed,0.266
PUR000657,CUST03680,CAM006358,2026-10-19,417.76,0.0,417.76,Debit Card,Completed,0.314
PUR000658,CUST00850,CAM002644,2025-04-18,198.4,0.0,198.4,Credit Card,Completed,0.443
PUR000659,CUST02195,CAM005373,2025-05-22,133.55,0.0,133.55,Debit Card,Completed,0.218
PUR000660,CUST03833,CAM002814,2025-11-04,623.62,0.19,505.13,Apple Pay,Refunded,0.23
PUR000661,CUST02663,CAM002813,2026-08-21,310.05,0.2,248.04,Debit Card,Pending,0.432
PUR000662,CUST03139,CAM003925,2025-06-15,1507.95,0.19,1221.44,Credit Card,Completed,0.321
PUR000663,CUST01777,CAM003183,2026-07-02,812.02,0.0,812.02,Debit Card,Completed,0.448
PUR000664,CUST03296,CAM000504,2026-08-19,1012.05,0.0,1012.05,Credit Card,Refunded,0.411
PUR000665,CUST03614,CAM000779,2024-10-17,939.82,0.0,939.82,PayPal,Completed,0.442
PUR000666,CUST04022,CAM006302,2026-05-19,1219.43,0.18,999.93,Apple Pay,Completed,0.442
PUR000667,CUST02636,CAM002999,2026-04-12,266.73,0.0,266.73,Apple Pay,Completed,0.352
PUR000668,CUST02023,CAM002056,2026-09-04,893.53,0.14,768.44,Apple Pay,Refunded,0.33
PUR000669,CUST01761,CAM002321,2026-07-24,2354.1,0.0,2354.1,Apple Pay,Completed,0.306
PUR000670,CUST00631,CAM001222,2025-08-20,258.11,0.0,258.11,Credit Card,Completed,0.336
PUR000671,CUST00842,CAM007621,2025-08-03,1554.45,0.0,1554.45,Credit Card,Completed,0.239
PUR000672,CUST04287,CAM005110,2025-12-07,968.2,0.11,861.7,Credit Card,Completed,0.332
PUR000673,CUST02023,CAM005876,2026-06-02,2484.65,0.0,2484.65,PayPal,Completed,0.424
PUR000674,CUST00115,CAM003459,2026-04-22,994.59,0.0,994.59,Apple Pay,Completed,0.262
PUR000675,CUST00314,CAM006912,2024-09-18,2292.33,0.0,2292.33,Debit Card,Completed,0.222
PUR000676,CUST02171,CAM003535,2025-04-06,123.31,0.0,123.31,Credit Card,Completed,0.379
PUR000677,CUST00976,CAM006906,2024-11-18,342.14,0.08,314.77,Apple Pay,Completed,0.254
PUR000678,CUST00916,CAM004289,2025-06-22,2602.77,0.0,2602.77,Credit Card,Completed,0.361
PUR000679,CUST01696,CAM007091,2026-05-02,76.99,0.13,66.98,Debit Card,Completed,0.324
PUR000680,CUST00456,CAM002877,2025-03-09,1462.9,0.0,1462.9,PayPal,Completed,0.284
PUR000681,CUST04100,CAM000385,2025-03-18,432.82,0.0,432.82,Credit Card,Completed,0.202
PUR000682,CUST00461,CAM000543,2024-10-29,444.37,0.22,346.61,Google Pay,Pending,0.433
PUR000683,CUST04299,CAM006941,2024-12-07,376.46,0.0,376.46,Apple Pay,Completed,0.367
PUR000684,CUST02725,CAM008325,2024-12-16,920.68,0.15,782.58,Credit Card,Completed,0.323
PUR000685,CUST04815,CAM007714,2024-09-09,82.29,0.0,82.29,Credit Card,Completed,0.326
PUR000686,CUST02812,CAM007297,2026-07-30,1656.09,0.0,1656.09,Credit Card,Completed,0.409
PUR000687,CUST00739,CAM004527,2025-07-27,229.38,0.0,229.38,Debit Card,Completed,0.215
PUR000688,CUST02951,CAM009891,2026-05-11,177.16,0.0,177.16,PayPal,Completed,0.414
PUR000689,CUST02657,CAM002524,2026-05-12,1085.53,0.0,1085.53,PayPal,Completed,0.228
PUR000690,CUST03605,CAM004962,2025-11-24,312.84,0.19,253.4,PayPal,Completed,0.429
PUR000691,CUST03521,CAM006722,2025-07-27,547.58,0.0,547.58,Apple Pay,Completed,0.311
PUR000692,CUST04726,CAM000480,2025-12-01,1069.53,0.0,1069.53,Credit Card,Completed,0.278
PUR000693,CUST04584,CAM008401,2024-09-18,1780.78,0.0,1780.78,Apple Pay,Completed,0.21
PUR000694,CUST03188,CAM000506,2026-07-16,428.54,0.0,428.54,Debit Card,Completed,0.422
PUR000695,CUST02204,CAM009021,2026-01-03,988.54,0.0,988.54,Apple Pay,Refunded,0.226
PUR000696,CUST00633,CAM005542,2026-04-08,867.94,0.0,867.94,Credit Card,Completed,0.348
PUR000697,CUST00347,CAM001462,2025-12-29,1113.9,0.0,1113.9,PayPal,Completed,0.355
PUR000698,CUST03901,CAM004962,2025-12-05,294.66,0.0,294.66,Apple Pay,Completed,0.281
PUR000699,CUST04876,CAM009863,2025-09-20,991.39,0.07,921.99,Google Pay,Completed,0.354
PUR000700,CUST02422,CAM000935,2026-05-11,1058.65,0.21,836.33,PayPal,Completed,0.421
PUR000701,CUST02918,CAM001256,2026-07-23,1196.1,0.18,980.8,PayPal,Completed,0.289
PUR000702,CUST00236,CAM000306,2026-04-08,2461.56,0.09,2240.02,Debit Card,Completed,0.439
PUR000703,CUST01107,CAM009230,2024-11-06,309.58,0.0,309.58,Credit Card,Completed,0.432
PUR000704,CUST00266,CAM004193,2024-11-28,272.79,0.24,207.32,Apple Pay,Completed,0.358
PUR000705,CUST04584,CAM002064,2026-04-16,686.71,0.0,686.71,Google Pay,Completed,0.311
PUR000706,CUST00220,CAM000134,2024-09-08,2611.87,0.0,2611.87,Credit Card,Pending,0.423
PUR000707,CUST00977,CAM006135,2026-05-02,479.92,0.0,479.92,Debit Card,Completed,0.41
PUR000708,CUST03238,CAM003361,2025-06-10,1917.57,0.19,1553.23,Apple Pay,Pending,0.33
PUR000709,CUST02283,CAM000304,2024-10-15,1073.18,0.15,912.2,Credit Card,Cancelled,0.351
PUR000710,CUST04669,CAM002017,2025-12-26,185.22,0.0,185.22,Google Pay,Completed,0.229
PUR000711,CUST00517,CAM007206,2025-05-18,476.42,0.01,471.66,Debit Card,Completed,0.329
PUR000712,CUST01256,CAM009412,2024-08-30,749.13,0.1,674.22,Debit Card,Pending,0.432
PUR000713,CUST00921,CAM004343,2026-06-03,60.6,0.0,60.6,Apple Pay,Completed,0.314
PUR000714,CUST03026,CAM006925,2025-09-22,1001.16,0.0,1001.16,Credit Card,Completed,0.411
PUR000715,CUST01131,CAM008666,2026-01-15,1036.7,0.0,1036.7,Debit Card,Completed,0.258
PUR000716,CUST00672,CAM001947,2026-03-06,339.98,0.21,268.58,PayPal,Completed,0.353
PUR000717,CUST04365,CAM000152,2026-09-08,101.75,0.0,101.75,Debit Card,Completed,0.422
PUR000718,CUST00508,CAM008223,2025-12-31,207.57,0.0,207.57,Apple Pay,Completed,0.323
PUR000719,CUST04250,CAM007070,2025-08-02,81.06,0.0,81.06,Apple Pay,Completed,0.32
PUR000720,CUST00212,CAM003067,2026-05-12,434.35,0.0,434.35,PayPal,Completed,0.37
PUR000721,CUST03043,CAM007707,2025-07-15,131.08,0.11,116.66,Credit Card,Completed,0.435
PUR000722,CUST01294,CAM008529,2025-07-12,804.15,0.0,804.15,Debit Card,Cancelled,0.209
PUR000723,CUST02225,CAM001124,2026-05-13,1171.06,0.23,901.72,PayPal,Completed,0.433
PUR000724,CUST01395,CAM009511,2025-05-20,757.66,0.0,757.66,PayPal,Pending,0.238
PUR000725,CUST00185,CAM008789,2025-09-04,179.33,0.0,179.33,Credit Card,Completed,0.351
PUR000726,CUST04681,CAM002320,2025-07-29,294.79,0.23,226.99,Google Pay,Completed,0.383
PUR000727,CUST03542,CAM001985,2025-05-25,1268.8,0.0,1268.8,Apple Pay,Completed,0.365
PUR000728,CUST00676,CAM006875,2024-12-28,342.65,0.0,342.65,Credit Card,Completed,0.427
PUR000729,CUST00507,CAM007214,2025-03-04,234.33,0.0,234.33,Credit Card,Completed,0.21
PUR000730,CUST04206,CAM004455,2025-10-13,246.37,0.0,246.37,Apple Pay,Completed,0.381
PUR000731,CUST01018,CAM002464,2025-07-11,728.59,0.0,728.59,Apple Pay,Completed,0.331
PUR000732,CUST04041,CAM003511,2024-11-25,136.41,0.0,136.41,Apple Pay,Completed,0.403
PUR000733,CUST02672,CAM000529,2025-03-10,525.18,0.19,425.4,PayPal,Completed,0.418
PUR000734,CUST00684,CAM001261,2026-03-07,1140.88,0.06,1072.43,Debit Card,Pending,0.231
PUR000735,CUST02169,CAM003943,2025-04-22,193.73,0.18,158.86,PayPal,Pending,0.262
PUR000736,CUST03046,CAM005836,2026-01-09,211.29,0.05,200.73,Apple Pay,Completed,0.333
PUR000737,CUST02085,CAM008497,2024-10-23,498.69,0.0,498.69,Debit Card,Refunded,0.221
PUR000738,CUST00951,CAM004380,2026-01-30,2137.24,0.2,1709.79,Google Pay,Completed,0.249
PUR000739,CUST03131,CAM006853,2024-11-28,696.55,0.0,696.55,Credit Card,Completed,0.261
PUR000740,CUST00855,CAM005263,2025-06-08,503.6,0.0,503.6,Debit Card,Completed,0.266
PUR000741,CUST04203,CAM000321,2025-08-17,4679.77,0.0,4679.77,Credit Card,Completed,0.441
PUR000742,CUST02701,CAM002849,2025-03-19,666.8,0.24,506.77,Credit Card,Completed,0.395
PUR000743,CUST01835,CAM002389,2025-07-13,140.33,0.18,115.07,PayPal,Completed,0.301
PUR000744,CUST03928,CAM009631,2026-03-25,726.28,0.01,719.02,Credit Card,Cancelled,0.355
PUR000745,CUST03250,CAM001970,2025-08-27,798.14,0.0,798.14,PayPal,Completed,0.224
PUR000746,CUST00031,CAM001515,2026-04-08,144.74,0.0,144.74,Debit Card,Completed,0.234
PUR000747,CUST03472,CAM001194,2024-10-24,131.18,0.0,131.18,PayPal,Completed,0.248
PUR000748,CUST02045,CAM009376,2025-05-10,1664.44,0.08,1531.28,Apple Pay,Cancelled,0.432
PUR000749,CUST04501,CAM007326,2026-08-29,308.63,0.0,308.63,PayPal,Pending,0.248
PUR000750,CUST00471,CAM008984,2026-06-14,1096.27,0.0,1096.27,Credit Card,Completed,0.332
PUR000751,CUST01621,CAM001101,2025-03-10,242.11,0.0,242.11,PayPal,Completed,0.303
PUR000752,CUST01668,CAM006700,2025-03-14,1081.47,0.0,1081.47,Credit Card,Completed,0.303
PUR000753,CUST04306,CAM002486,2026-01-04,381.65,0.05,362.57,Google Pay,Completed,0.28
PUR000754,CUST02982,CAM006041,2026-01-27,2147.55,0.0,2147.55,PayPal,Completed,0.386
PUR000755,CUST02555,CAM004201,2025-09-07,764.88,0.0,764.88,Apple Pay,Completed,0.232
PUR000756,CUST04527,CAM006728,2026-03-04,648.06,0.0,648.06,Credit Card,Completed,0.41
PUR000757,CUST03084,CAM006445,2024-12-14,639.46,0.05,607.49,Google Pay,Completed,0.398
PUR000758,CUST03080,CAM009861,2025-01-04,1426.34,0.0,1426.34,Apple Pay,Completed,0.414
PUR000759,CUST02482,CAM001297,2025-06-25,279.47,0.21,220.78,PayPal,Completed,0.426
PUR000760,CUST00539,CAM001755,2024-12-22,114.48,0.07,106.47,Debit Card,Completed,0.396
PUR000761,CUST04118,CAM005515,2025-07-08,273.43,0.0,273.43,PayPal,Pending,0.225
PUR000762,CUST02182,CAM009627,2024-12-04,699.39,0.0,699.39,Credit Card,Completed,0.213
PUR000763,CUST00788,CAM008131,2026-05-13,253.4,0.0,253.4,PayPal,Cancelled,0.416
PUR000764,CUST02248,CAM000631,2025-01-04,1705.74,0.0,1705.74,Debit Card,Completed,0.257
PUR000765,CUST02884,CAM004208,2024-12-16,209.66,0.0,209.66,PayPal,Completed,0.376
PUR000766,CUST01454,CAM004667,2025-11-23,223.65,0.08,205.76,Apple Pay,Completed,0.408
PUR000767,CUST04260,CAM004214,2025-11-19,1156.88,0.0,1156.88,PayPal,Completed,0.257
PUR000768,CUST00054,CAM001291,2025-02-21,381.43,0.15,324.22,Credit Card,Completed,0.305
PUR000769,CUST00954,CAM003309,2025-06-06,689.73,0.14,593.17,Credit Card,Completed,0.341
PUR000770,CUST04299,CAM001168,2026-08-21,630.68,0.0,630.68,Google Pay,Refunded,0.385
PUR000771,CUST00983,CAM008428,2025-09-05,864.08,0.0,864.08,Apple Pay,Cancelled,0.263
PUR000772,CUST02184,CAM005166,2025-07-28,1836.81,0.0,1836.81,Debit Card,Completed,0.239
PUR000773,CUST01971,CAM004857,2025-04-04,391.02,0.0,391.02,Credit Card,Completed,0.403
PUR000774,CUST00666,CAM004650,2026-05-10,338.69,0.08,311.59,Debit Card,Completed,0.432
PUR000775,CUST03325,CAM006915,2026-02-06,1027.93,0.0,1027.93,PayPal,Completed,0.372
PUR000776,CUST01595,CAM002490,2025-10-08,140.42,0.0,140.42,Debit Card,Completed,0.365
PUR000777,CUST00521,CAM004833,2026-05-28,697.9,0.0,697.9,Google Pay,Completed,0.339
PUR000778,CUST03945,CAM005381,2024-09-18,1755.04,0.0,1755.04,Apple Pay,Completed,0.284
PUR000779,CUST04091,CAM008032,2025-12-15,934.67,0.25,701.0,Credit Card,Completed,0.393
PUR000780,CUST04150,CAM001699,2026-05-23,1433.54,0.0,1433.54,Debit Card,Completed,0.251
PUR000781,CUST04767,CAM004413,2025-09-20,691.56,0.0,691.56,PayPal,Completed,0.286
PUR000782,CUST00295,CAM002670,2024-10-10,479.9,0.0,479.9,Apple Pay,Completed,0.334
PUR000783,CUST01546,CAM001438,2026-02-26,985.24,0.23,758.63,Debit Card,Completed,0.364
PUR000784,CUST02096,CAM007152,2025-08-31,1131.74,0.0,1131.74,Credit Card,Completed,0.239
PUR000785,CUST01856,CAM003264,2026-02-05,270.55,0.25,202.91,Credit Card,Completed,0.24
PUR000786,CUST04982,CAM001785,2024-11-01,298.59,0.0,298.59,Debit Card,Completed,0.26
PUR000787,CUST04483,CAM005395,2024-12-15,1620.78,0.0,1620.78,PayPal,Pending,0.306
PUR000788,CUST01376,CAM002621,2024-09-25,982.54,0.18,805.68,PayPal,Completed,0.44
PUR000789,CUST02505,CAM001113,2024-12-07,85.35,0.24,64.87,Debit Card,Completed,0.209
PUR000790,CUST02498,CAM005511,2025-11-06,892.8,0.0,892.8,Credit Card,Completed,0.336
PUR000791,CUST00164,CAM001698,2026-01-07,696.8,0.23,536.54,Apple Pay,Completed,0.352
PUR000792,CUST01685,CAM005839,2026-04-11,1116.06,0.0,1116.06,Apple Pay,Completed,0.273
PUR000793,CUST00028,CAM003737,2026-04-27,244.01,0.0,244.01,Apple Pay,Completed,0.259
PUR000794,CUST01305,CAM005005,2026-08-17,1459.03,0.0,1459.03,PayPal,Pending,0.386
PUR000795,CUST04237,CAM000641,2026-10-13,372.42,0.0,372.42,PayPal,Completed,0.297
PUR000796,CUST04338,CAM007255,2025-10-10,452.17,0.04,434.08,Apple Pay,Completed,0.444
PUR000797,CUST01405,CAM004763,2025-03-04,376.66,0.07,350.29,Credit Card,Completed,0.326
PUR000798,CUST00744,CAM001030,2026-01-17,478.75,0.04,459.6,Debit Card,Completed,0.296
PUR000799,CUST03703,CAM004150,2025-03-23,532.51,0.15,452.63,Apple Pay,Completed,0.3
PUR000800,CUST00847,CAM002518,2025-08-19,215.7,0.0,215.7,Google Pay,Completed,0.393
PUR000801,CUST01693,CAM001419,2026-04-03,2173.28,0.0,2173.28,Credit Card,Completed,0.228
PUR000802,CUST01705,CAM009649,2025-04-22,166.13,0.01,164.47,Debit Card,Completed,0.319
PUR000803,CUST03829,CAM002555,2025-11-20,1238.17,0.0,1238.17,Credit Card,Completed,0.351
PUR000804,CUST00420,CAM000365,2026-06-28,1058.47,0.0,1058.47,PayPal,Completed,0.221
PUR000805,CUST04966,CAM001260,2026-01-07,274.18,0.0,274.18,Debit Card,Pending,0.346
PUR000806,CUST00295,CAM006556,2024-11-10,1715.46,0.2,1372.37,PayPal,Pending,0.26
PUR000807,CUST04389,CAM000193,2025-07-18,2002.01,0.23,1541.55,Debit Card,Completed,0.43
PUR000808,CUST02206,CAM009943,2026-07-27,1183.95,0.21,935.32,PayPal,Completed,0.374
PUR000809,CUST02095,CAM005627,2024-11-19,1299.27,0.0,1299.27,Google Pay,Completed,0.238
PUR000810,CUST03976,CAM009158,2025-01-24,1249.58,0.0,1249.58,Credit Card,Completed,0.408
PUR000811,CUST04911,CAM004894,2025-12-14,1368.42,0.24,1040.0,Google Pay,Completed,0.389
PUR000812,CUST03032,CAM006264,2025-03-04,149.82,0.0,149.82,Credit Card,Completed,0.401
PUR000813,CUST00092,CAM008305,2026-07-17,830.75,0.0,830.75,Debit Card,Completed,0.354
PUR000814,CUST04150,CAM001560,2025-04-08,1036.51,0.0,1036.51,Debit Card,Completed,0.227
PUR000815,CUST01018,CAM001463,2025-11-18,754.95,0.19,611.51,Credit Card,Completed,0.403
PUR000816,CUST01323,CAM002125,2025-10-29,635.38,0.04,609.96,PayPal,Completed,0.281
PUR000817,CUST03219,CAM008509,2026-03-19,1106.03,0.0,1106.03,Google Pay,Completed,0.401
PUR000818,CUST02660,CAM001847,2025-01-12,1976.59,0.07,1838.23,Debit Card,Completed,0.38
PUR000819,CUST03213,CAM003298,2025-10-07,460.9,0.0,460.9,PayPal,Completed,0.436
PUR000820,CUST04101,CAM005862,2025-12-23,753.92,0.0,753.92,Credit Card,Cancelled,0.398
PUR000821,CUST01881,CAM005597,2026-05-04,125.43,0.0,125.43,Credit Card,Completed,0.39
PUR000822,CUST04641,CAM004544,2024-12-09,1434.42,0.17,1190.57,Apple Pay,Completed,0.276
PUR000823,CUST02593,CAM003796,2026-01-11,446.95,0.0,446.95,Apple Pay,Completed,0.38
PUR000824,CUST00519,CAM008452,2025-06-10,451.89,0.0,451.89,Debit Card,Completed,0.322
PUR000825,CUST02592,CAM004296,2026-05-22,455.94,0.21,360.19,PayPal,Cancelled,0.415
PUR000826,CUST01131,CAM002169,2025-05-07,1276.48,0.0,1276.48,Credit Card,Refunded,0.291
PUR000827,CUST04296,CAM002633,2025-07-25,2247.05,0.0,2247.05,Apple Pay,Completed,0.251
PUR000828,CUST01690,CAM004663,2025-04-06,501.58,0.24,381.2,Credit Card,Completed,0.209
PUR000829,CUST00493,CAM006008,2026-06-03,1218.45,0.0,1218.45,Debit Card,Completed,0.331
PUR000830,CUST00785,CAM001235,2026-04-23,174.01,0.0,174.01,Credit Card,Completed,0.436
PUR000831,CUST02643,CAM005366,2026-08-31,298.15,0.0,298.15,PayPal,Completed,0.263
PUR000832,CUST01997,CAM004256,2025-07-17,77.08,0.0,77.08,Credit Card,Completed,0.372
PUR000833,CUST03394,CAM002492,2026-08-15,686.82,0.0,686.82,PayPal,Completed,0.25
PUR000834,CUST04815,CAM005076,2025-09-09,1078.91,0.0,1078.91,Apple Pay,Completed,0.246
PUR000835,CUST03169,CAM008184,2026-02-23,172.87,0.08,159.04,Debit Card,Completed,0.433
PUR000836,CUST01669,CAM002163,2025-06-20,223.27,0.03,216.57,Debit Card,Completed,0.393
PUR000837,CUST03110,CAM006007,2025-11-05,64.65,0.01,64.0,Debit Card,Completed,0.369
PUR000838,CUST03504,CAM007220,2024-12-30,709.94,0.18,582.15,Debit Card,Completed,0.419
PUR000839,CUST00622,CAM008750,2025-05-03,335.49,0.0,335.49,Apple Pay,Completed,0.427
PUR000840,CUST04716,CAM000645,2025-02-24,549.34,0.0,549.34,PayPal,Completed,0.298
PUR000841,CUST01454,CAM008224,2025-06-13,1835.35,0.03,1780.29,Credit Card,Refunded,0.314
PUR000842,CUST03682,CAM003645,2025-11-27,306.25,0.0,306.25,Apple Pay,Completed,0.235
PUR000843,CUST01173,CAM004453,2026-06-14,186.37,0.0,186.37,PayPal,Completed,0.276
PUR000844,CUST03861,CAM003241,2025-04-13,183.96,0.11,163.72,Debit Card,Completed,0.245
PUR000845,CUST03835,CAM007879,2025-09-25,553.77,0.0,553.77,PayPal,Completed,0.38
PUR000846,CUST01681,CAM002873,2025-12-05,344.13,0.0,344.13,Google Pay,Pending,0.361
PUR000847,CUST03044,CAM004637,2026-02-07,452.94,0.0,452.94,Apple Pay,Pending,0.436
PUR000848,CUST00476,CAM002622,2025-05-03,255.92,0.0,255.92,Debit Card,Pending,0.299
PUR000849,CUST01338,CAM003450,2025-08-04,811.15,0.0,811.15,Apple Pay,Completed,0.362
PUR000850,CUST03628,CAM002072,2025-05-19,1120.56,0.0,1120.56,Apple Pay,Completed,0.426
PUR000851,CUST01701,CAM003748,2025-09-08,2485.16,0.0,2485.16,Google Pay,Completed,0.315
PUR000852,CUST03369,CAM005382,2026-06-07,1104.13,0.09,1004.76,Credit Card,Completed,0.328
PUR000853,CUST02933,CAM001780,2025-04-30,1015.96,0.0,1015.96,Credit Card,Completed,0.326
PUR000854,CUST02660,CAM008058,2024-10-31,1161.92,0.22,906.3,Debit Card,Completed,0.363
PUR000855,CUST04619,CAM000568,2026-05-03,435.19,0.22,339.45,Credit Card,Completed,0.337
PUR000856,CUST04750,CAM009987,2026-02-11,1293.0,0.0,1293.0,Credit Card,Completed,0.299
PUR000857,CUST00903,CAM008409,2026-03-07,585.51,0.15,497.68,Credit Card,Completed,0.388
PUR000858,CUST00536,CAM004641,2024-10-13,189.31,0.0,189.31,Credit Card,Completed,0.354
PUR000859,CUST01888,CAM009843,2025-03-17,1076.43,0.0,1076.43,PayPal,Completed,0.274
PUR000860,CUST01478,CAM007266,2026-08-12,966.65,0.24,734.65,Credit Card,Completed,0.398
PUR000861,CUST04443,CAM002797,2025-03-09,80.86,0.0,80.86,Apple Pay,Completed,0.285
PUR000862,CUST03415,CAM000200,2025-12-27,1027.85,0.0,1027.85,Credit Card,Pending,0.279
PUR000863,CUST03627,CAM001203,2026-01-16,873.23,0.02,855.77,Credit Card,Completed,0.273
PUR000864,CUST03070,CAM008050,2025-09-07,147.98,0.09,134.66,Apple Pay,Completed,0.346
PUR000865,CUST01034,CAM000740,2025-08-21,97.04,0.0,97.04,Debit Card,Completed,0.222
PUR000866,CUST03043,CAM002852,2026-05-05,938.86,0.17,779.25,Credit Card,Completed,0.361
PUR000867,CUST01379,CAM002148,2024-12-17,3979.5,0.09,3621.34,Apple Pay,Completed,0.447
PUR000868,CUST04750,CAM000782,2025-08-26,636.86,0.0,636.86,PayPal,Completed,0.351
PUR000869,CUST00344,CAM000695,2024-11-20,513.2,0.01,508.07,Credit Card,Completed,0.318
PUR000870,CUST04775,CAM001150,2025-03-15,178.53,0.0,178.53,PayPal,Completed,0.327
PUR000871,CUST03940,CAM008818,2025-08-30,1688.08,0.0,1688.08,PayPal,Pending,0.324
PUR000872,CUST04135,CAM003999,2026-04-24,681.07,0.0,681.07,Credit Card,Completed,0.438
PUR000873,CUST02035,CAM003343,2025-11-30,106.2,0.13,92.39,Debit Card,Completed,0.328
PUR000874,CUST00630,CAM007396,2025-05-16,349.0,0.06,328.06,Google Pay,Completed,0.397
PUR000875,CUST01129,CAM004860,2026-04-15,290.67,0.0,290.67,Google Pay,Completed,0.446
PUR000876,CUST04307,CAM006884,2025-10-24,641.82,0.1,577.64,Debit Card,Completed,0.401
PUR000877,CUST02140,CAM002316,2026-07-03,777.99,0.0,777.99,Credit Card,Refunded,0.205
PUR000878,CUST02189,CAM000215,2025-10-06,1350.98,0.17,1121.31,Apple Pay,Cancelled,0.279
PUR000879,CUST02663,CAM005074,2025-09-26,470.45,0.0,470.45,Google Pay,Completed,0.36
PUR000880,CUST04097,CAM005575,2026-08-23,354.89,0.05,337.15,Debit Card,Completed,0.329
PUR000881,CUST03426,CAM006497,2025-09-28,453.45,0.0,453.45,Debit Card,Completed,0.206
PUR000882,CUST01561,CAM008200,2025-06-02,390.32,0.1,351.29,Credit Card,Completed,0.365
PUR000883,CUST01593,CAM007691,2026-01-29,446.46,0.1,401.81,Credit Card,Completed,0.368
PUR000884,CUST04569,CAM004981,2025-04-20,1443.88,0.0,1443.88,Credit Card,Completed,0.204
PUR000885,CUST03678,CAM000733,2024-10-02,326.52,0.0,326.52,PayPal,Completed,0.442
PUR000886,CUST04115,CAM002022,2025-04-27,421.29,0.0,421.29,Debit Card,Completed,0.328
PUR000887,CUST03111,CAM003928,2026-10-21,1607.55,0.0,1607.55,PayPal,Completed,0.368
PUR000888,CUST03206,CAM009322,2026-05-01,410.08,0.0,410.08,Credit Card,Cancelled,0.249
PUR000889,CUST02884,CAM009260,2024-12-08,715.51,0.0,715.51,Debit Card,Pending,0.268
PUR000890,CUST00924,CAM006819,2026-06-04,9390.21,0.23,7230.46,PayPal,Refunded,0.336
PUR000891,CUST03851,CAM000893,2024-12-01,292.1,0.13,254.13,Credit Card,Completed,0.378
PUR000892,CUST04355,CAM009347,2025-10-14,175.91,0.0,175.91,Credit Card,Completed,0.34
PUR000893,CUST03956,CAM007394,2025-11-03,167.89,0.19,135.99,Apple Pay,Completed,0.206
PUR000894,CUST02514,CAM002720,2026-03-21,1882.79,0.0,1882.79,Debit Card,Completed,0.319
PUR000895,CUST02688,CAM007729,2026-03-05,208.44,0.25,156.33,Credit Card,Pending,0.261
PUR000896,CUST03656,CAM008114,2025-07-19,1601.22,0.0,1601.22,PayPal,Completed,0.361
PUR000897,CUST04869,CAM000558,2026-07-07,1976.76,0.0,1976.76,Credit Card,Completed,0.292
PUR000898,CUST02807,CAM006665,2026-07-12,393.32,0.0,393.32,Debit Card,Completed,0.252
PUR000899,CUST02995,CAM000891,2026-06-13,794.64,0.0,794.64,PayPal,Cancelled,0.254
PUR000900,CUST03569,CAM003675,2025-01-20,134.85,0.05,128.11,Apple Pay,Completed,0.382
PUR000901,CUST00484,CAM007188,2025-11-30,5082.49,0.14,4370.94,Debit Card,Cancelled,0.428
PUR000902,CUST03149,CAM005778,2025-03-09,238.64,0.0,238.64,Debit Card,Refunded,0.231
PUR000903,CUST01046,CAM000291,2024-10-04,58.09,0.0,58.09,Credit Card,Completed,0.45
PUR000904,CUST04184,CAM008940,2026-03-04,344.33,0.0,344.33,Apple Pay,Completed,0.25
PUR000905,CUST00386,CAM008368,2025-05-23,434.07,0.0,434.07,PayPal,Completed,0.263
PUR000906,CUST00829,CAM003468,2024-10-02,699.12,0.15,594.25,Debit Card,Completed,0.323
PUR000907,CUST02836,CAM007166,2024-10-16,674.33,0.24,512.49,Google Pay,Completed,0.411
PUR000908,CUST02352,CAM003876,2025-08-22,1962.1,0.0,1962.1,Google Pay,Pending,0.34
PUR000909,CUST01622,CAM002906,2025-02-27,79.58,0.0,79.58,Apple Pay,Completed,0.377
PUR000910,CUST02179,CAM002469,2025-06-16,1925.95,0.0,1925.95,Apple Pay,Completed,0.361
PUR000911,CUST03826,CAM007609,2026-01-15,431.99,0.13,375.83,Debit Card,Completed,0.307
PUR000912,CUST04836,CAM006035,2025-07-04,303.33,0.0,303.33,Apple Pay,Completed,0.368
PUR000913,CUST00026,CAM009850,2025-08-28,433.48,0.0,433.48,Debit Card,Cancelled,0.203
PUR000914,CUST01495,CAM006229,2025-02-16,125.27,0.16,105.23,Apple Pay,Completed,0.316
PUR000915,CUST02563,CAM001356,2025-04-23,380.24,0.0,380.24,Credit Card,Completed,0.257
PUR000916,CUST00736,CAM006541,2025-02-03,820.2,0.0,820.2,Google Pay,Completed,0.222
PUR000917,CUST01685,CAM001279,2025-04-09,3592.29,0.0,3592.29,Debit Card,Completed,0.324
PUR000918,CUST00155,CAM006118,2025-02-26,504.5,0.06,474.23,Debit Card,Completed,0.445
PUR000919,CUST04832,CAM004136,2025-03-19,148.08,0.0,148.08,PayPal,Cancelled,0.284
PUR000920,CUST03510,CAM002196,2025-05-24,793.06,0.01,785.13,Credit Card,Completed,0.263
PUR000921,CUST03342,CAM007482,2025-10-24,1462.51,0.0,1462.51,Apple Pay,Completed,0.37
PUR000922,CUST04970,CAM002301,2025-12-06,1806.31,0.0,1806.31,Debit Card,Completed,0.317
PUR000923,CUST04628,CAM003952,2025-09-23,2186.57,0.0,2186.57,Debit Card,Completed,0.319
PUR000924,CUST02480,CAM004856,2025-12-08,200.73,0.11,178.65,PayPal,Completed,0.298
PUR000925,CUST04589,CAM001244,2026-07-28,46.28,0.0,46.28,Credit Card,Completed,0.319
PUR000926,CUST02125,CAM008602,2026-05-26,2820.02,0.0,2820.02,Debit Card,Completed,0.294
PUR000927,CUST03196,CAM004904,2026-04-16,501.92,0.0,501.92,Credit Card,Completed,0.386
PUR000928,CUST04934,CAM006679,2024-12-24,637.38,0.21,503.53,Google Pay,Completed,0.361
PUR000929,CUST03647,CAM004736,2026-01-07,1160.19,0.0,1160.19,Google Pay,Completed,0.356
PUR000930,CUST01571,CAM005387,2026-08-20,555.89,0.0,555.89,Apple Pay,Completed,0.318
PUR000931,CUST03361,CAM006066,2024-11-30,57.21,0.0,57.21,Apple Pay,Completed,0.393
PUR000932,CUST01666,CAM008308,2026-06-19,733.02,0.0,733.02,PayPal,Completed,0.232
PUR000933,CUST03750,CAM000987,2025-10-26,1338.34,0.0,1338.34,Debit Card,Pending,0.221
PUR000934,CUST03405,CAM006806,2025-08-10,3548.48,0.08,3264.6,Debit Card,Completed,0.445
PUR000935,CUST00427,CAM009230,2024-10-12,1150.2,0.11,1023.68,Debit Card,Completed,0.367
PUR000936,CUST04958,CAM007147,2024-09-30,739.14,0.0,739.14,Apple Pay,Completed,0.336
PUR000937,CUST00767,CAM002476,2025-01-27,1703.72,0.18,1397.05,Google Pay,Completed,0.427
PUR000938,CUST01545,CAM009768,2026-01-28,621.56,0.0,621.56,Credit Card,Completed,0.306
PUR000939,CUST04014,CAM002508,2025-05-04,587.17,0.2,469.74,Debit Card,Completed,0.353
PUR000940,CUST01771,CAM003306,2024-09-23,237.61,0.0,237.61,Credit Card,Completed,0.426
PUR000941,CUST02175,CAM004837,2026-02-22,321.03,0.0,321.03,Credit Card,Completed,0.318
PUR000942,CUST01581,CAM006224,2024-11-28,1350.41,0.0,1350.41,Apple Pay,Cancelled,0.417
PUR000943,CUST00009,CAM003778,2025-02-16,855.57,0.23,658.79,Credit Card,Completed,0.348
PUR000944,CUST03160,CAM000531,2024-10-04,509.49,0.0,509.49,Credit Card,Pending,0.423
PUR000945,CUST00967,CAM001292,2025-01-02,2059.59,0.19,1668.27,Debit Card,Completed,0.357
PUR000946,CUST01431,CAM009700,2024-11-19,132.87,0.2,106.3,PayPal,Completed,0.238
PUR000947,CUST03976,CAM007868,2025-10-12,464.79,0.0,464.79,Credit Card,Completed,0.334
PUR000948,CUST01372,CAM004753,2025-06-28,603.78,0.0,603.78,Credit Card,Pending,0.238
PUR000949,CUST00402,CAM006417,2024-12-16,1012.82,0.13,881.15,Credit Card,Pending,0.433
PUR000950,CUST03117,CAM003410,2026-07-14,386.27,0.0,386.27,Debit Card,Cancelled,0.382
PUR000951,CUST04766,CAM008349,2025-12-20,81.29,0.13,70.72,Debit Card,Completed,0.204
PUR000952,CUST02606,CAM006968,2024-09-15,686.61,0.0,686.61,PayPal,Completed,0.274
PUR000953,CUST00239,CAM004830,2025-09-04,315.98,0.01,312.82,Credit Card,Pending,0.404
PUR000954,CUST02673,CAM001399,2026-07-14,767.22,0.0,767.22,PayPal,Completed,0.209
PUR000955,CUST00178,CAM000263,2026-01-23,378.8,0.0,378.8,Apple Pay,Completed,0.217
PUR000956,CUST01254,CAM008082,2024-11-20,608.7,0.08,560.0,Debit Card,Completed,0.376
PUR000957,CUST02676,CAM006793,2024-11-28,609.15,0.0,609.15,Debit Card,Completed,0.417
PUR000958,CUST00208,CAM005715,2025-04-21,946.15,0.0,946.15,PayPal,Completed,0.226
PUR000959,CUST03063,CAM007386,2025-09-28,1006.64,0.0,1006.64,Credit Card,Completed,0.3
PUR000960,CUST02885,CAM005817,2026-09-07,376.3,0.0,376.3,PayPal,Completed,0.202
PUR000961,CUST00949,CAM009416,2024-12-02,649.05,0.0,649.05,Google Pay,Completed,0.358
PUR000962,CUST04234,CAM002939,2025-01-18,1462.74,0.0,1462.74,Apple Pay,Completed,0.448
PUR000963,CUST02364,CAM005508,2026-01-25,173.95,0.0,173.95,Debit Card,Completed,0.348
PUR000964,CUST03193,CAM004912,2024-10-02,430.96,0.0,430.96,Credit Card,Completed,0.428
PUR000965,CUST02029,CAM002055,2026-01-22,1816.02,0.0,1816.02,Credit Card,Completed,0.297
PUR000966,CUST02561,CAM009301,2025-09-11,366.9,0.0,366.9,Credit Card,Completed,0.276
PUR000967,CUST03570,CAM000557,2025-12-07,1365.73,0.0,1365.73,Debit Card,Completed,0.44
PUR000968,CUST02220,CAM007564,2026-05-08,502.15,0.0,502.15,Debit Card,Completed,0.372
PUR000969,CUST02353,CAM004549,2024-09-30,591.7,0.22,461.53,Debit Card,Refunded,0.308
PUR000970,CUST02701,CAM004433,2026-05-21,293.22,0.0,293.22,PayPal,Completed,0.363
PUR000971,CUST01286,CAM000700,2025-01-03,386.29,0.06,363.11,Apple Pay,Pending,0.354
PUR000972,CUST00936,CAM002820,2025-04-23,878.99,0.0,878.99,Credit Card,Completed,0.257
PUR000973,CUST04239,CAM003054,2024-12-15,192.59,0.0,192.59,Credit Card,Completed,0.233
PUR000974,CUST00654,CAM000224,2026-05-20,503.88,0.18,413.18,Credit Card,Completed,0.272
PUR000975,CUST04703,CAM007638,2024-11-24,279.57,0.17,232.04,Credit Card,Cancelled,0.267
PUR000976,CUST04262,CAM001645,2026-08-11,1419.58,0.15,1206.64,PayPal,Completed,0.252
PUR000977,CUST03889,CAM004820,2025-03-08,197.5,0.0,197.5,PayPal,Completed,0.364
PUR000978,CUST00086,CAM008314,2025-05-17,522.48,0.0,522.48,Debit Card,Completed,0.239
PUR000979,CUST03227,CAM001807,2025-01-09,2331.36,0.0,2331.36,Credit Card,Completed,0.361
PUR000980,CUST00579,CAM009492,2026-04-14,670.75,0.0,670.75,Credit Card,Completed,0.387
PUR000981,CUST03979,CAM002006,2026-01-23,385.09,0.0,385.09,PayPal,Completed,0.258
PUR000982,CUST04497,CAM008626,2026-02-06,50.51,0.0,50.51,PayPal,Completed,0.205
PUR000983,CUST03491,CAM006450,2026-03-29,1096.86,0.0,1096.86,Credit Card,Completed,0.394
PUR000984,CUST02978,CAM006445,2024-12-11,699.8,0.0,699.8,Credit Card,Completed,0.381
PUR000985,CUST03331,CAM001334,2025-02-13,487.59,0.0,487.59,Google Pay,Pending,0.331
PUR000986,CUST01134,CAM001210,2026-01-02,182.64,0.0,182.64,Apple Pay,Completed,0.319
PUR000987,CUST04281,CAM004678,2025-10-02,1032.27,0.0,1032.27,Google Pay,Completed,0.323
PUR000988,CUST04294,CAM001036,2025-08-05,201.56,0.0,201.56,PayPal,Refunded,0.285
PUR000989,CUST00523,CAM005026,2026-04-13,44.2,0.0,44.2,Google Pay,Completed,0.385
PUR000990,CUST01227,CAM008333,2025-07-07,1347.92,0.0,1347.92,PayPal,Completed,0.374
PUR000991,CUST00270,CAM002813,2026-08-10,301.88,0.02,295.84,Credit Card,Completed,0.329
PUR000992,CUST02943,CAM007908,2026-02-06,2384.08,0.0,2384.08,Credit Card,Completed,0.308
PUR000993,CUST04044,CAM002913,2024-09-23,448.01,0.02,439.05,Credit Card,Completed,0.349
PUR000994,CUST01622,CAM000252,2025-12-20,367.58,0.0,367.58,Credit Card,Completed,0.208
PUR000995,CUST01478,CAM005830,2026-01-29,1276.24,0.0,1276.24,Credit Card,Completed,0.365
PUR000996,CUST01554,CAM003176,2025-02-12,611.07,0.0,611.07,Google Pay,Completed,0.265
PUR000997,CUST02744,CAM001851,2025-06-23,1166.26,0.19,944.67,Debit Card,Pending,0.241
PUR000998,CUST00744,CAM005748,2026-09-04,454.84,0.17,377.52,Credit Card,Pending,0.421
PUR000999,CUST01580,CAM007051,2026-09-07,887.68,0.1,798.91,Credit Card,Completed,0.211
PUR001000,CUST04359,CAM006788,2026-07-05,877.98,0.0,877.98,Apple Pay,Completed,0.388
PUR001001,CUST02594,CAM008911,2025-11-02,1624.44,0.14,1397.02,PayPal,Pending,0.369
PUR001002,CUST01784,CAM005090,2025-09-27,409.42,0.0,409.42,Google Pay,Completed,0.438
PUR001003,CUST03509,CAM000419,2026-08-07,670.55,0.0,670.55,Debit Card,Completed,0.377
PUR001004,CUST02454,CAM001890,2024-12-01,906.86,0.16,761.76,Google Pay,Completed,0.344
PUR001005,CUST03475,CAM009251,2024-09-18,1697.94,0.0,1697.94,Apple Pay,Completed,0.335
PUR001006,CUST04338,CAM001305,2024-09-21,419.5,0.09,381.75,PayPal,Completed,0.415
PUR001007,CUST04077,CAM000331,2025-04-14,265.08,0.23,204.11,Google Pay,Completed,0.399
PUR001008,CUST00061,CAM005447,2025-12-01,578.69,0.0,578.69,PayPal,Completed,0.298
PUR001009,CUST04532,CAM005573,2024-09-29,211.81,0.0,211.81,PayPal,Pending,0.383
PUR001010,CUST04950,CAM002698,2025-06-07,728.89,0.2,583.11,Credit Card,Pending,0.33
PUR001011,CUST02338,CAM008606,2026-08-10,1090.42,0.0,1090.42,Debit Card,Completed,0.31
PUR001012,CUST03734,CAM002025,2024-09-16,564.25,0.11,502.18,Debit Card,Pending,0.386
PUR001013,CUST04750,CAM009408,2026-08-03,653.38,0.0,653.38,Apple Pay,Completed,0.229
PUR001014,CUST01010,CAM000844,2026-07-19,201.61,0.2,161.29,Credit Card,Completed,0.292
PUR001015,CUST02085,CAM008315,2026-02-24,1019.68,0.21,805.55,Debit Card,Completed,0.345
PUR001016,CUST01118,CAM000651,2025-12-23,949.15,0.08,873.22,Google Pay,Completed,0.35
PUR001017,CUST04890,CAM006421,2026-07-31,247.97,0.0,247.97,Debit Card,Completed,0.259
PUR001018,CUST02682,CAM009197,2026-07-04,1300.37,0.16,1092.31,Credit Card,Pending,0.282
PUR001019,CUST02449,CAM009418,2026-02-05,1768.11,0.0,1768.11,Debit Card,Completed,0.23
PUR001020,CUST04568,CAM009980,2025-01-29,147.53,0.01,146.05,Google Pay,Completed,0.307
PUR001021,CUST00493,CAM004892,2025-01-14,882.24,0.0,882.24,Credit Card,Completed,0.399
PUR001022,CUST03047,CAM001097,2026-01-20,149.15,0.0,149.15,Debit Card,Completed,0.205
PUR001023,CUST02515,CAM005869,2024-10-26,170.86,0.24,129.85,Debit Card,Pending,0.338
PUR001024,CUST03589,CAM008977,2026-04-11,4517.99,0.0,4517.99,Credit Card,Pending,0.336
PUR001025,CUST01691,CAM002475,2024-11-23,827.52,0.0,827.52,Credit Card,Completed,0.341
PUR001026,CUST00558,CAM001375,2026-07-11,180.52,0.0,180.52,Credit Card,Completed,0.374
PUR001027,CUST04471,CAM006335,2024-11-06,163.18,0.15,138.7,Google Pay,Completed,0.256
PUR001028,CUST04273,CAM002511,2026-07-19,219.86,0.0,219.86,Debit Card,Completed,0.337
PUR001029,CUST00573,CAM000232,2025-02-28,988.59,0.13,860.07,Credit Card,Completed,0.41
PUR001030,CUST03664,CAM006651,2026-04-04,799.24,0.0,799.24,Credit Card,Completed,0.436
PUR001031,CUST01565,CAM004399,2026-02-09,505.33,0.0,505.33,Credit Card,Completed,0.278
PUR001032,CUST00890,CAM008590,2026-03-06,262.45,0.22,204.71,Debit Card,Completed,0.309
PUR001033,CUST04218,CAM005958,2024-10-26,595.66,0.03,577.79,Google Pay,Completed,0.347
PUR001034,CUST03855,CAM004262,2025-11-26,102.0,0.0,102.0,Debit Card,Completed,0.235
PUR001035,CUST01081,CAM005757,2026-04-01,527.45,0.22,411.41,Credit Card,Completed,0.306
PUR001036,CUST03781,CAM006044,2025-08-10,3131.71,0.0,3131.71,Debit Card,Completed,0.278
PUR001037,CUST04956,CAM004424,2026-07-11,163.38,0.11,145.41,Credit Card,Completed,0.42
PUR001038,CUST02109,CAM008393,2025-12-07,419.98,0.0,419.98,Credit Card,Completed,0.225
PUR001039,CUST04124,CAM006759,2025-03-28,109.1,0.0,109.1,Debit Card,Completed,0.265
PUR001040,CUST04715,CAM005265,2025-08-07,861.16,0.0,861.16,Debit Card,Completed,0.282
PUR001041,CUST04052,CAM001294,2024-12-28,332.68,0.0,332.68,Apple Pay,Completed,0.274
PUR001042,CUST02734,CAM002212,2026-06-25,1479.88,0.0,1479.88,Debit Card,Pending,0.267
PUR001043,CUST01387,CAM005184,2026-04-16,283.22,0.12,249.23,Apple Pay,Completed,0.22
PUR001044,CUST03133,CAM003334,2026-07-01,734.16,0.0,734.16,Credit Card,Pending,0.335
PUR001045,CUST01105,CAM004047,2025-11-24,978.97,0.1,881.07,Debit Card,Completed,0.241
PUR001046,CUST02023,CAM003408,2024-10-07,2179.23,0.1,1961.31,Credit Card,Completed,0.441
PUR001047,CUST02456,CAM001108,2025-02-14,704.75,0.0,704.75,Apple Pay,Pending,0.24
PUR001048,CUST01696,CAM003323,2025-06-25,65.19,0.19,52.8,Debit Card,Completed,0.377
PUR001049,CUST04281,CAM006864,2025-03-21,1516.64,0.0,1516.64,Google Pay,Completed,0.224
PUR001050,CUST00589,CAM007843,2025-08-09,683.67,0.0,683.67,PayPal,Completed,0.408
PUR001051,CUST00599,CAM008105,2025-03-04,76.9,0.0,76.9,Credit Card,Pending,0.342
PUR001052,CUST03556,CAM008414,2025-05-04,194.33,0.08,178.78,Credit Card,Pending,0.304
PUR001053,CUST01256,CAM008695,2024-11-08,1324.65,0.12,1165.69,Apple Pay,Pending,0.33
PUR001054,CUST03624,CAM003637,2024-12-18,981.32,0.12,863.56,Credit Card,Completed,0.385
PUR001055,CUST02556,CAM002412,2025-10-15,904.71,0.0,904.71,Apple Pay,Completed,0.274
PUR001056,CUST04372,CAM007978,2024-12-12,1785.9,0.21,1410.86,Credit Card,Completed,0.423
PUR001057,CUST03175,CAM009385,2025-08-16,754.33,0.05,716.61,Debit Card,Completed,0.429
PUR001058,CUST00690,CAM005490,2025-04-07,393.54,0.1,354.19,Credit Card,Completed,0.236
PUR001059,CUST03491,CAM000225,2026-05-14,2615.77,0.21,2066.46,Debit Card,Completed,0.267
PUR001060,CUST00484,CAM003499,2026-07-06,1867.47,0.22,1456.63,Google Pay,Cancelled,0.293
PUR001061,CUST01489,CAM008581,2026-05-09,2162.12,0.0,2162.12,PayPal,Completed,0.284
PUR001062,CUST00714,CAM002308,2025-02-19,486.24,0.04,466.79,Credit Card,Completed,0.271
PUR001063,CUST04076,CAM001176,2024-10-18,489.05,0.0,489.05,PayPal,Completed,0.432
PUR001064,CUST01296,CAM003320,2025-09-27,577.23,0.03,559.91,Google Pay,Completed,0.365
PUR001065,CUST01667,CAM003797,2025-03-01,354.04,0.0,354.04,PayPal,Completed,0.252
PUR001066,CUST02023,CAM000759,2026-03-26,493.9,0.0,493.9,Credit Card,Completed,0.443
PUR001067,CUST00962,CAM008218,2025-03-18,71.39,0.0,71.39,Debit Card,Completed,0.312
PUR001068,CUST03539,CAM006233,2024-12-22,889.59,0.11,791.74,Debit Card,Cancelled,0.21
PUR001069,CUST00806,CAM008931,2024-12-22,772.49,0.0,772.49,Apple Pay,Pending,0.427
PUR001070,CUST02553,CAM006950,2025-01-18,924.76,0.0,924.76,PayPal,Pending,0.439
PUR001071,CUST02576,CAM007993,2026-03-14,174.62,0.24,132.71,PayPal,Completed,0.383
PUR001072,CUST03702,CAM006601,2025-04-09,348.56,0.0,348.56,Credit Card,Completed,0.418
PUR001073,CUST01116,CAM004722,2025-09-05,641.99,0.25,481.49,PayPal,Completed,0.24
PUR001074,CUST03577,CAM007035,2025-02-14,549.85,0.0,549.85,PayPal,Completed,0.389
PUR001075,CUST01545,CAM009229,2024-12-19,445.77,0.0,445.77,Credit Card,Completed,0.261
PUR001076,CUST04393,CAM001971,2026-07-24,386.47,0.0,386.47,Credit Card,Completed,0.395
PUR001077,CUST00453,CAM001714,2026-02-04,961.04,0.0,961.04,PayPal,Completed,0.442
PUR001078,CUST04628,CAM009360,2026-05-07,977.04,0.0,977.04,Debit Card,Completed,0.398
PUR001079,CUST03798,CAM009119,2024-10-20,336.11,0.0,336.11,Debit Card,Completed,0.208
PUR001080,CUST01193,CAM001530,2024-09-04,237.49,0.17,197.12,Credit Card,Completed,0.38
PUR001081,CUST00540,CAM002407,2026-05-28,387.95,0.0,387.95,Debit Card,Completed,0.399
PUR001082,CUST01191,CAM004567,2026-06-18,3740.77,0.0,3740.77,PayPal,Completed,0.375
PUR001083,CUST03786,CAM007816,2025-10-19,19.98,0.0,19.98,PayPal,Pending,0.354
PUR001084,CUST00641,CAM001140,2025-05-28,332.55,0.0,332.55,Credit Card,Completed,0.445
PUR001085,CUST01476,CAM008707,2026-04-20,149.97,0.0,149.97,PayPal,Completed,0.295
PUR001086,CUST03867,CAM005144,2026-08-04,417.03,0.05,396.18,Apple Pay,Refunded,0.407
PUR001087,CUST01672,CAM002697,2025-11-29,1269.07,0.0,1269.07,Credit Card,Completed,0.29
PUR001088,CUST00216,CAM001563,2025-02-27,961.71,0.0,961.71,Credit Card,Completed,0.388
PUR001089,CUST00461,CAM003183,2026-06-08,732.66,0.0,732.66,Credit Card,Completed,0.402
PUR001090,CUST03318,CAM001498,2025-12-11,259.26,0.0,259.26,Credit Card,Completed,0.394
PUR001091,CUST04740,CAM000998,2025-07-11,553.62,0.0,553.62,Debit Card,Pending,0.37
PUR001092,CUST03601,CAM000851,2025-10-09,1160.09,0.23,893.27,Apple Pay,Pending,0.253
PUR001093,CUST03121,CAM000724,2026-06-02,1281.54,0.0,1281.54,Debit Card,Completed,0.207
PUR001094,CUST01895,CAM006967,2025-11-05,111.06,0.0,111.06,Debit Card,Completed,0.356
PUR001095,CUST01789,CAM008435,2026-07-24,500.49,0.25,375.37,Credit Card,Completed,0.36
PUR001096,CUST02620,CAM008999,2025-11-15,773.77,0.0,773.77,Google Pay,Completed,0.345
PUR001097,CUST03230,CAM009316,2025-11-01,305.75,0.0,305.75,Debit Card,Completed,0.319
PUR001098,CUST04610,CAM007251,2026-01-14,788.3,0.15,670.06,Credit Card,Completed,0.219
PUR001099,CUST01442,CAM006272,2025-10-04,256.84,0.06,241.43,Debit Card,Completed,0.416
PUR001100,CUST01726,CAM003373,2025-04-25,2920.9,0.03,2833.27,Debit Card,Pending,0.39
PUR001101,CUST01480,CAM004240,2026-01-26,205.41,0.21,162.27,Debit Card,Completed,0.306
PUR001102,CUST04196,CAM008775,2025-04-17,384.41,0.13,334.44,Google Pay,Completed,0.316
PUR001103,CUST03066,CAM002697,2025-11-29,1439.66,0.21,1137.33,PayPal,Completed,0.394
PUR001104,CUST01033,CAM004498,2025-12-14,834.99,0.0,834.99,Apple Pay,Completed,0.281
PUR001105,CUST02602,CAM007838,2026-02-08,1449.68,0.2,1159.74,PayPal,Pending,0.388
PUR001106,CUST02776,CAM003604,2025-10-10,1486.1,0.0,1486.1,Apple Pay,Completed,0.412
PUR001107,CUST02597,CAM006032,2024-10-30,333.71,0.23,256.96,Credit Card,Refunded,0.347
PUR001108,CUST01555,CAM004465,2025-03-04,1233.21,0.2,986.57,PayPal,Cancelled,0.418
PUR001109,CUST04315,CAM009345,2025-02-05,172.26,0.16,144.7,Google Pay,Completed,0.311
PUR001110,CUST02463,CAM006828,2025-12-12,939.63,0.05,892.65,Debit Card,Completed,0.316
PUR001111,CUST02338,CAM002541,2025-05-31,428.38,0.08,394.11,Debit Card,Cancelled,0.393
PUR001112,CUST04501,CAM003308,2026-06-07,454.61,0.0,454.61,Apple Pay,Completed,0.279
PUR001113,CUST02815,CAM005304,2025-05-15,474.24,0.0,474.24,Debit Card,Completed,0.291
PUR001114,CUST03053,CAM001185,2026-01-24,286.01,0.19,231.67,PayPal,Refunded,0.362
PUR001115,CUST01067,CAM007297,2026-08-09,918.12,0.09,835.49,Debit Card,Completed,0.447
PUR001116,CUST02352,CAM002535,2025-06-28,1969.17,0.24,1496.57,Debit Card,Completed,0.428
PUR001117,CUST01368,CAM005011,2026-01-31,898.29,0.0,898.29,Apple Pay,Completed,0.315
PUR001118,CUST00058,CAM003973,2025-03-05,539.37,0.0,539.37,Credit Card,Completed,0.232
PUR001119,CUST00443,CAM001766,2025-04-12,211.81,0.0,211.81,Credit Card,Completed,0.281
PUR001120,CUST01703,CAM006625,2025-05-20,1175.85,0.0,1175.85,Credit Card,Refunded,0.427
PUR001121,CUST01119,CAM005439,2025-12-15,525.86,0.0,525.86,Credit Card,Completed,0.394
PUR001122,CUST01687,CAM006329,2025-12-13,286.71,0.0,286.71,Debit Card,Completed,0.439
PUR001123,CUST04253,CAM009522,2026-08-13,841.84,0.19,681.89,Debit Card,Completed,0.314
PUR001124,CUST01015,CAM007571,2026-03-29,2426.88,0.0,2426.88,Debit Card,Completed,0.384
PUR001125,CUST00020,CAM002578,2025-12-24,390.91,0.14,336.18,Credit Card,Completed,0.254
PUR001126,CUST04862,CAM009797,2025-02-20,1300.88,0.03,1261.85,Apple Pay,Completed,0.373
PUR001127,CUST02740,CAM007023,2024-11-10,625.51,0.0,625.51,Debit Card,Completed,0.267
PUR001128,CUST03226,CAM009861,2025-01-16,1314.82,0.24,999.26,Debit Card,Cancelled,0.276
PUR001129,CUST01319,CAM001282,2026-02-07,1191.56,0.14,1024.74,Google Pay,Completed,0.277
PUR001130,CUST04391,CAM007829,2025-07-18,394.77,0.12,347.4,Apple Pay,Cancelled,0.432
PUR001131,CUST03998,CAM006435,2025-11-24,839.96,0.08,772.76,PayPal,Completed,0.37
PUR001132,CUST01457,CAM003273,2024-11-26,252.85,0.02,247.79,Apple Pay,Completed,0.216
PUR001133,CUST03700,CAM002089,2026-10-05,182.52,0.08,167.92,PayPal,Refunded,0.275
PUR001134,CUST03131,CAM008211,2024-08-20,746.34,0.17,619.46,Debit Card,Cancelled,0.366
PUR001135,CUST04790,CAM001997,2025-11-17,696.8,0.0,696.8,Apple Pay,Completed,0.418
PUR001136,CUST03162,CAM008909,2026-09-07,150.73,0.23,116.06,Credit Card,Completed,0.354
PUR001137,CUST00940,CAM001900,2025-05-16,876.31,0.0,876.31,Debit Card,Pending,0.212
PUR001138,CUST04452,CAM006664,2024-11-17,225.33,0.0,225.33,PayPal,Completed,0.361
PUR001139,CUST04310,CAM004820,2025-02-05,1978.27,0.0,1978.27,PayPal,Completed,0.273
PUR001140,CUST03783,CAM003802,2026-08-27,115.03,0.0,115.03,PayPal,Completed,0.345
PUR001141,CUST00640,CAM009679,2025-12-27,3427.3,0.03,3324.48,Credit Card,Completed,0.41
PUR001142,CUST04542,CAM000720,2026-09-08,546.08,0.0,546.08,Apple Pay,Completed,0.297
PUR001143,CUST02132,CAM000754,2025-11-07,1695.26,0.0,1695.26,PayPal,Completed,0.344
PUR001144,CUST01936,CAM001253,2025-02-17,4036.74,0.0,4036.74,Credit Card,Completed,0.265
PUR001145,CUST01393,CAM009105,2024-11-10,1027.44,0.0,1027.44,PayPal,Completed,0.305
PUR001146,CUST00468,CAM000402,2025-03-25,393.28,0.14,338.22,Debit Card,Completed,0.254
PUR001147,CUST03611,CAM008111,2024-09-09,607.39,0.0,607.39,Credit Card,Completed,0.26
PUR001148,CUST03418,CAM000854,2025-04-22,637.58,0.01,631.2,Debit Card,Completed,0.258
PUR001149,CUST03688,CAM000083,2024-08-24,915.45,0.0,915.45,Debit Card,Completed,0.433
PUR001150,CUST00519,CAM008621,2024-10-18,1307.73,0.0,1307.73,Credit Card,Completed,0.388
PUR001151,CUST01467,CAM007651,2026-03-08,645.16,0.0,645.16,Apple Pay,Completed,0.293
PUR001152,CUST04236,CAM006176,2025-01-24,567.53,0.0,567.53,Apple Pay,Completed,0.354
PUR001153,CUST00749,CAM008360,2025-01-20,472.33,0.0,472.33,Credit Card,Completed,0.386
PUR001154,CUST02387,CAM000498,2024-10-02,183.31,0.0,183.31,Debit Card,Completed,0.228
PUR001155,CUST00348,CAM007448,2026-06-17,339.12,0.23,261.12,Credit Card,Completed,0.384
PUR001156,CUST00595,CAM002181,2024-10-20,548.79,0.0,548.79,Google Pay,Completed,0.384
PUR001157,CUST04760,CAM000836,2025-05-05,118.67,0.0,118.67,Debit Card,Completed,0.224
PUR001158,CUST01606,CAM000198,2024-11-13,211.02,0.0,211.02,PayPal,Pending,0.293
PUR001159,CUST04378,CAM002107,2025-10-26,1344.37,0.0,1344.37,Credit Card,Cancelled,0.265
PUR001160,CUST01543,CAM001603,2025-06-30,335.27,0.0,335.27,Debit Card,Completed,0.245
PUR001161,CUST04628,CAM007640,2024-09-02,2506.41,0.14,2155.51,PayPal,Completed,0.308
PUR001162,CUST03455,CAM005176,2025-10-09,346.97,0.0,346.97,Google Pay,Pending,0.32
PUR001163,CUST03369,CAM004323,2026-08-17,418.47,0.0,418.47,PayPal,Pending,0.227
PUR001164,CUST02366,CAM007518,2026-03-16,472.7,0.0,472.7,Credit Card,Completed,0.44
PUR001165,CUST02139,CAM005090,2025-10-09,118.12,0.0,118.12,Google Pay,Completed,0.237
PUR001166,CUST03974,CAM005998,2026-08-07,817.68,0.17,678.67,Credit Card,Completed,0.414
PUR001167,CUST02866,CAM004514,2025-07-02,1358.88,0.0,1358.88,Debit Card,Completed,0.323
PUR001168,CUST04024,CAM006708,2025-08-04,603.41,0.03,585.31,Credit Card,Completed,0.44
PUR001169,CUST02605,CAM003982,2025-02-16,88.39,0.15,75.13,PayPal,Pending,0.293
PUR001170,CUST00360,CAM009586,2026-09-21,1466.18,0.0,1466.18,Credit Card,Completed,0.417
PUR001171,CUST03983,CAM009631,2026-03-25,656.47,0.0,656.47,Credit Card,Completed,0.303
PUR001172,CUST03575,CAM004827,2025-02-09,610.21,0.08,561.39,Apple Pay,Completed,0.21
PUR001173,CUST04246,CAM008638,2025-10-16,291.56,0.0,291.56,Debit Card,Completed,0.273
PUR001174,CUST02022,CAM007665,2025-03-31,1137.97,0.0,1137.97,Apple Pay,Completed,0.307
PUR001175,CUST04700,CAM004259,2025-08-07,2059.13,0.0,2059.13,Apple Pay,Completed,0.338
PUR001176,CUST00354,CAM002827,2025-05-13,48.12,0.0,48.12,PayPal,Completed,0.389
PUR001177,CUST01320,CAM003072,2026-04-09,698.77,0.11,621.91,Credit Card,Completed,0.311
PUR001178,CUST00595,CAM001191,2025-08-21,963.57,0.0,963.57,Apple Pay,Completed,0.215
PUR001179,CUST01175,CAM004236,2026-05-07,872.75,0.0,872.75,Apple Pay,Completed,0.358
PUR001180,CUST03602,CAM001595,2025-04-13,399.9,0.0,399.9,Debit Card,Completed,0.43
PUR001181,CUST01718,CAM009092,2024-11-11,509.48,0.23,392.3,Apple Pay,Completed,0.43
PUR001182,CUST04674,CAM001537,2025-04-05,316.14,0.0,316.14,Credit Card,Refunded,0.292
PUR001183,CUST00046,CAM006897,2025-07-07,1546.84,0.0,1546.84,Credit Card,Completed,0.391
PUR001184,CUST04808,CAM002732,2025-02-19,408.01,0.0,408.01,Debit Card,Completed,0.21
PUR001185,CUST00993,CAM001839,2025-09-28,1000.26,0.01,990.26,PayPal,Completed,0.382
PUR001186,CUST02284,CAM005441,2025-01-08,308.89,0.0,308.89,Credit Card,Completed,0.445
PUR001187,CUST02595,CAM009285,2024-08-24,678.0,0.01,671.22,PayPal,Completed,0.241
PUR001188,CUST00765,CAM007085,2025-07-03,280.5,0.1,252.45,PayPal,Completed,0.416
PUR001189,CUST00906,CAM005412,2025-04-26,238.52,0.0,238.52,Credit Card,Completed,0.248
PUR001190,CUST04290,CAM008827,2025-03-02,441.64,0.19,357.73,Debit Card,Completed,0.289
PUR001191,CUST00845,CAM001054,2026-05-14,2300.57,0.08,2116.52,Debit Card,Completed,0.409
PUR001192,CUST00085,CAM008028,2026-06-23,183.95,0.0,183.95,Debit Card,Completed,0.336
PUR001193,CUST04802,CAM002038,2025-02-03,251.94,0.04,241.86,Debit Card,Refunded,0.412
PUR001194,CUST01895,CAM005714,2024-11-11,747.19,0.0,747.19,Credit Card,Pending,0.217
PUR001195,CUST04768,CAM002789,2025-01-24,573.64,0.0,573.64,Google Pay,Pending,0.275
PUR001196,CUST02173,CAM000829,2026-02-26,823.15,0.16,691.45,Debit Card,Completed,0.28
PUR001197,CUST00249,CAM003930,2024-10-31,58.59,0.0,58.59,Apple Pay,Completed,0.398
PUR001198,CUST01442,CAM003854,2025-10-10,560.98,0.09,510.49,Credit Card,Completed,0.326
PUR001199,CUST04251,CAM002331,2024-09-14,998.4,0.0,998.4,Credit Card,Completed,0.442
PUR001200,CUST00760,CAM007435,2026-08-25,586.67,0.13,510.4,Debit Card,Completed,0.363
PUR001201,CUST04530,CAM000856,2024-09-12,318.51,0.12,280.29,Debit Card,Completed,0.41
PUR001202,CUST01802,CAM004244,2026-01-01,678.93,0.0,678.93,Credit Card,Completed,0.263
PUR001203,CUST01555,CAM008493,2025-07-02,1212.43,0.0,1212.43,Credit Card,Completed,0.444
PUR001204,CUST04819,CAM002324,2026-03-07,170.04,0.0,170.04,Debit Card,Completed,0.23
PUR001205,CUST01362,CAM005038,2026-04-09,191.03,0.0,191.03,Credit Card,Completed,0.287
PUR001206,CUST00175,CAM001843,2026-06-13,1335.78,0.0,1335.78,PayPal,Completed,0.336
PUR001207,CUST04936,CAM004296,2026-06-01,160.9,0.0,160.9,PayPal,Completed,0.414
PUR001208,CUST03865,CAM000648,2025-11-03,225.52,0.0,225.52,Credit Card,Completed,0.387
PUR001209,CUST02222,CAM009456,2024-10-15,153.48,0.0,153.48,Google Pay,Completed,0.287
PUR001210,CUST00451,CAM005131,2026-07-04,826.3,0.0,826.3,PayPal,Completed,0.316
PUR001211,CUST00094,CAM001398,2026-03-09,344.34,0.02,337.45,Credit Card,Completed,0.422
PUR001212,CUST02840,CAM006821,2026-03-22,993.26,0.12,874.07,PayPal,Pending,0.315
PUR001213,CUST03397,CAM006521,2025-04-01,1936.69,0.1,1743.02,Debit Card,Completed,0.341
PUR001214,CUST02182,CAM005365,2025-07-02,821.07,0.0,821.07,Google Pay,Pending,0.226
PUR001215,CUST00649,CAM006766,2024-10-14,43.01,0.0,43.01,Debit Card,Completed,0.28
PUR001216,CUST03106,CAM001632,2026-08-09,756.97,0.0,756.97,Apple Pay,Completed,0.414
PUR001217,CUST01153,CAM008062,2025-11-22,839.32,0.0,839.32,Debit Card,Completed,0.277
PUR001218,CUST03035,CAM001830,2024-11-24,122.77,0.04,117.86,Apple Pay,Completed,0.383
PUR001219,CUST02060,CAM002767,2025-08-03,525.19,0.0,525.19,Apple Pay,Completed,0.41
PUR001220,CUST00599,CAM002123,2026-03-29,710.8,0.0,710.8,Debit Card,Completed,0.271
PUR001221,CUST03660,CAM002738,2025-01-10,312.26,0.05,296.65,Debit Card,Completed,0.434
PUR001222,CUST01452,CAM005171,2025-02-09,386.37,0.0,386.37,Apple Pay,Completed,0.382
PUR001223,CUST01023,CAM003747,2025-08-07,452.7,0.0,452.7,Apple Pay,Completed,0.396
PUR001224,CUST02979,CAM008939,2026-08-28,1583.87,0.03,1536.35,Credit Card,Completed,0.207
PUR001225,CUST00309,CAM007344,2024-12-23,432.31,0.0,432.31,Credit Card,Completed,0.239
PUR001226,CUST02979,CAM002472,2024-12-03,371.63,0.17,308.45,Credit Card,Completed,0.209
PUR001227,CUST04920,CAM008651,2025-09-28,917.77,0.12,807.64,Apple Pay,Completed,0.266
PUR001228,CUST02226,CAM007136,2025-05-03,611.54,0.16,513.69,Credit Card,Completed,0.339
PUR001229,CUST03333,CAM009311,2026-03-29,119.75,0.0,119.75,Credit Card,Completed,0.327
PUR001230,CUST00612,CAM009388,2025-09-16,234.43,0.0,234.43,Apple Pay,Completed,0.337
PUR001231,CUST00403,CAM009161,2026-03-29,617.29,0.0,617.29,Apple Pay,Completed,0.295
PUR001232,CUST01305,CAM000446,2025-02-18,570.83,0.24,433.83,Credit Card,Completed,0.335
PUR001233,CUST04069,CAM002139,2026-02-06,360.57,0.0,360.57,Credit Card,Completed,0.346
PUR001234,CUST03697,CAM003135,2024-12-17,231.53,0.0,231.53,Credit Card,Completed,0.433
PUR001235,CUST02637,CAM005344,2026-01-25,181.82,0.0,181.82,PayPal,Pending,0.306
PUR001236,CUST03877,CAM009723,2025-03-11,191.51,0.23,147.46,Debit Card,Refunded,0.42
PUR001237,CUST02289,CAM004087,2025-11-21,527.11,0.0,527.11,Credit Card,Completed,0.371
PUR001238,CUST01131,CAM004207,2025-05-22,370.74,0.0,370.74,Apple Pay,Cancelled,0.294
PUR001239,CUST01250,CAM001135,2026-05-15,444.77,0.0,444.77,Debit Card,Completed,0.21
PUR001240,CUST04472,CAM009983,2024-12-20,1421.92,0.0,1421.92,Debit Card,Completed,0.372
PUR001241,CUST02567,CAM004716,2025-02-20,1027.78,0.0,1027.78,Debit Card,Completed,0.369
PUR001242,CUST04849,CAM001430,2026-09-11,615.76,0.0,615.76,Debit Card,Completed,0.25
PUR001243,CUST00340,CAM007746,2025-11-14,326.42,0.0,326.42,Credit Card,Pending,0.415
PUR001244,CUST00816,CAM000258,2026-01-26,386.58,0.0,386.58,Apple Pay,Completed,0.374
PUR001245,CUST00253,CAM005312,2025-05-15,431.81,0.12,379.99,Apple Pay,Completed,0.21
PUR001246,CUST03826,CAM001676,2024-10-29,82.25,0.24,62.51,Apple Pay,Completed,0.345
PUR001247,CUST03793,CAM002631,2025-11-20,177.96,0.0,177.96,Credit Card,Completed,0.231
PUR001248,CUST00942,CAM002089,2026-09-13,308.38,0.12,271.37,Apple Pay,Completed,0.242
PUR001249,CUST02558,CAM004140,2026-09-04,568.57,0.23,437.8,Google Pay,Completed,0.381
PUR001250,CUST00927,CAM009108,2026-05-11,2112.63,0.0,2112.63,PayPal,Completed,0.312
PUR001251,CUST04308,CAM001295,2025-03-12,681.17,0.0,681.17,Credit Card,Completed,0.282
PUR001252,CUST04110,CAM001816,2026-03-27,1625.85,0.0,1625.85,Credit Card,Pending,0.322
PUR001253,CUST00125,CAM007091,2026-05-06,732.39,0.07,681.12,Debit Card,Completed,0.398
PUR001254,CUST03481,CAM009954,2025-10-18,885.48,0.18,726.09,Google Pay,Completed,0.213
PUR001255,CUST04196,CAM009388,2025-09-19,324.92,0.07,302.18,Google Pay,Pending,0.424
PUR001256,CUST00055,CAM009663,2025-10-20,266.84,0.07,248.16,Debit Card,Completed,0.427
PUR001257,CUST02330,CAM004217,2024-10-13,466.07,0.05,442.77,Credit Card,Completed,0.262
PUR001258,CUST04874,CAM003947,2026-06-14,397.37,0.01,393.4,Credit Card,Pending,0.329
PUR001259,CUST02807,CAM006722,2025-07-27,876.09,0.0,876.09,Credit Card,Completed,0.233
PUR001260,CUST03490,CAM004528,2026-02-12,950.22,0.07,883.7,Credit Card,Completed,0.327
PUR001261,CUST02559,CAM008146,2025-08-26,236.08,0.0,236.08,Credit Card,Completed,0.315
PUR001262,CUST03926,CAM003063,2025-12-06,321.7,0.0,321.7,PayPal,Cancelled,0.321
PUR001263,CUST02336,CAM006548,2026-06-03,1825.64,0.05,1734.36,Debit Card,Completed,0.371
PUR001264,CUST03624,CAM008960,2026-06-20,546.71,0.1,492.04,Credit Card,Pending,0.355
PUR001265,CUST04200,CAM005122,2025-01-22,660.95,0.15,561.81,Credit Card,Completed,0.39
PUR001266,CUST01674,CAM003767,2026-05-31,378.55,0.19,306.63,Debit Card,Completed,0.21
PUR001267,CUST00173,CAM008310,2026-01-14,983.22,0.0,983.22,Apple Pay,Completed,0.355
PUR001268,CUST01427,CAM009182,2025-10-07,348.92,0.0,348.92,Credit Card,Completed,0.333
PUR001269,CUST04503,CAM009977,2025-01-26,215.61,0.0,215.61,Debit Card,Completed,0.396
PUR001270,CUST04878,CAM005829,2025-06-18,217.54,0.0,217.54,Debit Card,Completed,0.336
PUR001271,CUST03835,CAM008963,2024-09-28,405.83,0.05,385.54,Debit Card,Completed,0.409
PUR001272,CUST02759,CAM006916,2025-12-08,985.14,0.02,965.44,Debit Card,Refunded,0.324
PUR001273,CUST02005,CAM007518,2026-04-15,1832.72,0.0,1832.72,Google Pay,Completed,0.349
PUR001274,CUST02510,CAM009820,2025-06-19,722.36,0.05,686.24,PayPal,Cancelled,0.311
PUR001275,CUST03454,CAM005728,2024-12-23,1454.89,0.0,1454.89,Credit Card,Completed,0.225
PUR001276,CUST02100,CAM008151,2026-09-10,3766.5,0.1,3389.85,Credit Card,Completed,0.308
PUR001277,CUST02769,CAM008328,2025-03-24,173.3,0.0,173.3,PayPal,Completed,0.368
PUR001278,CUST02943,CAM002206,2024-11-06,642.32,0.0,642.32,Debit Card,Completed,0.42
PUR001279,CUST04828,CAM003218,2024-11-20,267.25,0.09,243.2,Credit Card,Pending,0.283
PUR001280,CUST01599,CAM003808,2026-03-17,412.47,0.0,412.47,Credit Card,Completed,0.387
PUR001281,CUST01405,CAM000203,2025-01-03,435.49,0.0,435.49,Debit Card,Completed,0.375
PUR001282,CUST04857,CAM004323,2026-08-17,1612.45,0.18,1322.21,PayPal,Completed,0.404
PUR001283,CUST00537,CAM008292,2026-08-14,201.21,0.08,185.11,Credit Card,Cancelled,0.208
PUR001284,CUST03313,CAM003688,2024-10-04,143.34,0.0,143.34,Debit Card,Completed,0.323
PUR001285,CUST03784,CAM005176,2025-10-26,124.85,0.09,113.61,Credit Card,Completed,0.342
PUR001286,CUST01747,CAM007061,2025-07-25,615.44,0.0,615.44,Google Pay,Completed,0.432
PUR001287,CUST00045,CAM002443,2025-06-12,10.53,0.0,10.53,PayPal,Pending,0.204
PUR001288,CUST00519,CAM000923,2025-06-06,1967.71,0.22,1534.81,Credit Card,Pending,0.43
PUR001289,CUST03900,CAM009770,2026-03-29,188.67,0.0,188.67,Credit Card,Completed,0.279
PUR001290,CUST04382,CAM003445,2024-09-17,194.04,0.0,194.04,Apple Pay,Completed,0.232
PUR001291,CUST02487,CAM004572,2025-06-19,40.67,0.0,40.67,PayPal,Completed,0.317
PUR001292,CUST04448,CAM007687,2025-10-06,387.19,0.0,387.19,Debit Card,Completed,0.21
PUR001293,CUST04794,CAM000463,2025-10-24,1195.41,0.14,1028.05,Credit Card,Completed,0.375
PUR001294,CUST04936,CAM004389,2025-07-04,1005.24,0.0,1005.24,PayPal,Completed,0.28
PUR001295,CUST02885,CAM005930,2026-03-17,758.53,0.0,758.53,Credit Card,Completed,0.244
PUR001296,CUST04041,CAM008886,2026-01-11,213.46,0.01,211.33,Credit Card,Completed,0.306
PUR001297,CUST04460,CAM004270,2025-02-23,266.95,0.2,213.56,Credit Card,Completed,0.308
PUR001298,CUST04151,CAM004697,2025-10-15,424.47,0.0,424.47,Debit Card,Completed,0.207
PUR001299,CUST01939,CAM007722,2025-11-03,1742.42,0.0,1742.42,Apple Pay,Completed,0.423
PUR001300,CUST03179,CAM006897,2025-07-01,1952.46,0.21,1542.44,PayPal,Pending,0.21
PUR001301,CUST01169,CAM003719,2026-06-23,895.47,0.11,796.97,Credit Card,Completed,0.319
PUR001302,CUST03264,CAM001446,2024-12-26,378.81,0.1,340.93,Debit Card,Completed,0.38
PUR001303,CUST00625,CAM000485,2026-03-01,442.18,0.0,442.18,Apple Pay,Completed,0.411
PUR001304,CUST01621,CAM005922,2024-12-01,1064.3,0.0,1064.3,Google Pay,Completed,0.447
PUR001305,CUST01872,CAM004542,2025-12-12,1202.49,0.0,1202.49,PayPal,Completed,0.305
PUR001306,CUST04233,CAM006971,2026-01-06,306.11,0.0,306.11,Apple Pay,Cancelled,0.398
PUR001307,CUST03297,CAM008563,2026-09-10,171.31,0.0,171.31,Debit Card,Cancelled,0.435
PUR001308,CUST00058,CAM001712,2025-02-03,1099.42,0.0,1099.42,Credit Card,Refunded,0.347
PUR001309,CUST01486,CAM001478,2025-08-07,863.85,0.08,794.74,Apple Pay,Completed,0.203
PUR001310,CUST03817,CAM001057,2025-03-27,495.93,0.16,416.58,Debit Card,Completed,0.397
PUR001311,CUST02653,CAM000286,2025-08-22,1234.59,0.0,1234.59,Credit Card,Completed,0.311
PUR001312,CUST00279,CAM005417,2026-04-04,1766.76,0.07,1643.09,Credit Card,Completed,0.392
PUR001313,CUST03530,CAM000404,2026-03-28,642.05,0.0,642.05,Apple Pay,Pending,0.262
PUR001314,CUST04192,CAM004549,2024-09-29,135.59,0.0,135.59,Google Pay,Completed,0.293
PUR001315,CUST00970,CAM001136,2026-04-19,1376.95,0.08,1266.79,Google Pay,Completed,0.392
PUR001316,CUST03353,CAM000493,2025-08-08,626.23,0.2,500.98,Credit Card,Completed,0.22
PUR001317,CUST02820,CAM000134,2024-09-08,365.61,0.21,288.83,Credit Card,Completed,0.289
PUR001318,CUST01168,CAM002414,2025-01-17,669.79,0.0,669.79,Debit Card,Completed,0.426
PUR001319,CUST00238,CAM005203,2024-10-20,120.2,0.23,92.55,Debit Card,Pending,0.245
PUR001320,CUST00300,CAM003760,2025-05-01,776.59,0.0,776.59,Apple Pay,Refunded,0.419
PUR001321,CUST01030,CAM004916,2025-11-26,568.28,0.0,568.28,Google Pay,Completed,0.322
PUR001322,CUST03877,CAM001496,2025-08-07,401.08,0.15,340.92,Debit Card,Pending,0.284
PUR001323,CUST02630,CAM006800,2026-07-02,488.43,0.0,488.43,Apple Pay,Pending,0.264
PUR001324,CUST02043,CAM004945,2026-03-05,203.78,0.0,203.78,PayPal,Completed,0.287
PUR001325,CUST00932,CAM003451,2026-05-07,588.08,0.19,476.34,PayPal,Completed,0.308
PUR001326,CUST00708,CAM001672,2026-06-04,88.0,0.03,85.36,Debit Card,Completed,0.289
PUR001327,CUST04920,CAM001788,2024-09-28,861.48,0.0,861.48,Debit Card,Pending,0.434
PUR001328,CUST04950,CAM003941,2025-04-10,667.26,0.19,540.48,Credit Card,Cancelled,0.345
PUR001329,CUST02615,CAM000091,2026-02-27,193.47,0.01,191.54,Credit Card,Pending,0.278
PUR001330,CUST02939,CAM006797,2026-04-19,1069.1,0.0,1069.1,PayPal,Completed,0.42
PUR001331,CUST03906,CAM001888,2026-05-16,297.15,0.1,267.44,Credit Card,Completed,0.204
PUR001332,CUST01335,CAM003733,2025-04-24,978.56,0.0,978.56,Apple Pay,Completed,0.255
PUR001333,CUST02722,CAM003687,2025-08-27,768.61,0.0,768.61,Debit Card,Completed,0.311
PUR001334,CUST01510,CAM009866,2025-01-12,234.02,0.05,222.32,Apple Pay,Completed,0.419
PUR001335,CUST01033,CAM006262,2025-05-21,1042.42,0.0,1042.42,Credit Card,Completed,0.228
PUR001336,CUST03954,CAM001672,2026-05-31,498.44,0.2,398.75,Apple Pay,Completed,0.267
PUR001337,CUST01418,CAM001233,2026-01-21,473.9,0.0,473.9,PayPal,Refunded,0.327
PUR001338,CUST02729,CAM004678,2025-10-29,276.54,0.14,237.82,PayPal,Cancelled,0.31
PUR001339,CUST00317,CAM009575,2025-01-15,498.4,0.09,453.54,Google Pay,Pending,0.345
PUR001340,CUST02607,CAM009318,2025-02-12,620.92,0.0,620.92,Apple Pay,Completed,0.247
PUR001341,CUST00498,CAM004281,2025-09-17,328.08,0.21,259.18,Debit Card,Completed,0.226
PUR001342,CUST04958,CAM002411,2025-12-08,1680.68,0.0,1680.68,PayPal,Completed,0.206
PUR001343,CUST02862,CAM008842,2026-01-14,813.07,0.11,723.63,Credit Card,Pending,0.417
PUR001344,CUST02363,CAM005105,2025-11-03,2269.34,0.0,2269.34,Google Pay,Completed,0.296
PUR001345,CUST00655,CAM003834,2025-06-12,1705.58,0.11,1517.97,PayPal,Completed,0.253
PUR001346,CUST04195,CAM002869,2026-01-03,1410.94,0.0,1410.94,PayPal,Completed,0.342
PUR001347,CUST01140,CAM000379,2026-06-15,599.84,0.03,581.84,Credit Card,Completed,0.311
PUR001348,CUST02236,CAM003608,2025-04-17,1003.78,0.1,903.4,Debit Card,Completed,0.423
PUR001349,CUST01479,CAM009326,2026-03-01,756.66,0.0,756.66,Debit Card,Completed,0.39
PUR001350,CUST00871,CAM003359,2024-08-25,859.68,0.0,859.68,PayPal,Pending,0.279
PUR001351,CUST01064,CAM005926,2024-12-27,705.61,0.0,705.61,Debit Card,Completed,0.347
PUR001352,CUST04218,CAM002813,2026-08-04,1207.65,0.0,1207.65,Google Pay,Completed,0.279
PUR001353,CUST03828,CAM000221,2025-11-04,317.97,0.0,317.97,PayPal,Completed,0.433
PUR001354,CUST03430,CAM000339,2025-03-05,516.28,0.0,516.28,Debit Card,Completed,0.417
PUR001355,CUST01394,CAM002018,2024-11-15,82.75,0.0,82.75,Credit Card,Completed,0.334
PUR001356,CUST00794,CAM000082,2025-10-05,370.98,0.05,352.43,Credit Card,Completed,0.336
PUR001357,CUST01386,CAM005481,2025-07-14,877.26,0.2,701.81,Apple Pay,Completed,0.384
PUR001358,CUST02568,CAM007393,2025-10-08,700.96,0.0,700.96,Credit Card,Completed,0.257
PUR001359,CUST01240,CAM005320,2026-01-17,553.63,0.0,553.63,Google Pay,Completed,0.41
PUR001360,CUST01840,CAM007624,2025-07-19,421.43,0.03,408.79,Credit Card,Completed,0.313
PUR001361,CUST01500,CAM005688,2024-12-20,444.46,0.0,444.46,Debit Card,Completed,0.403
PUR001362,CUST03369,CAM002391,2025-07-09,2133.56,0.13,1856.2,Debit Card,Completed,0.351
PUR001363,CUST05000,CAM004886,2025-11-22,1113.34,0.0,1113.34,Debit Card,Completed,0.333
PUR001364,CUST02559,CAM005429,2025-10-30,883.63,0.0,883.63,Apple Pay,Refunded,0.345
PUR001365,CUST01176,CAM003964,2025-09-15,341.72,0.0,341.72,Credit Card,Pending,0.249
PUR001366,CUST04612,CAM004391,2025-08-23,1032.73,0.0,1032.73,PayPal,Cancelled,0.266
PUR001367,CUST00299,CAM000318,2024-09-12,1294.88,0.0,1294.88,Apple Pay,Completed,0.393
PUR001368,CUST00484,CAM008812,2026-06-24,1876.68,0.0,1876.68,Credit Card,Refunded,0.352
PUR001369,CUST04048,CAM003817,2025-01-26,910.02,0.0,910.02,PayPal,Completed,0.247
PUR001370,CUST03445,CAM000662,2026-05-22,1370.75,0.0,1370.75,Apple Pay,Completed,0.423
PUR001371,CUST02362,CAM007449,2026-03-03,808.92,0.0,808.92,Credit Card,Completed,0.345
PUR001372,CUST00960,CAM008026,2025-02-15,408.73,0.09,371.94,Credit Card,Completed,0.207
PUR001373,CUST04657,CAM005190,2025-08-25,2582.07,0.0,2582.07,Debit Card,Completed,0.261
PUR001374,CUST00484,CAM008077,2025-01-15,645.31,0.0,645.31,Debit Card,Completed,0.323
PUR001375,CUST01515,CAM005563,2025-08-14,1784.83,0.14,1534.95,Credit Card,Completed,0.232
PUR001376,CUST02378,CAM005553,2025-11-16,190.13,0.0,190.13,Credit Card,Pending,0.368
PUR001377,CUST04483,CAM000573,2025-09-20,495.53,0.0,495.53,PayPal,Completed,0.415
PUR001378,CUST01711,CAM002637,2026-04-19,352.13,0.07,327.48,Google Pay,Completed,0.229
PUR001379,CUST00591,CAM009233,2026-03-18,358.31,0.01,354.73,Credit Card,Completed,0.413
PUR001380,CUST04774,CAM002083,2026-09-07,457.53,0.0,457.53,Google Pay,Completed,0.279
PUR001381,CUST03678,CAM003273,2024-11-12,718.98,0.22,560.8,Apple Pay,Completed,0.227
PUR001382,CUST03748,CAM003021,2025-10-05,473.6,0.13,412.03,Debit Card,Completed,0.27
PUR001383,CUST02611,CAM002741,2025-03-11,1360.22,0.05,1292.21,Credit Card,Completed,0.262
PUR001384,CUST01905,CAM008182,2025-07-13,625.53,0.0,625.53,Credit Card,Completed,0.257
PUR001385,CUST00782,CAM006149,2025-08-25,884.47,0.22,689.89,Debit Card,Completed,0.415
PUR001386,CUST00471,CAM002379,2025-02-18,2223.16,0.0,2223.16,Google Pay,Completed,0.426
PUR001387,CUST00064,CAM005420,2024-10-22,404.47,0.25,303.35,Debit Card,Completed,0.344
PUR001388,CUST02194,CAM000173,2026-07-03,360.74,0.0,360.74,Debit Card,Completed,0.402
PUR001389,CUST04767,CAM003607,2025-10-29,458.23,0.15,389.5,Google Pay,Completed,0.245
PUR001390,CUST04011,CAM006417,2024-12-17,1875.67,0.0,1875.67,Credit Card,Completed,0.385
PUR001391,CUST03986,CAM004071,2024-12-18,1391.75,0.0,1391.75,Debit Card,Completed,0.289
PUR001392,CUST04826,CAM009369,2024-10-28,1101.0,0.0,1101.0,Google Pay,Completed,0.362
PUR001393,CUST01975,CAM008948,2024-11-23,737.82,0.0,737.82,Google Pay,Completed,0.257
PUR001394,CUST01922,CAM006541,2025-01-17,372.13,0.0,372.13,Debit Card,Completed,0.248
PUR001395,CUST02694,CAM002760,2025-09-11,1636.81,0.0,1636.81,Apple Pay,Completed,0.213
PUR001396,CUST04471,CAM002244,2025-05-25,1980.04,0.0,1980.04,PayPal,Completed,0.428
PUR001397,CUST02336,CAM003229,2025-10-25,153.76,0.04,147.61,PayPal,Pending,0.299
PUR001398,CUST02830,CAM002251,2026-07-08,2020.61,0.19,1636.69,Credit Card,Completed,0.328
PUR001399,CUST02670,CAM004736,2025-12-25,701.51,0.0,701.51,Apple Pay,Completed,0.201
PUR001400,CUST02019,CAM001848,2026-07-09,976.93,0.16,820.62,Debit Card,Refunded,0.254
PUR001401,CUST03462,CAM007083,2026-09-08,1190.08,0.0,1190.08,Credit Card,Completed,0.424
PUR001402,CUST00744,CAM008254,2026-05-28,1353.66,0.2,1082.93,Debit Card,Completed,0.229
PUR001403,CUST02503,CAM007951,2025-05-05,114.98,0.0,114.98,Debit Card,Completed,0.387
PUR001404,CUST02796,CAM008830,2025-11-17,1581.92,0.0,1581.92,Credit Card,Completed,0.398
PUR001405,CUST03130,CAM004425,2026-05-21,614.19,0.17,509.78,Debit Card,Completed,0.42
PUR001406,CUST00321,CAM008675,2026-01-17,57.3,0.0,57.3,Credit Card,Pending,0.239
PUR001407,CUST02575,CAM005962,2026-05-29,39.28,0.11,34.96,Credit Card,Cancelled,0.323
PUR001408,CUST02874,CAM001655,2025-09-04,194.54,0.23,149.8,Credit Card,Pending,0.292
PUR001409,CUST01465,CAM008278,2026-01-18,991.02,0.0,991.02,Apple Pay,Completed,0.219
PUR001410,CUST03260,CAM005228,2024-12-15,663.11,0.17,550.38,PayPal,Completed,0.354
PUR001411,CUST03616,CAM007233,2024-08-26,785.04,0.17,651.58,PayPal,Completed,0.388
PUR001412,CUST03102,CAM004560,2025-02-05,147.98,0.0,147.98,Google Pay,Completed,0.291
PUR001413,CUST04697,CAM006635,2026-02-16,879.12,0.0,879.12,Apple Pay,Completed,0.289
PUR001414,CUST03193,CAM000344,2025-01-14,572.47,0.0,572.47,Credit Card,Cancelled,0.291
PUR001415,CUST04248,CAM005314,2026-05-24,698.95,0.0,698.95,Apple Pay,Refunded,0.397
PUR001416,CUST02286,CAM002031,2025-05-20,226.7,0.0,226.7,PayPal,Completed,0.275
PUR001417,CUST00233,CAM007453,2025-11-14,1954.55,0.2,1563.64,Debit Card,Completed,0.435
PUR001418,CUST02141,CAM007760,2025-04-25,182.26,0.08,167.68,Apple Pay,Completed,0.267
PUR001419,CUST01155,CAM005114,2025-12-10,286.34,0.0,286.34,Apple Pay,Completed,0.242
PUR001420,CUST02884,CAM004595,2026-06-16,1284.78,0.0,1284.78,Debit Card,Completed,0.415
PUR001421,CUST04924,CAM004998,2024-08-30,329.62,0.0,329.62,PayPal,Completed,0.365
PUR001422,CUST00563,CAM002880,2025-08-11,221.99,0.0,221.99,Credit Card,Completed,0.334
PUR001423,CUST03526,CAM001293,2026-01-26,665.39,0.0,665.39,Credit Card,Completed,0.418
PUR001424,CUST01541,CAM005431,2026-07-17,85.09,0.0,85.09,Apple Pay,Completed,0.38
PUR001425,CUST01685,CAM006245,2024-09-13,779.65,0.16,654.91,Apple Pay,Completed,0.315
PUR001426,CUST02152,CAM008979,2025-10-10,267.8,0.04,257.09,Credit Card,Completed,0.409
PUR001427,CUST00988,CAM001997,2025-11-21,776.17,0.15,659.74,Debit Card,Pending,0.329
PUR001428,CUST00714,CAM006221,2025-10-16,113.78,0.0,113.78,Google Pay,Pending,0.276
PUR001429,CUST02936,CAM009157,2025-04-16,597.15,0.0,597.15,Credit Card,Completed,0.337
PUR001430,CUST03932,CAM002663,2025-08-02,475.68,0.0,475.68,PayPal,Completed,0.324
PUR001431,CUST01489,CAM001184,2024-11-12,565.53,0.0,565.53,Credit Card,Completed,0.398
PUR001432,CUST02978,CAM005103,2025-10-28,227.87,0.0,227.87,Credit Card,Completed,0.218
PUR001433,CUST04616,CAM000511,2024-12-06,755.43,0.19,611.9,Debit Card,Completed,0.319
PUR001434,CUST03000,CAM005685,2025-04-15,1278.29,0.0,1278.29,PayPal,Completed,0.395
PUR001435,CUST03200,CAM000608,2026-07-29,676.18,0.1,608.56,Credit Card,Cancelled,0.364
PUR001436,CUST02274,CAM008883,2025-05-23,467.51,0.0,467.51,Credit Card,Completed,0.358
PUR001437,CUST03078,CAM005478,2025-04-18,352.11,0.22,274.65,Debit Card,Completed,0.258
PUR001438,CUST02822,CAM009433,2024-12-18,517.24,0.0,517.24,PayPal,Completed,0.263
PUR001439,CUST01673,CAM003388,2024-11-01,498.47,0.0,498.47,Credit Card,Completed,0.418
PUR001440,CUST03477,CAM002417,2026-07-21,1585.9,0.17,1316.3,Credit Card,Completed,0.405
PUR001441,CUST04435,CAM002322,2025-12-07,595.74,0.0,595.74,PayPal,Completed,0.295
PUR001442,CUST04568,CAM002743,2026-02-22,484.58,0.0,484.58,Credit Card,Completed,0.274
PUR001443,CUST02813,CAM002553,2025-03-04,188.07,0.0,188.07,PayPal,Pending,0.358
PUR001444,CUST01736,CAM004787,2024-09-14,2705.37,0.01,2678.32,Apple Pay,Completed,0.311
PUR001445,CUST00883,CAM006627,2026-01-20,495.02,0.0,495.02,Google Pay,Completed,0.434
PUR001446,CUST01974,CAM004362,2025-01-08,688.66,0.01,681.77,Apple Pay,Completed,0.241
PUR001447,CUST04161,CAM003218,2024-11-19,674.89,0.0,674.89,Credit Card,Completed,0.279
PUR001448,CUST00904,CAM007516,2025-09-26,522.72,0.0,522.72,Debit Card,Completed,0.348
PUR001449,CUST02440,CAM007394,2025-11-02,1158.78,0.0,1158.78,Credit Card,Cancelled,0.292
PUR001450,CUST03128,CAM004858,2026-05-11,312.17,0.06,293.44,Google Pay,Completed,0.397
PUR001451,CUST00509,CAM008364,2025-01-04,733.74,0.0,733.74,Credit Card,Completed,0.303
PUR001452,CUST02759,CAM002931,2025-07-21,247.43,0.06,232.58,Debit Card,Completed,0.263
PUR001453,CUST04394,CAM004334,2026-01-20,158.7,0.0,158.7,Credit Card,Refunded,0.43
PUR001454,CUST00241,CAM001718,2025-04-18,348.31,0.0,348.31,PayPal,Completed,0.334
PUR001455,CUST00286,CAM005526,2025-04-21,173.02,0.0,173.02,Apple Pay,Completed,0.278
PUR001456,CUST02998,CAM002351,2026-01-30,666.43,0.0,666.43,Apple Pay,Completed,0.409
PUR001457,CUST00887,CAM001577,2025-01-16,979.57,0.0,979.57,PayPal,Completed,0.33
PUR001458,CUST00354,CAM005083,2025-01-20,3660.72,0.0,3660.72,Credit Card,Completed,0.318
PUR001459,CUST00140,CAM009749,2026-03-19,1602.96,0.0,1602.96,Apple Pay,Completed,0.368
PUR001460,CUST01455,CAM004539,2026-01-24,643.88,0.0,643.88,Google Pay,Completed,0.374
PUR001461,CUST00536,CAM004385,2025-02-18,314.18,0.0,314.18,Credit Card,Completed,0.44
PUR001462,CUST00324,CAM004261,2025-01-06,417.03,0.0,417.03,PayPal,Completed,0.227
PUR001463,CUST04487,CAM000353,2025-11-14,842.43,0.0,842.43,Credit Card,Completed,0.449
PUR001464,CUST03996,CAM003391,2026-05-21,185.33,0.0,185.33,Credit Card,Completed,0.372
PUR001465,CUST00355,CAM002015,2025-08-17,958.38,0.0,958.38,PayPal,Pending,0.288
PUR001466,CUST02773,CAM006421,2026-07-14,235.51,0.04,226.09,Google Pay,Completed,0.409
PUR001467,CUST02869,CAM008708,2025-12-18,1484.61,0.0,1484.61,Debit Card,Completed,0.31
PUR001468,CUST01436,CAM001508,2024-11-17,802.06,0.14,689.77,Apple Pay,Completed,0.318
PUR001469,CUST04005,CAM000464,2025-03-31,845.73,0.25,634.3,Debit Card,Completed,0.432
PUR001470,CUST01237,CAM003141,2026-07-02,668.06,0.0,668.06,Debit Card,Refunded,0.31
PUR001471,CUST03735,CAM009313,2026-01-23,750.7,0.0,750.7,Google Pay,Completed,0.287
PUR001472,CUST02222,CAM000120,2025-02-27,303.81,0.0,303.81,Debit Card,Completed,0.274
PUR001473,CUST02926,CAM004368,2026-06-01,231.35,0.14,198.96,Debit Card,Completed,0.409
PUR001474,CUST02387,CAM009877,2026-02-13,520.13,0.0,520.13,Credit Card,Pending,0.345
PUR001475,CUST03542,CAM008599,2025-09-09,840.57,0.2,672.46,Credit Card,Completed,0.278
PUR001476,CUST04556,CAM006714,2025-02-04,210.16,0.0,210.16,PayPal,Refunded,0.394
PUR001477,CUST02707,CAM001474,2024-12-28,542.56,0.03,526.28,Google Pay,Completed,0.434
PUR001478,CUST01445,CAM006897,2025-06-28,339.27,0.16,284.99,Credit Card,Completed,0.438
PUR001479,CUST03487,CAM006171,2025-10-23,245.79,0.24,186.8,Google Pay,Completed,0.406
PUR001480,CUST00755,CAM000382,2024-12-22,421.83,0.23,324.81,Apple Pay,Cancelled,0.414
PUR001481,CUST00288,CAM006653,2026-01-21,271.33,0.21,214.35,Credit Card,Completed,0.303
PUR001482,CUST00469,CAM002332,2025-02-17,1249.64,0.0,1249.64,PayPal,Completed,0.293
PUR001483,CUST02832,CAM000639,2026-07-06,2501.7,0.0,2501.7,PayPal,Completed,0.331
PUR001484,CUST04425,CAM005490,2025-04-27,507.24,0.0,507.24,Credit Card,Completed,0.448
PUR001485,CUST03114,CAM000357,2025-12-16,417.77,0.0,417.77,Credit Card,Refunded,0.224
PUR001486,CUST01256,CAM006637,2026-05-06,472.12,0.0,472.12,PayPal,Completed,0.273
PUR001487,CUST00743,CAM003660,2025-02-02,1243.98,0.13,1082.26,Credit Card,Completed,0.203
PUR001488,CUST04759,CAM007974,2025-07-06,858.58,0.0,858.58,PayPal,Refunded,0.247
PUR001489,CUST03181,CAM007476,2026-02-28,685.83,0.14,589.81,Credit Card,Completed,0.302
PUR001490,CUST01569,CAM009857,2026-04-28,555.09,0.1,499.58,Debit Card,Pending,0.308
PUR001491,CUST01554,CAM009170,2026-04-16,453.08,0.0,453.08,Credit Card,Pending,0.294
PUR001492,CUST00079,CAM003881,2025-03-11,761.08,0.0,761.08,Debit Card,Refunded,0.252
PUR001493,CUST01923,CAM000250,2024-08-31,254.03,0.11,226.09,Debit Card,Pending,0.251
PUR001494,CUST00195,CAM006728,2026-03-02,821.53,0.1,739.38,Google Pay,Completed,0.427
PUR001495,CUST02060,CAM003838,2025-09-28,317.97,0.07,295.71,Google Pay,Completed,0.363
PUR001496,CUST03536,CAM007803,2025-10-16,275.08,0.0,275.08,Debit Card,Completed,0.264
PUR001497,CUST01215,CAM007157,2026-05-17,488.81,0.0,488.81,Apple Pay,Completed,0.396
PUR001498,CUST04192,CAM004509,2025-10-06,529.64,0.0,529.64,Credit Card,Completed,0.218
PUR001499,CUST02507,CAM008736,2025-02-15,882.44,0.0,882.44,Credit Card,Completed,0.396
PUR001500,CUST00359,CAM009885,2026-06-21,758.2,0.21,598.98,Debit Card,Completed,0.414
PUR001501,CUST04379,CAM005794,2025-08-27,500.21,0.0,500.21,Credit Card,Completed,0.404
PUR001502,CUST00896,CAM000822,2024-11-19,1149.8,0.2,919.84,Debit Card,Completed,0.295
PUR001503,CUST03696,CAM001487,2026-03-04,69.82,0.15,59.35,Debit Card,Completed,0.231
PUR001504,CUST01476,CAM008865,2026-07-14,727.51,0.0,727.51,Google Pay,Completed,0.431
PUR001505,CUST02870,CAM000700,2024-12-29,662.37,0.0,662.37,PayPal,Completed,0.345
PUR001506,CUST01192,CAM004437,2026-01-26,443.41,0.1,399.07,Debit Card,Completed,0.435
PUR001507,CUST04612,CAM008841,2024-12-29,1101.57,0.0,1101.57,PayPal,Completed,0.353
PUR001508,CUST04079,CAM000262,2024-10-24,863.66,0.0,863.66,Debit Card,Pending,0.332
PUR001509,CUST01621,CAM005199,2025-12-08,2606.56,0.0,2606.56,PayPal,Completed,0.404
PUR001510,CUST03135,CAM000004,2025-10-17,281.62,0.0,281.62,PayPal,Refunded,0.21
PUR001511,CUST01988,CAM009969,2025-08-29,2448.06,0.0,2448.06,Credit Card,Completed,0.375
PUR001512,CUST02725,CAM006675,2024-09-05,512.38,0.07,476.51,PayPal,Completed,0.438
PUR001513,CUST04918,CAM006536,2026-06-21,166.35,0.0,166.35,Credit Card,Completed,0.211
PUR001514,CUST01013,CAM002307,2026-06-04,1526.26,0.05,1449.95,Debit Card,Completed,0.331
PUR001515,CUST01150,CAM000478,2025-02-19,320.79,0.24,243.8,Apple Pay,Completed,0.238
PUR001516,CUST01748,CAM005969,2025-07-16,269.88,0.11,240.19,PayPal,Completed,0.224
PUR001517,CUST01988,CAM005111,2025-06-22,1178.54,0.0,1178.54,Credit Card,Completed,0.355
PUR001518,CUST02980,CAM008610,2026-03-21,210.73,0.0,210.73,Credit Card,Completed,0.435
PUR001519,CUST04366,CAM005076,2025-07-12,293.97,0.16,246.93,Apple Pay,Completed,0.37
PUR001520,CUST03108,CAM007035,2025-02-03,482.26,0.0,482.26,Debit Card,Completed,0.299
PUR001521,CUST04653,CAM006259,2026-04-17,967.44,0.14,832.0,Debit Card,Completed,0.344
PUR001522,CUST00622,CAM002324,2026-02-09,469.74,0.22,366.4,Credit Card,Completed,0.319
PUR001523,CUST02575,CAM002060,2025-06-20,185.43,0.0,185.43,Debit Card,Completed,0.282
PUR001524,CUST02474,CAM009171,2024-11-15,1387.39,0.07,1290.27,Apple Pay,Completed,0.258
PUR001525,CUST03130,CAM009221,2026-06-11,697.42,0.0,697.42,Debit Card,Completed,0.213
PUR001526,CUST01267,CAM006385,2025-09-16,1378.77,0.0,1378.77,Apple Pay,Completed,0.449
PUR001527,CUST00981,CAM000927,2026-01-23,1000.08,0.22,780.06,Credit Card,Pending,0.353
PUR001528,CUST00961,CAM004696,2025-06-01,865.18,0.0,865.18,PayPal,Completed,0.387
PUR001529,CUST03304,CAM004364,2024-10-06,938.0,0.0,938.0,PayPal,Completed,0.414
PUR001530,CUST04483,CAM006489,2026-03-24,1448.99,0.0,1448.99,Debit Card,Completed,0.309
PUR001531,CUST00354,CAM004943,2024-11-22,1282.81,0.0,1282.81,Debit Card,Completed,0.219
PUR001532,CUST02249,CAM000944,2026-01-30,1301.27,0.08,1197.17,Debit Card,Completed,0.407
PUR001533,CUST03966,CAM008827,2025-04-15,303.69,0.0,303.69,Google Pay,Completed,0.408
PUR001534,CUST03791,CAM005148,2025-04-16,1090.14,0.0,1090.14,Debit Card,Completed,0.23
PUR001535,CUST02560,CAM000792,2025-12-29,77.74,0.14,66.86,Apple Pay,Completed,0.349
PUR001536,CUST00454,CAM002005,2026-01-18,1073.22,0.0,1073.22,PayPal,Completed,0.294
PUR001537,CUST04496,CAM000171,2026-04-30,883.85,0.0,883.85,PayPal,Completed,0.225
PUR001538,CUST01944,CAM008802,2025-07-27,720.1,0.0,720.1,Credit Card,Completed,0.367
PUR001539,CUST03350,CAM009020,2025-09-25,293.06,0.0,293.06,Debit Card,Completed,0.264
PUR001540,CUST02527,CAM008128,2026-01-28,2269.56,0.0,2269.56,Apple Pay,Cancelled,0.285
PUR001541,CUST03993,CAM008509,2026-02-23,2573.95,0.0,2573.95,Debit Card,Refunded,0.416
PUR001542,CUST01424,CAM001555,2026-01-02,118.27,0.0,118.27,Apple Pay,Completed,0.405
PUR001543,CUST02864,CAM000315,2025-08-31,258.44,0.02,253.27,Google Pay,Pending,0.365
PUR001544,CUST00810,CAM007349,2026-03-24,708.4,0.02,694.23,Debit Card,Completed,0.271
PUR001545,CUST03718,CAM004731,2025-06-13,262.28,0.0,262.28,Debit Card,Completed,0.209
PUR001546,CUST01829,CAM004748,2026-07-13,456.9,0.16,383.8,Debit Card,Completed,0.414
PUR001547,CUST02411,CAM006208,2026-05-31,298.07,0.0,298.07,PayPal,Pending,0.371
PUR001548,CUST02675,CAM002342,2024-12-18,445.8,0.0,445.8,Debit Card,Completed,0.21
PUR001549,CUST04141,CAM004903,2025-05-09,959.86,0.05,911.87,Credit Card,Completed,0.274
PUR001550,CUST01403,CAM008903,2025-09-14,451.85,0.0,451.85,Credit Card,Pending,0.363
PUR001551,CUST04797,CAM003334,2026-07-31,444.92,0.0,444.92,Debit Card,Pending,0.416
PUR001552,CUST02192,CAM003787,2025-07-06,338.67,0.0,338.67,Debit Card,Completed,0.368
PUR001553,CUST01814,CAM007487,2026-07-23,333.31,0.0,333.31,Credit Card,Completed,0.279
PUR001554,CUST04278,CAM008033,2024-10-19,149.71,0.0,149.71,Apple Pay,Completed,0.205
PUR001555,CUST01185,CAM005398,2026-02-05,1504.45,0.19,1218.6,Credit Card,Completed,0.343
PUR001556,CUST04581,CAM005225,2025-03-16,582.18,0.01,576.36,Credit Card,Completed,0.433
PUR001557,CUST03601,CAM000774,2026-04-13,808.62,0.2,646.9,PayPal,Cancelled,0.259
PUR001558,CUST01261,CAM000006,2026-08-16,482.79,0.21,381.4,PayPal,Refunded,0.314
PUR001559,CUST03207,CAM001026,2026-05-17,1219.55,0.13,1061.01,Credit Card,Cancelled,0.306
PUR001560,CUST01447,CAM005285,2025-05-10,723.4,0.0,723.4,Credit Card,Pending,0.412
PUR001561,CUST03159,CAM003501,2025-12-07,1051.7,0.0,1051.7,Debit Card,Completed,0.323
PUR001562,CUST01803,CAM005525,2025-07-29,327.53,0.0,327.53,Credit Card,Completed,0.242
PUR001563,CUST04013,CAM004799,2025-03-11,113.9,0.0,113.9,Apple Pay,Completed,0.215
PUR001564,CUST01885,CAM002051,2025-05-12,1118.31,0.21,883.46,Google Pay,Completed,0.359
PUR001565,CUST04252,CAM006703,2026-07-26,253.66,0.13,220.68,Debit Card,Completed,0.379
PUR001566,CUST01837,CAM002251,2026-06-15,1123.39,0.0,1123.39,PayPal,Refunded,0.425
PUR001567,CUST04862,CAM006679,2025-01-07,1581.64,0.18,1296.94,PayPal,Completed,0.293
PUR001568,CUST02402,CAM001951,2025-01-20,166.36,0.0,166.36,Debit Card,Cancelled,0.2
PUR001569,CUST00980,CAM001864,2026-03-01,209.57,0.1,188.61,Credit Card,Completed,0.421
PUR001570,CUST04436,CAM002071,2025-04-22,907.95,0.15,771.76,PayPal,Pending,0.388
PUR001571,CUST00712,CAM006218,2024-10-14,291.43,0.22,227.32,Credit Card,Completed,0.26
PUR001572,CUST00968,CAM008406,2026-07-27,931.08,0.0,931.08,Credit Card,Completed,0.353
PUR001573,CUST03650,CAM007629,2026-09-04,485.13,0.0,485.13,Debit Card,Completed,0.263
PUR001574,CUST00768,CAM002044,2025-07-30,599.89,0.0,599.89,Apple Pay,Cancelled,0.245
PUR001575,CUST02973,CAM004241,2025-05-21,4480.19,0.0,4480.19,Debit Card,Pending,0.325
PUR001576,CUST03259,CAM006571,2025-10-16,446.58,0.25,334.94,Debit Card,Pending,0.331
PUR001577,CUST01814,CAM002443,2025-07-08,400.61,0.06,376.57,Debit Card,Completed,0.267
PUR001578,CUST01289,CAM004824,2024-09-22,49.43,0.0,49.43,Debit Card,Pending,0.261
PUR001579,CUST04421,CAM005583,2025-10-25,670.26,0.0,670.26,Debit Card,Completed,0.308
PUR001580,CUST03629,CAM005959,2026-01-28,510.27,0.22,398.01,PayPal,Completed,0.394
PUR001581,CUST02536,CAM005055,2026-04-03,779.48,0.0,779.48,Credit Card,Completed,0.356
PUR001582,CUST00575,CAM007722,2025-10-28,1127.03,0.09,1025.6,Google Pay,Completed,0.447
PUR001583,CUST00034,CAM002606,2025-03-31,1247.83,0.11,1110.57,Debit Card,Completed,0.358
PUR001584,CUST00565,CAM007827,2024-11-28,716.75,0.1,645.08,Apple Pay,Completed,0.379
PUR001585,CUST00207,CAM007450,2025-08-02,93.63,0.01,92.69,Google Pay,Completed,0.254
PUR001586,CUST01006,CAM003218,2024-11-21,521.21,0.0,521.21,Debit Card,Completed,0.267
PUR001587,CUST00258,CAM005940,2024-12-22,744.54,0.0,744.54,Apple Pay,Completed,0.388
PUR001588,CUST04336,CAM008786,2025-04-11,529.35,0.16,444.65,Credit Card,Completed,0.444
PUR001589,CUST02249,CAM006878,2026-07-07,899.84,0.22,701.88,Debit Card,Completed,0.287
PUR001590,CUST00808,CAM002278,2025-01-27,37.18,0.0,37.18,Credit Card,Completed,0.418
PUR001591,CUST03662,CAM003150,2025-12-09,111.41,0.19,90.24,Google Pay,Completed,0.208
PUR001592,CUST00395,CAM004772,2026-02-20,777.88,0.0,777.88,PayPal,Pending,0.32
PUR001593,CUST02416,CAM003161,2026-05-23,489.77,0.0,489.77,Google Pay,Completed,0.335
PUR001594,CUST00478,CAM003159,2025-05-06,424.43,0.1,381.99,Debit Card,Completed,0.235
PUR001595,CUST00665,CAM007129,2026-05-22,1308.94,0.03,1269.67,Apple Pay,Completed,0.234
PUR001596,CUST01001,CAM003084,2026-01-29,259.37,0.0,259.37,Credit Card,Pending,0.275
PUR001597,CUST02274,CAM005224,2026-06-01,503.96,0.0,503.96,Debit Card,Pending,0.42
PUR001598,CUST04254,CAM008125,2026-07-06,641.87,0.0,641.87,Credit Card,Pending,0.235
PUR001599,CUST02014,CAM000752,2026-04-19,1187.68,0.0,1187.68,Credit Card,Completed,0.298
PUR001600,CUST03493,CAM000482,2025-08-26,1806.59,0.0,1806.59,Apple Pay,Completed,0.361
PUR001601,CUST01981,CAM004646,2025-02-15,510.35,0.0,510.35,Credit Card,Completed,0.355
PUR001602,CUST00338,CAM002048,2026-05-05,317.58,0.11,282.65,Credit Card,Completed,0.238
PUR001603,CUST03454,CAM009604,2025-01-18,2679.07,0.0,2679.07,Apple Pay,Completed,0.402
PUR001604,CUST03402,CAM009059,2024-11-27,315.16,0.0,315.16,Credit Card,Completed,0.383
PUR001605,CUST02512,CAM003664,2025-11-18,650.76,0.16,546.64,Google Pay,Refunded,0.418
PUR001606,CUST01243,CAM008579,2025-09-15,8764.05,0.0,8764.05,Apple Pay,Completed,0.365
PUR001607,CUST00612,CAM005032,2026-07-09,336.15,0.0,336.15,PayPal,Completed,0.292
PUR001608,CUST03682,CAM004904,2026-04-28,266.34,0.06,250.36,Credit Card,Completed,0.352
PUR001609,CUST04750,CAM009898,2025-08-08,212.49,0.0,212.49,PayPal,Completed,0.328
PUR001610,CUST00640,CAM004491,2026-05-24,1049.59,0.09,955.13,Apple Pay,Completed,0.38
PUR001611,CUST01738,CAM009947,2025-04-26,341.99,0.18,280.43,Credit Card,Completed,0.211
PUR001612,CUST00988,CAM009086,2024-11-23,164.28,0.0,164.28,Debit Card,Completed,0.329
PUR001613,CUST02855,CAM000190,2025-10-22,389.56,0.0,389.56,PayPal,Pending,0.254
PUR001614,CUST02438,CAM009610,2026-04-01,683.44,0.0,683.44,Google Pay,Completed,0.413
PUR001615,CUST03507,CAM007759,2025-04-16,105.6,0.02,103.49,Google Pay,Cancelled,0.364
PUR001616,CUST02330,CAM001507,2025-06-28,280.3,0.0,280.3,Google Pay,Completed,0.204
PUR001617,CUST04403,CAM001003,2025-10-25,143.49,0.0,143.49,Debit Card,Completed,0.393
PUR001618,CUST04407,CAM002584,2026-09-09,466.07,0.0,466.07,PayPal,Refunded,0.241
PUR001619,CUST00714,CAM005382,2026-06-20,1061.26,0.0,1061.26,Debit Card,Completed,0.377
PUR001620,CUST02854,CAM008031,2025-05-23,273.88,0.01,271.14,Credit Card,Cancelled,0.266
PUR001621,CUST00626,CAM003673,2026-05-16,1199.79,0.0,1199.79,Debit Card,Completed,0.353
PUR001622,CUST00590,CAM001623,2026-01-12,206.18,0.08,189.69,Google Pay,Completed,0.429
PUR001623,CUST01282,CAM001023,2025-12-10,434.64,0.0,434.64,Apple Pay,Completed,0.289
PUR001624,CUST03717,CAM000779,2024-10-08,829.62,0.07,771.55,Apple Pay,Completed,0.256
PUR001625,CUST02447,CAM008518,2024-08-26,890.1,0.0,890.1,Apple Pay,Cancelled,0.436
PUR001626,CUST01322,CAM002238,2024-09-19,601.71,0.07,559.59,Google Pay,Pending,0.443
PUR001627,CUST02048,CAM003281,2025-02-15,420.72,0.0,420.72,Apple Pay,Completed,0.369
PUR001628,CUST02158,CAM001139,2025-12-06,152.55,0.16,128.14,PayPal,Completed,0.207
PUR001629,CUST04608,CAM004281,2025-08-30,547.84,0.0,547.84,Credit Card,Cancelled,0.285
PUR001630,CUST04955,CAM002496,2026-08-25,946.47,0.0,946.47,Apple Pay,Refunded,0.259
PUR001631,CUST02706,CAM001574,2025-07-09,102.13,0.0,102.13,Apple Pay,Completed,0.22
PUR001632,CUST01488,CAM005105,2025-11-22,372.3,0.07,346.24,Credit Card,Completed,0.391
PUR001633,CUST03956,CAM009225,2024-11-19,838.85,0.0,838.85,Apple Pay,Completed,0.289
PUR001634,CUST03467,CAM009420,2025-06-15,319.4,0.22,249.13,PayPal,Completed,0.379
PUR001635,CUST04415,CAM000882,2025-11-11,204.6,0.0,204.6,Debit Card,Completed,0.205
PUR001636,CUST03048,CAM009217,2026-08-23,225.15,0.0,225.15,Google Pay,Completed,0.218
PUR001637,CUST04267,CAM007767,2025-04-06,85.39,0.0,85.39,Debit Card,Completed,0.405
PUR001638,CUST01916,CAM005238,2026-06-10,121.35,0.0,121.35,Google Pay,Pending,0.361
PUR001639,CUST01869,CAM006177,2026-01-31,580.47,0.0,580.47,Credit Card,Cancelled,0.35
PUR001640,CUST04078,CAM006503,2024-11-26,432.15,0.08,397.58,Credit Card,Completed,0.308
PUR001641,CUST01795,CAM005356,2025-09-05,1151.97,0.0,1151.97,Debit Card,Completed,0.237
PUR001642,CUST03491,CAM003641,2025-04-22,2072.55,0.01,2051.82,Credit Card,Completed,0.247
PUR001643,CUST03699,CAM004749,2026-01-22,1448.86,0.0,1448.86,PayPal,Completed,0.374
PUR001644,CUST04686,CAM002346,2025-11-18,604.1,0.0,604.1,Debit Card,Completed,0.419
PUR001645,CUST01359,CAM003394,2026-05-14,736.93,0.0,736.93,Debit Card,Completed,0.206
PUR001646,CUST01256,CAM003079,2026-04-28,820.08,0.02,803.68,PayPal,Cancelled,0.373
PUR001647,CUST04441,CAM004497,2025-12-06,867.49,0.0,867.49,Debit Card,Completed,0.209
PUR001648,CUST02424,CAM008595,2026-06-29,825.72,0.0,825.72,Debit Card,Completed,0.411
PUR001649,CUST03369,CAM008485,2024-10-23,1194.66,0.0,1194.66,PayPal,Completed,0.252
PUR001650,CUST02798,CAM006850,2025-08-17,427.28,0.23,329.01,PayPal,Completed,0.367
PUR001651,CUST03245,CAM009022,2026-01-26,689.04,0.17,571.9,Credit Card,Completed,0.434
PUR001652,CUST00744,CAM004173,2025-08-14,1908.75,0.0,1908.75,PayPal,Completed,0.288
PUR001653,CUST02744,CAM005296,2025-08-29,303.53,0.09,276.21,Debit Card,Completed,0.388
PUR001654,CUST00961,CAM000313,2024-09-23,669.27,0.0,669.27,Google Pay,Completed,0.404
PUR001655,CUST04369,CAM009729,2025-11-05,789.56,0.17,655.33,PayPal,Pending,0.346
PUR001656,CUST03948,CAM007321,2024-11-25,481.32,0.02,471.69,Credit Card,Pending,0.285
PUR001657,CUST01543,CAM007278,2025-05-15,505.67,0.0,505.67,Debit Card,Completed,0.204
PUR001658,CUST02227,CAM009090,2024-11-02,429.5,0.0,429.5,PayPal,Pending,0.396
PUR001659,CUST03408,CAM004369,2025-01-01,1206.89,0.0,1206.89,Debit Card,Completed,0.342
PUR001660,CUST02154,CAM008182,2025-07-21,680.39,0.0,680.39,Credit Card,Completed,0.252
PUR001661,CUST01428,CAM001122,2026-03-30,283.49,0.0,283.49,Debit Card,Completed,0.383
PUR001662,CUST04873,CAM004660,2026-09-08,325.53,0.0,325.53,Apple Pay,Completed,0.448
PUR001663,CUST04106,CAM000442,2026-06-08,298.82,0.0,298.82,Credit Card,Completed,0.213
PUR001664,CUST02876,CAM006891,2024-10-13,765.13,0.18,627.41,Debit Card,Completed,0.3
PUR001665,CUST01033,CAM006807,2025-08-23,1005.98,0.0,1005.98,PayPal,Completed,0.226
PUR001666,CUST03584,CAM002969,2024-09-19,119.02,0.0,119.02,Credit Card,Completed,0.432
PUR001667,CUST04091,CAM007463,2025-02-07,563.35,0.0,563.35,Apple Pay,Completed,0.236
PUR001668,CUST01532,CAM007678,2024-11-01,213.01,0.23,164.02,Credit Card,Completed,0.231
PUR001669,CUST04755,CAM008596,2025-03-23,199.11,0.0,199.11,PayPal,Completed,0.237
PUR001670,CUST01731,CAM000428,2026-06-13,122.13,0.0,122.13,Debit Card,Pending,0.344
PUR001671,CUST01103,CAM000404,2026-04-02,295.09,0.0,295.09,Credit Card,Completed,0.204
PUR001672,CUST03146,CAM005487,2025-09-23,221.6,0.02,217.17,Debit Card,Completed,0.32
PUR001673,CUST01434,CAM003614,2026-06-17,385.63,0.0,385.63,Debit Card,Completed,0.39
PUR001674,CUST01613,CAM007983,2026-08-19,790.56,0.0,790.56,PayPal,Completed,0.226
PUR001675,CUST03392,CAM007807,2025-06-21,302.16,0.24,229.64,Credit Card,Completed,0.336
PUR001676,CUST03065,CAM004646,2025-01-28,167.49,0.0,167.49,Apple Pay,Completed,0.309
PUR001677,CUST01269,CAM000595,2024-09-25,3302.38,0.0,3302.38,Credit Card,Completed,0.203
PUR001678,CUST03148,CAM003567,2025-12-14,666.24,0.08,612.94,PayPal,Completed,0.359
PUR001679,CUST04735,CAM002048,2026-04-19,256.98,0.0,256.98,Credit Card,Completed,0.225
PUR001680,CUST03296,CAM005626,2026-08-01,2172.47,0.0,2172.47,Credit Card,Cancelled,0.256
PUR001681,CUST02295,CAM001140,2025-06-05,166.84,0.0,166.84,Debit Card,Completed,0.241
PUR001682,CUST00304,CAM008542,2025-01-10,100.75,0.02,98.74,Debit Card,Cancelled,0.437
PUR001683,CUST04925,CAM008666,2026-01-16,699.11,0.0,699.11,Apple Pay,Completed,0.354
PUR001684,CUST04429,CAM002442,2026-08-24,240.99,0.18,197.61,Google Pay,Completed,0.2
PUR001685,CUST03837,CAM007404,2026-03-13,735.87,0.0,735.87,Apple Pay,Completed,0.368
PUR001686,CUST04589,CAM003212,2026-04-28,50.55,0.0,50.55,Credit Card,Completed,0.366
PUR001687,CUST00299,CAM008709,2026-01-02,1148.77,0.0,1148.77,Apple Pay,Completed,0.441
PUR001688,CUST01318,CAM003130,2024-12-13,118.18,0.0,118.18,Debit Card,Completed,0.426
PUR001689,CUST02887,CAM005634,2026-02-07,811.13,0.0,811.13,Apple Pay,Completed,0.403
PUR001690,CUST01498,CAM001255,2025-01-09,2400.74,0.0,2400.74,Google Pay,Completed,0.232
PUR001691,CUST00641,CAM006817,2025-10-28,534.4,0.0,534.4,Debit Card,Cancelled,0.24
PUR001692,CUST03358,CAM002344,2025-11-19,626.84,0.0,626.84,Debit Card,Completed,0.299
PUR001693,CUST01152,CAM003403,2025-01-05,1300.55,0.0,1300.55,Apple Pay,Completed,0.404
PUR001694,CUST02887,CAM000048,2026-10-02,164.15,0.0,164.15,Apple Pay,Completed,0.383
PUR001695,CUST03910,CAM009634,2025-11-08,257.47,0.0,257.47,PayPal,Completed,0.234
PUR001696,CUST00950,CAM002419,2025-10-17,1109.07,0.0,1109.07,Credit Card,Completed,0.37
PUR001697,CUST04670,CAM007819,2026-01-17,560.86,0.0,560.86,Debit Card,Completed,0.422
PUR001698,CUST02627,CAM008670,2025-08-02,595.98,0.0,595.98,Debit Card,Completed,0.279
PUR001699,CUST01599,CAM007017,2025-10-13,1148.29,0.0,1148.29,Debit Card,Completed,0.317
PUR001700,CUST04973,CAM002961,2025-08-19,388.44,0.05,369.02,PayPal,Completed,0.284
PUR001701,CUST02743,CAM001020,2025-12-01,445.69,0.0,445.69,Debit Card,Completed,0.342
PUR001702,CUST03750,CAM006707,2025-10-12,288.59,0.24,219.33,Credit Card,Completed,0.356
PUR001703,CUST02199,CAM004822,2026-04-10,194.45,0.0,194.45,Credit Card,Pending,0.281
PUR001704,CUST02200,CAM003211,2025-08-06,1007.89,0.0,1007.89,Apple Pay,Pending,0.401
PUR001705,CUST02449,CAM003790,2025-02-20,1141.74,0.17,947.64,PayPal,Completed,0.244
PUR001706,CUST02170,CAM006204,2024-10-21,547.29,0.0,547.29,Google Pay,Completed,0.332
PUR001707,CUST00604,CAM005367,2026-02-05,1813.54,0.0,1813.54,Debit Card,Pending,0.385
PUR001708,CUST01894,CAM009046,2025-01-26,443.72,0.06,417.1,Debit Card,Completed,0.415
PUR001709,CUST01656,CAM002566,2024-11-08,239.31,0.18,196.23,Debit Card,Completed,0.266
PUR001710,CUST04466,CAM000715,2025-03-28,291.98,0.0,291.98,Debit Card,Completed,0.263
PUR001711,CUST04615,CAM009268,2026-04-23,886.64,0.0,886.64,Google Pay,Completed,0.422
PUR001712,CUST02274,CAM002741,2025-03-03,573.53,0.17,476.03,Debit Card,Completed,0.428
PUR001713,CUST02249,CAM006822,2026-01-08,263.07,0.0,263.07,Credit Card,Completed,0.254
PUR001714,CUST01110,CAM002721,2024-09-09,3185.87,0.0,3185.87,Credit Card,Refunded,0.246
PUR001715,CUST03531,CAM000426,2026-08-31,271.85,0.0,271.85,PayPal,Completed,0.386
PUR001716,CUST01022,CAM007811,2025-04-27,916.28,0.02,897.95,Credit Card,Completed,0.405
PUR001717,CUST03876,CAM002328,2025-05-12,650.93,0.0,650.93,Credit Card,Completed,0.373
PUR001718,CUST04458,CAM008739,2026-02-16,648.88,0.0,648.88,Credit Card,Pending,0.357
PUR001719,CUST03659,CAM003679,2024-12-21,346.2,0.06,325.43,Credit Card,Cancelled,0.27
PUR001720,CUST02220,CAM008993,2024-10-01,275.75,0.0,275.75,Debit Card,Completed,0.377
PUR001721,CUST03619,CAM003291,2025-06-13,1159.17,0.04,1112.8,Google Pay,Cancelled,0.421
PUR001722,CUST02828,CAM006472,2025-11-24,191.0,0.0,191.0,Credit Card,Completed,0.369
PUR001723,CUST01204,CAM005947,2025-10-21,542.51,0.0,542.51,Credit Card,Completed,0.247
PUR001724,CUST01168,CAM007935,2026-03-03,943.65,0.0,943.65,Debit Card,Completed,0.24
PUR001725,CUST03057,CAM006671,2026-01-18,621.2,0.0,621.2,Debit Card,Pending,0.379
PUR001726,CUST01750,CAM007348,2026-04-03,107.25,0.0,107.25,Debit Card,Completed,0.361
PUR001727,CUST02894,CAM001131,2025-02-11,644.5,0.0,644.5,Credit Card,Refunded,0.253
PUR001728,CUST04091,CAM002438,2025-06-15,106.66,0.0,106.66,Debit Card,Completed,0.403
PUR001729,CUST02482,CAM009944,2024-12-19,812.69,0.06,763.93,PayPal,Completed,0.235
PUR001730,CUST04096,CAM005525,2025-08-10,486.5,0.0,486.5,PayPal,Refunded,0.208
PUR001731,CUST02240,CAM006796,2025-03-27,888.74,0.0,888.74,Credit Card,Completed,0.361
PUR001732,CUST00796,CAM002360,2025-07-08,259.89,0.0,259.89,Google Pay,Completed,0.404
PUR001733,CUST01957,CAM008502,2024-10-10,227.29,0.1,204.56,Debit Card,Completed,0.43
PUR001734,CUST01946,CAM009885,2026-07-08,305.7,0.06,287.36,PayPal,Completed,0.269
PUR001735,CUST00003,CAM008653,2024-12-27,613.03,0.0,613.03,Credit Card,Cancelled,0.231
PUR001736,CUST02408,CAM000851,2025-09-14,147.49,0.0,147.49,Debit Card,Pending,0.297
PUR001737,CUST01012,CAM000652,2025-02-28,271.32,0.0,271.32,Debit Card,Completed,0.421
PUR001738,CUST00869,CAM006298,2025-10-08,1482.72,0.0,1482.72,Credit Card,Completed,0.429
PUR001739,CUST00519,CAM001921,2024-10-23,622.33,0.17,516.53,Debit Card,Completed,0.362
PUR001740,CUST02366,CAM000495,2026-08-07,392.32,0.0,392.32,Debit Card,Completed,0.328
PUR001741,CUST02532,CAM001357,2026-01-14,127.36,0.04,122.27,Google Pay,Refunded,0.321
PUR001742,CUST04976,CAM006742,2026-02-26,78.45,0.0,78.45,Credit Card,Completed,0.217
PUR001743,CUST00940,CAM004083,2025-10-05,1209.04,0.0,1209.04,Debit Card,Completed,0.439
PUR001744,CUST02191,CAM007222,2026-08-07,96.82,0.0,96.82,Apple Pay,Completed,0.388
PUR001745,CUST00176,CAM007998,2025-10-21,588.45,0.0,588.45,Google Pay,Completed,0.302
PUR001746,CUST03862,CAM004296,2026-05-20,224.48,0.0,224.48,Google Pay,Completed,0.325
PUR001747,CUST01930,CAM005359,2025-08-03,544.96,0.05,517.71,Credit Card,Completed,0.397
PUR001748,CUST04129,CAM006787,2024-11-17,77.12,0.1,69.41,Credit Card,Completed,0.36
PUR001749,CUST01901,CAM006260,2026-01-21,341.79,0.23,263.18,Debit Card,Refunded,0.361
PUR001750,CUST01668,CAM000105,2026-01-30,2226.45,0.0,2226.45,Debit Card,Completed,0.228
PUR001751,CUST01340,CAM009588,2025-10-27,536.57,0.06,504.38,Credit Card,Completed,0.255
PUR001752,CUST01519,CAM001284,2026-04-06,246.24,0.0,246.24,PayPal,Refunded,0.259
PUR001753,CUST02286,CAM001822,2025-08-10,535.8,0.0,535.8,Debit Card,Pending,0.296
PUR001754,CUST02028,CAM006078,2024-10-01,251.75,0.0,251.75,Google Pay,Completed,0.268
PUR001755,CUST03415,CAM009798,2024-10-27,3030.14,0.08,2787.73,Apple Pay,Completed,0.394
PUR001756,CUST00103,CAM005228,2024-12-09,221.78,0.0,221.78,Apple Pay,Completed,0.284
PUR001757,CUST01663,CAM008981,2026-06-01,426.65,0.21,337.05,Credit Card,Completed,0.326
PUR001758,CUST02481,CAM001734,2026-07-21,283.6,0.14,243.9,Debit Card,Completed,0.235
PUR001759,CUST04584,CAM009297,2024-10-23,684.34,0.0,684.34,Debit Card,Completed,0.282
PUR001760,CUST03130,CAM007201,2026-07-14,492.9,0.0,492.9,Apple Pay,Completed,0.238
PUR001761,CUST00616,CAM004009,2025-12-03,349.35,0.0,349.35,Debit Card,Completed,0.225
PUR001762,CUST01160,CAM001893,2026-02-07,449.82,0.0,449.82,Debit Card,Refunded,0.34
PUR001763,CUST00214,CAM004056,2025-08-10,561.04,0.0,561.04,Debit Card,Pending,0.426
PUR001764,CUST03961,CAM002324,2026-02-21,1100.48,0.0,1100.48,Debit Card,Completed,0.282
PUR001765,CUST04206,CAM007641,2025-12-20,443.6,0.04,425.86,Credit Card,Completed,0.31
PUR001766,CUST03651,CAM009780,2024-08-26,852.76,0.0,852.76,Google Pay,Cancelled,0.319
PUR001767,CUST04826,CAM003930,2024-10-28,637.33,0.07,592.72,Credit Card,Completed,0.384
PUR001768,CUST01203,CAM004998,2024-09-27,421.53,0.0,421.53,Apple Pay,Completed,0.4
PUR001769,CUST03940,CAM001891,2025-05-13,828.24,0.0,828.24,Google Pay,Pending,0.246
PUR001770,CUST03838,CAM002276,2025-11-13,139.75,0.0,139.75,Debit Card,Completed,0.44
PUR001771,CUST00305,CAM007756,2024-10-15,275.53,0.0,275.53,Credit Card,Completed,0.238
PUR001772,CUST04007,CAM005588,2025-12-09,112.56,0.22,87.8,Apple Pay,Completed,0.353
PUR001773,CUST04981,CAM005946,2026-08-16,1804.23,0.0,1804.23,PayPal,Completed,0.315
PUR001774,CUST02398,CAM001761,2026-06-05,1439.36,0.04,1381.79,Debit Card,Completed,0.334
PUR001775,CUST02116,CAM002809,2026-01-29,692.14,0.0,692.14,Credit Card,Completed,0.393
PUR001776,CUST04287,CAM007863,2024-12-31,245.08,0.0,245.08,Credit Card,Completed,0.311
PUR001777,CUST02281,CAM007767,2025-03-12,77.77,0.0,77.77,PayPal,Completed,0.247
PUR001778,CUST01104,CAM008033,2024-10-20,789.05,0.0,789.05,Debit Card,Completed,0.341
PUR001779,CUST01197,CAM000789,2025-06-06,316.07,0.19,256.02,PayPal,Completed,0.413
PUR001780,CUST03540,CAM008898,2026-05-12,851.06,0.01,842.55,Debit Card,Completed,0.238
PUR001781,CUST00214,CAM002896,2025-10-26,239.89,0.0,239.89,Credit Card,Completed,0.347
PUR001782,CUST00667,CAM006563,2026-02-15,350.66,0.0,350.66,Debit Card,Completed,0.423
PUR001783,CUST04584,CAM004162,2026-02-28,167.16,0.09,152.12,Debit Card,Completed,0.378
PUR001784,CUST01568,CAM001186,2026-07-13,104.91,0.0,104.91,Apple Pay,Completed,0.255
PUR001785,CUST03326,CAM008957,2025-01-29,573.88,0.0,573.88,Debit Card,Completed,0.393
PUR001786,CUST04807,CAM000572,2025-02-04,372.75,0.11,331.75,Google Pay,Completed,0.226
PUR001787,CUST00960,CAM009988,2026-09-05,264.99,0.0,264.99,PayPal,Completed,0.384
PUR001788,CUST04284,CAM006517,2026-05-09,3742.18,0.0,3742.18,Debit Card,Completed,0.237
PUR001789,CUST00926,CAM003253,2026-06-27,425.98,0.15,362.08,Credit Card,Completed,0.272
PUR001790,CUST03415,CAM006667,2025-12-03,617.61,0.0,617.61,Debit Card,Completed,0.329
PUR001791,CUST00417,CAM007360,2026-03-26,709.85,0.0,709.85,Apple Pay,Completed,0.334
PUR001792,CUST01316,CAM008350,2026-08-16,450.85,0.0,450.85,Credit Card,Completed,0.375
PUR001793,CUST04994,CAM003563,2026-05-25,525.72,0.0,525.72,Credit Card,Completed,0.437
PUR001794,CUST01492,CAM003023,2026-07-02,122.87,0.04,117.96,Debit Card,Completed,0.402
PUR001795,CUST00927,CAM002868,2025-07-20,1919.45,0.0,1919.45,Google Pay,Completed,0.306
PUR001796,CUST01800,CAM003598,2025-03-10,551.17,0.22,429.91,PayPal,Cancelled,0.228
PUR001797,CUST04174,CAM005823,2024-08-24,250.54,0.0,250.54,PayPal,Completed,0.264
PUR001798,CUST00190,CAM007075,2025-04-01,53.64,0.19,43.45,Apple Pay,Completed,0.26
PUR001799,CUST02848,CAM000042,2026-08-01,1292.58,0.07,1202.1,Debit Card,Completed,0.334
PUR001800,CUST00087,CAM009544,2024-10-12,160.28,0.0,160.28,Google Pay,Completed,0.286
PUR001801,CUST04129,CAM006280,2025-12-30,652.44,0.0,652.44,Credit Card,Completed,0.277
PUR001802,CUST03333,CAM005366,2026-08-26,99.77,0.0,99.77,Debit Card,Completed,0.23
PUR001803,CUST02337,CAM000037,2025-12-22,481.81,0.0,481.81,Debit Card,Completed,0.282
PUR001804,CUST02060,CAM008639,2026-04-02,1120.34,0.0,1120.34,Debit Card,Completed,0.324
PUR001805,CUST02184,CAM003909,2026-05-12,5000.0,0.1,4500.0,Debit Card,Pending,0.23
PUR001806,CUST00552,CAM000801,2025-03-12,361.36,0.0,361.36,Credit Card,Completed,0.362
PUR001807,CUST01571,CAM007157,2026-05-27,238.0,0.03,230.86,Credit Card,Refunded,0.281
PUR001808,CUST02133,CAM008270,2026-02-19,408.7,0.0,408.7,Debit Card,Completed,0.223
PUR001809,CUST03106,CAM002724,2025-09-06,343.52,0.0,343.52,Apple Pay,Completed,0.394
PUR001810,CUST00836,CAM001546,2025-10-07,2530.12,0.0,2530.12,Credit Card,Pending,0.286
PUR001811,CUST04738,CAM000718,2025-09-01,954.46,0.0,954.46,Credit Card,Completed,0.323
PUR001812,CUST00976,CAM009956,2025-12-14,846.17,0.0,846.17,Credit Card,Completed,0.358
PUR001813,CUST00004,CAM004689,2026-02-28,1342.24,0.0,1342.24,PayPal,Pending,0.268
PUR001814,CUST02729,CAM009719,2024-12-10,353.29,0.04,339.16,Debit Card,Completed,0.396
PUR001815,CUST01117,CAM002145,2026-02-15,146.57,0.19,118.72,Debit Card,Completed,0.399
PUR001816,CUST00037,CAM008420,2024-11-30,701.59,0.0,701.59,Apple Pay,Completed,0.229
PUR001817,CUST00411,CAM008401,2024-09-04,162.14,0.0,162.14,Credit Card,Completed,0.235
PUR001818,CUST01837,CAM004890,2026-05-29,1860.17,0.0,1860.17,Debit Card,Completed,0.425
PUR001819,CUST00224,CAM006612,2026-08-07,296.62,0.15,252.13,Credit Card,Completed,0.216
PUR001820,CUST00422,CAM004292,2025-01-05,628.52,0.0,628.52,Google Pay,Completed,0.265
PUR001821,CUST00416,CAM002709,2026-02-20,859.38,0.16,721.88,PayPal,Completed,0.216
PUR001822,CUST02965,CAM009537,2026-05-08,750.71,0.19,608.08,PayPal,Completed,0.262
PUR001823,CUST03579,CAM008125,2026-07-29,147.8,0.0,147.8,Apple Pay,Completed,0.334
PUR001824,CUST01398,CAM001621,2024-11-24,12.9,0.0,12.9,Credit Card,Completed,0.4
PUR001825,CUST02978,CAM005076,2025-08-14,3152.17,0.0,3152.17,PayPal,Completed,0.356
PUR001826,CUST03475,CAM003191,2025-11-05,1370.65,0.0,1370.65,Google Pay,Completed,0.267
PUR001827,CUST00767,CAM005307,2024-10-03,597.65,0.0,597.65,Apple Pay,Completed,0.437
PUR001828,CUST02881,CAM007607,2026-08-19,840.25,0.08,773.03,Credit Card,Cancelled,0.386
PUR001829,CUST04200,CAM002103,2026-07-10,875.43,0.0,875.43,Credit Card,Completed,0.208
PUR001830,CUST00669,CAM003173,2026-04-25,521.87,0.0,521.87,Credit Card,Refunded,0.371
PUR001831,CUST04793,CAM008638,2025-10-21,329.65,0.04,316.46,Credit Card,Completed,0.228
PUR001832,CUST03624,CAM003835,2024-12-11,192.27,0.05,182.66,Google Pay,Completed,0.327
PUR001833,CUST04253,CAM002978,2025-05-12,833.52,0.0,833.52,Apple Pay,Completed,0.306
PUR001834,CUST03723,CAM009662,2026-07-27,620.27,0.0,620.27,PayPal,Completed,0.43
PUR001835,CUST02138,CAM002907,2025-07-27,203.35,0.0,203.35,Apple Pay,Completed,0.274
PUR001836,CUST03459,CAM000340,2025-08-14,157.27,0.15,133.68,Apple Pay,Completed,0.331
PUR001837,CUST01032,CAM000675,2026-05-26,408.9,0.0,408.9,Credit Card,Completed,0.211
PUR001838,CUST03238,CAM001170,2026-02-12,1321.47,0.0,1321.47,Apple Pay,Completed,0.315
PUR001839,CUST04662,CAM008305,2026-07-20,754.41,0.0,754.41,Credit Card,Completed,0.437
PUR001840,CUST02503,CAM004073,2025-06-17,251.29,0.0,251.29,PayPal,Completed,0.212
PUR001841,CUST04168,CAM003075,2025-11-08,511.39,0.0,511.39,Apple Pay,Completed,0.411
PUR001842,CUST00400,CAM006346,2025-07-03,451.7,0.0,451.7,Credit Card,Completed,0.358
PUR001843,CUST01289,CAM001883,2025-07-28,1784.27,0.15,1516.63,Credit Card,Completed,0.298
PUR001844,CUST02630,CAM005516,2025-11-19,233.71,0.0,233.71,Credit Card,Completed,0.237
PUR001845,CUST01932,CAM001298,2026-04-18,269.67,0.0,269.67,Apple Pay,Completed,0.415
PUR001846,CUST01543,CAM005280,2026-04-25,677.92,0.0,677.92,PayPal,Completed,0.293
PUR001847,CUST04040,CAM005306,2026-03-15,652.92,0.1,587.63,Google Pay,Completed,0.334
PUR001848,CUST03747,CAM002326,2025-10-23,329.09,0.08,302.76,Debit Card,Pending,0.292
PUR001849,CUST03776,CAM004366,2024-08-23,825.73,0.0,825.73,Debit Card,Completed,0.246
PUR001850,CUST04131,CAM001785,2024-11-24,225.46,0.0,225.46,Credit Card,Completed,0.23
PUR001851,CUST04392,CAM008365,2026-04-25,472.87,0.0,472.87,Credit Card,Completed,0.333
PUR001852,CUST00598,CAM000037,2025-11-24,542.2,0.0,542.2,Debit Card,Completed,0.218
PUR001853,CUST04747,CAM005710,2025-06-04,1281.14,0.0,1281.14,PayPal,Pending,0.347
PUR001854,CUST01650,CAM005289,2026-09-28,871.91,0.11,776.0,Apple Pay,Completed,0.364
PUR001855,CUST03033,CAM004689,2026-01-18,288.55,0.0,288.55,Apple Pay,Pending,0.264
PUR001856,CUST02106,CAM008345,2025-04-20,1576.16,0.04,1513.11,Debit Card,Pending,0.22
PUR001857,CUST04225,CAM002905,2025-12-29,790.22,0.05,750.71,Google Pay,Completed,0.283
PUR001858,CUST02521,CAM003823,2025-04-21,423.37,0.0,423.37,Debit Card,Completed,0.304
PUR001859,CUST02521,CAM006990,2026-05-23,198.01,0.07,184.15,Debit Card,Pending,0.384
PUR001860,CUST03338,CAM004678,2025-10-20,664.38,0.23,511.57,Debit Card,Completed,0.418
PUR001861,CUST02850,CAM003830,2025-07-11,78.71,0.15,66.9,Credit Card,Pending,0.229
PUR001862,CUST03005,CAM003989,2024-12-20,580.17,0.21,458.33,Google Pay,Completed,0.201
PUR001863,CUST01887,CAM001108,2025-02-24,749.98,0.0,749.98,PayPal,Completed,0.215
PUR001864,CUST02352,CAM002634,2024-11-06,2414.41,0.16,2028.1,Google Pay,Completed,0.286
PUR001865,CUST00107,CAM002694,2026-06-13,266.08,0.0,266.08,Debit Card,Completed,0.253
PUR001866,CUST04767,CAM007850,2025-11-26,586.36,0.16,492.54,Credit Card,Completed,0.352
PUR001867,CUST02512,CAM006239,2026-02-11,824.99,0.0,824.99,Debit Card,Completed,0.447
PUR001868,CUST00961,CAM007705,2025-10-28,120.38,0.0,120.38,Apple Pay,Completed,0.363
PUR001869,CUST01668,CAM003846,2026-02-02,839.47,0.0,839.47,Credit Card,Completed,0.271
PUR001870,CUST03352,CAM002151,2025-07-05,178.13,0.0,178.13,Credit Card,Pending,0.209
PUR001871,CUST01254,CAM009198,2025-03-16,785.48,0.22,612.67,Debit Card,Completed,0.29
PUR001872,CUST00303,CAM009801,2025-05-27,265.23,0.0,265.23,Credit Card,Pending,0.432
PUR001873,CUST01179,CAM008449,2026-07-24,797.14,0.2,637.71,Apple Pay,Completed,0.414
PUR001874,CUST02427,CAM008369,2024-12-02,114.12,0.0,114.12,Google Pay,Pending,0.408
PUR001875,CUST00331,CAM007911,2026-08-12,201.9,0.0,201.9,Credit Card,Completed,0.322
PUR001876,CUST00308,CAM004816,2026-01-01,1932.64,0.06,1816.68,Debit Card,Completed,0.277
PUR001877,CUST04376,CAM007507,2024-10-13,544.84,0.0,544.84,Credit Card,Completed,0.233
PUR001878,CUST03836,CAM008191,2026-03-10,63.98,0.0,63.98,Credit Card,Completed,0.315
PUR001879,CUST03139,CAM007086,2025-03-03,801.92,0.14,689.65,Credit Card,Completed,0.382
PUR001880,CUST03416,CAM004034,2025-08-21,459.13,0.05,436.17,PayPal,Completed,0.233
PUR001881,CUST00691,CAM000454,2025-04-11,837.76,0.0,837.76,Credit Card,Completed,0.234
PUR001882,CUST02818,CAM000562,2025-06-26,1265.65,0.0,1265.65,Apple Pay,Completed,0.324
PUR001883,CUST03591,CAM008235,2025-03-31,136.38,0.0,136.38,Credit Card,Completed,0.218
PUR001884,CUST02426,CAM007429,2025-08-24,1291.17,0.0,1291.17,Debit Card,Completed,0.441
PUR001885,CUST04861,CAM008506,2025-07-12,614.29,0.18,503.72,Credit Card,Completed,0.24
PUR001886,CUST04001,CAM003548,2025-07-26,236.51,0.06,222.32,Debit Card,Completed,0.421
PUR001887,CUST03017,CAM006944,2025-01-10,772.23,0.0,772.23,PayPal,Completed,0.311
PUR001888,CUST02524,CAM007590,2025-08-10,146.0,0.0,146.0,Credit Card,Completed,0.288
PUR001889,CUST00250,CAM001183,2026-05-20,756.47,0.0,756.47,Debit Card,Completed,0.403
PUR001890,CUST03842,CAM007876,2024-10-25,205.35,0.0,205.35,Credit Card,Completed,0.335
PUR001891,CUST01068,CAM003071,2026-07-21,1048.67,0.1,943.8,Credit Card,Completed,0.349
PUR001892,CUST00309,CAM002640,2024-10-22,164.53,0.0,164.53,Debit Card,Completed,0.269
PUR001893,CUST02620,CAM005051,2026-08-18,1561.38,0.0,1561.38,Google Pay,Completed,0.425
PUR001894,CUST00265,CAM005635,2026-06-19,544.31,0.2,435.45,Google Pay,Completed,0.445
PUR001895,CUST03882,CAM004458,2025-10-13,488.13,0.11,434.44,Google Pay,Completed,0.277
PUR001896,CUST02424,CAM005117,2026-03-27,350.68,0.0,350.68,Debit Card,Cancelled,0.326
PUR001897,CUST02363,CAM004461,2025-10-31,3003.87,0.22,2343.02,PayPal,Pending,0.425
PUR001898,CUST02794,CAM006853,2024-12-30,1754.42,0.09,1596.52,PayPal,Completed,0.222
PUR001899,CUST02351,CAM007534,2026-09-03,91.36,0.0,91.36,Debit Card,Completed,0.282
PUR001900,CUST00241,CAM004018,2024-10-23,274.92,0.0,274.92,Apple Pay,Completed,0.242
PUR001901,CUST03775,CAM006894,2026-07-07,230.62,0.22,179.88,Credit Card,Completed,0.347
PUR001902,CUST00873,CAM006801,2024-12-10,136.28,0.0,136.28,Debit Card,Pending,0.201
PUR001903,CUST01406,CAM005348,2026-05-22,703.02,0.0,703.02,Credit Card,Completed,0.273
PUR001904,CUST04345,CAM007469,2026-01-15,625.82,0.0,625.82,Apple Pay,Completed,0.355
PUR001905,CUST01512,CAM009673,2025-01-29,424.5,0.0,424.5,PayPal,Completed,0.282
PUR001906,CUST03435,CAM008494,2026-02-22,194.64,0.0,194.64,Apple Pay,Completed,0.449
PUR001907,CUST04773,CAM009412,2024-08-21,435.28,0.06,409.16,Debit Card,Completed,0.257
PUR001908,CUST04993,CAM004284,2025-12-28,271.69,0.19,220.07,Debit Card,Cancelled,0.244
PUR001909,CUST00433,CAM008807,2025-12-12,1986.43,0.15,1688.47,Google Pay,Completed,0.291
PUR001910,CUST01496,CAM006901,2026-08-14,62.53,0.0,62.53,Apple Pay,Completed,0.431
PUR001911,CUST00976,CAM008842,2026-01-29,1819.74,0.0,1819.74,Debit Card,Completed,0.373
PUR001912,CUST04105,CAM008874,2026-07-04,1548.71,0.2,1238.97,Apple Pay,Completed,0.308
PUR001913,CUST00548,CAM007110,2025-08-30,260.69,0.0,260.69,Debit Card,Cancelled,0.296
PUR001914,CUST00501,CAM004598,2026-06-06,351.64,0.0,351.64,PayPal,Completed,0.358
PUR001915,CUST03587,CAM000193,2025-07-31,717.38,0.0,717.38,PayPal,Cancelled,0.393
PUR001916,CUST02591,CAM003870,2025-09-05,857.76,0.0,857.76,Google Pay,Cancelled,0.399
PUR001917,CUST03142,CAM005165,2025-12-13,222.99,0.0,222.99,Google Pay,Completed,0.425
PUR001918,CUST04862,CAM009108,2026-05-14,2257.91,0.0,2257.91,Credit Card,Refunded,0.274
PUR001919,CUST01868,CAM001017,2025-10-05,234.64,0.0,234.64,Debit Card,Completed,0.202
PUR001920,CUST01655,CAM007287,2025-12-02,100.18,0.0,100.18,Debit Card,Completed,0.348
PUR001921,CUST04290,CAM003733,2025-06-14,836.98,0.0,836.98,Google Pay,Completed,0.284
PUR001922,CUST03025,CAM009067,2024-12-05,1463.55,0.0,1463.55,PayPal,Completed,0.231
PUR001923,CUST04726,CAM003383,2025-07-09,1534.36,0.0,1534.36,Debit Card,Pending,0.232
PUR001924,CUST01331,CAM006815,2026-07-10,203.26,0.25,152.44,Credit Card,Completed,0.345
PUR001925,CUST04935,CAM009999,2025-02-07,1357.71,0.0,1357.71,Credit Card,Refunded,0.231
PUR001926,CUST03105,CAM006195,2024-10-25,817.74,0.0,817.74,Debit Card,Completed,0.318
PUR001927,CUST01393,CAM003774,2026-07-08,1849.46,0.08,1701.5,PayPal,Completed,0.421
PUR001928,CUST00690,CAM006644,2024-11-27,648.27,0.0,648.27,Debit Card,Refunded,0.398
PUR001929,CUST01527,CAM009255,2026-01-15,395.53,0.0,395.53,PayPal,Completed,0.249
PUR001930,CUST00991,CAM004660,2026-08-07,3285.43,0.0,3285.43,PayPal,Cancelled,0.313
PUR001931,CUST02813,CAM005827,2026-08-22,855.22,0.0,855.22,Credit Card,Completed,0.306
PUR001932,CUST04024,CAM002789,2024-12-25,591.92,0.0,591.92,Debit Card,Completed,0.299
PUR001933,CUST01368,CAM001738,2025-10-07,1264.8,0.12,1113.02,Google Pay,Completed,0.241
PUR001934,CUST00097,CAM007845,2025-09-08,3452.37,0.0,3452.37,Debit Card,Completed,0.358
PUR001935,CUST00209,CAM000347,2025-07-19,4703.15,0.11,4185.8,Credit Card,Completed,0.234
PUR001936,CUST03113,CAM003219,2025-05-19,94.67,0.0,94.67,Credit Card,Completed,0.287
PUR001937,CUST02066,CAM009327,2026-05-16,891.28,0.0,891.28,Credit Card,Pending,0.216
PUR001938,CUST01447,CAM003033,2025-03-31,507.01,0.23,390.4,Debit Card,Completed,0.402
PUR001939,CUST00949,CAM008716,2024-10-19,1114.82,0.15,947.6,Debit Card,Completed,0.243
PUR001940,CUST00200,CAM004115,2026-07-24,1467.0,0.09,1334.97,Debit Card,Completed,0.252
PUR001941,CUST04807,CAM004530,2025-02-28,406.41,0.17,337.32,Debit Card,Completed,0.227
PUR001942,CUST03235,CAM004354,2025-08-11,633.32,0.0,633.32,Debit Card,Completed,0.261
PUR001943,CUST00860,CAM008227,2025-03-13,1533.81,0.0,1533.81,Google Pay,Completed,0.246
PUR001944,CUST00812,CAM007898,2024-12-08,152.62,0.07,141.94,Apple Pay,Completed,0.433
PUR001945,CUST02448,CAM006286,2025-12-25,403.75,0.0,403.75,Google Pay,Completed,0.325
PUR001946,CUST00933,CAM006336,2025-02-27,3139.96,0.0,3139.96,Credit Card,Completed,0.378
PUR001947,CUST03030,CAM008448,2024-11-17,469.96,0.02,460.56,Debit Card,Completed,0.241
PUR001948,CUST01681,CAM005843,2026-06-25,44.6,0.0,44.6,Debit Card,Completed,0.404
PUR001949,CUST04106,CAM007991,2025-10-17,276.26,0.24,209.96,Credit Card,Completed,0.428
PUR001950,CUST02443,CAM008052,2025-07-15,463.49,0.12,407.87,Credit Card,Completed,0.29
PUR001951,CUST04831,CAM006988,2025-07-27,1355.12,0.0,1355.12,PayPal,Completed,0.262
PUR001952,CUST04558,CAM000134,2024-09-13,174.03,0.05,165.33,PayPal,Completed,0.346
PUR001953,CUST01511,CAM006400,2025-02-19,490.46,0.0,490.46,PayPal,Completed,0.341
PUR001954,CUST00743,CAM001744,2026-05-13,1417.78,0.0,1417.78,Debit Card,Completed,0.337
PUR001955,CUST03876,CAM006749,2025-10-01,904.91,0.14,778.22,Debit Card,Completed,0.266
PUR001956,CUST00778,CAM008692,2026-05-07,1132.91,0.0,1132.91,PayPal,Completed,0.319
PUR001957,CUST00416,CAM004263,2025-11-14,1741.74,0.11,1550.15,Debit Card,Completed,0.224
PUR001958,CUST02648,CAM002882,2025-11-13,396.89,0.0,396.89,PayPal,Pending,0.39
PUR001959,CUST03635,CAM003732,2026-05-10,704.97,0.11,627.42,PayPal,Completed,0.395
PUR001960,CUST01494,CAM002084,2024-12-28,926.7,0.07,861.83,PayPal,Completed,0.429
PUR001961,CUST04133,CAM001658,2025-08-04,228.61,0.0,228.61,Google Pay,Completed,0.417
PUR001962,CUST01895,CAM008807,2025-11-26,711.68,0.0,711.68,Google Pay,Completed,0.422
PUR001963,CUST02497,CAM008494,2026-02-14,135.2,0.19,109.51,Credit Card,Completed,0.362
PUR001964,CUST04830,CAM005491,2025-10-22,1715.66,0.0,1715.66,Credit Card,Completed,0.366
PUR001965,CUST04688,CAM008464,2025-02-03,204.78,0.0,204.78,Apple Pay,Completed,0.438
PUR001966,CUST03698,CAM006939,2024-09-24,971.76,0.0,971.76,Credit Card,Completed,0.317
PUR001967,CUST00704,CAM008006,2025-07-01,1336.05,0.04,1282.61,Debit Card,Completed,0.235
PUR001968,CUST00606,CAM008629,2024-12-29,1511.26,0.0,1511.26,Credit Card,Completed,0.299
PUR001969,CUST00791,CAM001746,2025-12-16,156.91,0.0,156.91,PayPal,Completed,0.347
PUR001970,CUST04108,CAM008571,2026-04-14,260.25,0.0,260.25,PayPal,Completed,0.289
PUR001971,CUST02851,CAM002546,2025-04-06,1409.18,0.0,1409.18,Credit Card,Completed,0.437
PUR001972,CUST01307,CAM006737,2025-03-17,204.58,0.0,204.58,Apple Pay,Completed,0.205
PUR001973,CUST03256,CAM000536,2026-01-19,192.78,0.0,192.78,Apple Pay,Cancelled,0.218
PUR001974,CUST04917,CAM009511,2025-05-10,1428.11,0.2,1142.49,Credit Card,Completed,0.214
PUR001975,CUST03044,CAM005510,2026-02-12,344.59,0.01,341.14,Google Pay,Completed,0.298
PUR001976,CUST01685,CAM005198,2026-05-08,4684.32,0.0,4684.32,Debit Card,Completed,0.249
PUR001977,CUST04239,CAM005685,2025-04-15,181.39,0.0,181.39,PayPal,Pending,0.348
PUR001978,CUST02126,CAM005822,2024-11-28,746.48,0.0,746.48,Credit Card,Cancelled,0.349
PUR001979,CUST01176,CAM004929,2024-09-11,977.3,0.0,977.3,Debit Card,Pending,0.367
PUR001980,CUST01015,CAM003174,2026-04-27,1150.88,0.0,1150.88,Credit Card,Pending,0.436
PUR001981,CUST03381,CAM002103,2026-07-18,285.01,0.0,285.01,Google Pay,Completed,0.258
PUR001982,CUST00506,CAM002639,2024-11-25,168.43,0.0,168.43,Credit Card,Completed,0.286
PUR001983,CUST01157,CAM009630,2026-04-13,1075.46,0.0,1075.46,Debit Card,Completed,0.265
PUR001984,CUST03845,CAM003783,2026-07-18,268.52,0.0,268.52,Apple Pay,Completed,0.425
PUR001985,CUST01535,CAM004620,2024-10-13,762.88,0.2,610.3,Apple Pay,Completed,0.381
PUR001986,CUST04687,CAM000091,2026-03-24,2239.16,0.0,2239.16,Debit Card,Completed,0.427
PUR001987,CUST03534,CAM000454,2025-03-26,435.46,0.0,435.46,Credit Card,Completed,0.343
PUR001988,CUST02351,CAM006915,2026-01-01,319.8,0.0,319.8,Credit Card,Cancelled,0.273
PUR001989,CUST02206,CAM001027,2025-05-03,921.99,0.09,839.01,Credit Card,Refunded,0.26
PUR001990,CUST01552,CAM005408,2026-01-02,219.14,0.0,219.14,Apple Pay,Completed,0.324
PUR001991,CUST01783,CAM009858,2025-11-08,1771.15,0.0,1771.15,PayPal,Pending,0.263
PUR001992,CUST02704,CAM005249,2025-05-19,654.34,0.23,503.84,Debit Card,Completed,0.305
PUR001993,CUST03343,CAM001210,2026-01-28,421.57,0.0,421.57,Credit Card,Completed,0.408
PUR001994,CUST03814,CAM003339,2025-01-03,1237.09,0.0,1237.09,PayPal,Completed,0.224
PUR001995,CUST02975,CAM009987,2026-02-09,164.7,0.08,151.52,Google Pay,Completed,0.304
PUR001996,CUST03404,CAM008758,2025-02-15,980.51,0.17,813.82,Apple Pay,Completed,0.249
PUR001997,CUST03975,CAM007049,2025-03-03,70.81,0.07,65.85,Credit Card,Completed,0.353
PUR001998,CUST01515,CAM007435,2026-08-30,1200.11,0.16,1008.09,PayPal,Refunded,0.233
PUR001999,CUST04598,CAM003428,2026-06-05,480.13,0.0,480.13,Debit Card,Completed,0.317
PUR002000,CUST00394,CAM006825,2026-07-16,315.63,0.0,315.63,Credit Card,Completed,0.439
PUR002001,CUST02134,CAM001847,2025-02-04,711.53,0.0,711.53,PayPal,Completed,0.218
PUR002002,CUST00200,CAM001012,2024-10-03,541.83,0.0,541.83,Google Pay,Completed,0.245
PUR002003,CUST01197,CAM005491,2025-11-13,328.9,0.0,328.9,PayPal,Completed,0.383
PUR002004,CUST04641,CAM007514,2024-12-21,1316.41,0.18,1079.46,Apple Pay,Completed,0.245
PUR002005,CUST04881,CAM002107,2025-10-04,489.15,0.0,489.15,Credit Card,Completed,0.222
PUR002006,CUST03736,CAM008467,2025-04-28,937.7,0.0,937.7,Credit Card,Completed,0.293
PUR002007,CUST04628,CAM003766,2024-10-13,1943.59,0.17,1613.18,PayPal,Completed,0.446
PUR002008,CUST00360,CAM004260,2026-08-17,380.54,0.0,380.54,PayPal,Completed,0.236
PUR002009,CUST00189,CAM007027,2026-09-11,1297.57,0.0,1297.57,Credit Card,Cancelled,0.234
PUR002010,CUST00951,CAM004182,2025-12-24,543.45,0.0,543.45,Debit Card,Completed,0.437
PUR002011,CUST04446,CAM007710,2026-07-25,1113.01,0.15,946.06,Apple Pay,Completed,0.391
PUR002012,CUST00030,CAM004726,2026-04-22,637.29,0.0,637.29,Debit Card,Completed,0.283
PUR002013,CUST00152,CAM004305,2025-09-15,1212.22,0.0,1212.22,PayPal,Completed,0.321
PUR002014,CUST04024,CAM002933,2025-01-19,3340.61,0.0,3340.61,PayPal,Completed,0.446
PUR002015,CUST04719,CAM007138,2025-06-26,2651.41,0.0,2651.41,Google Pay,Cancelled,0.232
PUR002016,CUST03863,CAM008035,2025-08-07,153.12,0.19,124.03,Debit Card,Refunded,0.346
PUR002017,CUST01035,CAM002808,2026-01-23,4192.15,0.06,3940.62,Credit Card,Refunded,0.314
PUR002018,CUST03613,CAM000806,2025-06-04,93.06,0.0,93.06,Credit Card,Pending,0.282
PUR002019,CUST02079,CAM004436,2024-12-02,417.07,0.0,417.07,Credit Card,Completed,0.24
PUR002020,CUST01644,CAM008194,2025-05-31,869.57,0.23,669.57,Apple Pay,Completed,0.348
PUR002021,CUST03054,CAM007200,2026-04-30,367.45,0.09,334.38,Apple Pay,Completed,0.325
PUR002022,CUST03561,CAM006083,2026-07-07,208.3,0.0,208.3,Apple Pay,Completed,0.441
PUR002023,CUST04075,CAM008369,2024-12-17,307.44,0.0,307.44,Debit Card,Completed,0.233
PUR002024,CUST04729,CAM001304,2025-11-16,318.45,0.0,318.45,PayPal,Refunded,0.327
PUR002025,CUST01486,CAM001577,2025-01-08,733.34,0.0,733.34,Credit Card,Completed,0.362
PUR002026,CUST04564,CAM004082,2026-05-10,2510.33,0.24,1907.85,Credit Card,Completed,0.33
PUR002027,CUST00998,CAM009363,2025-09-05,242.85,0.0,242.85,Apple Pay,Completed,0.249
PUR002028,CUST02488,CAM007062,2025-07-19,251.34,0.0,251.34,Debit Card,Completed,0.419
PUR002029,CUST01864,CAM004050,2026-06-11,402.72,0.05,382.58,Debit Card,Completed,0.257
PUR002030,CUST01064,CAM003974,2025-09-01,1564.68,0.13,1361.27,PayPal,Completed,0.298
PUR002031,CUST01393,CAM005759,2025-05-26,409.64,0.19,331.81,Debit Card,Refunded,0.213
PUR002032,CUST00978,CAM007067,2024-10-28,784.28,0.0,784.28,Apple Pay,Pending,0.291
PUR002033,CUST02630,CAM001167,2025-05-08,236.16,0.0,236.16,Credit Card,Completed,0.251
PUR002034,CUST03993,CAM002691,2025-07-21,548.97,0.0,548.97,Apple Pay,Completed,0.346
PUR002035,CUST04116,CAM008615,2025-06-17,507.34,0.01,502.27,Credit Card,Completed,0.311
PUR002036,CUST02676,CAM009765,2025-03-08,1078.2,0.0,1078.2,PayPal,Pending,0.309
PUR002037,CUST00613,CAM009407,2025-08-15,530.33,0.0,530.33,Credit Card,Completed,0.449
PUR002038,CUST04032,CAM007309,2025-11-18,770.92,0.0,770.92,Apple Pay,Completed,0.414
PUR002039,CUST01948,CAM001139,2025-11-08,222.6,0.04,213.7,PayPal,Completed,0.245
PUR002040,CUST04852,CAM003516,2026-05-23,878.29,0.2,702.63,Google Pay,Completed,0.308
PUR002041,CUST03138,CAM001220,2024-10-08,473.82,0.0,473.82,Debit Card,Completed,0.271
PUR002042,CUST03586,CAM006346,2025-08-31,1516.71,0.0,1516.71,Google Pay,Pending,0.244
PUR002043,CUST02071,CAM007723,2025-08-30,131.66,0.11,117.18,Credit Card,Refunded,0.243
PUR002044,CUST00788,CAM008401,2024-09-14,868.33,0.1,781.5,Google Pay,Completed,0.346
PUR002045,CUST03907,CAM009215,2025-12-22,103.09,0.0,103.09,Debit Card,Completed,0.433
PUR002046,CUST01410,CAM002854,2025-11-09,753.11,0.0,753.11,Credit Card,Pending,0.425
PUR002047,CUST02296,CAM004372,2024-10-20,501.85,0.0,501.85,Credit Card,Completed,0.252
PUR002048,CUST02467,CAM008561,2025-01-22,417.41,0.2,333.93,Credit Card,Completed,0.261
PUR002049,CUST03246,CAM005506,2025-04-07,1232.75,0.0,1232.75,PayPal,Completed,0.366
PUR002050,CUST04174,CAM002792,2025-03-27,513.05,0.0,513.05,Credit Card,Completed,0.213
PUR002051,CUST03045,CAM006136,2024-10-21,283.07,0.0,283.07,Debit Card,Completed,0.374
PUR002052,CUST02940,CAM002002,2025-06-08,2068.73,0.2,1654.98,Credit Card,Completed,0.374
PUR002053,CUST04890,CAM007513,2025-10-08,293.09,0.0,293.09,Debit Card,Completed,0.223
PUR002054,CUST00392,CAM001349,2025-05-08,110.27,0.0,110.27,Credit Card,Refunded,0.366
PUR002055,CUST01527,CAM000452,2025-08-05,196.42,0.0,196.42,Apple Pay,Completed,0.257
PUR002056,CUST02158,CAM006780,2024-09-20,333.14,0.0,333.14,PayPal,Completed,0.435
PUR002057,CUST03564,CAM007970,2025-09-30,460.68,0.0,460.68,PayPal,Pending,0.258
PUR002058,CUST03525,CAM003917,2024-10-13,656.76,0.2,525.41,Debit Card,Completed,0.366
PUR002059,CUST03921,CAM001807,2025-01-15,180.56,0.0,180.56,PayPal,Completed,0.274
PUR002060,CUST03791,CAM002283,2025-02-19,368.33,0.0,368.33,PayPal,Completed,0.365
PUR002061,CUST03580,CAM006541,2025-02-10,415.22,0.0,415.22,Google Pay,Completed,0.343
PUR002062,CUST04981,CAM009938,2026-05-09,2330.04,0.0,2330.04,Apple Pay,Pending,0.435
PUR002063,CUST02238,CAM006567,2025-08-14,58.99,0.0,58.99,Apple Pay,Cancelled,0.418
PUR002064,CUST02627,CAM005425,2026-02-12,600.02,0.03,582.02,PayPal,Completed,0.207
PUR002065,CUST00404,CAM004352,2025-02-12,3223.17,0.17,2675.23,Google Pay,Completed,0.259
PUR002066,CUST03810,CAM003226,2026-01-28,220.68,0.03,214.06,Debit Card,Cancelled,0.322
PUR002067,CUST01088,CAM005036,2025-09-23,437.56,0.0,437.56,Debit Card,Cancelled,0.219
PUR002068,CUST01532,CAM003804,2024-12-01,263.91,0.14,226.96,Apple Pay,Completed,0.326
PUR002069,CUST01168,CAM008747,2025-09-06,1159.85,0.0,1159.85,Credit Card,Pending,0.214
PUR002070,CUST02956,CAM001814,2026-02-07,171.98,0.16,144.46,Google Pay,Completed,0.3
PUR002071,CUST03733,CAM001325,2026-05-13,330.02,0.0,330.02,Debit Card,Completed,0.29
PUR002072,CUST03587,CAM005989,2024-09-09,1218.05,0.0,1218.05,Apple Pay,Completed,0.22
PUR002073,CUST01033,CAM003092,2026-03-29,773.67,0.0,773.67,PayPal,Pending,0.392
PUR002074,CUST00751,CAM009156,2026-02-22,1213.52,0.14,1043.63,Debit Card,Completed,0.369
PUR002075,CUST03903,CAM008737,2025-06-05,975.17,0.0,975.17,PayPal,Pending,0.371
PUR002076,CUST02714,CAM009553,2025-10-22,479.16,0.0,479.16,Credit Card,Completed,0.28
PUR002077,CUST00697,CAM003764,2025-02-24,185.34,0.0,185.34,Debit Card,Completed,0.255
PUR002078,CUST04011,CAM004983,2026-05-24,1849.18,0.24,1405.38,Credit Card,Completed,0.347
PUR002079,CUST02896,CAM005403,2025-06-15,503.38,0.02,493.31,Credit Card,Completed,0.332
PUR002080,CUST03627,CAM007905,2026-01-01,971.58,0.2,777.26,PayPal,Completed,0.366
PUR002081,CUST03060,CAM004696,2025-05-22,848.54,0.08,780.66,Google Pay,Completed,0.425
PUR002082,CUST00699,CAM005038,2026-03-29,319.11,0.13,277.63,Google Pay,Pending,0.41
PUR002083,CUST04733,CAM005339,2026-06-07,88.09,0.0,88.09,Credit Card,Completed,0.394
PUR002084,CUST01566,CAM007025,2026-01-02,1057.53,0.0,1057.53,Credit Card,Completed,0.265
PUR002085,CUST03185,CAM009554,2025-10-16,1413.78,0.0,1413.78,Credit Card,Completed,0.368
PUR002086,CUST03105,CAM004446,2026-06-14,638.54,0.0,638.54,Debit Card,Completed,0.273
PUR002087,CUST01525,CAM007972,2025-12-02,92.85,0.0,92.85,Apple Pay,Completed,0.349
PUR002088,CUST00155,CAM004659,2024-11-09,458.35,0.11,407.93,Google Pay,Completed,0.412
PUR002089,CUST01224,CAM007400,2025-07-18,540.23,0.0,540.23,Apple Pay,Completed,0.317
PUR002090,CUST00972,CAM001611,2025-08-08,270.01,0.2,216.01,Credit Card,Pending,0.249
PUR002091,CUST02071,CAM005554,2026-04-19,349.71,0.0,349.71,Debit Card,Completed,0.223
PUR002092,CUST01420,CAM002600,2026-01-27,567.24,0.0,567.24,PayPal,Pending,0.232
PUR002093,CUST02179,CAM006089,2025-12-10,2312.74,0.17,1919.57,Debit Card,Completed,0.434
PUR002094,CUST01184,CAM001510,2024-10-31,267.62,0.22,208.74,Credit Card,Completed,0.274
PUR002095,CUST03810,CAM002379,2025-02-27,583.56,0.16,490.19,Credit Card,Completed,0.391
PUR002096,CUST02956,CAM005458,2026-03-23,936.6,0.06,880.4,Debit Card,Completed,0.351
PUR002097,CUST04884,CAM009385,2025-09-08,643.74,0.0,643.74,Credit Card,Completed,0.334
PUR002098,CUST02562,CAM002686,2025-05-23,626.12,0.0,626.12,Google Pay,Completed,0.42
PUR002099,CUST00648,CAM007982,2025-04-17,263.41,0.0,263.41,Apple Pay,Completed,0.262
PUR002100,CUST01122,CAM008495,2026-05-01,286.25,0.06,269.08,Credit Card,Completed,0.254
PUR002101,CUST01419,CAM000623,2024-09-14,215.45,0.0,215.45,Credit Card,Completed,0.441
PUR002102,CUST01285,CAM008183,2025-11-27,472.36,0.0,472.36,PayPal,Completed,0.444
PUR002103,CUST04047,CAM002733,2026-05-26,551.57,0.0,551.57,Credit Card,Completed,0.439
PUR002104,CUST00346,CAM004061,2025-03-12,633.56,0.19,513.18,Credit Card,Completed,0.429
PUR002105,CUST03831,CAM001127,2024-10-25,1078.25,0.0,1078.25,Credit Card,Completed,0.432
PUR002106,CUST02151,CAM009396,2026-05-13,366.82,0.0,366.82,Google Pay,Pending,0.251
PUR002107,CUST03877,CAM000089,2025-05-25,967.52,0.06,909.47,PayPal,Completed,0.202
PUR002108,CUST00703,CAM002205,2025-04-23,199.09,0.19,161.26,Debit Card,Completed,0.397
PUR002109,CUST03739,CAM000048,2026-08-17,349.22,0.21,275.88,Debit Card,Completed,0.432
PUR002110,CUST03723,CAM002386,2025-08-18,2891.66,0.0,2891.66,Apple Pay,Completed,0.359
PUR002111,CUST01144,CAM004007,2025-02-28,538.01,0.0,538.01,Credit Card,Completed,0.298
PUR002112,CUST02010,CAM007667,2026-04-14,943.79,0.0,943.79,Credit Card,Completed,0.276
PUR002113,CUST02277,CAM000939,2025-08-01,475.38,0.0,475.38,Apple Pay,Completed,0.383
PUR002114,CUST00090,CAM004608,2025-11-29,549.75,0.0,549.75,Debit Card,Completed,0.242
PUR002115,CUST04200,CAM008762,2026-04-23,266.64,0.0,266.64,Debit Card,Completed,0.254
PUR002116,CUST04333,CAM008570,2025-04-03,2094.41,0.0,2094.41,Debit Card,Completed,0.251
PUR002117,CUST00056,CAM003477,2025-05-02,259.65,0.0,259.65,Credit Card,Completed,0.377
PUR002118,CUST04647,CAM003340,2025-05-18,1446.94,0.18,1186.49,Debit Card,Pending,0.417
PUR002119,CUST02881,CAM002187,2025-02-25,1018.46,0.0,1018.46,Apple Pay,Completed,0.281
PUR002120,CUST04714,CAM000415,2025-01-02,318.17,0.18,260.9,PayPal,Completed,0.434
PUR002121,CUST03117,CAM008986,2024-12-21,654.94,0.19,530.5,Debit Card,Cancelled,0.365
PUR002122,CUST04617,CAM004331,2026-05-15,379.73,0.0,379.73,Credit Card,Completed,0.355
PUR002123,CUST04250,CAM000212,2026-06-08,376.58,0.07,350.22,Credit Card,Refunded,0.258
PUR002124,CUST02654,CAM003410,2026-06-23,425.76,0.0,425.76,Credit Card,Refunded,0.323
PUR002125,CUST03392,CAM001446,2024-12-22,648.06,0.0,648.06,Credit Card,Completed,0.4
PUR002126,CUST00652,CAM009939,2025-07-29,1323.51,0.0,1323.51,Debit Card,Completed,0.235
PUR002127,CUST00382,CAM005876,2026-06-29,499.8,0.0,499.8,Google Pay,Pending,0.343
PUR002128,CUST02105,CAM000581,2024-08-27,257.27,0.0,257.27,Apple Pay,Completed,0.206
PUR002129,CUST00669,CAM006594,2026-02-14,118.22,0.06,111.13,PayPal,Completed,0.439
PUR002130,CUST03011,CAM009028,2025-09-14,360.34,0.0,360.34,PayPal,Completed,0.335
PUR002131,CUST01238,CAM003292,2026-09-01,282.28,0.0,282.28,Debit Card,Pending,0.264
PUR002132,CUST02863,CAM008433,2024-12-06,837.77,0.06,787.5,Debit Card,Completed,0.256
PUR002133,CUST03438,CAM007951,2025-04-27,1120.71,0.0,1120.71,PayPal,Completed,0.379
PUR002134,CUST00483,CAM001391,2025-05-21,2459.39,0.0,2459.39,Credit Card,Completed,0.242
PUR002135,CUST03732,CAM008231,2025-07-18,607.27,0.2,485.82,Google Pay,Completed,0.405
PUR002136,CUST02727,CAM005079,2025-12-08,573.56,0.0,573.56,PayPal,Completed,0.299
PUR002137,CUST00344,CAM004486,2025-03-05,658.12,0.02,644.96,Apple Pay,Completed,0.2
PUR002138,CUST04144,CAM009969,2025-09-13,532.53,0.01,527.2,Credit Card,Pending,0.23
PUR002139,CUST02426,CAM003807,2025-02-05,5033.13,0.0,5033.13,Debit Card,Refunded,0.429
PUR002140,CUST04610,CAM000777,2025-07-17,92.89,0.18,76.17,Apple Pay,Completed,0.245
PUR002141,CUST02682,CAM007488,2026-02-06,770.39,0.18,631.72,Apple Pay,Completed,0.361
PUR002142,CUST00730,CAM003392,2026-03-23,1042.98,0.0,1042.98,Google Pay,Completed,0.384
PUR002143,CUST00233,CAM004588,2026-05-29,1246.21,0.18,1021.89,Google Pay,Completed,0.39
PUR002144,CUST00308,CAM004141,2025-04-06,567.3,0.0,567.3,Google Pay,Completed,0.299
PUR002145,CUST01931,CAM001025,2025-05-22,972.33,0.07,904.27,Google Pay,Completed,0.444
PUR002146,CUST03651,CAM003255,2025-07-18,699.95,0.0,699.95,Debit Card,Refunded,0.207
PUR002147,CUST01332,CAM001309,2025-05-07,832.88,0.22,649.65,PayPal,Pending,0.331
PUR002148,CUST01878,CAM008671,2025-05-18,398.88,0.0,398.88,PayPal,Completed,0.432
PUR002149,CUST01430,CAM002759,2026-05-15,115.64,0.0,115.64,Credit Card,Completed,0.213
PUR002150,CUST01924,CAM003917,2024-11-04,4578.77,0.0,4578.77,Google Pay,Completed,0.34
PUR002151,CUST01841,CAM000443,2024-10-28,690.9,0.0,690.9,Debit Card,Cancelled,0.378
PUR002152,CUST01906,CAM006419,2026-04-09,704.47,0.0,704.47,PayPal,Completed,0.282
PUR002153,CUST03200,CAM000023,2025-02-19,1592.14,0.0,1592.14,Debit Card,Refunded,0.296
PUR002154,CUST03008,CAM004472,2026-08-24,138.69,0.15,117.89,Debit Card,Completed,0.252
PUR002155,CUST03284,CAM005068,2025-12-27,531.7,0.0,531.7,Apple Pay,Pending,0.399
PUR002156,CUST02842,CAM003232,2026-05-05,124.26,0.0,124.26,Google Pay,Completed,0.434
PUR002157,CUST04583,CAM002508,2025-05-14,607.76,0.25,455.82,Credit Card,Completed,0.264
PUR002158,CUST02847,CAM006327,2026-04-22,603.88,0.0,603.88,Debit Card,Completed,0.326
PUR002159,CUST03006,CAM000062,2026-02-06,260.73,0.0,260.73,Google Pay,Completed,0.391
PUR002160,CUST02270,CAM003868,2026-08-17,463.27,0.01,458.64,Debit Card,Completed,0.281
PUR002161,CUST00968,CAM002283,2025-02-21,908.66,0.0,908.66,PayPal,Cancelled,0.313
PUR002162,CUST03158,CAM005357,2025-08-30,455.96,0.0,455.96,Credit Card,Pending,0.407
PUR002163,CUST04734,CAM005607,2025-12-25,707.47,0.0,707.47,PayPal,Completed,0.23
PUR002164,CUST02368,CAM002830,2026-01-10,1046.93,0.0,1046.93,Apple Pay,Completed,0.368
PUR002165,CUST00509,CAM008913,2026-04-17,1611.43,0.0,1611.43,Credit Card,Completed,0.363
PUR002166,CUST02474,CAM007833,2025-03-02,35.33,0.0,35.33,PayPal,Completed,0.339
PUR002167,CUST04141,CAM001816,2026-02-28,1867.88,0.1,1681.09,Debit Card,Completed,0.336
PUR002168,CUST04874,CAM006959,2025-12-07,1426.5,0.0,1426.5,Credit Card,Refunded,0.318
PUR002169,CUST00707,CAM007130,2026-04-12,316.54,0.01,313.37,Debit Card,Cancelled,0.322
PUR002170,CUST02760,CAM006952,2025-11-25,151.54,0.0,151.54,Debit Card,Completed,0.201
PUR002171,CUST01774,CAM001155,2026-03-03,115.43,0.22,90.04,Debit Card,Completed,0.39
PUR002172,CUST04003,CAM009546,2025-03-28,862.63,0.08,793.62,Apple Pay,Completed,0.429
PUR002173,CUST01621,CAM005274,2025-05-27,505.18,0.0,505.18,Debit Card,Completed,0.277
PUR002174,CUST00287,CAM002332,2025-03-02,620.85,0.22,484.26,Credit Card,Completed,0.215
PUR002175,CUST00247,CAM006943,2025-08-14,47.15,0.0,47.15,Debit Card,Completed,0.26
PUR002176,CUST04189,CAM007228,2025-10-29,241.99,0.0,241.99,Credit Card,Completed,0.252
PUR002177,CUST01807,CAM004849,2024-10-09,217.49,0.2,173.99,Credit Card,Completed,0.255
PUR002178,CUST01964,CAM005124,2025-01-07,2530.22,0.08,2327.8,Credit Card,Completed,0.296
PUR002179,CUST00659,CAM001822,2025-09-06,898.42,0.0,898.42,Apple Pay,Cancelled,0.308
PUR002180,CUST00323,CAM004571,2024-08-27,515.22,0.17,427.63,Debit Card,Completed,0.377
PUR002181,CUST04865,CAM001607,2025-08-24,584.27,0.02,572.58,Debit Card,Cancelled,0.24
PUR002182,CUST04743,CAM008236,2026-02-08,554.95,0.0,554.95,Credit Card,Completed,0.409
PUR002183,CUST01871,CAM004519,2025-03-30,462.07,0.0,462.07,Debit Card,Completed,0.371
PUR002184,CUST03093,CAM006177,2026-01-22,361.58,0.22,282.03,Debit Card,Completed,0.381
PUR002185,CUST02413,CAM005535,2024-09-09,471.62,0.0,471.62,PayPal,Completed,0.345
PUR002186,CUST04944,CAM006917,2026-01-17,823.2,0.0,823.2,Credit Card,Completed,0.325
PUR002187,CUST00800,CAM009658,2025-06-28,375.38,0.01,371.63,PayPal,Completed,0.205
PUR002188,CUST01989,CAM008905,2024-11-07,81.75,0.02,80.11,Credit Card,Completed,0.211
PUR002189,CUST03917,CAM000395,2025-02-10,717.91,0.07,667.66,Credit Card,Completed,0.382
PUR002190,CUST04500,CAM006333,2026-07-08,378.67,0.09,344.59,Apple Pay,Completed,0.277
PUR002191,CUST02542,CAM004980,2025-04-02,360.5,0.0,360.5,Google Pay,Completed,0.307
PUR002192,CUST02235,CAM008181,2024-09-22,381.57,0.0,381.57,Debit Card,Completed,0.364
PUR002193,CUST01375,CAM008204,2026-08-26,1209.08,0.18,991.45,Credit Card,Completed,0.21
PUR002194,CUST03046,CAM006078,2024-10-03,599.6,0.03,581.61,Debit Card,Completed,0.258
PUR002195,CUST03175,CAM006861,2024-10-02,593.62,0.0,593.62,Debit Card,Completed,0.308
PUR002196,CUST03541,CAM005865,2026-06-16,127.87,0.0,127.87,Credit Card,Completed,0.294
PUR002197,CUST01975,CAM008739,2026-02-10,424.39,0.05,403.17,Credit Card,Completed,0.281
PUR002198,CUST03737,CAM000253,2025-05-05,537.66,0.05,510.78,Debit Card,Cancelled,0.333
PUR002199,CUST01888,CAM003838,2025-10-10,856.66,0.08,788.13,Debit Card,Completed,0.253
PUR002200,CUST01471,CAM008474,2026-06-03,812.92,0.0,812.92,Credit Card,Completed,0.234
PUR002201,CUST01695,CAM009433,2024-12-22,1348.74,0.16,1132.94,Google Pay,Completed,0.239
PUR002202,CUST03121,CAM000661,2025-02-02,1284.03,0.0,1284.03,Debit Card,Completed,0.25
PUR002203,CUST02305,CAM002623,2026-03-17,1358.3,0.0,1358.3,Credit Card,Completed,0.353
PUR002204,CUST03107,CAM000465,2024-10-03,191.27,0.0,191.27,Credit Card,Completed,0.254
PUR002205,CUST04502,CAM003003,2025-03-23,296.74,0.0,296.74,Google Pay,Completed,0.276
PUR002206,CUST03188,CAM006246,2026-08-19,144.61,0.0,144.61,Apple Pay,Completed,0.432
PUR002207,CUST01372,CAM005288,2024-12-14,3291.75,0.0,3291.75,PayPal,Refunded,0.313
PUR002208,CUST01116,CAM001606,2025-05-30,2177.78,0.15,1851.11,PayPal,Completed,0.257
PUR002209,CUST00777,CAM002281,2026-04-16,638.22,0.0,638.22,Credit Card,Pending,0.438
PUR002210,CUST00187,CAM000593,2025-10-26,997.74,0.0,997.74,Debit Card,Completed,0.359
PUR002211,CUST04662,CAM005949,2025-10-07,32.16,0.0,32.16,Credit Card,Completed,0.409
PUR002212,CUST04886,CAM000882,2025-11-28,1261.38,0.0,1261.38,Google Pay,Completed,0.366
PUR002213,CUST02660,CAM000548,2026-08-19,1149.72,0.0,1149.72,PayPal,Completed,0.355
PUR002214,CUST00091,CAM003536,2025-05-26,438.73,0.0,438.73,Apple Pay,Refunded,0.394
PUR002215,CUST04707,CAM002990,2025-01-16,675.38,0.0,675.38,Debit Card,Completed,0.327
PUR002216,CUST00295,CAM001526,2024-12-10,1352.86,0.24,1028.17,Debit Card,Completed,0.381
PUR002217,CUST01298,CAM009355,2024-11-19,62.91,0.05,59.76,PayPal,Cancelled,0.296
PUR002218,CUST04519,CAM008208,2026-02-10,2649.03,0.14,2278.17,Debit Card,Completed,0.427
PUR002219,CUST02293,CAM009877,2026-02-14,253.11,0.0,253.11,Debit Card,Completed,0.241
PUR002220,CUST04707,CAM005760,2025-03-03,712.31,0.0,712.31,PayPal,Completed,0.301
PUR002221,CUST02075,CAM003309,2025-06-22,51.1,0.0,51.1,Debit Card,Completed,0.421
PUR002222,CUST00287,CAM006352,2024-10-12,1230.37,0.14,1058.12,Credit Card,Completed,0.254
PUR002223,CUST00456,CAM005286,2025-01-25,806.11,0.0,806.11,Apple Pay,Completed,0.407
PUR002224,CUST03499,CAM009899,2025-05-18,713.49,0.0,713.49,Debit Card,Completed,0.422
PUR002225,CUST03508,CAM000601,2026-07-24,157.63,0.19,127.68,PayPal,Completed,0.259
PUR002226,CUST02222,CAM006331,2026-01-13,1330.95,0.0,1330.95,Apple Pay,Completed,0.399
PUR002227,CUST03737,CAM005980,2025-11-23,1467.5,0.07,1364.78,Google Pay,Completed,0.263
PUR002228,CUST02952,CAM005311,2025-08-13,943.89,0.16,792.87,PayPal,Completed,0.249
PUR002229,CUST03467,CAM002655,2026-07-16,532.66,0.0,532.66,PayPal,Completed,0.258
PUR002230,CUST00070,CAM006955,2025-12-02,806.15,0.0,806.15,Credit Card,Completed,0.378
PUR002231,CUST00734,CAM003382,2025-08-09,578.51,0.11,514.87,Debit Card,Completed,0.425
PUR002232,CUST04039,CAM000717,2025-11-02,1426.21,0.0,1426.21,Apple Pay,Completed,0.445
PUR002233,CUST03252,CAM007172,2024-10-26,1295.43,0.03,1256.57,Credit Card,Refunded,0.401
PUR002234,CUST03663,CAM007884,2024-11-02,214.4,0.0,214.4,Credit Card,Completed,0.219
PUR002235,CUST04558,CAM004452,2025-05-25,536.18,0.0,536.18,Credit Card,Completed,0.231
PUR002236,CUST00686,CAM001807,2025-01-06,342.7,0.07,318.71,Apple Pay,Completed,0.303
PUR002237,CUST03685,CAM005483,2026-01-16,1229.05,0.23,946.37,Debit Card,Completed,0.297
PUR002238,CUST03497,CAM005818,2025-10-01,1014.39,0.0,1014.39,Debit Card,Pending,0.308
PUR002239,CUST00191,CAM000174,2025-01-06,1192.35,0.0,1192.35,Credit Card,Completed,0.415
PUR002240,CUST04698,CAM002169,2025-05-31,840.45,0.01,832.05,PayPal,Completed,0.359
PUR002241,CUST04054,CAM003510,2025-06-29,362.87,0.17,301.18,Google Pay,Completed,0.224
PUR002242,CUST04028,CAM008663,2026-07-06,63.93,0.06,60.09,Google Pay,Completed,0.283
PUR002243,CUST03767,CAM002683,2025-12-21,231.18,0.0,231.18,Google Pay,Completed,0.253
PUR002244,CUST00190,CAM001459,2025-05-28,356.74,0.0,356.74,PayPal,Completed,0.43
PUR002245,CUST02827,CAM003529,2025-09-23,754.2,0.0,754.2,Credit Card,Completed,0.301
PUR002246,CUST03326,CAM009350,2025-03-16,1800.36,0.05,1710.34,Google Pay,Completed,0.32
PUR002247,CUST00702,CAM007932,2026-04-12,122.16,0.13,106.28,Debit Card,Completed,0.355
PUR002248,CUST04508,CAM003274,2024-12-16,327.47,0.22,255.43,Debit Card,Completed,0.448
PUR002249,CUST03786,CAM000358,2026-06-30,534.4,0.0,534.4,Credit Card,Completed,0.325
PUR002250,CUST03733,CAM004900,2025-07-09,567.55,0.0,567.55,Debit Card,Completed,0.208
PUR002251,CUST00782,CAM001143,2025-05-09,288.63,0.06,271.31,PayPal,Completed,0.208
PUR002252,CUST01690,CAM004250,2024-11-29,1449.97,0.0,1449.97,Apple Pay,Cancelled,0.383
PUR002253,CUST01568,CAM002962,2025-04-29,207.47,0.0,207.47,Debit Card,Pending,0.418
PUR002254,CUST00236,CAM001596,2025-05-13,1129.44,0.0,1129.44,Credit Card,Cancelled,0.402
PUR002255,CUST00680,CAM003080,2025-11-25,1791.14,0.2,1432.91,Credit Card,Completed,0.445
PUR002256,CUST02869,CAM009499,2026-07-08,123.02,0.22,95.96,Google Pay,Completed,0.233
PUR002257,CUST04218,CAM008418,2025-11-18,841.53,0.0,841.53,Debit Card,Cancelled,0.412
PUR002258,CUST01291,CAM001932,2026-02-07,146.37,0.0,146.37,PayPal,Completed,0.433
PUR002259,CUST02983,CAM009323,2025-03-05,209.57,0.0,209.57,Credit Card,Completed,0.45
PUR002260,CUST04262,CAM007532,2025-01-29,675.85,0.0,675.85,Apple Pay,Completed,0.334
PUR002261,CUST00983,CAM002417,2026-06-25,530.25,0.0,530.25,Debit Card,Refunded,0.21
PUR002262,CUST03415,CAM008504,2025-10-10,630.21,0.0,630.21,Credit Card,Completed,0.312
PUR002263,CUST01201,CAM006379,2024-11-04,356.7,0.0,356.7,PayPal,Completed,0.391
PUR002264,CUST03203,CAM009642,2025-05-08,265.63,0.0,265.63,Credit Card,Completed,0.219
PUR002265,CUST04570,CAM002309,2025-06-01,186.34,0.0,186.34,Credit Card,Completed,0.288
PUR002266,CUST04911,CAM002961,2025-07-24,3162.54,0.0,3162.54,Apple Pay,Completed,0.416
PUR002267,CUST03860,CAM005674,2026-03-05,579.48,0.0,579.48,Debit Card,Completed,0.263
PUR002268,CUST01060,CAM007326,2026-09-07,726.57,0.0,726.57,Credit Card,Completed,0.413
PUR002269,CUST00463,CAM007343,2025-03-06,1074.95,0.09,978.2,Debit Card,Pending,0.214
PUR002270,CUST02954,CAM003701,2026-06-15,1036.36,0.0,1036.36,PayPal,Completed,0.368
PUR002271,CUST02302,CAM008245,2026-04-25,146.31,0.0,146.31,Apple Pay,Completed,0.375
PUR002272,CUST00689,CAM006580,2024-09-18,449.85,0.06,422.86,Debit Card,Completed,0.363
PUR002273,CUST01679,CAM003646,2024-08-28,903.74,0.21,713.95,Debit Card,Completed,0.261
PUR002274,CUST04087,CAM001054,2026-06-07,1128.07,0.0,1128.07,PayPal,Completed,0.273
PUR002275,CUST02855,CAM009833,2025-03-15,641.39,0.01,634.98,Debit Card,Completed,0.257
PUR002276,CUST00685,CAM001999,2026-01-10,117.06,0.21,92.48,Credit Card,Completed,0.442
PUR002277,CUST02957,CAM007210,2026-07-23,142.43,0.1,128.19,Debit Card,Completed,0.375
PUR002278,CUST03035,CAM000201,2024-10-27,730.43,0.0,730.43,Credit Card,Completed,0.259
PUR002279,CUST03115,CAM001147,2025-07-08,768.89,0.0,768.89,Debit Card,Cancelled,0.314
PUR002280,CUST00551,CAM009926,2025-11-14,730.21,0.0,730.21,Credit Card,Completed,0.203
PUR002281,CUST03409,CAM008436,2025-04-26,563.48,0.0,563.48,Credit Card,Completed,0.23
PUR002282,CUST00799,CAM005300,2025-10-07,3585.05,0.23,2760.49,Google Pay,Pending,0.406
PUR002283,CUST01895,CAM000047,2025-02-07,429.99,0.0,429.99,Credit Card,Completed,0.313
PUR002284,CUST04434,CAM003861,2025-02-15,162.52,0.08,149.52,Credit Card,Pending,0.34
PUR002285,CUST01926,CAM004076,2026-07-18,184.11,0.0,184.11,PayPal,Completed,0.366
PUR002286,CUST02517,CAM003319,2025-08-02,954.09,0.0,954.09,Debit Card,Completed,0.322
PUR002287,CUST02869,CAM001107,2026-05-12,219.73,0.0,219.73,Credit Card,Completed,0.351
PUR002288,CUST04836,CAM004986,2026-06-12,164.46,0.0,164.46,Credit Card,Completed,0.338
PUR002289,CUST00682,CAM009096,2024-10-10,374.03,0.2,299.22,PayPal,Completed,0.273
PUR002290,CUST02097,CAM004424,2026-06-29,413.31,0.0,413.31,Apple Pay,Completed,0.213
PUR002291,CUST00578,CAM009534,2025-08-01,229.78,0.18,188.42,Credit Card,Completed,0.3
PUR002292,CUST01685,CAM006375,2026-01-07,4045.28,0.0,4045.28,Credit Card,Completed,0.329
PUR002293,CUST02157,CAM002772,2025-06-09,796.28,0.0,796.28,Debit Card,Refunded,0.414
PUR002294,CUST02583,CAM002355,2025-08-31,1347.53,0.09,1226.25,Google Pay,Completed,0.285
PUR002295,CUST01020,CAM009310,2025-09-04,605.77,0.15,514.9,Credit Card,Cancelled,0.431
PUR002296,CUST03670,CAM004926,2026-04-15,2332.02,0.0,2332.02,PayPal,Completed,0.424
PUR002297,CUST04684,CAM004870,2026-09-05,287.16,0.0,287.16,PayPal,Completed,0.388
PUR002298,CUST00023,CAM003038,2026-09-19,99.4,0.0,99.4,Debit Card,Pending,0.393
PUR002299,CUST00394,CAM008619,2026-05-08,1470.92,0.15,1250.28,Credit Card,Completed,0.438
PUR002300,CUST01804,CAM008774,2025-02-27,365.9,0.0,365.9,Debit Card,Pending,0.439
PUR002301,CUST00097,CAM003501,2025-12-08,4874.11,0.0,4874.11,Credit Card,Refunded,0.367
PUR002302,CUST02076,CAM006807,2025-08-15,166.38,0.0,166.38,Credit Card,Completed,0.209
PUR002303,CUST04468,CAM007541,2026-10-11,409.24,0.04,392.87,Apple Pay,Completed,0.381
PUR002304,CUST04225,CAM004618,2026-06-09,1151.78,0.0,1151.78,Credit Card,Completed,0.231
PUR002305,CUST02470,CAM002669,2026-03-04,391.54,0.0,391.54,Debit Card,Pending,0.399
PUR002306,CUST02481,CAM004688,2024-09-28,117.35,0.12,103.27,Google Pay,Completed,0.381
PUR002307,CUST02904,CAM000496,2026-02-12,505.86,0.0,505.86,Debit Card,Completed,0.436
PUR002308,CUST04732,CAM003044,2025-06-15,554.32,0.0,554.32,PayPal,Completed,0.282
PUR002309,CUST01342,CAM004494,2024-10-14,693.86,0.0,693.86,PayPal,Completed,0.298
PUR002310,CUST03530,CAM009724,2026-04-04,176.32,0.09,160.45,Debit Card,Completed,0.29
PUR002311,CUST02861,CAM008789,2025-09-13,777.09,0.24,590.59,Credit Card,Completed,0.332
PUR002312,CUST01460,CAM002598,2026-05-24,1035.15,0.0,1035.15,PayPal,Refunded,0.441
PUR002313,CUST04190,CAM002088,2026-03-24,893.6,0.0,893.6,Credit Card,Pending,0.251
PUR002314,CUST03308,CAM009687,2026-09-25,145.54,0.17,120.8,Credit Card,Completed,0.209
PUR002315,CUST01174,CAM007808,2025-05-24,100.88,0.0,100.88,PayPal,Completed,0.243
PUR002316,CUST02822,CAM008486,2026-04-25,277.17,0.0,277.17,PayPal,Pending,0.234
PUR002317,CUST03523,CAM009207,2025-04-27,101.04,0.03,98.01,Apple Pay,Completed,0.236
PUR002318,CUST01527,CAM000648,2025-10-31,532.5,0.0,532.5,Debit Card,Completed,0.378
PUR002319,CUST03035,CAM009359,2025-02-27,2021.46,0.07,1879.96,PayPal,Completed,0.286
PUR002320,CUST03331,CAM009384,2025-04-28,917.01,0.16,770.29,PayPal,Completed,0.401
PUR002321,CUST03699,CAM007356,2026-05-18,1901.27,0.0,1901.27,Apple Pay,Completed,0.297
PUR002322,CUST04695,CAM006605,2025-10-20,1035.87,0.22,807.98,PayPal,Completed,0.363
PUR002323,CUST02427,CAM006980,2025-12-24,302.01,0.0,302.01,Debit Card,Completed,0.363
PUR002324,CUST02100,CAM009520,2025-12-02,1165.12,0.0,1165.12,Debit Card,Completed,0.429
PUR002325,CUST02137,CAM006540,2026-02-27,318.37,0.15,270.61,PayPal,Completed,0.431
PUR002326,CUST04340,CAM002479,2025-10-26,1528.81,0.0,1528.81,Debit Card,Completed,0.301
PUR002327,CUST00120,CAM004721,2025-02-22,1774.78,0.06,1668.29,Apple Pay,Completed,0.288
PUR002328,CUST00559,CAM008831,2025-12-06,252.45,0.0,252.45,Credit Card,Cancelled,0.389
PUR002329,CUST03408,CAM004028,2025-06-28,256.2,0.0,256.2,PayPal,Cancelled,0.427
PUR002330,CUST02467,CAM004822,2026-04-28,549.16,0.0,549.16,Debit Card,Completed,0.292
PUR002331,CUST00968,CAM006755,2025-06-19,1385.05,0.0,1385.05,Credit Card,Completed,0.223
PUR002332,CUST03461,CAM002113,2026-08-21,675.67,0.0,675.67,Debit Card,Completed,0.358
PUR002333,CUST01673,CAM004159,2025-06-28,329.43,0.01,326.14,PayPal,Completed,0.386
PUR002334,CUST00228,CAM000459,2026-10-06,272.65,0.0,272.65,Credit Card,Completed,0.43
PUR002335,CUST02229,CAM004812,2025-10-26,139.8,0.01,138.4,Apple Pay,Completed,0.255
PUR002336,CUST04474,CAM001211,2025-01-01,110.11,0.03,106.81,Credit Card,Completed,0.285
PUR002337,CUST00209,CAM005850,2026-07-27,499.63,0.0,499.63,Credit Card,Refunded,0.39
PUR002338,CUST02774,CAM002488,2025-10-01,826.39,0.0,826.39,Apple Pay,Completed,0.447
PUR002339,CUST00873,CAM008471,2025-09-28,481.9,0.0,481.9,PayPal,Completed,0.253
PUR002340,CUST01625,CAM000212,2026-05-24,561.06,0.0,561.06,Debit Card,Cancelled,0.277
PUR002341,CUST03793,CAM005554,2026-04-12,438.84,0.0,438.84,Apple Pay,Completed,0.333
PUR002342,CUST04423,CAM004462,2026-04-06,406.82,0.03,394.62,Google Pay,Refunded,0.222
PUR002343,CUST01518,CAM009482,2025-05-04,157.86,0.0,157.86,Debit Card,Completed,0.232
PUR002344,CUST02323,CAM007320,2025-08-22,371.66,0.05,353.08,Credit Card,Completed,0.37
PUR002345,CUST03707,CAM003997,2026-03-09,944.71,0.0,944.71,Debit Card,Completed,0.328
PUR002346,CUST01533,CAM008927,2026-08-07,198.15,0.11,176.35,Apple Pay,Completed,0.313
PUR002347,CUST03934,CAM000930,2025-05-02,486.46,0.0,486.46,PayPal,Completed,0.335
PUR002348,CUST01264,CAM006211,2026-01-31,78.8,0.0,78.8,Debit Card,Completed,0.323
PUR002349,CUST02683,CAM000309,2025-03-17,422.53,0.0,422.53,Credit Card,Pending,0.305
PUR002350,CUST04955,CAM001504,2025-01-09,2544.27,0.25,1908.2,Credit Card,Completed,0.414
PUR002351,CUST02500,CAM009651,2025-04-08,206.17,0.0,206.17,PayPal,Completed,0.211
PUR002352,CUST04024,CAM005295,2026-01-05,1142.52,0.0,1142.52,PayPal,Completed,0.43
PUR002353,CUST03985,CAM004263,2025-11-23,480.73,0.21,379.78,Credit Card,Cancelled,0.343
PUR002354,CUST00685,CAM002694,2026-06-12,321.97,0.14,276.89,Debit Card,Cancelled,0.202
PUR002355,CUST01527,CAM006088,2025-07-05,962.14,0.0,962.14,PayPal,Completed,0.224
PUR002356,CUST04007,CAM009734,2026-06-19,428.62,0.0,428.62,Credit Card,Completed,0.439
PUR002357,CUST04399,CAM003063,2025-11-28,3234.62,0.0,3234.62,Google Pay,Completed,0.287
PUR002358,CUST01010,CAM008981,2026-06-18,327.61,0.21,258.81,Debit Card,Completed,0.293
PUR002359,CUST03568,CAM006744,2025-06-23,731.23,0.12,643.48,Apple Pay,Completed,0.416
PUR002360,CUST02498,CAM003635,2026-03-27,435.32,0.05,413.55,Debit Card,Completed,0.359
PUR002361,CUST01187,CAM002216,2026-01-31,522.55,0.0,522.55,Apple Pay,Completed,0.42
PUR002362,CUST01682,CAM002691,2025-08-16,259.19,0.19,209.94,Apple Pay,Completed,0.332
PUR002363,CUST00023,CAM007905,2026-01-07,1682.16,0.0,1682.16,Debit Card,Completed,0.432
PUR002364,CUST00698,CAM003941,2025-04-23,1525.15,0.0,1525.15,Debit Card,Cancelled,0.4
PUR002365,CUST04768,CAM007325,2026-04-04,483.05,0.0,483.05,Apple Pay,Completed,0.322
PUR002366,CUST02405,CAM003210,2026-10-09,459.82,0.1,413.84,Credit Card,Completed,0.401
PUR002367,CUST02905,CAM009568,2024-10-28,442.76,0.0,442.76,Credit Card,Completed,0.405
PUR002368,CUST00419,CAM009424,2026-08-07,764.98,0.0,764.98,Credit Card,Completed,0.231
PUR002369,CUST02097,CAM009868,2025-09-19,262.68,0.23,202.26,Debit Card,Completed,0.272
PUR002370,CUST04924,CAM005920,2024-11-30,296.08,0.21,233.9,Apple Pay,Completed,0.253
PUR002371,CUST03170,CAM001547,2025-01-14,1132.16,0.0,1132.16,Debit Card,Completed,0.317
PUR002372,CUST00349,CAM004975,2025-04-12,337.55,0.09,307.17,Apple Pay,Completed,0.212
PUR002373,CUST04837,CAM002531,2025-05-09,565.28,0.0,565.28,Debit Card,Completed,0.446
PUR002374,CUST04252,CAM007349,2026-04-10,457.15,0.11,406.86,PayPal,Completed,0.264
PUR002375,CUST03159,CAM009085,2026-08-15,6406.9,0.18,5253.66,Credit Card,Refunded,0.216
PUR002376,CUST03709,CAM003757,2026-07-28,600.27,0.07,558.25,Credit Card,Completed,0.204
PUR002377,CUST04423,CAM005864,2026-01-17,262.38,0.0,262.38,PayPal,Pending,0.353
PUR002378,CUST02298,CAM007146,2025-10-14,204.55,0.0,204.55,Google Pay,Completed,0.389
PUR002379,CUST03793,CAM000607,2026-05-31,266.98,0.0,266.98,PayPal,Completed,0.378
PUR002380,CUST00297,CAM000336,2025-11-09,759.03,0.0,759.03,Credit Card,Completed,0.428
PUR002381,CUST02564,CAM001558,2026-03-31,2623.3,0.03,2544.6,Credit Card,Completed,0.441
PUR002382,CUST04350,CAM002153,2025-05-08,1132.87,0.0,1132.87,Debit Card,Completed,0.277
PUR002383,CUST00666,CAM002475,2024-11-12,363.19,0.0,363.19,Credit Card,Cancelled,0.428
PUR002384,CUST04443,CAM001718,2025-04-25,442.6,0.0,442.6,Debit Card,Cancelled,0.235
PUR002385,CUST00209,CAM000093,2026-05-13,144.42,0.08,132.87,Google Pay,Completed,0.31
PUR002386,CUST04893,CAM003772,2026-07-31,361.33,0.01,357.72,Debit Card,Completed,0.225
PUR002387,CUST04791,CAM007420,2026-06-21,268.77,0.11,239.21,Debit Card,Completed,0.327
PUR002388,CUST04720,CAM003965,2025-09-21,177.34,0.0,177.34,PayPal,Completed,0.373
PUR002389,CUST03791,CAM001349,2025-04-03,6123.43,0.0,6123.43,PayPal,Pending,0.426
PUR002390,CUST01382,CAM001276,2025-03-08,380.59,0.0,380.59,PayPal,Completed,0.285
PUR002391,CUST01947,CAM008164,2025-07-08,204.84,0.0,204.84,Debit Card,Completed,0.383
PUR002392,CUST02949,CAM006924,2025-12-16,556.51,0.07,517.55,Debit Card,Completed,0.443
PUR002393,CUST02007,CAM002169,2025-05-17,204.33,0.0,204.33,Apple Pay,Completed,0.42
PUR002394,CUST00323,CAM004114,2024-12-01,737.12,0.1,663.41,Credit Card,Completed,0.302
PUR002395,CUST03923,CAM007101,2025-11-10,330.15,0.0,330.15,Debit Card,Refunded,0.404
PUR002396,CUST04926,CAM009487,2025-04-16,1624.4,0.0,1624.4,PayPal,Completed,0.414
PUR002397,CUST03090,CAM006089,2025-12-16,551.96,0.0,551.96,Apple Pay,Completed,0.238
PUR002398,CUST01745,CAM005624,2026-08-10,320.49,0.1,288.44,Debit Card,Completed,0.284
PUR002399,CUST02501,CAM007037,2026-04-03,227.57,0.0,227.57,PayPal,Completed,0.286
PUR002400,CUST01624,CAM005699,2025-09-15,1597.17,0.0,1597.17,Apple Pay,Completed,0.421
PUR002401,CUST00359,CAM008506,2025-06-29,1235.37,0.1,1111.83,Credit Card,Completed,0.211
PUR002402,CUST01252,CAM000681,2024-11-15,2437.85,0.09,2218.44,Apple Pay,Completed,0.365
PUR002403,CUST02755,CAM002755,2026-05-22,943.4,0.02,924.53,PayPal,Completed,0.216
PUR002404,CUST04762,CAM008514,2026-04-07,368.21,0.17,305.61,Credit Card,Pending,0.283
PUR002405,CUST02900,CAM002378,2026-08-17,444.9,0.0,444.9,Debit Card,Completed,0.277
PUR002406,CUST01964,CAM003051,2024-12-09,1264.99,0.0,1264.99,Google Pay,Completed,0.272
PUR002407,CUST02586,CAM006679,2025-01-25,432.62,0.0,432.62,Apple Pay,Cancelled,0.347
PUR002408,CUST01544,CAM006741,2025-09-03,230.76,0.07,214.61,Apple Pay,Completed,0.254
PUR002409,CUST03467,CAM005351,2026-07-20,477.18,0.06,448.55,Credit Card,Completed,0.414
PUR002410,CUST02050,CAM009328,2024-09-27,338.88,0.05,321.94,PayPal,Completed,0.4
PUR002411,CUST03667,CAM004299,2024-10-07,1645.44,0.0,1645.44,Debit Card,Completed,0.308
PUR002412,CUST02524,CAM007592,2026-02-23,79.12,0.0,79.12,Apple Pay,Completed,0.36
PUR002413,CUST00661,CAM005367,2026-01-23,148.92,0.16,125.09,Google Pay,Completed,0.254
PUR002414,CUST03788,CAM005372,2026-04-13,139.56,0.0,139.56,Credit Card,Completed,0.348
PUR002415,CUST00118,CAM000658,2026-04-12,986.63,0.0,986.63,Debit Card,Completed,0.336
PUR002416,CUST02367,CAM004406,2025-09-03,12.23,0.0,12.23,PayPal,Completed,0.382
PUR002417,CUST01996,CAM009638,2025-11-09,1513.29,0.0,1513.29,Credit Card,Completed,0.306
PUR002418,CUST04019,CAM002700,2026-05-09,114.05,0.0,114.05,Credit Card,Completed,0.398
PUR002419,CUST02246,CAM009555,2025-06-01,372.99,0.0,372.99,PayPal,Completed,0.357
PUR002420,CUST01081,CAM006705,2026-05-31,1585.47,0.16,1331.79,Credit Card,Completed,0.437
PUR002421,CUST02173,CAM001929,2024-11-14,1203.53,0.04,1155.39,PayPal,Completed,0.33
PUR002422,CUST01974,CAM004488,2024-08-27,401.57,0.09,365.43,Debit Card,Pending,0.387
PUR002423,CUST01129,CAM006437,2026-07-20,1114.52,0.0,1114.52,Credit Card,Completed,0.39
PUR002424,CUST02387,CAM001615,2024-11-26,209.48,0.0,209.48,Debit Card,Completed,0.404
PUR002425,CUST04714,CAM003862,2026-07-18,215.75,0.0,215.75,PayPal,Completed,0.362
PUR002426,CUST04831,CAM007025,2025-12-17,2673.82,0.18,2192.53,Google Pay,Refunded,0.271
PUR002427,CUST00128,CAM006556,2024-11-04,214.33,0.0,214.33,PayPal,Completed,0.414
PUR002428,CUST01673,CAM002935,2025-01-20,3375.98,0.0,3375.98,Google Pay,Completed,0.329
PUR002429,CUST02341,CAM009287,2024-12-26,174.28,0.0,174.28,Credit Card,Cancelled,0.246
PUR002430,CUST02329,CAM006385,2025-09-10,691.2,0.0,691.2,Debit Card,Completed,0.418
PUR002431,CUST02284,CAM008088,2025-06-29,1406.89,0.22,1097.37,Apple Pay,Refunded,0.219
PUR002432,CUST02757,CAM005362,2025-04-23,51.31,0.0,51.31,Credit Card,Pending,0.274
PUR002433,CUST03468,CAM008203,2025-09-05,2414.01,0.0,2414.01,Debit Card,Completed,0.256
PUR002434,CUST00043,CAM004677,2025-02-26,263.04,0.0,263.04,Apple Pay,Completed,0.347
PUR002435,CUST00705,CAM002947,2024-11-08,207.36,0.13,180.4,Google Pay,Completed,0.352
PUR002436,CUST04242,CAM008027,2025-12-10,613.93,0.12,540.26,Credit Card,Completed,0.238
PUR002437,CUST01077,CAM000597,2026-05-02,1487.51,0.0,1487.51,Debit Card,Completed,0.325
PUR002438,CUST03015,CAM009608,2026-06-12,555.66,0.0,555.66,Google Pay,Completed,0.226
PUR002439,CUST03667,CAM000428,2026-06-15,650.63,0.22,507.49,Google Pay,Completed,0.35
PUR002440,CUST03285,CAM004163,2025-01-20,671.04,0.0,671.04,PayPal,Completed,0.45
PUR002441,CUST00972,CAM000085,2025-05-17,385.88,0.0,385.88,PayPal,Completed,0.365
PUR002442,CUST03292,CAM007059,2024-10-10,190.81,0.0,190.81,Debit Card,Completed,0.329
PUR002443,CUST00411,CAM006162,2026-05-09,60.2,0.0,60.2,Credit Card,Completed,0.365
PUR002444,CUST01122,CAM000192,2026-05-19,1630.74,0.0,1630.74,Apple Pay,Pending,0.375
PUR002445,CUST03020,CAM006169,2025-10-01,252.89,0.06,237.72,Google Pay,Completed,0.265
PUR002446,CUST04071,CAM005148,2025-05-01,1350.93,0.0,1350.93,Credit Card,Completed,0.249
PUR002447,CUST00611,CAM007337,2024-08-27,1132.89,0.11,1008.27,Debit Card,Completed,0.313
PUR002448,CUST04922,CAM002901,2024-11-23,774.15,0.06,727.7,PayPal,Completed,0.327
PUR002449,CUST03915,CAM007011,2024-09-30,3105.65,0.0,3105.65,PayPal,Completed,0.367
PUR002450,CUST04693,CAM006522,2025-09-25,362.03,0.0,362.03,Credit Card,Pending,0.269
PUR002451,CUST04245,CAM004244,2026-01-07,1401.6,0.0,1401.6,Debit Card,Completed,0.424
PUR002452,CUST00105,CAM005564,2024-11-30,227.91,0.0,227.91,Google Pay,Completed,0.395
PUR002453,CUST04159,CAM009942,2025-06-05,1074.66,0.12,945.7,PayPal,Completed,0.251
PUR002454,CUST04002,CAM000372,2024-12-04,229.08,0.0,229.08,Debit Card,Refunded,0.212
PUR002455,CUST04067,CAM000656,2025-02-01,1038.74,0.04,997.19,Google Pay,Cancelled,0.231
PUR002456,CUST04518,CAM006650,2025-02-19,524.2,0.0,524.2,Debit Card,Completed,0.361
PUR002457,CUST01629,CAM006651,2026-04-14,5952.98,0.0,5952.98,Credit Card,Completed,0.401
PUR002458,CUST00687,CAM005976,2025-02-15,1304.45,0.0,1304.45,PayPal,Completed,0.363
PUR002459,CUST03153,CAM001292,2025-01-13,1153.67,0.0,1153.67,Apple Pay,Completed,0.324
PUR002460,CUST01507,CAM009969,2025-09-14,353.89,0.0,353.89,Credit Card,Completed,0.288
PUR002461,CUST01128,CAM007485,2026-07-23,219.42,0.15,186.51,Debit Card,Completed,0.22
PUR002462,CUST00853,CAM004677,2025-02-28,1276.6,0.0,1276.6,Credit Card,Pending,0.39
PUR002463,CUST04110,CAM001885,2026-06-10,406.57,0.05,386.24,Apple Pay,Completed,0.267
PUR002464,CUST01872,CAM007049,2025-02-28,960.86,0.19,778.3,Credit Card,Completed,0.399
PUR002465,CUST01133,CAM001539,2025-06-18,227.24,0.0,227.24,Google Pay,Completed,0.275
PUR002466,CUST03659,CAM007680,2025-08-20,732.36,0.0,732.36,PayPal,Completed,0.285
PUR002467,CUST02590,CAM005877,2025-09-27,1202.34,0.0,1202.34,Apple Pay,Completed,0.272
PUR002468,CUST00233,CAM006515,2026-03-08,881.08,0.0,881.08,Google Pay,Completed,0.259
PUR002469,CUST01599,CAM006229,2025-02-05,1447.8,0.0,1447.8,Google Pay,Completed,0.327
PUR002470,CUST00652,CAM009032,2025-07-11,1141.55,0.12,1004.56,PayPal,Completed,0.3
PUR002471,CUST02013,CAM002857,2026-08-07,904.82,0.0,904.82,Credit Card,Cancelled,0.403
PUR002472,CUST00455,CAM009996,2025-11-01,719.35,0.17,597.06,Google Pay,Completed,0.339
PUR002473,CUST00413,CAM001534,2025-12-28,495.73,0.0,495.73,Credit Card,Completed,0.393
PUR002474,CUST04532,CAM006016,2024-12-02,288.59,0.0,288.59,Apple Pay,Completed,0.284
PUR002475,CUST03480,CAM002868,2025-07-16,240.58,0.12,211.71,PayPal,Completed,0.381
PUR002476,CUST02812,CAM008042,2025-09-23,452.5,0.16,380.1,PayPal,Cancelled,0.419
PUR002477,CUST01401,CAM005033,2025-12-08,758.85,0.0,758.85,Credit Card,Completed,0.237
PUR002478,CUST04784,CAM006130,2026-05-19,516.6,0.01,511.43,Credit Card,Pending,0.362
PUR002479,CUST02812,CAM005028,2026-05-15,2391.18,0.0,2391.18,Debit Card,Refunded,0.234
PUR002480,CUST03634,CAM007607,2026-08-13,811.46,0.12,714.08,Debit Card,Completed,0.351
PUR002481,CUST04680,CAM006620,2026-05-25,560.3,0.05,532.28,Debit Card,Completed,0.262
PUR002482,CUST01159,CAM002830,2026-01-06,443.94,0.0,443.94,PayPal,Cancelled,0.363
PUR002483,CUST04424,CAM005534,2026-03-04,617.65,0.2,494.12,Credit Card,Completed,0.386
PUR002484,CUST00591,CAM007802,2026-03-13,708.98,0.0,708.98,Apple Pay,Completed,0.311
PUR002485,CUST02706,CAM004590,2024-11-19,82.61,0.0,82.61,Debit Card,Completed,0.221
PUR002486,CUST03688,CAM000062,2026-02-24,1799.95,0.19,1457.96,Credit Card,Refunded,0.313
PUR002487,CUST04502,CAM002963,2024-11-13,1364.43,0.19,1105.19,Credit Card,Completed,0.25
PUR002488,CUST01606,CAM000615,2025-11-12,136.48,0.22,106.45,PayPal,Completed,0.206
PUR002489,CUST02328,CAM007920,2025-08-07,1436.91,0.0,1436.91,Debit Card,Completed,0.382
PUR002490,CUST03900,CAM008523,2025-12-09,279.08,0.0,279.08,Credit Card,Completed,0.206
PUR002491,CUST00660,CAM003202,2025-06-25,387.99,0.0,387.99,PayPal,Pending,0.324
PUR002492,CUST00160,CAM006709,2026-02-19,268.34,0.0,268.34,Credit Card,Completed,0.22
PUR002493,CUST01172,CAM001586,2025-03-20,996.8,0.19,807.41,Credit Card,Completed,0.233
PUR002494,CUST00530,CAM008825,2025-10-26,1451.66,0.0,1451.66,Debit Card,Completed,0.279
PUR002495,CUST02037,CAM009217,2026-08-11,721.65,0.24,548.45,Credit Card,Completed,0.22
PUR002496,CUST00079,CAM001462,2025-11-23,569.95,0.07,530.05,Apple Pay,Completed,0.227
PUR002497,CUST03199,CAM009547,2026-07-08,861.58,0.0,861.58,PayPal,Completed,0.267
PUR002498,CUST04168,CAM002723,2025-02-24,507.3,0.0,507.3,Debit Card,Completed,0.441
PUR002499,CUST04917,CAM007548,2024-10-14,75.87,0.0,75.87,Google Pay,Refunded,0.258
PUR002500,CUST00713,CAM007255,2025-10-11,538.96,0.0,538.96,Debit Card,Completed,0.276
PUR002501,CUST03025,CAM008058,2024-11-08,429.09,0.24,326.11,PayPal,Completed,0.203
PUR002502,CUST00283,CAM006465,2026-01-15,432.5,0.0,432.5,Debit Card,Refunded,0.355
PUR002503,CUST03629,CAM002793,2026-06-09,270.6,0.05,257.07,Debit Card,Completed,0.305
PUR002504,CUST00421,CAM001151,2024-11-15,678.52,0.0,678.52,PayPal,Completed,0.31
PUR002505,CUST01190,CAM004280,2026-05-17,547.43,0.24,416.05,PayPal,Pending,0.304
PUR002506,CUST04336,CAM006461,2025-12-19,303.07,0.0,303.07,PayPal,Completed,0.352
PUR002507,CUST02621,CAM007847,2024-11-20,565.42,0.0,565.42,Debit Card,Completed,0.28
PUR002508,CUST04209,CAM003694,2026-02-05,1462.44,0.0,1462.44,Apple Pay,Completed,0.361
PUR002509,CUST04361,CAM007105,2025-04-02,941.07,0.0,941.07,Google Pay,Cancelled,0.432
PUR002510,CUST04728,CAM006152,2025-04-10,2635.05,0.0,2635.05,Debit Card,Pending,0.28
PUR002511,CUST00456,CAM002994,2025-05-16,706.53,0.0,706.53,Credit Card,Completed,0.413
PUR002512,CUST04865,CAM006664,2024-11-23,1410.17,0.0,1410.17,Credit Card,Completed,0.356
PUR002513,CUST03976,CAM005429,2025-10-27,725.81,0.0,725.81,PayPal,Completed,0.231
PUR002514,CUST03237,CAM005542,2026-03-03,718.75,0.08,661.25,Apple Pay,Completed,0.203
PUR002515,CUST01968,CAM005053,2025-09-15,226.08,0.09,205.73,Apple Pay,Completed,0.26
PUR002516,CUST02835,CAM005633,2026-03-11,293.33,0.0,293.33,Credit Card,Completed,0.234
PUR002517,CUST04772,CAM005920,2024-11-26,823.99,0.15,700.39,PayPal,Completed,0.216
PUR002518,CUST03453,CAM006445,2025-01-03,118.74,0.2,94.99,Debit Card,Completed,0.276
PUR002519,CUST01730,CAM005560,2026-09-25,519.63,0.19,420.9,Debit Card,Completed,0.308
PUR002520,CUST03876,CAM004998,2024-08-30,2237.04,0.0,2237.04,Credit Card,Completed,0.356
PUR002521,CUST02104,CAM008765,2024-11-06,2644.02,0.0,2644.02,PayPal,Completed,0.217
PUR002522,CUST00789,CAM009641,2025-08-27,748.13,0.0,748.13,Google Pay,Pending,0.449
PUR002523,CUST00913,CAM003016,2026-07-27,95.0,0.0,95.0,Google Pay,Completed,0.33
PUR002524,CUST01549,CAM004766,2024-11-02,541.92,0.23,417.28,PayPal,Completed,0.409
PUR002525,CUST02265,CAM007490,2025-02-26,499.34,0.01,494.35,PayPal,Completed,0.398
PUR002526,CUST00574,CAM007192,2025-01-15,636.55,0.0,636.55,PayPal,Refunded,0.239
PUR002527,CUST01604,CAM004364,2024-10-06,457.25,0.0,457.25,Debit Card,Completed,0.274
PUR002528,CUST00577,CAM002547,2025-04-22,504.86,0.0,504.86,Credit Card,Completed,0.325
PUR002529,CUST04307,CAM009040,2026-03-04,454.37,0.0,454.37,PayPal,Completed,0.233
PUR002530,CUST01176,CAM006427,2024-12-02,381.47,0.0,381.47,Debit Card,Completed,0.286
PUR002531,CUST03171,CAM006329,2025-12-11,176.81,0.07,164.43,Debit Card,Refunded,0.298
PUR002532,CUST00208,CAM007071,2025-10-26,2125.44,0.0,2125.44,Credit Card,Completed,0.211
PUR002533,CUST01474,CAM002321,2026-07-30,155.83,0.0,155.83,Apple Pay,Completed,0.38
PUR002534,CUST02437,CAM001850,2026-05-13,96.08,0.0,96.08,Debit Card,Cancelled,0.404
PUR002535,CUST03457,CAM008381,2026-05-16,897.35,0.0,897.35,Debit Card,Completed,0.402
PUR002536,CUST00328,CAM002773,2025-09-03,460.87,0.0,460.87,Credit Card,Pending,0.431
PUR002537,CUST03494,CAM000296,2026-03-16,381.08,0.0,381.08,Apple Pay,Completed,0.252
PUR002538,CUST00720,CAM008306,2025-08-16,977.84,0.0,977.84,Credit Card,Completed,0.252
PUR002539,CUST00023,CAM007853,2025-02-05,749.17,0.0,749.17,Apple Pay,Completed,0.29
PUR002540,CUST01603,CAM000015,2025-08-10,214.28,0.0,214.28,PayPal,Completed,0.432
PUR002541,CUST02949,CAM008592,2026-04-15,1267.17,0.0,1267.17,Google Pay,Completed,0.383
PUR002542,CUST00273,CAM005575,2026-07-14,2087.43,0.02,2045.68,PayPal,Completed,0.399
PUR002543,CUST02921,CAM009268,2026-05-07,241.29,0.1,217.16,Debit Card,Completed,0.242
PUR002544,CUST01465,CAM000200,2026-01-05,403.31,0.0,403.31,Apple Pay,Completed,0.353
PUR002545,CUST04258,CAM003277,2025-10-24,327.96,0.0,327.96,PayPal,Pending,0.394
PUR002546,CUST01485,CAM000744,2026-07-30,334.19,0.0,334.19,Credit Card,Completed,0.331
PUR002547,CUST00569,CAM009653,2026-03-01,182.45,0.0,182.45,PayPal,Completed,0.373
PUR002548,CUST00101,CAM001494,2026-05-21,1085.52,0.0,1085.52,Credit Card,Completed,0.266
PUR002549,CUST02442,CAM004018,2024-10-29,655.13,0.0,655.13,PayPal,Completed,0.207
PUR002550,CUST01635,CAM004183,2025-02-16,151.52,0.0,151.52,Credit Card,Completed,0.295
PUR002551,CUST04951,CAM009675,2026-02-13,777.26,0.0,777.26,Google Pay,Completed,0.249
PUR002552,CUST02050,CAM001683,2025-08-23,504.9,0.07,469.56,Credit Card,Completed,0.275
PUR002553,CUST03170,CAM008833,2024-12-18,1228.24,0.05,1166.83,Apple Pay,Completed,0.22
PUR002554,CUST04561,CAM000795,2026-06-11,990.24,0.11,881.31,PayPal,Completed,0.233
PUR002555,CUST00992,CAM006891,2024-10-06,804.89,0.1,724.4,Apple Pay,Completed,0.262
PUR002556,CUST02958,CAM005551,2025-06-15,406.86,0.0,406.86,Credit Card,Completed,0.264
PUR002557,CUST00874,CAM006005,2026-06-07,1172.56,0.0,1172.56,PayPal,Pending,0.231
PUR002558,CUST00608,CAM001193,2026-01-10,308.64,0.0,308.64,Credit Card,Completed,0.252
PUR002559,CUST03161,CAM004231,2024-12-31,278.44,0.15,236.67,PayPal,Cancelled,0.332
PUR002560,CUST03945,CAM007544,2026-04-04,761.41,0.08,700.5,Apple Pay,Completed,0.438
PUR002561,CUST03354,CAM003073,2025-01-23,352.85,0.0,352.85,Apple Pay,Completed,0.344
PUR002562,CUST01030,CAM003833,2025-05-03,1619.02,0.03,1570.45,Google Pay,Completed,0.243
PUR002563,CUST00736,CAM001852,2025-10-11,279.41,0.05,265.44,PayPal,Completed,0.431
PUR002564,CUST04413,CAM002853,2026-08-08,1088.77,0.0,1088.77,Debit Card,Completed,0.426
PUR002565,CUST04024,CAM002403,2024-10-30,1221.85,0.0,1221.85,Google Pay,Completed,0.266
PUR002566,CUST04360,CAM008891,2025-03-30,511.75,0.0,511.75,Debit Card,Completed,0.369
PUR002567,CUST00046,CAM002821,2026-07-15,764.47,0.0,764.47,PayPal,Completed,0.283
PUR002568,CUST03014,CAM008242,2025-11-15,237.94,0.14,204.63,Debit Card,Completed,0.329
PUR002569,CUST02991,CAM003240,2026-01-21,1499.9,0.0,1499.9,Credit Card,Completed,0.222
PUR002570,CUST04948,CAM002266,2025-08-25,434.8,0.2,347.84,PayPal,Refunded,0.234
PUR002571,CUST02070,CAM000892,2025-01-22,324.05,0.01,320.81,PayPal,Completed,0.235
PUR002572,CUST02679,CAM003850,2026-06-25,1077.39,0.0,1077.39,Credit Card,Completed,0.294
PUR002573,CUST03588,CAM001427,2025-01-11,332.47,0.0,332.47,PayPal,Completed,0.411
PUR002574,CUST03566,CAM002799,2025-09-16,531.79,0.0,531.79,Debit Card,Completed,0.382
PUR002575,CUST04424,CAM000788,2025-10-30,738.91,0.15,628.07,Debit Card,Completed,0.396
PUR002576,CUST00637,CAM009162,2025-07-09,408.57,0.18,335.03,PayPal,Pending,0.384
PUR002577,CUST04623,CAM005174,2026-07-08,121.58,0.01,120.36,Google Pay,Pending,0.215
PUR002578,CUST01599,CAM001411,2024-10-07,1450.69,0.0,1450.69,Google Pay,Completed,0.432
PUR002579,CUST01707,CAM006479,2025-07-12,379.71,0.2,303.77,Credit Card,Completed,0.274
PUR002580,CUST02708,CAM005713,2025-07-10,129.73,0.0,129.73,Apple Pay,Pending,0.332
PUR002581,CUST00558,CAM002675,2024-09-15,738.53,0.0,738.53,Credit Card,Completed,0.209
PUR002582,CUST02562,CAM002111,2025-08-21,1838.57,0.1,1654.71,Credit Card,Completed,0.347
PUR002583,CUST03151,CAM001573,2025-03-22,268.2,0.0,268.2,Apple Pay,Completed,0.444
PUR002584,CUST00574,CAM007749,2026-03-07,243.27,0.0,243.27,Credit Card,Pending,0.41
PUR002585,CUST01279,CAM009580,2024-12-08,407.05,0.0,407.05,Debit Card,Completed,0.242
PUR002586,CUST01632,CAM000703,2026-01-28,132.16,0.12,116.3,Google Pay,Completed,0.346
PUR002587,CUST03958,CAM008144,2025-06-07,196.97,0.16,165.45,Credit Card,Completed,0.312
PUR002588,CUST01071,CAM003510,2025-07-31,103.92,0.0,103.92,Google Pay,Pending,0.332
PUR002589,CUST03138,CAM009491,2025-08-30,884.46,0.0,884.46,Debit Card,Completed,0.408
PUR002590,CUST01666,CAM002316,2026-07-19,1414.16,0.17,1173.75,PayPal,Completed,0.256
PUR002591,CUST04797,CAM000878,2026-08-09,1264.31,0.0,1264.31,PayPal,Completed,0.443
PUR002592,CUST01913,CAM000646,2025-12-03,1438.97,0.21,1136.79,PayPal,Completed,0.341
PUR002593,CUST01036,CAM005429,2025-11-16,472.96,0.2,378.37,Debit Card,Refunded,0.36
PUR002594,CUST02003,CAM002607,2025-07-21,361.02,0.0,361.02,Debit Card,Completed,0.26
PUR002595,CUST04852,CAM005065,2025-03-06,397.11,0.0,397.11,Credit Card,Completed,0.327
PUR002596,CUST02394,CAM000619,2025-10-28,113.49,0.08,104.41,Credit Card,Completed,0.394
PUR002597,CUST00651,CAM002684,2024-11-28,898.35,0.0,898.35,PayPal,Completed,0.208
PUR002598,CUST00479,CAM003320,2025-08-12,395.12,0.0,395.12,Debit Card,Cancelled,0.236
PUR002599,CUST00483,CAM004358,2025-09-27,292.96,0.23,225.58,Credit Card,Refunded,0.269
PUR002600,CUST03703,CAM002424,2025-09-13,1407.56,0.0,1407.56,Credit Card,Completed,0.406
PUR002601,CUST01821,CAM003452,2025-07-20,1924.48,0.15,1635.81,Debit Card,Completed,0.373
PUR002602,CUST03266,CAM005389,2026-08-07,581.64,0.13,506.03,PayPal,Pending,0.41
PUR002603,CUST03349,CAM006415,2025-05-26,435.31,0.0,435.31,PayPal,Completed,0.343
PUR002604,CUST01558,CAM004318,2025-03-30,1884.66,0.0,1884.66,PayPal,Completed,0.304
PUR002605,CUST02036,CAM000867,2026-03-13,607.72,0.13,528.72,Credit Card,Pending,0.399
PUR002606,CUST02212,CAM008779,2026-02-21,1031.94,0.01,1021.62,Google Pay,Completed,0.283
PUR002607,CUST01578,CAM008023,2024-09-13,845.63,0.0,845.63,Credit Card,Completed,0.385
PUR002608,CUST01115,CAM005886,2025-04-27,1951.23,0.0,1951.23,Credit Card,Completed,0.437
PUR002609,CUST04241,CAM005915,2025-07-11,157.3,0.0,157.3,Credit Card,Completed,0.26
PUR002610,CUST02501,CAM002885,2025-01-10,888.08,0.0,888.08,Apple Pay,Cancelled,0.427
PUR002611,CUST03439,CAM001658,2025-08-15,1999.15,0.01,1979.16,PayPal,Completed,0.321
PUR002612,CUST01847,CAM002685,2024-09-30,337.2,0.21,266.39,Credit Card,Refunded,0.343
PUR002613,CUST02394,CAM008589,2024-10-23,753.82,0.0,753.82,Credit Card,Completed,0.38
PUR002614,CUST00961,CAM006524,2025-08-06,762.72,0.0,762.72,Credit Card,Completed,0.404
PUR002615,CUST01068,CAM003092,2026-04-07,528.68,0.0,528.68,Credit Card,Completed,0.422
PUR002616,CUST04101,CAM005726,2025-12-18,1097.77,0.0,1097.77,Apple Pay,Completed,0.282
PUR002617,CUST04162,CAM004830,2025-08-30,1692.67,0.02,1658.82,Credit Card,Completed,0.234
PUR002618,CUST02837,CAM004216,2026-07-01,46.77,0.03,45.37,Apple Pay,Completed,0.399
PUR002619,CUST02659,CAM004762,2026-04-16,2778.67,0.0,2778.67,Debit Card,Completed,0.377
PUR002620,CUST02596,CAM006193,2025-03-18,293.54,0.0,293.54,Debit Card,Pending,0.22
PUR002621,CUST03123,CAM008683,2025-12-04,1341.98,0.0,1341.98,PayPal,Completed,0.294
PUR002622,CUST01294,CAM003679,2025-01-01,329.42,0.24,250.36,Apple Pay,Cancelled,0.334
PUR002623,CUST02633,CAM003648,2025-02-21,608.18,0.2,486.54,Credit Card,Completed,0.221
PUR002624,CUST01077,CAM007651,2026-03-15,949.96,0.24,721.97,PayPal,Completed,0.244
PUR002625,CUST01625,CAM007084,2024-10-13,665.59,0.17,552.44,Debit Card,Completed,0.231
PUR002626,CUST01898,CAM005375,2024-10-23,140.7,0.0,140.7,PayPal,Cancelled,0.291
PUR002627,CUST03933,CAM006837,2025-11-11,247.07,0.0,247.07,Credit Card,Completed,0.308
PUR002628,CUST01451,CAM008071,2025-06-20,1490.52,0.19,1207.32,Apple Pay,Completed,0.444
PUR002629,CUST03571,CAM000804,2024-12-15,891.87,0.0,891.87,Debit Card,Completed,0.423
PUR002630,CUST00955,CAM000871,2026-05-08,656.55,0.0,656.55,Debit Card,Completed,0.391
PUR002631,CUST01563,CAM000908,2025-06-23,357.52,0.0,357.52,Apple Pay,Completed,0.245
PUR002632,CUST01398,CAM003296,2026-08-15,1086.77,0.06,1021.56,PayPal,Completed,0.398
PUR002633,CUST01161,CAM003680,2026-09-04,181.47,0.16,152.43,Debit Card,Pending,0.348
PUR002634,CUST04606,CAM003546,2026-05-31,607.52,0.0,607.52,Apple Pay,Completed,0.227
PUR002635,CUST01412,CAM005906,2025-01-31,1021.16,0.14,878.2,PayPal,Pending,0.448
PUR002636,CUST04855,CAM007189,2025-05-29,462.05,0.16,388.12,Debit Card,Completed,0.428
PUR002637,CUST01160,CAM005756,2026-04-10,1045.53,0.0,1045.53,Credit Card,Completed,0.341
PUR002638,CUST03843,CAM001256,2026-07-24,1868.6,0.0,1868.6,Debit Card,Completed,0.27
PUR002639,CUST03191,CAM001975,2026-03-16,540.59,0.0,540.59,Debit Card,Completed,0.437
PUR002640,CUST02682,CAM005778,2025-03-20,2748.63,0.0,2748.63,Credit Card,Completed,0.267
PUR002641,CUST01604,CAM005446,2026-02-22,503.76,0.0,503.76,Debit Card,Completed,0.379
PUR002642,CUST01322,CAM004464,2025-09-02,778.54,0.0,778.54,Debit Card,Completed,0.419
PUR002643,CUST04212,CAM007876,2024-10-23,807.95,0.0,807.95,PayPal,Completed,0.304
PUR002644,CUST03391,CAM005459,2026-03-11,1148.85,0.14,988.01,PayPal,Pending,0.368
PUR002645,CUST00851,CAM001799,2024-11-19,404.59,0.0,404.59,Debit Card,Pending,0.296
PUR002646,CUST02313,CAM002690,2025-09-19,773.1,0.0,773.1,Apple Pay,Completed,0.333
PUR002647,CUST02865,CAM004225,2026-06-21,369.12,0.0,369.12,Debit Card,Completed,0.202
PUR002648,CUST03599,CAM005560,2026-07-29,933.73,0.03,905.72,Debit Card,Completed,0.245
PUR002649,CUST02929,CAM005437,2026-01-08,747.06,0.0,747.06,Debit Card,Completed,0.346
PUR002650,CUST00262,CAM008904,2026-05-12,318.9,0.0,318.9,Apple Pay,Completed,0.34
PUR002651,CUST03070,CAM009311,2026-04-04,1588.4,0.0,1588.4,Apple Pay,Completed,0.404
PUR002652,CUST00138,CAM000781,2025-03-01,970.55,0.0,970.55,Debit Card,Completed,0.311
PUR002653,CUST04347,CAM003737,2026-05-15,151.1,0.0,151.1,Credit Card,Completed,0.375
PUR002654,CUST03334,CAM002471,2025-06-09,854.75,0.08,786.37,Google Pay,Completed,0.383
PUR002655,CUST04454,CAM001743,2024-10-21,325.81,0.0,325.81,Debit Card,Completed,0.248
PUR002656,CUST02894,CAM005306,2026-03-21,698.63,0.18,572.88,Debit Card,Completed,0.298
PUR002657,CUST02261,CAM007404,2026-03-30,377.05,0.0,377.05,Debit Card,Completed,0.337
PUR002658,CUST00988,CAM004080,2025-01-14,1497.23,0.0,1497.23,PayPal,Completed,0.349
PUR002659,CUST00272,CAM008572,2025-06-23,1402.32,0.06,1318.18,Apple Pay,Completed,0.237
PUR002660,CUST02194,CAM001961,2025-11-30,195.18,0.0,195.18,Debit Card,Completed,0.253
PUR002661,CUST04307,CAM008660,2026-06-05,831.09,0.0,831.09,Google Pay,Completed,0.336
PUR002662,CUST04262,CAM003310,2026-04-12,673.43,0.12,592.62,Credit Card,Completed,0.279
PUR002663,CUST04859,CAM008766,2025-03-18,154.73,0.21,122.24,Apple Pay,Pending,0.342
PUR002664,CUST04345,CAM005061,2025-08-24,1494.8,0.09,1360.27,Credit Card,Completed,0.289
PUR002665,CUST04092,CAM005057,2025-11-21,84.63,0.0,84.63,Credit Card,Completed,0.436
PUR002666,CUST01937,CAM009393,2026-07-19,275.44,0.22,214.84,Debit Card,Completed,0.23
PUR002667,CUST04187,CAM004146,2025-11-27,401.99,0.19,325.61,Apple Pay,Completed,0.379
PUR002668,CUST04910,CAM001520,2026-01-17,683.56,0.0,683.56,Debit Card,Completed,0.279
PUR002669,CUST01919,CAM003782,2025-04-11,429.09,0.0,429.09,Google Pay,Completed,0.347
PUR002670,CUST01401,CAM003643,2025-06-03,999.67,0.12,879.71,Apple Pay,Completed,0.262
PUR002671,CUST01117,CAM000337,2025-12-16,277.88,0.0,277.88,Debit Card,Completed,0.213
PUR002672,CUST00591,CAM004678,2025-10-30,1098.85,0.0,1098.85,Credit Card,Pending,0.269
PUR002673,CUST01814,CAM001273,2026-06-19,203.41,0.22,158.66,Credit Card,Completed,0.273
PUR002674,CUST03443,CAM000006,2026-09-08,229.68,0.0,229.68,Debit Card,Completed,0.306
PUR002675,CUST01238,CAM004249,2025-03-17,221.3,0.0,221.3,Debit Card,Completed,0.228
PUR002676,CUST03964,CAM000262,2024-10-08,1412.22,0.13,1228.63,Credit Card,Completed,0.326
PUR002677,CUST03704,CAM002700,2026-05-20,565.72,0.0,565.72,Debit Card,Completed,0.358
PUR002678,CUST01878,CAM009087,2024-12-03,854.94,0.0,854.94,Credit Card,Completed,0.445
PUR002679,CUST04696,CAM002715,2026-03-08,1633.37,0.22,1274.03,Debit Card,Completed,0.333
PUR002680,CUST02991,CAM007116,2025-04-26,2049.11,0.14,1762.23,Credit Card,Completed,0.404
PUR002681,CUST01791,CAM006536,2026-04-26,2192.78,0.0,2192.78,Credit Card,Completed,0.246
PUR002682,CUST00175,CAM008570,2025-03-09,524.15,0.22,408.84,Apple Pay,Completed,0.439
PUR002683,CUST00069,CAM000593,2025-10-08,456.76,0.09,415.65,Debit Card,Completed,0.39
PUR002684,CUST00556,CAM009906,2026-08-05,307.22,0.0,307.22,Credit Card,Completed,0.31
PUR002685,CUST02149,CAM002225,2025-11-08,259.7,0.0,259.7,Apple Pay,Completed,0.284
PUR002686,CUST04541,CAM000747,2026-08-07,211.23,0.0,211.23,Credit Card,Pending,0.387
PUR002687,CUST02512,CAM006733,2025-01-12,385.84,0.0,385.84,Debit Card,Completed,0.29
PUR002688,CUST00832,CAM008414,2025-05-30,1227.63,0.15,1043.49,Credit Card,Completed,0.273
PUR002689,CUST01132,CAM006449,2025-02-11,283.84,0.0,283.84,Credit Card,Completed,0.337
PUR002690,CUST02876,CAM004657,2026-03-27,1270.65,0.0,1270.65,Credit Card,Completed,0.307
PUR002691,CUST00352,CAM004086,2025-09-28,2224.05,0.0,2224.05,Google Pay,Cancelled,0.305
PUR002692,CUST00832,CAM002831,2025-07-29,471.23,0.0,471.23,Credit Card,Completed,0.41
PUR002693,CUST03162,CAM001655,2025-09-21,504.61,0.0,504.61,Debit Card,Pending,0.213
PUR002694,CUST02126,CAM001807,2025-01-10,1495.25,0.1,1345.73,Apple Pay,Completed,0.306
PUR002695,CUST02173,CAM005499,2025-11-25,665.04,0.0,665.04,PayPal,Completed,0.265
PUR002696,CUST03390,CAM006011,2024-12-17,631.13,0.17,523.84,Debit Card,Completed,0.33
PUR002697,CUST03619,CAM003183,2026-06-24,1104.0,0.0,1104.0,Apple Pay,Completed,0.286
PUR002698,CUST02480,CAM008188,2025-08-23,1323.7,0.05,1257.51,Google Pay,Completed,0.322
PUR002699,CUST00752,CAM009496,2025-03-04,1397.86,0.12,1230.12,Debit Card,Completed,0.321
PUR002700,CUST04258,CAM007313,2025-05-20,325.16,0.0,325.16,Debit Card,Completed,0.229
PUR002701,CUST00108,CAM002795,2024-12-07,145.72,0.0,145.72,PayPal,Completed,0.328
PUR002702,CUST01429,CAM008517,2026-01-03,1843.42,0.0,1843.42,Debit Card,Completed,0.327
PUR002703,CUST04412,CAM000395,2025-01-25,892.57,0.0,892.57,PayPal,Completed,0.4
PUR002704,CUST03810,CAM003095,2025-04-12,685.9,0.0,685.9,Apple Pay,Completed,0.414
PUR002705,CUST04484,CAM005968,2024-12-29,2334.54,0.0,2334.54,Apple Pay,Completed,0.378
PUR002706,CUST04146,CAM000999,2024-12-16,579.02,0.0,579.02,Debit Card,Completed,0.27
PUR002707,CUST03656,CAM000134,2024-09-14,863.61,0.0,863.61,PayPal,Cancelled,0.347
PUR002708,CUST00311,CAM004885,2026-04-29,478.99,0.22,373.61,Debit Card,Cancelled,0.221
PUR002709,CUST04104,CAM003388,2024-11-01,171.88,0.0,171.88,Credit Card,Completed,0.219
PUR002710,CUST04291,CAM008600,2026-08-09,2078.61,0.0,2078.61,Debit Card,Completed,0.285
PUR002711,CUST03624,CAM003180,2026-06-13,1378.65,0.22,1075.35,Credit Card,Completed,0.344
PUR002712,CUST01930,CAM004187,2025-09-03,429.47,0.0,429.47,Apple Pay,Completed,0.36
PUR002713,CUST04297,CAM008837,2026-08-18,1483.63,0.1,1335.27,Debit Card,Completed,0.264
PUR002714,CUST02460,CAM009470,2025-03-12,6017.14,0.22,4693.37,Credit Card,Completed,0.4
PUR002715,CUST02396,CAM001440,2026-02-02,818.96,0.01,810.77,Google Pay,Completed,0.395
PUR002716,CUST04613,CAM002582,2026-07-28,463.93,0.13,403.62,Credit Card,Completed,0.361
PUR002717,CUST02943,CAM000045,2025-04-14,1421.98,0.0,1421.98,PayPal,Refunded,0.361
PUR002718,CUST03370,CAM007224,2025-12-12,399.72,0.22,311.78,Apple Pay,Completed,0.252
PUR002719,CUST02583,CAM004593,2026-04-03,1021.23,0.07,949.74,Credit Card,Pending,0.349
PUR002720,CUST04696,CAM008661,2025-04-10,1547.01,0.0,1547.01,Credit Card,Completed,0.401
PUR002721,CUST01201,CAM007314,2024-11-29,652.58,0.0,652.58,Credit Card,Completed,0.362
PUR002722,CUST00488,CAM004638,2025-11-05,458.11,0.0,458.11,Credit Card,Refunded,0.433
PUR002723,CUST02213,CAM000479,2026-01-28,385.49,0.0,385.49,PayPal,Completed,0.3
PUR002724,CUST04960,CAM002249,2025-12-30,1015.2,0.0,1015.2,Debit Card,Completed,0.318
PUR002725,CUST02183,CAM005135,2026-06-22,1562.67,0.0,1562.67,Debit Card,Completed,0.333
PUR002726,CUST01091,CAM006149,2025-09-12,357.1,0.0,357.1,Credit Card,Completed,0.24
PUR002727,CUST03515,CAM005691,2025-06-10,458.39,0.0,458.39,PayPal,Completed,0.326
PUR002728,CUST00053,CAM002587,2025-12-11,1560.49,0.0,1560.49,Debit Card,Completed,0.415
PUR002729,CUST03748,CAM003512,2026-07-04,306.1,0.06,287.73,Debit Card,Completed,0.26
PUR002730,CUST01977,CAM000873,2025-04-23,1241.19,0.0,1241.19,Debit Card,Refunded,0.266
PUR002731,CUST01999,CAM003799,2025-10-20,174.86,0.0,174.86,Debit Card,Completed,0.234
PUR002732,CUST00992,CAM009037,2025-12-01,458.03,0.0,458.03,Credit Card,Completed,0.298
PUR002733,CUST00581,CAM002232,2025-04-01,840.39,0.0,840.39,Credit Card,Completed,0.3
PUR002734,CUST00081,CAM004352,2025-02-22,1691.66,0.0,1691.66,PayPal,Completed,0.311
PUR002735,CUST03157,CAM005515,2025-07-23,209.12,0.0,209.12,Debit Card,Cancelled,0.235
PUR002736,CUST01478,CAM001701,2025-12-12,2248.99,0.0,2248.99,Debit Card,Completed,0.373
PUR002737,CUST03603,CAM004721,2025-02-05,663.61,0.0,663.61,Apple Pay,Completed,0.407
PUR002738,CUST02095,CAM001741,2024-09-27,323.62,0.17,268.6,Apple Pay,Completed,0.322
PUR002739,CUST02301,CAM007405,2026-02-27,125.72,0.02,123.21,PayPal,Completed,0.269
PUR002740,CUST04604,CAM004347,2025-04-15,336.94,0.0,336.94,Debit Card,Completed,0.314
PUR002741,CUST03918,CAM000332,2025-10-16,607.83,0.0,607.83,Apple Pay,Refunded,0.229
PUR002742,CUST00719,CAM000828,2025-03-02,295.54,0.09,268.94,Credit Card,Completed,0.326
PUR002743,CUST01777,CAM006963,2025-06-15,887.09,0.0,887.09,PayPal,Completed,0.273
PUR002744,CUST04264,CAM001008,2025-10-28,220.76,0.25,165.57,Debit Card,Refunded,0.277
PUR002745,CUST04224,CAM006809,2024-11-14,807.98,0.0,807.98,Debit Card,Cancelled,0.385
PUR002746,CUST03072,CAM008276,2025-07-29,839.66,0.02,822.87,PayPal,Completed,0.3
PUR002747,CUST01276,CAM006383,2026-04-04,441.11,0.0,441.11,Debit Card,Completed,0.216
PUR002748,CUST03803,CAM006151,2025-04-06,783.06,0.06,736.08,Credit Card,Completed,0.365
PUR002749,CUST01454,CAM009521,2025-10-13,133.78,0.0,133.78,Apple Pay,Completed,0.269
PUR002750,CUST03014,CAM002029,2026-06-05,295.48,0.0,295.48,Google Pay,Completed,0.21
PUR002751,CUST00158,CAM004612,2026-08-21,886.66,0.0,886.66,PayPal,Refunded,0.291
PUR002752,CUST04920,CAM005736,2025-06-10,1748.69,0.0,1748.69,Credit Card,Completed,0.24
PUR002753,CUST01041,CAM008006,2025-06-04,127.27,0.0,127.27,Credit Card,Completed,0.409
PUR002754,CUST02340,CAM003188,2024-10-13,95.24,0.2,76.19,PayPal,Completed,0.326
PUR002755,CUST00616,CAM007481,2026-08-14,1038.92,0.0,1038.92,Apple Pay,Completed,0.379
PUR002756,CUST04830,CAM005760,2025-02-23,403.13,0.0,403.13,PayPal,Completed,0.206
PUR002757,CUST01994,CAM004781,2025-09-03,741.78,0.0,741.78,Debit Card,Completed,0.305
PUR002758,CUST02654,CAM006247,2026-05-04,385.55,0.0,385.55,Debit Card,Pending,0.246
PUR002759,CUST00613,CAM000449,2025-11-05,915.14,0.0,915.14,PayPal,Completed,0.29
PUR002760,CUST00920,CAM004409,2025-01-26,405.42,0.0,405.42,Credit Card,Completed,0.231
PUR002761,CUST01462,CAM002558,2024-10-22,293.28,0.0,293.28,Credit Card,Completed,0.26
PUR002762,CUST04145,CAM009585,2024-11-15,1182.27,0.1,1064.04,Apple Pay,Refunded,0.324
PUR002763,CUST01775,CAM004118,2025-05-25,381.21,0.0,381.21,Credit Card,Completed,0.286
PUR002764,CUST00898,CAM000836,2025-06-02,919.99,0.12,809.59,Credit Card,Completed,0.422
PUR002765,CUST03227,CAM008133,2026-03-08,2733.87,0.0,2733.87,Apple Pay,Completed,0.203
PUR002766,CUST03159,CAM004488,2024-09-02,874.65,0.0,874.65,Debit Card,Completed,0.33
PUR002767,CUST00188,CAM000982,2025-11-26,334.98,0.0,334.98,Credit Card,Completed,0.205
PUR002768,CUST02742,CAM006307,2025-02-24,325.13,0.0,325.13,Debit Card,Pending,0.327
PUR002769,CUST02711,CAM000518,2026-04-19,252.17,0.24,191.65,Debit Card,Completed,0.443
PUR002770,CUST04920,CAM005232,2025-08-28,3149.96,0.1,2834.96,PayPal,Completed,0.31
PUR002771,CUST02319,CAM009553,2025-10-09,458.28,0.0,458.28,Credit Card,Completed,0.286
PUR002772,CUST04368,CAM005012,2025-11-15,181.29,0.0,181.29,PayPal,Completed,0.335
PUR002773,CUST02296,CAM002399,2025-10-30,2206.92,0.0,2206.92,Credit Card,Completed,0.411
PUR002774,CUST02471,CAM008273,2026-02-01,128.88,0.0,128.88,Google Pay,Completed,0.212
PUR002775,CUST02946,CAM000902,2024-09-03,882.87,0.09,803.41,Debit Card,Completed,0.45
PUR002776,CUST01930,CAM002443,2025-07-25,1679.81,0.0,1679.81,PayPal,Completed,0.401
PUR002777,CUST04865,CAM000435,2025-08-30,2057.9,0.0,2057.9,Google Pay,Completed,0.274
PUR002778,CUST01813,CAM003239,2025-04-19,164.57,0.02,161.28,Google Pay,Completed,0.399
PUR002779,CUST02676,CAM002183,2026-01-10,228.93,0.0,228.93,PayPal,Completed,0.365
PUR002780,CUST03903,CAM006770,2026-06-20,1190.53,0.0,1190.53,PayPal,Completed,0.204
PUR002781,CUST00792,CAM003746,2025-11-29,458.22,0.0,458.22,Debit Card,Completed,0.336
PUR002782,CUST01938,CAM004332,2026-03-01,375.44,0.12,330.39,Credit Card,Completed,0.423
PUR002783,CUST04957,CAM003547,2025-07-20,248.47,0.23,191.32,PayPal,Refunded,0.437
PUR002784,CUST04393,CAM008614,2025-05-03,939.84,0.0,939.84,Credit Card,Completed,0.414
PUR002785,CUST00411,CAM002109,2025-09-15,655.72,0.05,622.93,Credit Card,Pending,0.296
PUR002786,CUST00582,CAM005648,2025-07-01,305.2,0.0,305.2,Credit Card,Completed,0.437
PUR002787,CUST03497,CAM008365,2026-04-04,195.74,0.0,195.74,Credit Card,Refunded,0.423
PUR002788,CUST01079,CAM007819,2026-02-01,844.19,0.05,801.98,Apple Pay,Completed,0.38
PUR002789,CUST01777,CAM007852,2025-06-01,2538.04,0.09,2309.62,Debit Card,Refunded,0.384
PUR002790,CUST02891,CAM001618,2026-08-13,831.21,0.03,806.27,Debit Card,Completed,0.345
PUR002791,CUST02187,CAM005362,2025-05-18,308.36,0.07,286.77,Google Pay,Completed,0.316
PUR002792,CUST02321,CAM009651,2025-04-02,133.39,0.0,133.39,Credit Card,Completed,0.389
PUR002793,CUST02203,CAM005422,2025-11-05,712.39,0.08,655.4,Apple Pay,Completed,0.271
PUR002794,CUST01763,CAM002997,2026-07-16,422.89,0.0,422.89,Credit Card,Completed,0.253
PUR002795,CUST00243,CAM005133,2025-04-09,286.71,0.0,286.71,Credit Card,Completed,0.423
PUR002796,CUST01711,CAM008019,2026-01-23,779.93,0.23,600.55,Credit Card,Completed,0.321
PUR002797,CUST02740,CAM000799,2024-11-01,733.18,0.0,733.18,Debit Card,Pending,0.295
PUR002798,CUST01252,CAM009124,2025-11-25,737.25,0.0,737.25,Credit Card,Completed,0.209
PUR002799,CUST03350,CAM000586,2026-05-19,108.58,0.0,108.58,Credit Card,Completed,0.386
PUR002800,CUST03813,CAM007170,2026-04-18,247.63,0.0,247.63,Credit Card,Completed,0.288
PUR002801,CUST01837,CAM007464,2026-05-28,2292.32,0.0,2292.32,PayPal,Pending,0.397
PUR002802,CUST00761,CAM002317,2025-10-16,526.67,0.0,526.67,Credit Card,Completed,0.418
PUR002803,CUST02161,CAM004824,2024-09-17,1225.86,0.0,1225.86,Debit Card,Completed,0.428
PUR002804,CUST01379,CAM002215,2026-03-09,6359.41,0.0,6359.41,PayPal,Refunded,0.335
PUR002805,CUST02315,CAM005501,2025-12-24,490.42,0.0,490.42,PayPal,Completed,0.356
PUR002806,CUST02762,CAM008993,2024-10-12,280.65,0.17,232.94,Apple Pay,Completed,0.245
PUR002807,CUST00250,CAM008499,2025-02-17,481.6,0.0,481.6,Credit Card,Completed,0.252
PUR002808,CUST02063,CAM002013,2026-04-10,615.26,0.0,615.26,Apple Pay,Completed,0.315
PUR002809,CUST00799,CAM004017,2024-09-14,468.43,0.24,356.01,Debit Card,Completed,0.292
PUR002810,CUST03934,CAM000720,2026-10-27,362.61,0.0,362.61,PayPal,Completed,0.401
PUR002811,CUST04182,CAM008464,2025-02-13,466.5,0.0,466.5,Google Pay,Completed,0.217
PUR002812,CUST03216,CAM008486,2026-04-28,3757.27,0.16,3156.11,Debit Card,Completed,0.262
PUR002813,CUST01977,CAM009514,2025-05-24,1008.01,0.0,1008.01,Apple Pay,Completed,0.366
PUR002814,CUST00461,CAM000233,2025-01-22,146.04,0.0,146.04,Apple Pay,Completed,0.292
PUR002815,CUST04601,CAM008990,2024-11-17,421.11,0.0,421.11,Credit Card,Completed,0.436
PUR002816,CUST00398,CAM001084,2025-11-26,886.66,0.0,886.66,Credit Card,Completed,0.281
PUR002817,CUST02002,CAM006356,2025-04-08,156.97,0.0,156.97,Credit Card,Completed,0.323
PUR002818,CUST00851,CAM006735,2026-09-04,61.6,0.0,61.6,Debit Card,Completed,0.373
PUR002819,CUST01530,CAM009953,2024-12-18,734.76,0.0,734.76,Credit Card,Pending,0.326
PUR002820,CUST00377,CAM007342,2026-04-13,926.13,0.04,889.08,Debit Card,Completed,0.244
PUR002821,CUST01914,CAM008684,2026-02-16,176.35,0.23,135.79,PayPal,Completed,0.371
PUR002822,CUST01127,CAM002125,2025-11-01,414.54,0.08,381.38,Credit Card,Completed,0.261
PUR002823,CUST04890,CAM000255,2025-12-15,330.99,0.05,314.44,Credit Card,Completed,0.382
PUR002824,CUST00480,CAM007569,2026-08-31,383.56,0.1,345.2,PayPal,Completed,0.3
PUR002825,CUST02515,CAM002318,2025-05-25,1456.25,0.06,1368.88,Credit Card,Completed,0.217
PUR002826,CUST00064,CAM002173,2026-06-07,167.95,0.14,144.44,Credit Card,Completed,0.278
PUR002827,CUST01463,CAM000012,2026-07-18,281.66,0.15,239.41,Debit Card,Completed,0.224
PUR002828,CUST02729,CAM008603,2026-06-26,856.08,0.0,856.08,Apple Pay,Completed,0.336
PUR002829,CUST02087,CAM000363,2026-08-10,647.19,0.0,647.19,Debit Card,Completed,0.426
PUR002830,CUST04568,CAM007843,2025-07-07,774.7,0.0,774.7,PayPal,Completed,0.338
PUR002831,CUST00286,CAM007068,2025-08-14,166.04,0.0,166.04,Apple Pay,Completed,0.409
PUR002832,CUST02476,CAM005160,2026-07-01,756.41,0.0,756.41,Apple Pay,Completed,0.21
PUR002833,CUST03401,CAM000488,2025-10-11,60.11,0.0,60.11,Apple Pay,Completed,0.222
PUR002834,CUST00386,CAM003036,2025-10-25,309.37,0.12,272.25,Google Pay,Completed,0.345
PUR002835,CUST03261,CAM007881,2026-05-02,235.88,0.09,214.65,Credit Card,Completed,0.236
PUR002836,CUST00970,CAM007774,2026-08-14,509.43,0.0,509.43,Apple Pay,Completed,0.373
PUR002837,CUST03656,CAM009695,2025-12-24,852.94,0.08,784.7,Debit Card,Completed,0.303
PUR002838,CUST04569,CAM001632,2026-09-01,622.16,0.19,503.95,Debit Card,Completed,0.391
PUR002839,CUST02876,CAM008152,2024-11-21,568.62,0.0,568.62,Debit Card,Completed,0.326
PUR002840,CUST00161,CAM006454,2024-10-21,1253.24,0.0,1253.24,Credit Card,Completed,0.358
PUR002841,CUST04576,CAM008681,2024-12-31,403.8,0.23,310.93,PayPal,Completed,0.316
PUR002842,CUST03635,CAM007046,2025-04-02,996.7,0.0,996.7,Credit Card,Completed,0.243
PUR002843,CUST00303,CAM005238,2026-06-19,80.61,0.0,80.61,Credit Card,Completed,0.448
PUR002844,CUST01263,CAM004695,2025-06-24,450.68,0.19,365.05,Credit Card,Completed,0.298
PUR002845,CUST03404,CAM004918,2025-01-31,335.46,0.18,275.08,Google Pay,Completed,0.32
PUR002846,CUST04591,CAM005731,2026-01-25,1839.19,0.0,1839.19,PayPal,Completed,0.235
PUR002847,CUST02757,CAM005052,2026-05-15,1220.57,0.18,1000.87,Credit Card,Completed,0.401
PUR002848,CUST02391,CAM009057,2025-02-06,77.99,0.22,60.83,Debit Card,Pending,0.323
PUR002849,CUST00458,CAM002213,2026-02-08,101.67,0.17,84.39,PayPal,Completed,0.21
PUR002850,CUST01455,CAM009105,2024-11-25,722.08,0.0,722.08,PayPal,Completed,0.358
PUR002851,CUST04399,CAM001767,2024-12-16,6889.31,0.12,6062.59,Credit Card,Refunded,0.313
PUR002852,CUST04652,CAM008793,2024-09-29,479.36,0.0,479.36,Credit Card,Completed,0.327
PUR002853,CUST03667,CAM002839,2026-05-05,780.59,0.12,686.92,PayPal,Completed,0.403
PUR002854,CUST04691,CAM008696,2025-01-30,558.88,0.0,558.88,Google Pay,Completed,0.236
PUR002855,CUST01910,CAM000097,2025-11-08,384.75,0.0,384.75,Apple Pay,Completed,0.418
PUR002856,CUST03268,CAM002867,2026-08-01,513.43,0.0,513.43,Credit Card,Completed,0.386
PUR002857,CUST00097,CAM000286,2025-09-20,1629.07,0.14,1401.0,Credit Card,Completed,0.241
PUR002858,CUST02026,CAM009057,2025-02-04,428.52,0.08,394.24,Debit Card,Completed,0.259
PUR002859,CUST02126,CAM002811,2025-03-17,1548.23,0.03,1501.78,Debit Card,Completed,0.202
PUR002860,CUST04916,CAM001699,2026-04-19,974.32,0.06,915.86,PayPal,Completed,0.318
PUR002861,CUST04769,CAM002418,2025-01-17,585.56,0.0,585.56,PayPal,Completed,0.369
PUR002862,CUST02770,CAM009534,2025-08-25,100.22,0.14,86.19,Debit Card,Completed,0.295
PUR002863,CUST03685,CAM001674,2026-01-17,924.83,0.03,897.09,PayPal,Completed,0.385
PUR002864,CUST01023,CAM008479,2025-01-13,535.67,0.0,535.67,Credit Card,Refunded,0.205
PUR002865,CUST00142,CAM001643,2026-02-09,107.28,0.0,107.28,PayPal,Completed,0.293
PUR002866,CUST02059,CAM003151,2024-12-01,789.82,0.0,789.82,Credit Card,Completed,0.366
PUR002867,CUST00598,CAM007482,2025-12-04,2187.23,0.12,1924.76,Debit Card,Completed,0.348
PUR002868,CUST00574,CAM007441,2026-06-03,1546.33,0.06,1453.55,Credit Card,Completed,0.358
PUR002869,CUST04633,CAM001969,2025-05-08,325.73,0.0,325.73,PayPal,Completed,0.439
PUR002870,CUST03625,CAM006956,2025-01-07,538.02,0.19,435.8,Apple Pay,Pending,0.229
PUR002871,CUST04830,CAM002610,2025-08-03,1435.9,0.0,1435.9,Debit Card,Pending,0.246
PUR002872,CUST00506,CAM000743,2025-04-13,137.28,0.0,137.28,Debit Card,Cancelled,0.29
PUR002873,CUST03789,CAM003023,2026-07-16,129.19,0.0,129.19,PayPal,Cancelled,0.374
PUR002874,CUST04027,CAM004204,2025-05-28,883.14,0.0,883.14,Apple Pay,Completed,0.382
PUR002875,CUST02239,CAM007403,2025-07-28,295.57,0.14,254.19,Apple Pay,Completed,0.312
PUR002876,CUST04101,CAM000485,2026-03-08,172.42,0.0,172.42,Credit Card,Completed,0.203
PUR002877,CUST03366,CAM002615,2025-07-25,916.37,0.2,733.1,Credit Card,Completed,0.299
PUR002878,CUST00668,CAM005777,2024-12-26,258.51,0.0,258.51,Credit Card,Pending,0.427
PUR002879,CUST04626,CAM007662,2025-10-17,1462.0,0.0,1462.0,Debit Card,Completed,0.257
PUR002880,CUST04521,CAM005191,2025-05-27,637.61,0.0,637.61,Apple Pay,Completed,0.362
PUR002881,CUST01442,CAM002232,2025-04-17,329.44,0.24,250.37,Google Pay,Completed,0.437
PUR002882,CUST03614,CAM007258,2025-10-04,760.48,0.25,570.36,Credit Card,Completed,0.355
PUR002883,CUST04180,CAM004991,2025-05-07,287.67,0.0,287.67,Google Pay,Completed,0.212
PUR002884,CUST04858,CAM007955,2025-11-18,258.18,0.14,222.03,Apple Pay,Completed,0.278
PUR002885,CUST02220,CAM003545,2025-07-16,991.7,0.0,991.7,PayPal,Pending,0.422
PUR002886,CUST02905,CAM003103,2025-07-28,1206.98,0.24,917.3,Google Pay,Pending,0.395
PUR002887,CUST02591,CAM003287,2025-02-02,51.7,0.0,51.7,Apple Pay,Completed,0.425
PUR002888,CUST00752,CAM000949,2025-03-12,425.53,0.07,395.74,Google Pay,Completed,0.434
PUR002889,CUST03656,CAM003706,2025-09-14,102.61,0.0,102.61,Apple Pay,Completed,0.439
PUR002890,CUST00672,CAM009740,2024-10-16,761.63,0.0,761.63,Debit Card,Completed,0.432
PUR002891,CUST01950,CAM002493,2025-07-27,1220.11,0.0,1220.11,Apple Pay,Completed,0.379
PUR002892,CUST04830,CAM008636,2025-08-02,504.6,0.0,504.6,Credit Card,Completed,0.209
PUR002893,CUST04205,CAM007043,2025-07-27,271.32,0.03,263.18,Debit Card,Completed,0.207
PUR002894,CUST02358,CAM002037,2026-05-02,893.14,0.0,893.14,Credit Card,Completed,0.353
PUR002895,CUST01690,CAM005288,2024-12-05,311.95,0.04,299.47,Google Pay,Cancelled,0.402
PUR002896,CUST00702,CAM007071,2025-10-19,1046.47,0.23,805.78,Credit Card,Completed,0.247
PUR002897,CUST03627,CAM005326,2025-10-18,1224.75,0.0,1224.75,Credit Card,Completed,0.286
PUR002898,CUST00579,CAM004236,2026-05-20,311.84,0.13,271.3,Credit Card,Completed,0.256
PUR002899,CUST00251,CAM001921,2024-10-27,342.75,0.0,342.75,Google Pay,Pending,0.433
PUR002900,CUST02798,CAM006788,2026-07-10,286.74,0.01,283.87,Credit Card,Pending,0.267
PUR002901,CUST01976,CAM002952,2026-01-04,1596.88,0.0,1596.88,Debit Card,Completed,0.347
PUR002902,CUST01330,CAM003371,2025-10-20,149.48,0.09,136.03,Debit Card,Completed,0.424
PUR002903,CUST00089,CAM007767,2025-02-22,737.19,0.02,722.45,Apple Pay,Completed,0.432
PUR002904,CUST03414,CAM001259,2025-12-10,220.97,0.21,174.57,PayPal,Completed,0.438
PUR002905,CUST04225,CAM008296,2024-10-20,602.48,0.05,572.36,Debit Card,Refunded,0.392
PUR002906,CUST03690,CAM001015,2024-10-30,768.77,0.0,768.77,Apple Pay,Completed,0.256
PUR002907,CUST03524,CAM004031,2025-03-22,169.67,0.15,144.22,PayPal,Completed,0.397
PUR002908,CUST00858,CAM006280,2025-12-28,478.25,0.05,454.34,Google Pay,Cancelled,0.423
PUR002909,CUST03193,CAM000074,2025-07-12,541.63,0.0,541.63,PayPal,Completed,0.274
PUR002910,CUST00884,CAM001761,2026-05-04,561.07,0.22,437.63,Credit Card,Completed,0.276
PUR002911,CUST00500,CAM001860,2025-07-05,409.52,0.12,360.38,PayPal,Completed,0.247
PUR002912,CUST04020,CAM001809,2025-06-30,648.22,0.08,596.36,Credit Card,Completed,0.398
PUR002913,CUST01501,CAM000700,2024-11-25,1675.3,0.0,1675.3,PayPal,Completed,0.323
PUR002914,CUST03988,CAM004776,2025-02-03,517.89,0.17,429.85,Debit Card,Completed,0.414
PUR002915,CUST00754,CAM000248,2026-04-03,495.82,0.0,495.82,Debit Card,Refunded,0.251
PUR002916,CUST04667,CAM005234,2026-08-23,395.73,0.14,340.33,Credit Card,Completed,0.423
PUR002917,CUST01964,CAM000769,2025-04-20,2317.91,0.0,2317.91,Credit Card,Completed,0.251
PUR002918,CUST02753,CAM005521,2025-12-24,411.71,0.06,387.01,Credit Card,Completed,0.309
PUR002919,CUST04742,CAM009369,2024-10-13,109.02,0.0,109.02,PayPal,Completed,0.266
PUR002920,CUST03197,CAM006181,2026-06-27,406.36,0.0,406.36,Apple Pay,Completed,0.208
PUR002921,CUST02236,CAM001789,2026-08-12,1046.6,0.1,941.94,Credit Card,Completed,0.363
PUR002922,CUST04150,CAM001975,2026-04-01,1147.58,0.0,1147.58,Google Pay,Pending,0.412
PUR002923,CUST04309,CAM006194,2025-02-15,405.43,0.03,393.27,Debit Card,Completed,0.203
PUR002924,CUST04111,CAM001767,2024-12-04,108.24,0.0,108.24,Debit Card,Pending,0.364
PUR002925,CUST00484,CAM008651,2025-10-02,837.97,0.0,837.97,Credit Card,Completed,0.261
PUR002926,CUST02127,CAM009959,2026-03-09,2497.16,0.0,2497.16,Debit Card,Cancelled,0.366
PUR002927,CUST04087,CAM006703,2026-06-28,355.33,0.17,294.92,Credit Card,Completed,0.437
PUR002928,CUST02697,CAM002832,2025-08-06,1053.06,0.0,1053.06,Credit Card,Completed,0.4
PUR002929,CUST04531,CAM003897,2026-01-06,2121.03,0.06,1993.77,Credit Card,Cancelled,0.374
PUR002930,CUST00930,CAM001565,2024-12-15,539.94,0.0,539.94,Credit Card,Completed,0.213
PUR002931,CUST03746,CAM000526,2026-01-05,1377.25,0.0,1377.25,Debit Card,Cancelled,0.278
PUR002932,CUST02598,CAM005325,2025-07-08,813.6,0.0,813.6,Apple Pay,Completed,0.378
PUR002933,CUST04553,CAM008401,2024-09-22,510.85,0.0,510.85,Apple Pay,Pending,0.348
PUR002934,CUST02916,CAM007509,2025-04-21,2237.8,0.03,2170.67,Apple Pay,Completed,0.287
PUR002935,CUST03317,CAM001295,2025-03-04,575.41,0.12,506.36,Apple Pay,Completed,0.342
PUR002936,CUST04236,CAM009881,2026-08-01,835.4,0.0,835.4,PayPal,Completed,0.371
PUR002937,CUST04070,CAM006447,2025-07-13,70.77,0.2,56.62,Credit Card,Completed,0.361
PUR002938,CUST02630,CAM000364,2024-11-30,295.04,0.0,295.04,Debit Card,Completed,0.227
PUR002939,CUST00497,CAM004137,2026-01-01,496.71,0.0,496.71,Debit Card,Completed,0.317
PUR002940,CUST04311,CAM002155,2026-03-10,137.97,0.11,122.79,Google Pay,Refunded,0.227
PUR002941,CUST02796,CAM004640,2026-04-11,1110.16,0.0,1110.16,Debit Card,Cancelled,0.412
PUR002942,CUST02928,CAM000067,2025-04-27,1107.9,0.08,1019.27,Google Pay,Completed,0.255
PUR002943,CUST02572,CAM006500,2026-02-06,252.54,0.0,252.54,Apple Pay,Completed,0.223
PUR002944,CUST03334,CAM009326,2026-02-24,2432.68,0.0,2432.68,Debit Card,Pending,0.329
PUR002945,CUST01471,CAM007220,2025-02-01,2525.01,0.0,2525.01,PayPal,Completed,0.34
PUR002946,CUST02284,CAM008018,2024-11-22,1648.76,0.21,1302.52,Debit Card,Pending,0.25
PUR002947,CUST01098,CAM008452,2025-07-03,934.77,0.0,934.77,Debit Card,Completed,0.299
PUR002948,CUST03503,CAM000876,2025-10-15,298.3,0.0,298.3,Credit Card,Completed,0.351
PUR002949,CUST02517,CAM005244,2025-11-22,597.86,0.09,544.05,Credit Card,Completed,0.25
PUR002950,CUST00526,CAM002054,2026-08-05,516.89,0.0,516.89,Credit Card,Completed,0.376
PUR002951,CUST03409,CAM003198,2026-04-16,673.07,0.0,673.07,PayPal,Completed,0.203
PUR002952,CUST04100,CAM007393,2025-10-15,205.31,0.0,205.31,PayPal,Pending,0.449
PUR002953,CUST01105,CAM007017,2025-11-08,178.7,0.0,178.7,Credit Card,Completed,0.214
PUR002954,CUST03292,CAM005460,2025-09-25,261.48,0.24,198.72,Credit Card,Completed,0.441
PUR002955,CUST01535,CAM007246,2024-10-21,901.7,0.19,730.38,Debit Card,Completed,0.313
PUR002956,CUST00895,CAM002205,2025-04-15,80.21,0.0,80.21,Debit Card,Completed,0.308
PUR002957,CUST02067,CAM001169,2025-09-17,1251.03,0.0,1251.03,Credit Card,Completed,0.324
PUR002958,CUST01268,CAM007245,2026-06-05,428.29,0.0,428.29,Apple Pay,Completed,0.257
PUR002959,CUST02817,CAM003035,2025-07-25,352.4,0.19,285.44,Credit Card,Completed,0.247
PUR002960,CUST00109,CAM001717,2025-11-20,211.99,0.0,211.99,Debit Card,Completed,0.392
PUR002961,CUST03755,CAM001661,2025-03-04,1500.72,0.22,1170.56,Apple Pay,Completed,0.201
PUR002962,CUST04335,CAM003947,2026-06-02,448.89,0.0,448.89,PayPal,Completed,0.447
PUR002963,CUST03138,CAM009300,2025-11-26,494.98,0.0,494.98,Apple Pay,Completed,0.422
PUR002964,CUST04577,CAM001664,2024-11-09,173.89,0.0,173.89,Credit Card,Completed,0.314
PUR002965,CUST04121,CAM007905,2026-01-04,244.42,0.0,244.42,Apple Pay,Completed,0.283
PUR002966,CUST00113,CAM007705,2025-10-30,424.1,0.0,424.1,Apple Pay,Cancelled,0.232
PUR002967,CUST02896,CAM007929,2025-08-08,146.69,0.09,133.49,PayPal,Completed,0.372
PUR002968,CUST02857,CAM002843,2026-08-18,257.69,0.0,257.69,Credit Card,Completed,0.272
PUR002969,CUST03009,CAM009728,2026-05-02,997.45,0.1,897.71,Credit Card,Pending,0.242
PUR002970,CUST01735,CAM006004,2024-12-14,400.32,0.0,400.32,Apple Pay,Pending,0.392
PUR002971,CUST00358,CAM007639,2026-08-09,163.54,0.0,163.54,PayPal,Completed,0.31
PUR002972,CUST03568,CAM004126,2025-05-10,161.5,0.24,122.74,Debit Card,Completed,0.431
PUR002973,CUST00316,CAM009393,2026-07-31,449.52,0.0,449.52,Credit Card,Pending,0.277
PUR002974,CUST02156,CAM002107,2025-10-25,2506.11,0.0,2506.11,Debit Card,Completed,0.228
PUR002975,CUST03491,CAM000639,2026-06-25,739.87,0.0,739.87,Debit Card,Completed,0.222
PUR002976,CUST00276,CAM004904,2026-05-02,726.86,0.0,726.86,Credit Card,Pending,0.26
PUR002977,CUST01542,CAM000451,2024-09-30,159.88,0.0,159.88,Debit Card,Cancelled,0.379
PUR002978,CUST02743,CAM005299,2025-08-10,453.92,0.05,431.22,Apple Pay,Refunded,0.328
PUR002979,CUST02666,CAM004011,2025-05-25,709.53,0.18,581.81,Google Pay,Cancelled,0.384
PUR002980,CUST04862,CAM001048,2025-02-20,1612.59,0.21,1273.95,Credit Card,Completed,0.32
PUR002981,CUST02587,CAM008234,2024-08-26,381.15,0.0,381.15,Debit Card,Completed,0.391
PUR002982,CUST04670,CAM009158,2025-03-13,924.13,0.05,877.92,Debit Card,Completed,0.406
PUR002983,CUST03493,CAM001807,2024-11-29,1159.65,0.17,962.51,Google Pay,Completed,0.369
PUR002984,CUST00858,CAM001211,2025-01-22,131.22,0.06,123.35,Debit Card,Completed,0.208
PUR002985,CUST01335,CAM005946,2026-07-27,1308.73,0.0,1308.73,Debit Card,Completed,0.243
PUR002986,CUST00104,CAM005687,2025-07-20,27.11,0.0,27.11,Credit Card,Pending,0.22
PUR002987,CUST04014,CAM006403,2024-10-04,556.41,0.0,556.41,Debit Card,Completed,0.319
PUR002988,CUST02991,CAM000290,2025-04-13,851.12,0.0,851.12,Debit Card,Completed,0.345
PUR002989,CUST03624,CAM000694,2026-04-28,505.97,0.21,399.72,PayPal,Completed,0.298
PUR002990,CUST04145,CAM001471,2025-12-06,1463.78,0.0,1463.78,PayPal,Completed,0.379
PUR002991,CUST04431,CAM005570,2025-12-05,635.89,0.0,635.89,Google Pay,Completed,0.367
PUR002992,CUST01971,CAM000674,2024-10-01,212.18,0.0,212.18,Credit Card,Completed,0.41
PUR002993,CUST03929,CAM009727,2026-05-23,1228.35,0.15,1044.1,Credit Card,Completed,0.303
PUR002994,CUST00386,CAM006289,2025-05-19,971.26,0.16,815.86,Credit Card,Completed,0.272
PUR002995,CUST01037,CAM008021,2026-07-08,1034.48,0.0,1034.48,Debit Card,Completed,0.408
PUR002996,CUST01177,CAM004574,2025-08-19,184.27,0.24,140.05,Debit Card,Completed,0.266
PUR002997,CUST00421,CAM004873,2025-05-16,534.45,0.0,534.45,Apple Pay,Completed,0.25
PUR002998,CUST03046,CAM000912,2025-12-24,245.13,0.0,245.13,Credit Card,Completed,0.28
PUR002999,CUST02179,CAM005003,2026-06-02,161.79,0.03,156.94,Debit Card,Completed,0.361
PUR003000,CUST04550,CAM000073,2025-04-20,1321.68,0.0,1321.68,Debit Card,Completed,0.343
PUR003001,CUST00943,CAM006136,2024-10-13,304.33,0.0,304.33,Credit Card,Completed,0.216
PUR003002,CUST02797,CAM006110,2025-10-04,1052.94,0.04,1010.82,Google Pay,Completed,0.305
PUR003003,CUST04254,CAM000002,2024-08-29,1010.22,0.0,1010.22,PayPal,Completed,0.326
PUR003004,CUST04207,CAM001474,2024-12-22,3546.17,0.02,3475.25,Credit Card,Refunded,0.287
PUR003005,CUST02562,CAM001771,2026-07-22,440.62,0.0,440.62,Google Pay,Cancelled,0.308
PUR003006,CUST01127,CAM005573,2024-10-03,694.86,0.0,694.86,Credit Card,Pending,0.334
PUR003007,CUST03160,CAM001694,2024-11-24,7.71,0.0,7.71,PayPal,Pending,0.235
PUR003008,CUST00627,CAM003008,2024-11-10,485.69,0.0,485.69,PayPal,Completed,0.431
PUR003009,CUST04111,CAM006709,2026-02-21,208.72,0.0,208.72,Debit Card,Completed,0.444
PUR003010,CUST04899,CAM003170,2026-07-12,215.11,0.17,178.54,Debit Card,Completed,0.251
PUR003011,CUST00365,CAM007433,2025-06-14,2669.21,0.0,2669.21,Credit Card,Completed,0.378
PUR003012,CUST01842,CAM000934,2026-05-27,153.47,0.04,147.33,PayPal,Completed,0.264
PUR003013,CUST03609,CAM003251,2024-09-21,2138.98,0.0,2138.98,Apple Pay,Completed,0.408
PUR003014,CUST04764,CAM004971,2025-06-30,927.06,0.18,760.19,Debit Card,Cancelled,0.419
PUR003015,CUST03460,CAM008955,2026-03-04,1544.53,0.09,1405.52,Credit Card,Completed,0.393
PUR003016,CUST03616,CAM007677,2024-11-01,646.71,0.0,646.71,Apple Pay,Completed,0.254
PUR003017,CUST04038,CAM003586,2026-05-29,979.13,0.0,979.13,Debit Card,Completed,0.421
PUR003018,CUST01580,CAM006425,2025-09-08,562.77,0.07,523.38,Google Pay,Completed,0.24
PUR003019,CUST03796,CAM008876,2026-03-18,987.27,0.16,829.31,Debit Card,Refunded,0.257
PUR003020,CUST02104,CAM009597,2025-01-03,659.47,0.0,659.47,Debit Card,Completed,0.352
PUR003021,CUST02082,CAM006145,2025-03-16,364.06,0.0,364.06,PayPal,Completed,0.251
PUR003022,CUST00971,CAM004312,2025-12-20,43.16,0.1,38.84,PayPal,Completed,0.434
PUR003023,CUST03647,CAM002984,2024-09-24,714.64,0.0,714.64,Debit Card,Completed,0.236
PUR003024,CUST00873,CAM007079,2025-11-30,297.93,0.0,297.93,Credit Card,Completed,0.321
PUR003025,CUST02702,CAM004265,2026-08-18,282.19,0.16,237.04,Apple Pay,Completed,0.352
PUR003026,CUST04232,CAM009188,2026-08-07,251.05,0.0,251.05,PayPal,Completed,0.435
PUR003027,CUST00419,CAM001172,2025-10-24,849.23,0.0,849.23,Credit Card,Completed,0.29
PUR003028,CUST04878,CAM000079,2026-04-27,518.21,0.0,518.21,Debit Card,Completed,0.443
PUR003029,CUST02802,CAM005295,2025-12-16,499.13,0.11,444.23,Debit Card,Completed,0.43
PUR003030,CUST00606,CAM003446,2025-08-21,1773.45,0.11,1578.37,Apple Pay,Completed,0.381
PUR003031,CUST01157,CAM004998,2024-09-23,902.3,0.02,884.25,Debit Card,Completed,0.383
PUR003032,CUST03875,CAM007364,2026-06-27,712.01,0.0,712.01,Credit Card,Completed,0.265
PUR003033,CUST04249,CAM002223,2025-01-20,3295.73,0.0,3295.73,Debit Card,Completed,0.289
PUR003034,CUST04562,CAM003754,2025-03-10,532.1,0.0,532.1,Credit Card,Completed,0.208
PUR003035,CUST04950,CAM003454,2025-10-07,1090.91,0.0,1090.91,PayPal,Completed,0.399
PUR003036,CUST00108,CAM002332,2025-02-07,265.68,0.25,199.26,PayPal,Completed,0.434
PUR003037,CUST04616,CAM007261,2025-06-01,291.2,0.0,291.2,Credit Card,Completed,0.349
PUR003038,CUST04768,CAM006473,2026-03-07,4970.56,0.0,4970.56,Apple Pay,Pending,0.285
PUR003039,CUST00476,CAM001769,2025-04-25,583.71,0.05,554.52,Debit Card,Completed,0.287
PUR003040,CUST03746,CAM004358,2025-09-14,1458.61,0.0,1458.61,Debit Card,Completed,0.278
PUR003041,CUST02709,CAM001050,2025-04-30,214.48,0.07,199.47,Debit Card,Cancelled,0.363
PUR003042,CUST03927,CAM003228,2025-08-24,1199.6,0.21,947.68,Debit Card,Completed,0.364
PUR003043,CUST00968,CAM009187,2026-02-10,480.12,0.0,480.12,PayPal,Refunded,0.389
PUR003044,CUST01389,CAM007186,2025-08-24,801.32,0.03,777.28,Google Pay,Completed,0.325
PUR003045,CUST04971,CAM006821,2026-03-28,1451.97,0.0,1451.97,Credit Card,Completed,0.293
PUR003046,CUST03522,CAM005826,2025-07-14,911.97,0.0,911.97,Credit Card,Completed,0.422
PUR003047,CUST02675,CAM006321,2025-06-21,1591.7,0.24,1209.69,PayPal,Completed,0.248
PUR003048,CUST01957,CAM003102,2025-08-09,793.84,0.03,770.02,Credit Card,Completed,0.35
PUR003049,CUST01572,CAM002939,2025-01-22,3440.24,0.04,3302.63,Debit Card,Refunded,0.322
PUR003050,CUST00305,CAM002268,2026-04-20,864.04,0.0,864.04,Debit Card,Completed,0.281
PUR003051,CUST04825,CAM004551,2026-04-01,433.3,0.13,376.97,Debit Card,Cancelled,0.339
PUR003052,CUST04663,CAM006760,2026-07-02,1061.96,0.0,1061.96,Debit Card,Completed,0.341
PUR003053,CUST04985,CAM001035,2026-05-02,202.47,0.09,184.25,Credit Card,Completed,0.222
PUR003054,CUST04282,CAM005766,2025-10-29,92.48,0.16,77.68,Google Pay,Pending,0.267
PUR003055,CUST04915,CAM000153,2025-07-21,422.8,0.06,397.43,Debit Card,Completed,0.304
PUR003056,CUST01902,CAM005637,2026-03-29,242.86,0.02,238.0,Debit Card,Cancelled,0.309
PUR003057,CUST02626,CAM006959,2025-11-19,898.63,0.23,691.95,Google Pay,Completed,0.23
PUR003058,CUST03392,CAM007465,2025-11-11,1158.52,0.0,1158.52,PayPal,Completed,0.228
PUR003059,CUST03990,CAM005614,2025-04-04,186.78,0.0,186.78,PayPal,Completed,0.235
PUR003060,CUST02565,CAM003378,2026-01-26,88.85,0.0,88.85,Credit Card,Completed,0.343
PUR003061,CUST04404,CAM004156,2025-07-10,740.85,0.1,666.76,Apple Pay,Completed,0.358
PUR003062,CUST00476,CAM002826,2026-02-25,304.64,0.0,304.64,Credit Card,Completed,0.25
PUR003063,CUST01588,CAM004801,2024-11-01,48.95,0.0,48.95,Debit Card,Completed,0.286
PUR003064,CUST02157,CAM009064,2026-07-01,201.52,0.0,201.52,PayPal,Completed,0.427
PUR003065,CUST02055,CAM005104,2025-01-04,1050.34,0.11,934.8,Credit Card,Pending,0.387
PUR003066,CUST04961,CAM001313,2025-01-02,375.66,0.0,375.66,PayPal,Completed,0.355
PUR003067,CUST02843,CAM007988,2026-06-05,1519.68,0.23,1170.15,Credit Card,Completed,0.416
PUR003068,CUST03945,CAM008522,2026-05-11,732.04,0.0,732.04,Debit Card,Completed,0.391
PUR003069,CUST00423,CAM001965,2025-11-27,2636.41,0.0,2636.41,Apple Pay,Completed,0.414
PUR003070,CUST00729,CAM003550,2025-08-01,65.8,0.06,61.85,Apple Pay,Completed,0.417
PUR003071,CUST00592,CAM007222,2026-07-24,1589.8,0.13,1383.13,Credit Card,Completed,0.427
PUR003072,CUST03940,CAM006746,2025-07-16,1884.87,0.15,1602.14,Debit Card,Completed,0.208
PUR003073,CUST02841,CAM005977,2024-10-29,1286.36,0.0,1286.36,Debit Card,Completed,0.393
PUR003074,CUST01279,CAM008584,2025-10-09,934.95,0.0,934.95,Credit Card,Cancelled,0.319
PUR003075,CUST02667,CAM002159,2025-12-27,44.96,0.0,44.96,Apple Pay,Cancelled,0.284
PUR003076,CUST01779,CAM002276,2025-11-11,600.66,0.11,534.59,PayPal,Completed,0.426
PUR003077,CUST00273,CAM008135,2026-05-21,520.11,0.0,520.11,Credit Card,Completed,0.39
PUR003078,CUST03185,CAM008050,2025-09-15,663.97,0.0,663.97,Debit Card,Completed,0.292
PUR003079,CUST04728,CAM003407,2025-04-04,724.46,0.11,644.77,Apple Pay,Completed,0.433
PUR003080,CUST00277,CAM001177,2025-07-04,267.65,0.0,267.65,Debit Card,Completed,0.226
PUR003081,CUST02937,CAM001231,2025-01-19,2507.65,0.05,2382.27,PayPal,Completed,0.286
PUR003082,CUST03930,CAM001877,2026-03-27,1490.67,0.0,1490.67,Credit Card,Completed,0.208
PUR003083,CUST02498,CAM008613,2026-07-27,1081.64,0.0,1081.64,Debit Card,Refunded,0.4
PUR003084,CUST03829,CAM007900,2025-10-11,532.5,0.0,532.5,PayPal,Completed,0.385
PUR003085,CUST00303,CAM009650,2025-10-11,1068.07,0.02,1046.71,Credit Card,Completed,0.261
PUR003086,CUST00974,CAM005876,2026-05-11,216.19,0.0,216.19,Google Pay,Completed,0.369
PUR003087,CUST04750,CAM003604,2025-10-08,993.51,0.21,784.87,Apple Pay,Completed,0.235
PUR003088,CUST04983,CAM003448,2025-05-14,122.5,0.09,111.48,Debit Card,Completed,0.211
PUR003089,CUST01880,CAM003436,2024-10-09,51.49,0.0,51.49,Credit Card,Completed,0.335
PUR003090,CUST02766,CAM005528,2026-03-27,642.3,0.1,578.07,Google Pay,Completed,0.398
PUR003091,CUST04997,CAM008056,2024-11-28,2449.04,0.07,2277.61,Debit Card,Completed,0.29
PUR003092,CUST00911,CAM007361,2025-09-02,458.5,0.0,458.5,Credit Card,Pending,0.433
PUR003093,CUST00609,CAM004140,2026-08-19,569.24,0.23,438.31,Debit Card,Completed,0.362
PUR003094,CUST03219,CAM006741,2025-10-08,408.28,0.0,408.28,PayPal,Completed,0.243
PUR003095,CUST02386,CAM004438,2026-03-16,682.11,0.0,682.11,PayPal,Pending,0.265
PUR003096,CUST00161,CAM007098,2026-01-08,393.16,0.16,330.25,PayPal,Completed,0.336
PUR003097,CUST00037,CAM000957,2025-10-09,253.95,0.06,238.71,Debit Card,Completed,0.2
PUR003098,CUST03972,CAM003124,2025-02-25,301.86,0.0,301.86,Credit Card,Completed,0.344
PUR003099,CUST02752,CAM002712,2026-08-18,675.62,0.0,675.62,Apple Pay,Cancelled,0.434
PUR003100,CUST01745,CAM003948,2025-07-16,91.65,0.18,75.15,Apple Pay,Completed,0.376
PUR003101,CUST00323,CAM000431,2025-01-30,1112.49,0.17,923.37,Debit Card,Completed,0.367
PUR003102,CUST03070,CAM007782,2026-03-12,1237.18,0.0,1237.18,PayPal,Completed,0.323
PUR003103,CUST03435,CAM009240,2024-10-31,734.5,0.0,734.5,PayPal,Completed,0.281
PUR003104,CUST03334,CAM000873,2025-04-12,1322.25,0.04,1269.36,Debit Card,Completed,0.306
PUR003105,CUST01289,CAM002866,2025-12-04,370.82,0.18,304.07,Debit Card,Completed,0.25
PUR003106,CUST02044,CAM005411,2025-03-09,114.34,0.0,114.34,PayPal,Cancelled,0.426
PUR003107,CUST00751,CAM000424,2025-05-18,499.62,0.03,484.63,Credit Card,Completed,0.434
PUR003108,CUST02892,CAM000924,2025-03-17,2711.18,0.05,2575.62,Debit Card,Cancelled,0.225
PUR003109,CUST04004,CAM003316,2025-11-28,761.5,0.0,761.5,PayPal,Completed,0.389
PUR003110,CUST03933,CAM005303,2025-03-07,1207.2,0.0,1207.2,Google Pay,Completed,0.231
PUR003111,CUST00919,CAM005342,2025-09-23,979.99,0.0,979.99,Apple Pay,Pending,0.419
PUR003112,CUST03854,CAM008424,2025-03-13,1449.18,0.0,1449.18,Debit Card,Completed,0.402
PUR003113,CUST00842,CAM007748,2025-12-07,676.42,0.17,561.43,Google Pay,Completed,0.387
PUR003114,CUST04024,CAM003721,2026-03-01,613.78,0.17,509.44,Google Pay,Completed,0.448
PUR003115,CUST04278,CAM009544,2024-08-26,1001.46,0.0,1001.46,Credit Card,Cancelled,0.418
PUR003116,CUST00520,CAM004110,2025-04-09,197.1,0.0,197.1,Google Pay,Completed,0.284
PUR003117,CUST03228,CAM009172,2025-02-21,124.37,0.0,124.37,PayPal,Refunded,0.376
PUR003118,CUST02730,CAM003706,2025-08-29,804.58,0.0,804.58,Google Pay,Completed,0.414
PUR003119,CUST00972,CAM009402,2025-05-30,940.11,0.0,940.11,Debit Card,Refunded,0.251
PUR003120,CUST00495,CAM006247,2026-04-20,568.3,0.13,494.42,PayPal,Completed,0.437
PUR003121,CUST01478,CAM002037,2026-03-25,731.91,0.0,731.91,Credit Card,Completed,0.332
PUR003122,CUST01471,CAM004678,2025-10-20,623.74,0.0,623.74,Debit Card,Completed,0.254
PUR003123,CUST00484,CAM001473,2025-08-20,2376.68,0.0,2376.68,Google Pay,Pending,0.441
PUR003124,CUST01799,CAM006656,2025-11-15,157.57,0.12,138.66,Apple Pay,Completed,0.382
PUR003125,CUST00273,CAM005908,2026-09-16,1141.49,0.0,1141.49,Debit Card,Completed,0.315
PUR003126,CUST00622,CAM004366,2024-08-22,209.78,0.0,209.78,Debit Card,Completed,0.277
PUR003127,CUST04318,CAM003445,2024-09-23,740.61,0.19,599.89,Google Pay,Completed,0.377
PUR003128,CUST03260,CAM008721,2026-04-19,763.16,0.0,763.16,Google Pay,Completed,0.423
PUR003129,CUST02287,CAM000477,2026-03-10,255.48,0.0,255.48,PayPal,Completed,0.268
PUR003130,CUST00126,CAM003628,2026-07-24,313.38,0.02,307.11,Apple Pay,Completed,0.331
PUR003131,CUST04080,CAM003415,2026-01-07,1637.21,0.0,1637.21,PayPal,Completed,0.323
PUR003132,CUST02757,CAM002370,2025-02-22,883.28,0.1,794.95,Debit Card,Completed,0.233
PUR003133,CUST04883,CAM001287,2025-05-12,94.95,0.0,94.95,Credit Card,Completed,0.279
PUR003134,CUST01705,CAM003949,2025-05-17,746.79,0.0,746.79,Debit Card,Completed,0.233
PUR003135,CUST02555,CAM002323,2025-12-01,611.15,0.0,611.15,Credit Card,Completed,0.346
PUR003136,CUST01319,CAM000692,2024-09-29,711.75,0.16,597.87,Credit Card,Pending,0.435
PUR003137,CUST00271,CAM007025,2025-12-14,1477.84,0.18,1211.83,Debit Card,Pending,0.274
PUR003138,CUST00175,CAM008798,2025-12-28,276.2,0.11,245.82,PayPal,Completed,0.314
PUR003139,CUST00735,CAM005200,2025-08-02,732.6,0.18,600.73,Debit Card,Refunded,0.406
PUR003140,CUST01267,CAM005967,2026-06-05,194.54,0.0,194.54,Debit Card,Completed,0.243
PUR003141,CUST04340,CAM005490,2025-04-07,1708.98,0.05,1623.53,Credit Card,Completed,0.428
PUR003142,CUST02280,CAM001058,2024-12-22,21.73,0.2,17.38,Debit Card,Completed,0.226
PUR003143,CUST01685,CAM000688,2025-07-12,513.21,0.21,405.44,PayPal,Completed,0.244
PUR003144,CUST01126,CAM004051,2025-11-12,1156.02,0.01,1144.46,PayPal,Completed,0.422
PUR003145,CUST01440,CAM003282,2026-05-23,989.51,0.21,781.71,Apple Pay,Completed,0.368
PUR003146,CUST00149,CAM001820,2025-11-14,1085.4,0.0,1085.4,Credit Card,Completed,0.269
PUR003147,CUST01520,CAM003980,2026-07-04,966.17,0.0,966.17,PayPal,Completed,0.207
PUR003148,CUST04692,CAM007736,2025-01-13,465.66,0.12,409.78,Debit Card,Completed,0.287
PUR003149,CUST02178,CAM002332,2025-02-19,1263.09,0.0,1263.09,Apple Pay,Completed,0.416
PUR003150,CUST00418,CAM009078,2026-08-03,529.41,0.02,518.82,Apple Pay,Completed,0.234
PUR003151,CUST03148,CAM008735,2025-05-13,3637.13,0.0,3637.13,Credit Card,Completed,0.449
PUR003152,CUST00866,CAM002584,2026-09-15,628.11,0.0,628.11,Apple Pay,Completed,0.272
PUR003153,CUST04329,CAM006144,2025-08-21,4539.64,0.0,4539.64,Google Pay,Completed,0.276
PUR003154,CUST01236,CAM000567,2024-09-05,426.63,0.0,426.63,PayPal,Completed,0.32
PUR003155,CUST02051,CAM004721,2025-03-16,557.85,0.0,557.85,Debit Card,Completed,0.283
PUR003156,CUST02263,CAM000474,2025-04-18,662.52,0.0,662.52,Apple Pay,Completed,0.254
PUR003157,CUST02867,CAM006900,2026-05-01,278.0,0.0,278.0,Debit Card,Completed,0.364
PUR003158,CUST02982,CAM001698,2026-01-01,3386.14,0.0,3386.14,Google Pay,Completed,0.243
PUR003159,CUST02403,CAM000920,2026-01-26,405.4,0.2,324.32,Credit Card,Completed,0.357
PUR003160,CUST03986,CAM008894,2025-05-07,420.95,0.0,420.95,Debit Card,Completed,0.236
PUR003161,CUST01646,CAM003677,2025-07-20,307.81,0.0,307.81,Debit Card,Completed,0.447
PUR003162,CUST00920,CAM003388,2024-10-03,815.09,0.04,782.49,Credit Card,Completed,0.339
PUR003163,CUST04539,CAM000723,2026-03-20,504.89,0.07,469.55,Apple Pay,Completed,0.363
PUR003164,CUST03885,CAM000919,2025-04-18,423.36,0.0,423.36,Debit Card,Pending,0.391
PUR003165,CUST01698,CAM001057,2025-03-17,343.79,0.0,343.79,PayPal,Cancelled,0.397
PUR003166,CUST03078,CAM004455,2025-11-24,267.68,0.0,267.68,Apple Pay,Cancelled,0.282
PUR003167,CUST02382,CAM007069,2025-09-07,290.79,0.14,250.08,Apple Pay,Completed,0.292
PUR003168,CUST01226,CAM009644,2025-04-14,373.79,0.0,373.79,Credit Card,Pending,0.225
PUR003169,CUST00889,CAM007217,2025-10-27,145.55,0.0,145.55,Apple Pay,Pending,0.345
PUR003170,CUST03228,CAM000407,2026-05-22,92.3,0.09,83.99,PayPal,Refunded,0.236
PUR003171,CUST00287,CAM005313,2025-08-03,892.13,0.09,811.84,PayPal,Pending,0.386
PUR003172,CUST03893,CAM003580,2026-05-07,1664.26,0.0,1664.26,Credit Card,Completed,0.281
PUR003173,CUST01550,CAM008011,2025-02-10,814.7,0.0,814.7,Debit Card,Pending,0.327
PUR003174,CUST02362,CAM006076,2025-08-18,420.95,0.07,391.48,PayPal,Completed,0.411
PUR003175,CUST01898,CAM000134,2024-08-26,1411.64,0.0,1411.64,PayPal,Completed,0.283
PUR003176,CUST04909,CAM005415,2026-09-19,458.79,0.0,458.79,Apple Pay,Completed,0.326
PUR003177,CUST04706,CAM005688,2025-02-16,497.15,0.23,382.81,Apple Pay,Completed,0.377
PUR003178,CUST04539,CAM001769,2025-03-26,4265.91,0.0,4265.91,Apple Pay,Completed,0.364
PUR003179,CUST03869,CAM008739,2026-02-05,152.71,0.0,152.71,Debit Card,Pending,0.253
PUR003180,CUST03542,CAM004183,2025-03-02,1744.49,0.0,1744.49,Debit Card,Completed,0.449
PUR003181,CUST01420,CAM007221,2025-06-21,1558.09,0.0,1558.09,Debit Card,Completed,0.259
PUR003182,CUST03928,CAM000367,2026-08-13,7407.18,0.07,6888.68,Debit Card,Completed,0.323
PUR003183,CUST01345,CAM001046,2026-04-11,761.29,0.08,700.39,Google Pay,Completed,0.297
PUR003184,CUST04155,CAM004852,2026-04-19,343.3,0.13,298.67,Debit Card,Completed,0.307
PUR003185,CUST00014,CAM006116,2025-06-23,182.07,0.0,182.07,PayPal,Completed,0.292
PUR003186,CUST02230,CAM009361,2026-08-13,237.13,0.18,194.45,Debit Card,Pending,0.353
PUR003187,CUST04139,CAM002518,2025-09-04,821.86,0.0,821.86,Credit Card,Completed,0.367
PUR003188,CUST02805,CAM005459,2026-03-06,263.89,0.08,242.78,Credit Card,Completed,0.2
PUR003189,CUST03153,CAM004901,2025-07-18,291.17,0.04,279.52,Google Pay,Pending,0.382
PUR003190,CUST02943,CAM007717,2026-04-17,456.93,0.23,351.84,Debit Card,Completed,0.321
PUR003191,CUST01368,CAM002957,2026-01-25,1378.88,0.18,1130.68,Credit Card,Pending,0.241
PUR003192,CUST02290,CAM000996,2025-03-28,312.16,0.0,312.16,Credit Card,Pending,0.329
PUR003193,CUST01237,CAM005235,2025-11-20,895.66,0.24,680.7,Credit Card,Completed,0.358
PUR003194,CUST03356,CAM007294,2025-06-15,255.42,0.0,255.42,Google Pay,Pending,0.272
PUR003195,CUST03372,CAM007189,2025-06-20,1086.78,0.0,1086.78,Credit Card,Completed,0.355
PUR003196,CUST02531,CAM008719,2025-06-26,532.75,0.06,500.78,Credit Card,Completed,0.264
PUR003197,CUST03916,CAM001784,2025-07-23,815.98,0.0,815.98,Credit Card,Completed,0.441
PUR003198,CUST03239,CAM002735,2025-01-25,435.03,0.0,435.03,Credit Card,Completed,0.245
PUR003199,CUST02008,CAM002895,2026-05-27,489.65,0.0,489.65,Debit Card,Completed,0.404
PUR003200,CUST01668,CAM009000,2025-05-29,1826.49,0.1,1643.84,Apple Pay,Completed,0.398
PUR003201,CUST02343,CAM008513,2025-03-14,365.69,0.0,365.69,Google Pay,Completed,0.242
PUR003202,CUST03824,CAM002165,2025-09-17,132.92,0.0,132.92,PayPal,Completed,0.333
PUR003203,CUST01307,CAM001766,2025-04-16,459.92,0.15,390.93,PayPal,Completed,0.402
PUR003204,CUST00267,CAM001952,2025-05-16,621.52,0.0,621.52,PayPal,Pending,0.394
PUR003205,CUST01196,CAM003180,2026-07-22,174.58,0.25,130.94,Credit Card,Completed,0.294
PUR003206,CUST01035,CAM000831,2026-02-23,301.96,0.0,301.96,Apple Pay,Completed,0.23
PUR003207,CUST01364,CAM006473,2026-02-21,437.43,0.0,437.43,Debit Card,Completed,0.269
PUR003208,CUST03252,CAM001932,2026-01-23,755.63,0.0,755.63,PayPal,Completed,0.403
PUR003209,CUST02337,CAM004494,2024-10-24,1082.78,0.18,887.88,Credit Card,Pending,0.231
PUR003210,CUST01935,CAM003314,2025-08-05,250.66,0.0,250.66,Google Pay,Completed,0.363
PUR003211,CUST03175,CAM007881,2026-05-22,981.51,0.07,912.8,PayPal,Completed,0.27
PUR003212,CUST04021,CAM007198,2026-08-27,621.5,0.0,621.5,PayPal,Completed,0.312
PUR003213,CUST04141,CAM002650,2024-10-13,1201.94,0.25,901.46,PayPal,Completed,0.251
PUR003214,CUST04501,CAM007474,2026-02-14,1151.23,0.0,1151.23,Google Pay,Completed,0.392
PUR003215,CUST00309,CAM001857,2024-12-07,327.09,0.0,327.09,Apple Pay,Completed,0.356
PUR003216,CUST04281,CAM002301,2025-11-27,1334.93,0.08,1228.14,PayPal,Pending,0.359
PUR003217,CUST01194,CAM008637,2024-12-14,1037.51,0.0,1037.51,Credit Card,Pending,0.277
PUR003218,CUST03866,CAM006478,2025-05-17,93.92,0.04,90.16,Debit Card,Completed,0.232
PUR003219,CUST04112,CAM009585,2024-12-04,240.2,0.0,240.2,PayPal,Completed,0.39
PUR003220,CUST02131,CAM001264,2026-04-03,97.68,0.0,97.68,Apple Pay,Completed,0.443
PUR003221,CUST03994,CAM003990,2025-05-02,22.65,0.0,22.65,Debit Card,Completed,0.364
PUR003222,CUST00300,CAM009570,2025-12-02,1398.97,0.13,1217.1,PayPal,Completed,0.294
PUR003223,CUST00777,CAM008351,2025-09-25,464.58,0.02,455.29,Apple Pay,Completed,0.203
PUR003224,CUST00218,CAM004657,2026-03-10,850.02,0.07,790.52,Debit Card,Completed,0.45
PUR003225,CUST03778,CAM006213,2025-06-19,551.87,0.14,474.61,Credit Card,Completed,0.43
PUR003226,CUST04582,CAM000105,2026-01-10,408.31,0.0,408.31,Credit Card,Completed,0.28
PUR003227,CUST01194,CAM003938,2025-10-16,1086.08,0.25,814.56,Google Pay,Refunded,0.249
PUR003228,CUST01915,CAM001333,2025-04-19,104.4,0.17,86.65,PayPal,Completed,0.347
PUR003229,CUST00900,CAM000301,2024-09-08,301.92,0.18,247.57,PayPal,Pending,0.368
PUR003230,CUST03368,CAM008065,2026-08-06,406.28,0.22,316.9,PayPal,Completed,0.231
PUR003231,CUST00665,CAM001114,2026-06-01,1390.97,0.0,1390.97,PayPal,Completed,0.448
PUR003232,CUST00125,CAM000501,2025-06-10,361.12,0.02,353.9,PayPal,Completed,0.226
PUR003233,CUST00493,CAM002912,2026-02-28,651.21,0.0,651.21,Credit Card,Completed,0.377
PUR003234,CUST04235,CAM007023,2025-01-07,1330.36,0.0,1330.36,PayPal,Completed,0.355
PUR003235,CUST01944,CAM002143,2024-09-21,98.16,0.0,98.16,Apple Pay,Pending,0.258
PUR003236,CUST00460,CAM009760,2026-01-26,907.21,0.0,907.21,Credit Card,Completed,0.337
PUR003237,CUST03906,CAM004089,2026-07-05,635.75,0.0,635.75,Google Pay,Completed,0.401
PUR003238,CUST00675,CAM001750,2025-03-24,821.15,0.0,821.15,Debit Card,Completed,0.33
PUR003239,CUST03509,CAM005486,2025-01-13,35.63,0.0,35.63,PayPal,Completed,0.407
PUR003240,CUST03076,CAM006460,2026-07-17,428.96,0.06,403.22,Debit Card,Pending,0.313
PUR003241,CUST03026,CAM008274,2025-09-20,781.31,0.0,781.31,Google Pay,Refunded,0.412
PUR003242,CUST04288,CAM006524,2025-07-30,999.21,0.0,999.21,Google Pay,Refunded,0.259
PUR003243,CUST03360,CAM005437,2025-11-02,195.73,0.0,195.73,Credit Card,Completed,0.322
PUR003244,CUST04878,CAM007654,2025-05-23,200.72,0.18,164.59,Debit Card,Completed,0.426
PUR003245,CUST01579,CAM007973,2025-08-20,1299.74,0.0,1299.74,PayPal,Completed,0.269
PUR003246,CUST04362,CAM001082,2025-12-03,375.26,0.12,330.23,PayPal,Completed,0.383
PUR003247,CUST02106,CAM000045,2025-04-29,1744.73,0.0,1744.73,Credit Card,Completed,0.365
PUR003248,CUST02942,CAM006635,2026-03-04,262.07,0.0,262.07,PayPal,Completed,0.237
PUR003249,CUST01641,CAM003997,2026-03-21,494.95,0.09,450.4,Credit Card,Refunded,0.292
PUR003250,CUST04007,CAM000314,2025-09-23,1214.79,0.01,1202.64,Google Pay,Completed,0.394
PUR003251,CUST02998,CAM005031,2025-12-30,190.08,0.0,190.08,PayPal,Completed,0.374
PUR003252,CUST00912,CAM009693,2026-07-25,1514.11,0.0,1514.11,Apple Pay,Completed,0.209
PUR003253,CUST04047,CAM009766,2026-06-14,158.34,0.0,158.34,Google Pay,Cancelled,0.252
PUR003254,CUST02157,CAM009771,2025-01-07,1252.02,0.0,1252.02,Debit Card,Completed,0.248
PUR003255,CUST01290,CAM008585,2025-09-25,235.72,0.0,235.72,Debit Card,Refunded,0.21
PUR003256,CUST03275,CAM003111,2026-07-28,1383.68,0.0,1383.68,Google Pay,Completed,0.372
PUR003257,CUST03363,CAM009513,2025-09-17,1575.72,0.13,1370.88,Debit Card,Completed,0.327
PUR003258,CUST00544,CAM002789,2024-12-14,290.63,0.0,290.63,Credit Card,Completed,0.429
PUR003259,CUST02550,CAM000033,2025-10-08,260.32,0.0,260.32,Credit Card,Completed,0.266
PUR003260,CUST01266,CAM008078,2026-03-10,254.27,0.0,254.27,PayPal,Completed,0.268
PUR003261,CUST01924,CAM006160,2026-02-21,820.85,0.0,820.85,Credit Card,Completed,0.261
PUR003262,CUST04014,CAM007598,2025-06-28,63.98,0.23,49.26,Debit Card,Completed,0.398
PUR003263,CUST03309,CAM004433,2026-07-14,1241.78,0.08,1142.44,PayPal,Completed,0.381
PUR003264,CUST02826,CAM002463,2025-01-27,1550.57,0.0,1550.57,Credit Card,Completed,0.289
PUR003265,CUST02170,CAM004202,2025-06-10,244.21,0.16,205.14,Credit Card,Completed,0.432
PUR003266,CUST04457,CAM009204,2026-04-01,913.58,0.0,913.58,Credit Card,Cancelled,0.26
PUR003267,CUST00638,CAM001241,2025-02-11,476.65,0.19,386.09,Google Pay,Completed,0.242
PUR003268,CUST02740,CAM005491,2025-10-26,767.46,0.14,660.02,Credit Card,Pending,0.285
PUR003269,CUST01230,CAM005780,2024-11-17,238.12,0.0,238.12,PayPal,Completed,0.33
PUR003270,CUST01129,CAM001345,2026-01-26,1779.0,0.05,1690.05,Apple Pay,Completed,0.342
PUR003271,CUST03898,CAM007162,2026-06-24,191.5,0.0,191.5,Debit Card,Completed,0.254
PUR003272,CUST00125,CAM002167,2025-01-10,288.71,0.0,288.71,Credit Card,Refunded,0.265
PUR003273,CUST03610,CAM000608,2026-08-10,468.43,0.0,468.43,Credit Card,Completed,0.232
PUR003274,CUST04808,CAM000650,2026-08-16,579.54,0.0,579.54,Apple Pay,Completed,0.362
PUR003275,CUST04125,CAM009084,2025-01-26,623.89,0.03,605.17,Apple Pay,Completed,0.227
PUR003276,CUST02836,CAM002155,2026-03-29,151.02,0.0,151.02,Debit Card,Completed,0.404
PUR003277,CUST04967,CAM006334,2025-07-25,759.86,0.0,759.86,Credit Card,Refunded,0.268
PUR003278,CUST01678,CAM002313,2025-09-11,708.41,0.23,545.48,Google Pay,Completed,0.386
PUR003279,CUST02904,CAM003559,2025-09-15,2434.52,0.0,2434.52,Credit Card,Completed,0.274
PUR003280,CUST01777,CAM003639,2026-01-11,906.1,0.25,679.58,Credit Card,Completed,0.254
PUR003281,CUST03903,CAM006315,2024-09-25,1890.82,0.0,1890.82,Credit Card,Completed,0.271
PUR003282,CUST02705,CAM007666,2024-11-10,315.53,0.0,315.53,Credit Card,Completed,0.326
PUR003283,CUST01614,CAM009772,2026-07-03,2084.92,0.0,2084.92,Debit Card,Completed,0.36
PUR003284,CUST02185,CAM004101,2024-09-14,146.24,0.05,138.93,Debit Card,Completed,0.323
PUR003285,CUST00003,CAM008626,2025-12-15,352.83,0.0,352.83,PayPal,Pending,0.233
PUR003286,CUST00188,CAM007905,2025-12-23,200.15,0.22,156.12,PayPal,Pending,0.278
PUR003287,CUST00649,CAM000432,2025-06-20,492.96,0.0,492.96,Debit Card,Completed,0.377
PUR003288,CUST02623,CAM000786,2026-05-12,251.14,0.13,218.49,Credit Card,Completed,0.445
PUR003289,CUST03903,CAM008605,2025-03-24,470.53,0.0,470.53,Google Pay,Completed,0.364
PUR003290,CUST03194,CAM009120,2025-01-23,124.97,0.0,124.97,Credit Card,Cancelled,0.292
PUR003291,CUST04356,CAM001848,2026-06-30,453.98,0.19,367.72,PayPal,Cancelled,0.318
PUR003292,CUST02096,CAM009068,2026-06-05,617.9,0.01,611.72,Apple Pay,Completed,0.282
PUR003293,CUST03917,CAM004951,2025-08-22,378.69,0.0,378.69,Apple Pay,Completed,0.29
PUR003294,CUST02283,CAM006530,2026-03-02,1915.68,0.0,1915.68,Apple Pay,Completed,0.411
PUR003295,CUST03857,CAM004817,2025-01-17,1691.49,0.0,1691.49,Google Pay,Completed,0.2
PUR003296,CUST04663,CAM002324,2026-02-26,887.66,0.23,683.5,Apple Pay,Completed,0.411
PUR003297,CUST00176,CAM003633,2026-07-10,200.72,0.0,200.72,Debit Card,Completed,0.382
PUR003298,CUST03642,CAM004220,2026-01-25,588.89,0.0,588.89,Google Pay,Completed,0.358
PUR003299,CUST04078,CAM001443,2026-01-20,436.76,0.0,436.76,Debit Card,Completed,0.261
PUR003300,CUST01657,CAM004942,2024-08-27,518.68,0.02,508.31,Debit Card,Completed,0.408
PUR003301,CUST02757,CAM001755,2024-12-20,1414.0,0.02,1385.72,Debit Card,Completed,0.254
PUR003302,CUST01779,CAM006396,2025-09-27,1045.33,0.07,972.16,Debit Card,Refunded,0.361
PUR003303,CUST02830,CAM000704,2026-03-11,1012.43,0.24,769.45,Debit Card,Completed,0.224
PUR003304,CUST00551,CAM009511,2025-05-17,336.02,0.0,336.02,Debit Card,Pending,0.211
PUR003305,CUST02753,CAM009363,2025-09-13,891.34,0.0,891.34,PayPal,Completed,0.373
PUR003306,CUST00103,CAM001831,2026-05-17,579.36,0.0,579.36,Debit Card,Completed,0.329
PUR003307,CUST01116,CAM005123,2026-02-19,992.07,0.0,992.07,Credit Card,Completed,0.392
PUR003308,CUST04816,CAM002646,2026-02-28,377.13,0.16,316.79,PayPal,Pending,0.339
PUR003309,CUST03674,CAM004498,2025-11-08,792.75,0.0,792.75,Debit Card,Completed,0.439
PUR003310,CUST04307,CAM008408,2025-04-28,1241.01,0.0,1241.01,Apple Pay,Completed,0.257
PUR003311,CUST01755,CAM007522,2024-12-21,298.43,0.12,262.62,Google Pay,Completed,0.286
PUR003312,CUST00270,CAM004045,2026-07-04,648.56,0.0,648.56,Credit Card,Completed,0.369
PUR003313,CUST00148,CAM009217,2026-08-19,335.85,0.0,335.85,Credit Card,Cancelled,0.43
PUR003314,CUST00625,CAM001118,2024-12-08,515.16,0.13,448.19,Debit Card,Completed,0.421
PUR003315,CUST02805,CAM006882,2025-09-15,1769.14,0.23,1362.24,Apple Pay,Completed,0.214
PUR003316,CUST04375,CAM006125,2026-02-06,675.04,0.0,675.04,Google Pay,Completed,0.411
PUR003317,CUST02812,CAM003223,2025-11-09,1283.07,0.0,1283.07,Debit Card,Pending,0.418
PUR003318,CUST01434,CAM001032,2026-02-07,544.98,0.0,544.98,Debit Card,Pending,0.294
PUR003319,CUST00370,CAM006236,2026-05-14,1069.3,0.09,973.06,Credit Card,Completed,0.436
PUR003320,CUST01649,CAM006585,2026-02-08,229.48,0.0,229.48,Credit Card,Completed,0.367
PUR003321,CUST03782,CAM007827,2024-11-29,297.2,0.05,282.34,Google Pay,Completed,0.28
PUR003322,CUST01722,CAM002298,2025-08-10,942.42,0.21,744.51,Apple Pay,Completed,0.241
PUR003323,CUST01853,CAM000502,2025-11-20,791.87,0.0,791.87,Credit Card,Completed,0.328
PUR003324,CUST01897,CAM002587,2025-12-03,746.83,0.05,709.49,PayPal,Completed,0.422
PUR003325,CUST00540,CAM000477,2026-03-27,60.25,0.0,60.25,Debit Card,Completed,0.248
PUR003326,CUST00755,CAM006655,2025-04-10,891.33,0.0,891.33,Credit Card,Completed,0.378
PUR003327,CUST00954,CAM004232,2024-11-16,2207.85,0.16,1854.59,Credit Card,Completed,0.406
PUR003328,CUST00637,CAM001279,2025-05-10,309.02,0.0,309.02,Google Pay,Completed,0.277
PUR003329,CUST02336,CAM002333,2026-03-12,1471.87,0.0,1471.87,Credit Card,Completed,0.282
PUR003330,CUST00747,CAM009073,2025-12-26,322.08,0.0,322.08,Credit Card,Completed,0.309
PUR003331,CUST00725,CAM004179,2024-11-01,163.17,0.0,163.17,Google Pay,Completed,0.37
PUR003332,CUST04404,CAM000250,2024-08-28,581.23,0.0,581.23,PayPal,Pending,0.309
PUR003333,CUST00250,CAM009507,2024-09-29,618.46,0.21,488.58,PayPal,Completed,0.264
PUR003334,CUST02381,CAM006413,2026-08-13,65.99,0.0,65.99,Apple Pay,Completed,0.277
PUR003335,CUST00445,CAM003210,2026-08-17,224.99,0.0,224.99,Credit Card,Completed,0.253
PUR003336,CUST03685,CAM008187,2025-07-14,1748.67,0.18,1433.91,Credit Card,Refunded,0.26
PUR003337,CUST04105,CAM006603,2026-02-16,684.43,0.06,643.36,Credit Card,Completed,0.424
PUR003338,CUST02111,CAM005577,2026-07-17,159.92,0.0,159.92,Credit Card,Completed,0.448
PUR003339,CUST01536,CAM004886,2025-11-01,511.79,0.07,475.96,Debit Card,Completed,0.259
PUR003340,CUST04967,CAM003852,2025-08-21,395.16,0.0,395.16,Debit Card,Completed,0.279
PUR003341,CUST01847,CAM000282,2025-04-27,382.75,0.0,382.75,Debit Card,Completed,0.391
PUR003342,CUST02511,CAM007836,2026-08-08,417.99,0.01,413.81,Debit Card,Completed,0.34
PUR003343,CUST02099,CAM008440,2026-02-18,465.54,0.0,465.54,Google Pay,Refunded,0.311
PUR003344,CUST00674,CAM007290,2024-11-17,312.76,0.0,312.76,PayPal,Completed,0.447
PUR003345,CUST04935,CAM006095,2025-12-04,295.06,0.0,295.06,Debit Card,Completed,0.289
PUR003346,CUST02036,CAM009526,2025-06-03,1951.96,0.0,1951.96,Debit Card,Completed,0.321
PUR003347,CUST04751,CAM009451,2024-10-25,410.11,0.0,410.11,Credit Card,Pending,0.336
PUR003348,CUST04907,CAM004208,2024-11-28,606.98,0.0,606.98,PayPal,Completed,0.307
PUR003349,CUST04728,CAM004752,2026-05-11,458.57,0.13,398.96,PayPal,Completed,0.265
PUR003350,CUST04416,CAM005837,2025-11-19,626.58,0.04,601.52,Credit Card,Completed,0.342
PUR003351,CUST02174,CAM007144,2025-11-24,943.13,0.0,943.13,Apple Pay,Pending,0.447
PUR003352,CUST03746,CAM000338,2025-12-30,7965.77,0.0,7965.77,PayPal,Completed,0.208
PUR003353,CUST03250,CAM003892,2026-08-26,264.71,0.0,264.71,Apple Pay,Completed,0.268
PUR003354,CUST02034,CAM000955,2024-11-22,676.33,0.0,676.33,Credit Card,Refunded,0.337
PUR003355,CUST02520,CAM002878,2025-06-13,106.15,0.0,106.15,Credit Card,Completed,0.345
PUR003356,CUST03629,CAM002806,2026-05-15,527.59,0.0,527.59,PayPal,Completed,0.349
PUR003357,CUST03521,CAM007497,2025-10-08,215.22,0.0,215.22,Debit Card,Completed,0.316
PUR003358,CUST00887,CAM002086,2025-10-22,1462.44,0.07,1360.07,Credit Card,Completed,0.331
PUR003359,CUST02833,CAM009947,2025-05-02,1169.08,0.0,1169.08,PayPal,Completed,0.403
PUR003360,CUST04963,CAM000878,2026-08-21,292.64,0.02,286.79,PayPal,Completed,0.21
PUR003361,CUST00470,CAM007828,2024-09-01,1159.51,0.0,1159.51,PayPal,Cancelled,0.234
PUR003362,CUST01780,CAM003084,2026-02-08,795.26,0.0,795.26,PayPal,Completed,0.334
PUR003363,CUST00025,CAM008735,2025-05-06,379.57,0.05,360.59,Apple Pay,Pending,0.294
PUR003364,CUST01465,CAM006777,2025-07-24,485.3,0.17,402.8,Apple Pay,Refunded,0.314
PUR003365,CUST00415,CAM009390,2026-07-07,613.86,0.0,613.86,Debit Card,Pending,0.37
PUR003366,CUST01372,CAM009421,2026-08-07,1303.62,0.22,1016.82,Credit Card,Completed,0.334
PUR003367,CUST01682,CAM000282,2025-05-15,83.9,0.0,83.9,Debit Card,Completed,0.2
PUR003368,CUST03247,CAM000424,2025-05-07,224.64,0.17,186.45,Credit Card,Completed,0.382
PUR003369,CUST03336,CAM002239,2026-03-24,2275.05,0.0,2275.05,Credit Card,Completed,0.299
PUR003370,CUST03724,CAM009563,2025-07-27,207.37,0.24,157.6,Debit Card,Completed,0.246
PUR003371,CUST02581,CAM006056,2024-11-30,205.62,0.22,160.38,Debit Card,Completed,0.394
PUR003372,CUST01559,CAM001124,2026-04-26,1875.38,0.0,1875.38,Google Pay,Completed,0.334
PUR003373,CUST04473,CAM004606,2025-06-22,310.01,0.0,310.01,Credit Card,Completed,0.251
PUR003374,CUST04831,CAM000062,2026-02-05,1194.87,0.0,1194.87,Debit Card,Completed,0.283
PUR003375,CUST04422,CAM001374,2025-02-17,176.07,0.2,140.86,Debit Card,Completed,0.336
PUR003376,CUST04649,CAM006176,2025-01-15,761.38,0.0,761.38,Debit Card,Completed,0.214
PUR003377,CUST02240,CAM003087,2025-02-18,872.34,0.03,846.17,Debit Card,Pending,0.39
PUR003378,CUST02689,CAM009009,2025-07-26,139.89,0.0,139.89,PayPal,Completed,0.339
PUR003379,CUST00530,CAM002959,2025-12-26,5281.7,0.0,5281.7,Google Pay,Completed,0.228
PUR003380,CUST00426,CAM007790,2024-12-19,394.53,0.0,394.53,PayPal,Completed,0.38
PUR003381,CUST00377,CAM002052,2025-09-24,412.85,0.17,342.67,Debit Card,Completed,0.448
PUR003382,CUST04930,CAM005847,2025-01-12,348.3,0.25,261.23,Apple Pay,Completed,0.205
PUR003383,CUST04361,CAM008394,2024-09-28,573.83,0.1,516.45,Credit Card,Completed,0.236
PUR003384,CUST00504,CAM002975,2026-05-21,241.13,0.0,241.13,Google Pay,Completed,0.419
PUR003385,CUST02886,CAM009154,2025-12-03,273.31,0.14,235.05,Debit Card,Completed,0.266
PUR003386,CUST01178,CAM009801,2025-06-05,61.02,0.05,57.97,Credit Card,Completed,0.226
PUR003387,CUST04942,CAM000860,2025-02-23,723.03,0.0,723.03,Debit Card,Completed,0.336
PUR003388,CUST00382,CAM008006,2025-06-30,598.75,0.0,598.75,Debit Card,Completed,0.227
PUR003389,CUST03656,CAM001348,2026-04-14,1215.27,0.0,1215.27,Apple Pay,Completed,0.22
PUR003390,CUST04975,CAM001785,2024-11-06,641.09,0.0,641.09,Credit Card,Completed,0.233
PUR003391,CUST01311,CAM007221,2025-06-29,678.81,0.0,678.81,Google Pay,Completed,0.372
PUR003392,CUST00270,CAM000728,2025-10-21,206.48,0.0,206.48,Credit Card,Completed,0.211
PUR003393,CUST00932,CAM001000,2026-05-17,87.14,0.0,87.14,Apple Pay,Completed,0.304
PUR003394,CUST00953,CAM008600,2026-08-19,676.58,0.0,676.58,Apple Pay,Completed,0.429
PUR003395,CUST01069,CAM008611,2025-02-26,886.78,0.21,700.56,PayPal,Completed,0.372
PUR003396,CUST03444,CAM004690,2025-06-18,311.84,0.01,308.72,Google Pay,Cancelled,0.275
PUR003397,CUST02653,CAM006316,2025-01-18,1238.43,0.0,1238.43,PayPal,Completed,0.424
PUR003398,CUST02602,CAM009436,2026-01-01,1179.51,0.09,1073.35,Debit Card,Completed,0.279
PUR003399,CUST04030,CAM007616,2025-11-17,680.38,0.0,680.38,Debit Card,Cancelled,0.287
PUR003400,CUST04814,CAM001008,2025-10-18,1253.18,0.0,1253.18,PayPal,Pending,0.328
PUR003401,CUST01038,CAM003411,2024-10-28,427.35,0.17,354.7,Debit Card,Completed,0.362
PUR003402,CUST00220,CAM001700,2025-03-17,182.8,0.2,146.24,Debit Card,Completed,0.367
PUR003403,CUST04112,CAM006884,2025-11-08,286.71,0.21,226.5,Credit Card,Cancelled,0.427
PUR003404,CUST01171,CAM008047,2025-07-30,1360.34,0.0,1360.34,Credit Card,Completed,0.284
PUR003405,CUST02447,CAM008357,2026-03-20,825.86,0.03,801.08,PayPal,Completed,0.278
PUR003406,CUST04852,CAM008016,2025-11-01,386.31,0.23,297.46,Credit Card,Completed,0.305
PUR003407,CUST02127,CAM000654,2025-12-17,1167.82,0.0,1167.82,PayPal,Pending,0.41
PUR003408,CUST04603,CAM000681,2024-11-15,315.43,0.0,315.43,Debit Card,Completed,0.401
PUR003409,CUST04795,CAM002862,2025-09-18,509.08,0.0,509.08,Debit Card,Completed,0.376
PUR003410,CUST04196,CAM009756,2026-05-17,206.93,0.0,206.93,Debit Card,Completed,0.442
PUR003411,CUST04462,CAM006679,2025-01-24,854.14,0.0,854.14,Apple Pay,Cancelled,0.332
PUR003412,CUST00639,CAM008111,2024-09-22,1113.77,0.0,1113.77,Debit Card,Completed,0.377
PUR003413,CUST04551,CAM006318,2026-08-13,1774.89,0.0,1774.89,Apple Pay,Completed,0.405
PUR003414,CUST00336,CAM002407,2026-06-01,666.59,0.0,666.59,PayPal,Completed,0.378
PUR003415,CUST03452,CAM003099,2024-11-07,456.4,0.03,442.71,PayPal,Completed,0.248
PUR003416,CUST04178,CAM000409,2025-05-01,212.89,0.0,212.89,Google Pay,Pending,0.339
PUR003417,CUST01822,CAM004780,2026-08-17,693.2,0.0,693.2,PayPal,Completed,0.287
PUR003418,CUST00714,CAM008041,2024-09-17,1012.32,0.2,809.86,Credit Card,Completed,0.424
PUR003419,CUST02189,CAM006920,2024-09-21,622.53,0.0,622.53,Debit Card,Completed,0.338
PUR003420,CUST00034,CAM008383,2025-02-27,187.64,0.0,187.64,PayPal,Completed,0.269
PUR003421,CUST04137,CAM005032,2026-07-04,546.41,0.0,546.41,Credit Card,Completed,0.28
PUR003422,CUST00931,CAM008169,2025-12-11,1818.2,0.17,1509.11,Google Pay,Cancelled,0.303
PUR003423,CUST00740,CAM009119,2024-10-20,432.03,0.0,432.03,Credit Card,Completed,0.248
PUR003424,CUST02051,CAM003775,2025-12-15,608.06,0.0,608.06,Credit Card,Completed,0.341
PUR003425,CUST02265,CAM004542,2025-11-06,1732.65,0.04,1663.34,Apple Pay,Refunded,0.212
PUR003426,CUST00589,CAM000276,2025-01-23,199.13,0.0,199.13,Debit Card,Completed,0.293
PUR003427,CUST04731,CAM006679,2025-01-08,333.12,0.0,333.12,Credit Card,Completed,0.211
PUR003428,CUST01907,CAM008079,2025-03-28,763.27,0.0,763.27,Debit Card,Completed,0.367
PUR003429,CUST00870,CAM007800,2026-03-09,125.12,0.11,111.36,PayPal,Completed,0.234
PUR003430,CUST03937,CAM000304,2024-10-04,665.44,0.14,572.28,Google Pay,Completed,0.31
PUR003431,CUST01434,CAM004935,2025-10-29,222.4,0.23,171.25,Debit Card,Completed,0.286
PUR003432,CUST03188,CAM008143,2026-04-07,70.93,0.0,70.93,Google Pay,Completed,0.323
PUR003433,CUST04626,CAM001681,2025-02-22,534.94,0.0,534.94,Credit Card,Completed,0.286
PUR003434,CUST04143,CAM002231,2025-04-19,983.48,0.0,983.48,Debit Card,Pending,0.398
PUR003435,CUST04214,CAM009150,2025-06-14,1141.47,0.18,936.01,PayPal,Completed,0.217
PUR003436,CUST02069,CAM002924,2025-08-07,217.51,0.08,200.11,PayPal,Pending,0.398
PUR003437,CUST04833,CAM005963,2026-05-21,453.22,0.0,453.22,Credit Card,Pending,0.394
PUR003438,CUST04200,CAM001396,2026-03-03,443.26,0.17,367.91,Google Pay,Completed,0.433
PUR003439,CUST04500,CAM000678,2024-12-16,852.7,0.21,673.63,Credit Card,Completed,0.258
PUR003440,CUST02577,CAM006837,2025-10-23,636.18,0.0,636.18,Google Pay,Completed,0.332
PUR003441,CUST00572,CAM005535,2024-09-20,945.74,0.04,907.91,PayPal,Completed,0.408
PUR003442,CUST02253,CAM009872,2025-03-08,331.7,0.18,271.99,Debit Card,Pending,0.417
PUR003443,CUST03284,CAM006332,2025-10-18,571.97,0.16,480.45,Debit Card,Completed,0.265
PUR003444,CUST04671,CAM005180,2025-03-17,451.67,0.13,392.95,PayPal,Completed,0.389
PUR003445,CUST02413,CAM000841,2025-07-09,538.38,0.19,436.09,PayPal,Completed,0.216
PUR003446,CUST03332,CAM006579,2025-02-07,1605.85,0.24,1220.45,PayPal,Completed,0.397
PUR003447,CUST02164,CAM004713,2025-03-03,987.32,0.0,987.32,PayPal,Completed,0.253
PUR003448,CUST04193,CAM008448,2024-10-25,1114.79,0.0,1114.79,PayPal,Completed,0.3
PUR003449,CUST01138,CAM008282,2026-07-13,170.65,0.18,139.93,PayPal,Pending,0.278
PUR003450,CUST02620,CAM000089,2025-06-14,760.25,0.12,669.02,Debit Card,Completed,0.295
PUR003451,CUST04939,CAM009487,2025-03-25,82.14,0.0,82.14,PayPal,Completed,0.314
PUR003452,CUST02346,CAM008030,2026-10-02,1717.51,0.0,1717.51,Credit Card,Completed,0.226
PUR003453,CUST01096,CAM007886,2025-10-05,250.15,0.0,250.15,Debit Card,Completed,0.303
PUR003454,CUST02759,CAM001502,2025-08-14,520.96,0.0,520.96,Debit Card,Completed,0.22
PUR003455,CUST03926,CAM008191,2026-04-24,633.65,0.01,627.31,Debit Card,Completed,0.291
PUR003456,CUST04593,CAM003590,2026-03-12,395.58,0.18,324.38,Credit Card,Completed,0.318
PUR003457,CUST00630,CAM000236,2025-12-11,1547.42,0.06,1454.57,Apple Pay,Pending,0.238
PUR003458,CUST01244,CAM004983,2026-04-28,1341.65,0.1,1207.49,Credit Card,Completed,0.253
PUR003459,CUST04546,CAM008539,2025-11-03,346.72,0.07,322.45,PayPal,Completed,0.232
PUR003460,CUST02128,CAM000120,2025-02-25,157.09,0.05,149.24,PayPal,Completed,0.396
PUR003461,CUST03139,CAM005891,2025-02-18,1133.73,0.08,1043.03,Debit Card,Completed,0.208
PUR003462,CUST04929,CAM008243,2026-06-04,154.85,0.0,154.85,Apple Pay,Completed,0.4
PUR003463,CUST01755,CAM004806,2026-03-07,628.62,0.0,628.62,Debit Card,Completed,0.221
PUR003464,CUST03202,CAM005495,2025-12-14,64.67,0.0,64.67,Credit Card,Completed,0.274
PUR003465,CUST01068,CAM001018,2024-10-13,1188.68,0.03,1153.02,Debit Card,Completed,0.223
PUR003466,CUST00554,CAM003166,2026-01-06,589.68,0.03,571.99,Debit Card,Completed,0.339
PUR003467,CUST03833,CAM009706,2026-02-25,482.67,0.13,419.92,Credit Card,Completed,0.431
PUR003468,CUST00233,CAM009911,2024-10-07,2072.6,0.0,2072.6,Debit Card,Completed,0.349
PUR003469,CUST03996,CAM009241,2026-07-08,806.31,0.0,806.31,Google Pay,Pending,0.304
PUR003470,CUST00029,CAM007906,2025-05-02,742.57,0.0,742.57,Credit Card,Completed,0.254
PUR003471,CUST00737,CAM004243,2026-03-25,617.47,0.0,617.47,Credit Card,Pending,0.292
PUR003472,CUST02916,CAM002235,2026-05-05,4805.7,0.0,4805.7,Apple Pay,Completed,0.41
PUR003473,CUST02502,CAM000669,2026-06-03,210.52,0.0,210.52,Google Pay,Completed,0.286
PUR003474,CUST03917,CAM007850,2025-12-26,895.93,0.0,895.93,PayPal,Pending,0.359
PUR003475,CUST03201,CAM007306,2025-12-15,295.13,0.14,253.81,Debit Card,Completed,0.233
PUR003476,CUST04015,CAM007605,2026-06-04,397.63,0.0,397.63,Credit Card,Completed,0.258
PUR003477,CUST00305,CAM009137,2026-07-01,744.86,0.0,744.86,Debit Card,Completed,0.353
PUR003478,CUST00279,CAM006919,2025-09-01,2768.08,0.12,2435.91,Debit Card,Cancelled,0.367
PUR003479,CUST02132,CAM008782,2025-06-21,1376.17,0.0,1376.17,Credit Card,Completed,0.344
PUR003480,CUST04294,CAM008925,2025-02-15,738.95,0.0,738.95,Google Pay,Completed,0.345
PUR003481,CUST01204,CAM005880,2026-02-14,495.9,0.0,495.9,Credit Card,Completed,0.433
PUR003482,CUST01249,CAM004452,2025-05-19,1007.22,0.02,987.08,Credit Card,Cancelled,0.28
PUR003483,CUST00055,CAM003646,2024-09-17,303.69,0.0,303.69,Debit Card,Completed,0.307
PUR003484,CUST04378,CAM006319,2025-01-22,1199.86,0.0,1199.86,Credit Card,Completed,0.371
PUR003485,CUST00949,CAM005337,2026-06-06,1170.4,0.23,901.21,Credit Card,Completed,0.202
PUR003486,CUST03367,CAM008123,2025-02-11,399.28,0.11,355.36,Debit Card,Refunded,0.284
PUR003487,CUST03938,CAM006254,2025-09-25,3762.99,0.0,3762.99,Debit Card,Completed,0.286
PUR003488,CUST01256,CAM003560,2025-03-30,760.95,0.0,760.95,Apple Pay,Completed,0.313
PUR003489,CUST04363,CAM003355,2025-03-17,1244.12,0.0,1244.12,Credit Card,Completed,0.371
PUR003490,CUST01209,CAM006032,2024-10-25,127.81,0.0,127.81,PayPal,Completed,0.427
PUR003491,CUST02455,CAM002550,2026-04-18,630.87,0.19,511.0,Credit Card,Pending,0.421
PUR003492,CUST02798,CAM000678,2024-12-01,179.48,0.0,179.48,Credit Card,Completed,0.347
PUR003493,CUST04528,CAM006260,2025-12-15,706.81,0.18,579.58,Credit Card,Completed,0.446
PUR003494,CUST01005,CAM004489,2025-04-07,438.93,0.0,438.93,PayPal,Completed,0.442
PUR003495,CUST00925,CAM005401,2025-08-10,1557.44,0.0,1557.44,Credit Card,Completed,0.366
PUR003496,CUST00782,CAM009575,2024-12-29,2492.2,0.0,2492.2,PayPal,Completed,0.349
PUR003497,CUST03222,CAM007076,2026-02-18,225.27,0.0,225.27,Credit Card,Completed,0.374
PUR003498,CUST04497,CAM003324,2026-07-18,306.37,0.0,306.37,Debit Card,Completed,0.222
PUR003499,CUST01157,CAM001818,2025-05-05,1077.94,0.0,1077.94,Credit Card,Completed,0.448
PUR003500,CUST04114,CAM006258,2025-05-19,185.93,0.0,185.93,Google Pay,Cancelled,0.258
PUR003501,CUST04488,CAM008832,2026-03-15,609.11,0.0,609.11,Debit Card,Completed,0.351
PUR003502,CUST02506,CAM000700,2024-12-03,322.57,0.04,309.67,PayPal,Completed,0.233
PUR003503,CUST04683,CAM000816,2025-04-10,142.51,0.0,142.51,Apple Pay,Pending,0.25
PUR003504,CUST02429,CAM006157,2025-11-24,558.0,0.0,558.0,Debit Card,Pending,0.291
PUR003505,CUST00871,CAM004519,2025-03-28,499.88,0.03,484.88,Google Pay,Completed,0.426
PUR003506,CUST03894,CAM002186,2026-04-10,515.5,0.0,515.5,Apple Pay,Completed,0.318
PUR003507,CUST01068,CAM008463,2025-11-25,939.35,0.0,939.35,PayPal,Pending,0.379
PUR003508,CUST01252,CAM009850,2025-10-01,635.42,0.0,635.42,PayPal,Completed,0.336
PUR003509,CUST01413,CAM005678,2026-05-05,661.52,0.0,661.52,Debit Card,Completed,0.342
PUR003510,CUST00350,CAM009447,2025-04-30,211.95,0.11,188.64,Credit Card,Completed,0.37
PUR003511,CUST00308,CAM006355,2024-12-22,628.41,0.0,628.41,Credit Card,Completed,0.317
PUR003512,CUST03618,CAM008265,2026-04-02,304.49,0.24,231.41,Debit Card,Completed,0.343
PUR003513,CUST03069,CAM005676,2026-01-13,470.7,0.0,470.7,Debit Card,Pending,0.207
PUR003514,CUST03899,CAM000631,2025-01-12,683.61,0.0,683.61,Apple Pay,Completed,0.389
PUR003515,CUST02508,CAM000820,2025-07-22,824.38,0.0,824.38,Credit Card,Completed,0.441
PUR003516,CUST04427,CAM004087,2025-11-23,1115.42,0.0,1115.42,Apple Pay,Completed,0.326
PUR003517,CUST00209,CAM002056,2026-08-18,707.11,0.14,608.11,Credit Card,Completed,0.432
PUR003518,CUST03116,CAM005003,2026-06-05,849.55,0.25,637.16,PayPal,Completed,0.403
PUR003519,CUST02161,CAM005697,2025-06-07,746.4,0.07,694.15,Google Pay,Completed,0.28
PUR003520,CUST04613,CAM000693,2026-06-10,1516.55,0.0,1516.55,Credit Card,Completed,0.431
PUR003521,CUST04214,CAM001965,2025-10-02,744.04,0.19,602.67,Debit Card,Completed,0.229
PUR003522,CUST00045,CAM000712,2025-12-20,440.71,0.0,440.71,PayPal,Completed,0.379
PUR003523,CUST04019,CAM007546,2025-11-10,66.54,0.0,66.54,Google Pay,Completed,0.31
PUR003524,CUST03781,CAM005093,2026-04-20,682.12,0.0,682.12,Credit Card,Completed,0.219
PUR003525,CUST02793,CAM001720,2025-09-23,284.06,0.15,241.45,Credit Card,Completed,0.23
PUR003526,CUST03397,CAM004933,2025-10-24,740.06,0.0,740.06,Google Pay,Completed,0.338
PUR003527,CUST00679,CAM006751,2024-09-23,167.54,0.0,167.54,PayPal,Refunded,0.322
PUR003528,CUST00631,CAM000615,2025-11-04,484.96,0.11,431.61,Debit Card,Completed,0.288
PUR003529,CUST01703,CAM009908,2024-10-18,454.53,0.0,454.53,Credit Card,Cancelled,0.395
PUR003530,CUST00800,CAM001101,2025-02-24,802.67,0.01,794.64,Debit Card,Completed,0.309
PUR003531,CUST02340,CAM007804,2026-04-14,381.41,0.07,354.71,Debit Card,Cancelled,0.321
PUR003532,CUST00107,CAM002186,2026-04-26,606.87,0.0,606.87,PayPal,Completed,0.27
PUR003533,CUST04798,CAM000768,2026-07-15,1072.99,0.0,1072.99,Debit Card,Completed,0.243
PUR003534,CUST00295,CAM005574,2026-04-04,1136.27,0.22,886.29,PayPal,Completed,0.322
PUR003535,CUST01627,CAM000299,2026-05-10,430.28,0.0,430.28,Credit Card,Completed,0.297
PUR003536,CUST02570,CAM004998,2024-09-14,1125.43,0.0,1125.43,Debit Card,Completed,0.369
PUR003537,CUST03802,CAM006966,2026-06-17,1021.85,0.0,1021.85,Debit Card,Completed,0.393
PUR003538,CUST01070,CAM005796,2025-05-12,132.06,0.21,104.33,Debit Card,Completed,0.371
PUR003539,CUST01885,CAM008702,2024-10-09,185.3,0.0,185.3,Google Pay,Completed,0.369
PUR003540,CUST02274,CAM005522,2025-08-11,199.19,0.22,155.37,Debit Card,Completed,0.225
PUR003541,CUST02901,CAM008057,2024-08-20,519.15,0.0,519.15,Debit Card,Completed,0.284
PUR003542,CUST02450,CAM007100,2026-03-31,53.32,0.18,43.72,Credit Card,Completed,0.362
PUR003543,CUST02061,CAM001639,2025-09-22,200.89,0.0,200.89,Apple Pay,Completed,0.23
PUR003544,CUST02189,CAM006303,2026-05-26,2140.83,0.0,2140.83,Credit Card,Completed,0.435
PUR003545,CUST00552,CAM006512,2025-12-15,87.91,0.13,76.48,Credit Card,Completed,0.332
PUR003546,CUST02530,CAM009218,2025-11-29,794.34,0.13,691.08,Debit Card,Completed,0.283
PUR003547,CUST03467,CAM005448,2024-10-10,314.67,0.0,314.67,PayPal,Completed,0.36
PUR003548,CUST03695,CAM001221,2025-10-14,511.06,0.0,511.06,Credit Card,Refunded,0.38
PUR003549,CUST02559,CAM009456,2024-10-23,574.63,0.0,574.63,Credit Card,Completed,0.293
PUR003550,CUST03528,CAM000741,2024-11-06,110.27,0.06,103.65,Debit Card,Completed,0.324
PUR003551,CUST03852,CAM007026,2025-05-21,530.43,0.0,530.43,Credit Card,Completed,0.42
PUR003552,CUST01751,CAM002017,2026-01-12,271.37,0.0,271.37,PayPal,Completed,0.264
PUR003553,CUST04293,CAM006578,2026-02-26,279.21,0.0,279.21,Debit Card,Completed,0.215
PUR003554,CUST01068,CAM000633,2024-10-16,833.74,0.0,833.74,Debit Card,Completed,0.355
PUR003555,CUST04201,CAM004789,2025-10-21,227.03,0.1,204.33,Debit Card,Completed,0.441
PUR003556,CUST01853,CAM008056,2024-11-06,1875.33,0.17,1556.52,Debit Card,Completed,0.207
PUR003557,CUST00605,CAM000944,2026-01-30,343.65,0.23,264.61,PayPal,Completed,0.215
PUR003558,CUST02613,CAM005594,2025-07-11,1036.84,0.23,798.37,Credit Card,Pending,0.397
PUR003559,CUST00193,CAM000217,2025-04-27,573.86,0.1,516.47,Debit Card,Completed,0.202
PUR003560,CUST03927,CAM009529,2024-11-15,7344.36,0.05,6977.14,Apple Pay,Completed,0.365
PUR003561,CUST03069,CAM005277,2025-02-12,355.78,0.0,355.78,Credit Card,Completed,0.405
PUR003562,CUST02322,CAM007164,2025-06-16,138.08,0.01,136.7,Credit Card,Completed,0.239
PUR003563,CUST02621,CAM002421,2025-05-25,1519.17,0.18,1245.72,Google Pay,Completed,0.323
PUR003564,CUST01193,CAM002761,2026-01-05,518.67,0.23,399.38,Google Pay,Completed,0.297
PUR003565,CUST04442,CAM005776,2026-09-30,493.48,0.07,458.94,PayPal,Completed,0.418
PUR003566,CUST02990,CAM008479,2024-12-25,171.34,0.14,147.35,Credit Card,Completed,0.214
PUR003567,CUST00589,CAM005180,2025-05-24,1690.9,0.05,1606.36,Debit Card,Completed,0.427
PUR003568,CUST04995,CAM005077,2025-08-13,1118.88,0.0,1118.88,Google Pay,Cancelled,0.261
PUR003569,CUST04053,CAM006209,2025-05-27,1364.54,0.0,1364.54,Credit Card,Completed,0.432
PUR003570,CUST00459,CAM000043,2026-07-26,134.4,0.0,134.4,Debit Card,Completed,0.214
PUR003571,CUST03159,CAM009421,2026-06-04,1599.91,0.0,1599.91,Debit Card,Pending,0.437
PUR003572,CUST04659,CAM000389,2026-07-18,3043.61,0.05,2891.43,Credit Card,Completed,0.377
PUR003573,CUST00106,CAM003658,2026-07-05,74.5,0.2,59.6,Debit Card,Completed,0.382
PUR003574,CUST04830,CAM004666,2024-10-24,3233.62,0.0,3233.62,Apple Pay,Cancelled,0.303
PUR003575,CUST03482,CAM005147,2025-10-17,419.51,0.0,419.51,Credit Card,Completed,0.221
PUR003576,CUST00892,CAM005964,2025-12-05,241.31,0.0,241.31,Credit Card,Completed,0.318
PUR003577,CUST02024,CAM006951,2025-07-26,426.08,0.24,323.82,Google Pay,Pending,0.217
PUR003578,CUST04232,CAM004487,2025-07-02,484.88,0.19,392.75,Debit Card,Completed,0.429
PUR003579,CUST02116,CAM000263,2026-02-03,698.66,0.03,677.7,Apple Pay,Completed,0.345
PUR003580,CUST01892,CAM001379,2026-01-07,353.41,0.07,328.67,Google Pay,Completed,0.256
PUR003581,CUST00176,CAM009670,2026-01-27,1010.09,0.2,808.07,Credit Card,Completed,0.337
PUR003582,CUST03036,CAM006181,2026-06-16,527.84,0.0,527.84,Credit Card,Completed,0.328
PUR003583,CUST00278,CAM002072,2025-06-14,673.3,0.0,673.3,Credit Card,Completed,0.444
PUR003584,CUST00306,CAM000700,2024-12-19,291.01,0.0,291.01,PayPal,Completed,0.3
PUR003585,CUST02065,CAM001088,2026-04-02,117.15,0.23,90.21,Apple Pay,Completed,0.242
PUR003586,CUST00146,CAM002885,2025-02-11,408.69,0.0,408.69,Debit Card,Completed,0.345
PUR003587,CUST04251,CAM008636,2025-08-25,1472.22,0.23,1133.61,Debit Card,Completed,0.211
PUR003588,CUST02677,CAM000726,2026-02-17,315.59,0.0,315.59,PayPal,Completed,0.433
PUR003589,CUST00654,CAM008830,2025-09-24,1545.69,0.13,1344.75,PayPal,Completed,0.202
PUR003590,CUST03402,CAM001141,2026-03-23,1918.56,0.0,1918.56,Credit Card,Completed,0.448
PUR003591,CUST04926,CAM003131,2025-02-07,509.94,0.24,387.55,Debit Card,Completed,0.387
PUR003592,CUST02832,CAM007115,2025-11-04,2050.49,0.11,1824.94,Credit Card,Completed,0.284
PUR003593,CUST04761,CAM006746,2025-06-22,1857.58,0.0,1857.58,Credit Card,Completed,0.224
PUR003594,CUST03589,CAM009224,2025-08-17,1948.69,0.0,1948.69,PayPal,Pending,0.221
PUR003595,CUST00346,CAM007150,2024-11-25,1244.73,0.03,1207.39,Credit Card,Completed,0.272
PUR003596,CUST00179,CAM005046,2024-12-28,403.39,0.11,359.02,PayPal,Cancelled,0.428
PUR003597,CUST04330,CAM005275,2025-05-19,664.39,0.0,664.39,Debit Card,Completed,0.445
PUR003598,CUST00721,CAM006528,2026-07-02,694.54,0.12,611.2,PayPal,Cancelled,0.406
PUR003599,CUST00692,CAM000055,2025-04-08,697.63,0.14,599.96,PayPal,Pending,0.366
PUR003600,CUST03142,CAM001910,2025-09-27,313.13,0.02,306.87,Google Pay,Completed,0.446
PUR003601,CUST00486,CAM000703,2026-01-08,1684.75,0.02,1651.06,Debit Card,Completed,0.291
PUR003602,CUST01716,CAM009934,2026-02-24,738.31,0.0,738.31,Apple Pay,Pending,0.43
PUR003603,CUST01167,CAM004545,2025-03-20,160.4,0.0,160.4,Debit Card,Completed,0.401
PUR003604,CUST03491,CAM009229,2024-12-01,361.88,0.0,361.88,Credit Card,Cancelled,0.338
PUR003605,CUST02585,CAM009469,2025-10-22,671.33,0.0,671.33,PayPal,Completed,0.29
PUR003606,CUST04691,CAM004749,2026-03-20,532.2,0.15,452.37,Credit Card,Completed,0.265
PUR003607,CUST00727,CAM003838,2025-09-25,646.88,0.05,614.54,Credit Card,Pending,0.269
PUR003608,CUST02522,CAM001778,2025-05-12,324.57,0.15,275.88,Google Pay,Completed,0.248
PUR003609,CUST01094,CAM007093,2025-06-11,798.12,0.0,798.12,PayPal,Completed,0.312
PUR003610,CUST01866,CAM008229,2026-02-22,793.85,0.23,611.26,Credit Card,Completed,0.37
PUR003611,CUST01449,CAM003861,2025-02-18,260.33,0.06,244.71,Google Pay,Completed,0.402
PUR003612,CUST00057,CAM007793,2026-02-14,398.81,0.11,354.94,Apple Pay,Completed,0.333
PUR003613,CUST02149,CAM003091,2026-05-22,437.77,0.0,437.77,Apple Pay,Completed,0.351
PUR003614,CUST04745,CAM002281,2026-04-13,1181.96,0.05,1122.86,Debit Card,Completed,0.346
PUR003615,CUST02601,CAM002623,2026-03-09,441.16,0.0,441.16,Apple Pay,Completed,0.212
PUR003616,CUST00137,CAM001460,2026-06-22,775.34,0.09,705.56,Credit Card,Completed,0.204
PUR003617,CUST04225,CAM009543,2026-08-07,970.04,0.0,970.04,Credit Card,Completed,0.413
PUR003618,CUST02536,CAM009829,2025-10-11,439.98,0.0,439.98,Apple Pay,Completed,0.214
PUR003619,CUST01519,CAM000883,2026-04-06,295.36,0.0,295.36,Credit Card,Completed,0.371
PUR003620,CUST04826,CAM006428,2026-03-23,502.11,0.0,502.11,Debit Card,Cancelled,0.38
PUR003621,CUST03435,CAM002298,2025-08-26,111.29,0.0,111.29,Credit Card,Completed,0.391
PUR003622,CUST04814,CAM004151,2025-11-01,2229.5,0.0,2229.5,Google Pay,Completed,0.399
PUR003623,CUST01247,CAM001828,2025-07-27,2778.53,0.0,2778.53,Debit Card,Completed,0.327
PUR003624,CUST01326,CAM003899,2025-08-19,181.95,0.2,145.56,Apple Pay,Completed,0.276
PUR003625,CUST03042,CAM004176,2025-01-15,5000.0,0.19,4050.0,Credit Card,Pending,0.353
PUR003626,CUST01171,CAM006523,2025-03-07,291.04,0.0,291.04,Apple Pay,Completed,0.357
PUR003627,CUST01869,CAM006298,2025-10-20,730.19,0.13,635.27,Debit Card,Completed,0.256
PUR003628,CUST04539,CAM007826,2026-02-16,2826.71,0.0,2826.71,Google Pay,Completed,0.218
PUR003629,CUST02463,CAM001821,2026-01-03,187.98,0.24,142.86,Debit Card,Completed,0.416
PUR003630,CUST00317,CAM005531,2025-02-05,262.18,0.0,262.18,Credit Card,Completed,0.312
PUR003631,CUST03963,CAM003290,2024-09-06,298.75,0.0,298.75,PayPal,Pending,0.375
PUR003632,CUST03357,CAM007588,2026-08-11,170.66,0.0,170.66,PayPal,Completed,0.23
PUR003633,CUST03938,CAM006945,2025-09-25,563.85,0.0,563.85,Apple Pay,Completed,0.287
PUR003634,CUST01077,CAM008406,2026-07-26,810.11,0.19,656.19,Credit Card,Completed,0.399
PUR003635,CUST00003,CAM007033,2025-01-22,510.01,0.0,510.01,Debit Card,Completed,0.256
PUR003636,CUST02861,CAM008962,2025-04-21,471.59,0.12,415.0,Debit Card,Pending,0.281
PUR003637,CUST00189,CAM004212,2026-06-20,98.88,0.0,98.88,Apple Pay,Completed,0.398
PUR003638,CUST03276,CAM003457,2026-04-19,367.9,0.0,367.9,Credit Card,Pending,0.376
PUR003639,CUST00617,CAM006447,2025-07-11,315.79,0.14,271.58,Apple Pay,Completed,0.332
PUR003640,CUST02610,CAM001060,2024-12-16,673.93,0.0,673.93,Apple Pay,Completed,0.425
PUR003641,CUST01878,CAM001750,2025-04-08,1040.28,0.0,1040.28,Credit Card,Completed,0.378
PUR003642,CUST04289,CAM006472,2025-11-29,1348.48,0.07,1254.09,Debit Card,Completed,0.295
PUR003643,CUST02319,CAM006081,2026-01-27,544.0,0.12,478.72,Debit Card,Pending,0.338
PUR003644,CUST01939,CAM007835,2025-10-03,988.33,0.0,988.33,Credit Card,Cancelled,0.278
PUR003645,CUST04391,CAM004499,2025-11-27,421.99,0.0,421.99,Apple Pay,Completed,0.267
PUR003646,CUST02882,CAM001077,2026-07-02,1141.2,0.15,970.02,Credit Card,Completed,0.315
PUR003647,CUST04291,CAM002756,2026-08-18,1289.51,0.0,1289.51,Apple Pay,Completed,0.288
PUR003648,CUST03881,CAM005060,2025-08-10,235.88,0.0,235.88,Debit Card,Completed,0.234
PUR003649,CUST01185,CAM008674,2026-03-10,1210.05,0.0,1210.05,Debit Card,Completed,0.265
PUR003650,CUST00353,CAM000782,2025-08-16,661.42,0.0,661.42,PayPal,Completed,0.314
PUR003651,CUST01925,CAM009420,2025-06-20,1089.25,0.0,1089.25,Debit Card,Completed,0.215
PUR003652,CUST00783,CAM003087,2025-03-05,1730.27,0.24,1315.01,Apple Pay,Completed,0.342
PUR003653,CUST02553,CAM002883,2025-09-17,407.13,0.21,321.63,PayPal,Completed,0.26
PUR003654,CUST01389,CAM004959,2025-06-20,1043.61,0.0,1043.61,Debit Card,Pending,0.367
PUR003655,CUST00924,CAM003260,2026-05-04,1162.55,0.0,1162.55,Debit Card,Completed,0.216
PUR003656,CUST00948,CAM003490,2025-04-09,302.88,0.17,251.39,Google Pay,Completed,0.241
PUR003657,CUST04694,CAM009806,2026-06-28,296.81,0.0,296.81,Apple Pay,Cancelled,0.21
PUR003658,CUST02853,CAM001045,2026-04-14,214.86,0.0,214.86,Debit Card,Completed,0.293
PUR003659,CUST02376,CAM003207,2025-12-04,240.77,0.1,216.69,Credit Card,Completed,0.245
PUR003660,CUST01005,CAM002396,2025-08-27,223.74,0.23,172.28,Google Pay,Completed,0.45
PUR003661,CUST02179,CAM000732,2025-09-04,648.5,0.0,648.5,Credit Card,Completed,0.265
PUR003662,CUST01249,CAM008293,2025-05-03,357.45,0.0,357.45,Credit Card,Completed,0.231
PUR003663,CUST03940,CAM001418,2024-09-10,92.09,0.0,92.09,PayPal,Pending,0.275
PUR003664,CUST03174,CAM001070,2026-08-28,575.53,0.11,512.22,Google Pay,Completed,0.372
PUR003665,CUST03171,CAM004198,2026-03-15,302.05,0.0,302.05,Google Pay,Pending,0.316
PUR003666,CUST04721,CAM008226,2025-12-08,482.36,0.0,482.36,Google Pay,Completed,0.237
PUR003667,CUST03626,CAM003512,2026-09-20,586.36,0.0,586.36,Debit Card,Completed,0.393
PUR003668,CUST00290,CAM007063,2026-06-12,542.47,0.0,542.47,Credit Card,Completed,0.4
PUR003669,CUST04404,CAM009360,2026-05-01,544.53,0.0,544.53,Credit Card,Completed,0.368
PUR003670,CUST04692,CAM002216,2026-01-19,262.97,0.02,257.71,Credit Card,Completed,0.318
PUR003671,CUST04848,CAM009719,2025-01-13,515.2,0.0,515.2,Google Pay,Completed,0.244
PUR003672,CUST04862,CAM000400,2026-04-04,806.91,0.0,806.91,Apple Pay,Cancelled,0.355
PUR003673,CUST01271,CAM000250,2024-09-15,845.7,0.22,659.65,PayPal,Completed,0.244
PUR003674,CUST01529,CAM001972,2025-11-13,1183.74,0.22,923.32,PayPal,Completed,0.248
PUR003675,CUST01445,CAM008865,2026-07-19,1349.5,0.0,1349.5,PayPal,Completed,0.302
PUR003676,CUST00931,CAM009677,2026-08-02,2467.58,0.0,2467.58,Debit Card,Completed,0.258
PUR003677,CUST00998,CAM009890,2026-06-16,816.76,0.0,816.76,Debit Card,Refunded,0.347
PUR003678,CUST02619,CAM000715,2025-03-25,20.8,0.0,20.8,PayPal,Completed,0.34
PUR003679,CUST04772,CAM005086,2025-03-16,354.7,0.0,354.7,Debit Card,Completed,0.315
PUR003680,CUST00680,CAM006476,2024-11-28,2396.32,0.0,2396.32,Credit Card,Completed,0.376
PUR003681,CUST04610,CAM009297,2024-10-19,324.7,0.0,324.7,Debit Card,Completed,0.361
PUR003682,CUST04045,CAM007326,2026-08-31,201.35,0.0,201.35,Credit Card,Completed,0.251
PUR003683,CUST02814,CAM009926,2025-11-18,313.11,0.1,281.8,Apple Pay,Completed,0.24
PUR003684,CUST00338,CAM005728,2024-12-17,1596.18,0.0,1596.18,Credit Card,Completed,0.228
PUR003685,CUST03684,CAM000701,2025-09-18,800.97,0.0,800.97,Debit Card,Completed,0.436
PUR003686,CUST03831,CAM004358,2025-09-24,124.39,0.19,100.76,Credit Card,Completed,0.37
PUR003687,CUST03069,CAM006888,2024-09-02,828.44,0.0,828.44,Apple Pay,Cancelled,0.362
PUR003688,CUST00446,CAM000899,2025-05-12,1226.75,0.0,1226.75,Credit Card,Cancelled,0.406
PUR003689,CUST03076,CAM008303,2025-10-15,274.95,0.0,274.95,Google Pay,Cancelled,0.397
PUR003690,CUST02274,CAM004923,2025-06-27,947.66,0.25,710.74,Google Pay,Completed,0.272
PUR003691,CUST01100,CAM009955,2026-04-02,68.76,0.0,68.76,Debit Card,Pending,0.221
PUR003692,CUST02224,CAM004341,2025-08-16,388.05,0.0,388.05,Credit Card,Completed,0.443
PUR003693,CUST04823,CAM007620,2026-01-16,54.06,0.13,47.03,Credit Card,Completed,0.277
PUR003694,CUST03052,CAM006583,2025-02-02,830.88,0.0,830.88,Apple Pay,Completed,0.252
PUR003695,CUST03065,CAM002820,2025-04-11,2100.04,0.0,2100.04,Credit Card,Completed,0.282
PUR003696,CUST02798,CAM000212,2026-06-07,674.26,0.0,674.26,PayPal,Completed,0.449
PUR003697,CUST03860,CAM003491,2025-05-16,491.61,0.0,491.61,Google Pay,Completed,0.345
PUR003698,CUST02418,CAM007734,2025-09-15,302.52,0.03,293.44,Debit Card,Pending,0.244
PUR003699,CUST02070,CAM001651,2025-09-02,2369.26,0.17,1966.49,Google Pay,Completed,0.316
PUR003700,CUST03146,CAM008453,2026-06-23,199.64,0.0,199.64,Apple Pay,Completed,0.363
PUR003701,CUST04831,CAM005801,2026-01-04,152.15,0.01,150.63,Credit Card,Completed,0.257
PUR003702,CUST02296,CAM008190,2025-12-21,668.41,0.0,668.41,Apple Pay,Refunded,0.403
PUR003703,CUST00729,CAM007488,2026-02-17,938.79,0.14,807.36,PayPal,Cancelled,0.294
PUR003704,CUST01250,CAM009563,2025-07-06,355.94,0.16,298.99,Credit Card,Completed,0.437
PUR003705,CUST04180,CAM009752,2025-07-14,1659.78,0.0,1659.78,Google Pay,Completed,0.402
PUR003706,CUST01295,CAM001438,2026-03-25,1106.5,0.0,1106.5,Debit Card,Completed,0.424
PUR003707,CUST00684,CAM003006,2025-02-10,445.9,0.0,445.9,Credit Card,Completed,0.448
PUR003708,CUST03181,CAM003314,2025-08-05,1446.09,0.09,1315.94,PayPal,Completed,0.317
PUR003709,CUST00769,CAM008649,2025-06-30,86.08,0.1,77.47,Credit Card,Completed,0.443
PUR003710,CUST04891,CAM002517,2026-04-18,126.55,0.0,126.55,Debit Card,Completed,0.226
PUR003711,CUST04352,CAM002625,2026-02-13,313.87,0.0,313.87,Debit Card,Completed,0.311
PUR003712,CUST00394,CAM005939,2025-07-09,3663.38,0.0,3663.38,Apple Pay,Refunded,0.346
PUR003713,CUST03942,CAM001974,2024-10-30,810.81,0.0,810.81,PayPal,Completed,0.412
PUR003714,CUST03718,CAM000491,2026-07-10,1070.46,0.0,1070.46,Debit Card,Completed,0.34
PUR003715,CUST00271,CAM004211,2025-11-11,341.19,0.0,341.19,Credit Card,Pending,0.415
PUR003716,CUST01557,CAM004535,2024-10-01,300.34,0.0,300.34,Credit Card,Completed,0.306
PUR003717,CUST00214,CAM003246,2025-03-24,1068.96,0.04,1026.2,Apple Pay,Completed,0.281
PUR003718,CUST03893,CAM004564,2026-03-04,681.27,0.0,681.27,Google Pay,Completed,0.377
PUR003719,CUST04777,CAM005048,2025-11-08,449.64,0.0,449.64,Debit Card,Pending,0.318
PUR003720,CUST03200,CAM000902,2024-09-14,344.84,0.1,310.36,Credit Card,Completed,0.34
PUR003721,CUST02203,CAM009480,2024-10-08,839.97,0.0,839.97,Google Pay,Completed,0.445
PUR003722,CUST02060,CAM000386,2024-12-16,1094.28,0.03,1061.45,Credit Card,Completed,0.36
PUR003723,CUST04373,CAM001747,2024-10-11,307.48,0.0,307.48,Debit Card,Pending,0.39
PUR003724,CUST00652,CAM001068,2025-05-09,197.53,0.16,165.93,Credit Card,Completed,0.263
PUR003725,CUST02527,CAM003838,2025-11-03,821.78,0.0,821.78,PayPal,Cancelled,0.255
PUR003726,CUST03328,CAM008333,2025-07-20,353.26,0.07,328.53,Debit Card,Completed,0.253
PUR003727,CUST00396,CAM000898,2025-02-25,739.79,0.13,643.62,Apple Pay,Pending,0.217
PUR003728,CUST01034,CAM007756,2024-10-17,373.61,0.0,373.61,PayPal,Completed,0.322
PUR003729,CUST03074,CAM008283,2024-11-29,841.93,0.0,841.93,Apple Pay,Completed,0.227
PUR003730,CUST02925,CAM000485,2026-02-19,749.86,0.0,749.86,Credit Card,Completed,0.207
PUR003731,CUST00744,CAM005084,2025-08-11,418.61,0.0,418.61,Google Pay,Pending,0.414
PUR003732,CUST01970,CAM003841,2026-08-31,285.3,0.0,285.3,Apple Pay,Completed,0.42
PUR003733,CUST02263,CAM001890,2024-12-10,387.01,0.12,340.57,Debit Card,Completed,0.277
PUR003734,CUST00666,CAM008263,2026-07-21,389.17,0.0,389.17,Debit Card,Completed,0.315
PUR003735,CUST00910,CAM002965,2026-05-03,241.92,0.0,241.92,PayPal,Completed,0.363
PUR003736,CUST04728,CAM003563,2026-05-11,1185.81,0.17,984.22,PayPal,Completed,0.275
PUR003737,CUST02542,CAM003018,2026-03-27,1215.52,0.0,1215.52,PayPal,Completed,0.244
PUR003738,CUST00767,CAM001163,2025-03-21,1408.85,0.0,1408.85,Apple Pay,Completed,0.424
PUR003739,CUST00301,CAM009174,2026-03-15,102.17,0.0,102.17,Debit Card,Completed,0.243
PUR003740,CUST00461,CAM005152,2026-03-29,1236.51,0.0,1236.51,Debit Card,Completed,0.439
PUR003741,CUST01349,CAM002747,2025-09-07,614.46,0.0,614.46,Debit Card,Cancelled,0.215
PUR003742,CUST04937,CAM009684,2026-04-25,1358.23,0.0,1358.23,Apple Pay,Completed,0.434
PUR003743,CUST02226,CAM002694,2026-07-01,659.06,0.22,514.07,Credit Card,Completed,0.421
PUR003744,CUST02054,CAM006879,2025-02-04,244.51,0.15,207.83,Credit Card,Completed,0.424
PUR003745,CUST02544,CAM006825,2026-07-18,447.44,0.08,411.64,Google Pay,Completed,0.339
PUR003746,CUST00924,CAM003304,2026-04-07,644.03,0.21,508.78,Credit Card,Cancelled,0.22
PUR003747,CUST04141,CAM006522,2025-10-10,3157.38,0.0,3157.38,Credit Card,Completed,0.337
PUR003748,CUST04636,CAM000377,2025-01-24,114.95,0.0,114.95,Apple Pay,Completed,0.317
PUR003749,CUST02383,CAM005676,2026-02-03,709.72,0.0,709.72,Credit Card,Pending,0.301
PUR003750,CUST02458,CAM002617,2025-04-07,682.2,0.0,682.2,PayPal,Completed,0.322
PUR003751,CUST00923,CAM006055,2025-05-27,378.58,0.0,378.58,Apple Pay,Refunded,0.336
PUR003752,CUST03511,CAM007640,2024-08-31,644.87,0.0,644.87,Google Pay,Completed,0.406
PUR003753,CUST01394,CAM001866,2026-05-30,474.35,0.0,474.35,Credit Card,Cancelled,0.277
PUR003754,CUST02183,CAM004939,2026-07-09,551.97,0.0,551.97,Google Pay,Completed,0.304
PUR003755,CUST01310,CAM008490,2026-06-03,582.69,0.0,582.69,Apple Pay,Completed,0.347
PUR003756,CUST04927,CAM009480,2024-12-03,1222.12,0.0,1222.12,Google Pay,Completed,0.446
PUR003757,CUST04091,CAM003525,2026-10-02,1888.23,0.0,1888.23,Google Pay,Completed,0.327
PUR003758,CUST02799,CAM005774,2026-01-29,404.35,0.0,404.35,Debit Card,Completed,0.353
PUR003759,CUST03725,CAM003998,2026-07-18,856.58,0.0,856.58,Credit Card,Completed,0.398
PUR003760,CUST04619,CAM008917,2024-11-07,697.92,0.0,697.92,Credit Card,Completed,0.28
PUR003761,CUST03066,CAM004963,2025-01-17,539.76,0.0,539.76,Debit Card,Completed,0.282
PUR003762,CUST02488,CAM001970,2025-08-29,64.84,0.0,64.84,Credit Card,Completed,0.226
PUR003763,CUST01906,CAM000126,2025-06-06,117.64,0.0,117.64,Debit Card,Completed,0.311
PUR003764,CUST04482,CAM000101,2024-10-14,930.63,0.06,874.79,PayPal,Completed,0.426
PUR003765,CUST02947,CAM007476,2026-02-13,155.45,0.19,125.91,Google Pay,Completed,0.338
PUR003766,CUST02627,CAM003136,2025-02-13,454.68,0.0,454.68,Credit Card,Completed,0.221
PUR003767,CUST02263,CAM008784,2025-03-19,222.77,0.12,196.04,Debit Card,Pending,0.337
PUR003768,CUST03332,CAM001547,2025-01-03,489.54,0.13,425.9,PayPal,Completed,0.386
PUR003769,CUST00005,CAM000872,2026-07-25,831.65,0.0,831.65,Credit Card,Completed,0.263
PUR003770,CUST03512,CAM004710,2026-08-28,562.69,0.0,562.69,Credit Card,Completed,0.205
PUR003771,CUST00625,CAM007014,2025-09-14,117.54,0.0,117.54,Credit Card,Completed,0.447
PUR003772,CUST03817,CAM000040,2025-08-22,482.22,0.0,482.22,PayPal,Completed,0.209
PUR003773,CUST04616,CAM003735,2025-10-26,127.59,0.04,122.49,Debit Card,Completed,0.353
PUR003774,CUST04248,CAM007673,2025-04-02,322.08,0.0,322.08,Debit Card,Completed,0.396
PUR003775,CUST02553,CAM001460,2026-06-23,1269.34,0.0,1269.34,Debit Card,Completed,0.213
PUR003776,CUST03905,CAM001376,2026-07-11,1190.75,0.09,1083.58,Google Pay,Completed,0.244
PUR003777,CUST02338,CAM006786,2024-11-12,173.71,0.0,173.71,Debit Card,Completed,0.407
PUR003778,CUST04649,CAM007307,2024-12-11,949.24,0.0,949.24,Credit Card,Completed,0.259
PUR003779,CUST02463,CAM004112,2024-11-16,597.3,0.0,597.3,Debit Card,Completed,0.341
PUR003780,CUST00519,CAM000572,2025-03-02,231.61,0.0,231.61,PayPal,Completed,0.391
PUR003781,CUST02555,CAM008062,2025-09-30,1505.93,0.17,1249.92,PayPal,Completed,0.212
PUR003782,CUST02337,CAM009236,2026-06-30,775.4,0.07,721.12,Debit Card,Completed,0.232
PUR003783,CUST04665,CAM005846,2026-05-30,165.04,0.0,165.04,Debit Card,Completed,0.26
PUR003784,CUST03293,CAM001083,2025-09-24,2428.57,0.0,2428.57,Google Pay,Completed,0.286
PUR003785,CUST00211,CAM001648,2025-12-11,1825.91,0.03,1771.13,Credit Card,Completed,0.245
PUR003786,CUST02237,CAM000413,2025-08-19,439.94,0.19,356.35,Apple Pay,Completed,0.236
PUR003787,CUST02030,CAM007035,2025-02-17,197.53,0.07,183.7,Credit Card,Completed,0.222
PUR003788,CUST01826,CAM008243,2026-06-01,403.22,0.0,403.22,Credit Card,Completed,0.412
PUR003789,CUST04106,CAM003023,2026-09-14,75.92,0.01,75.16,Apple Pay,Completed,0.337
PUR003790,CUST00618,CAM008594,2026-04-08,175.3,0.19,141.99,Debit Card,Completed,0.437
PUR003791,CUST00262,CAM007621,2025-07-11,302.27,0.0,302.27,Apple Pay,Pending,0.395
PUR003792,CUST04718,CAM009799,2025-08-15,186.06,0.0,186.06,Credit Card,Completed,0.311
PUR003793,CUST04861,CAM009689,2025-04-30,470.41,0.0,470.41,Google Pay,Completed,0.358
PUR003794,CUST01373,CAM007675,2025-11-14,185.29,0.0,185.29,PayPal,Completed,0.315
PUR003795,CUST02794,CAM004884,2024-12-23,788.31,0.0,788.31,Debit Card,Completed,0.362
PUR003796,CUST00805,CAM006535,2026-06-14,188.27,0.0,188.27,Debit Card,Completed,0.377
PUR003797,CUST04395,CAM004646,2025-02-17,472.42,0.0,472.42,PayPal,Completed,0.414
PUR003798,CUST00197,CAM002332,2025-02-25,286.51,0.0,286.51,Credit Card,Completed,0.355
PUR003799,CUST00378,CAM007487,2026-06-22,84.05,0.0,84.05,PayPal,Completed,0.23
PUR003800,CUST04273,CAM008451,2025-11-08,778.16,0.0,778.16,Credit Card,Completed,0.33
PUR003801,CUST04033,CAM004945,2026-03-21,493.61,0.0,493.61,Debit Card,Pending,0.418
PUR003802,CUST00211,CAM002632,2025-11-04,953.32,0.06,896.12,Credit Card,Completed,0.356
PUR003803,CUST04307,CAM004800,2025-08-13,702.11,0.0,702.11,PayPal,Completed,0.422
PUR003804,CUST00417,CAM003659,2025-05-25,1698.95,0.0,1698.95,PayPal,Completed,0.204
PUR003805,CUST01993,CAM003195,2024-11-03,890.43,0.04,854.81,PayPal,Completed,0.253
PUR003806,CUST00137,CAM002627,2025-07-28,1345.19,0.0,1345.19,Apple Pay,Completed,0.293
PUR003807,CUST03218,CAM007728,2025-08-19,1558.9,0.14,1340.65,Credit Card,Completed,0.336
PUR003808,CUST00592,CAM003434,2026-03-25,139.62,0.0,139.62,PayPal,Pending,0.436
PUR003809,CUST04301,CAM004006,2026-06-08,547.38,0.11,487.17,PayPal,Completed,0.246
PUR003810,CUST04062,CAM004683,2026-05-16,244.8,0.0,244.8,Google Pay,Pending,0.318
PUR003811,CUST01312,CAM009169,2024-11-14,271.97,0.0,271.97,Credit Card,Completed,0.375
PUR003812,CUST01537,CAM006697,2025-07-25,1289.96,0.2,1031.97,Credit Card,Completed,0.398
PUR003813,CUST00630,CAM003920,2024-10-03,739.7,0.2,591.76,PayPal,Completed,0.263
PUR003814,CUST00356,CAM008399,2026-08-07,567.46,0.23,436.94,Google Pay,Completed,0.203
PUR003815,CUST02772,CAM009146,2025-01-23,388.9,0.13,338.34,Apple Pay,Cancelled,0.319
PUR003816,CUST01465,CAM007716,2026-07-08,738.65,0.0,738.65,Credit Card,Completed,0.404
PUR003817,CUST03872,CAM008716,2024-10-28,1033.21,0.0,1033.21,Credit Card,Completed,0.25
PUR003818,CUST04190,CAM002518,2025-08-21,550.24,0.0,550.24,Credit Card,Refunded,0.219
PUR003819,CUST04768,CAM004871,2025-03-27,908.98,0.19,736.27,PayPal,Refunded,0.337
PUR003820,CUST01424,CAM001772,2025-09-15,693.66,0.0,693.66,Google Pay,Completed,0.202
PUR003821,CUST01913,CAM000082,2025-09-29,5135.91,0.0,5135.91,Apple Pay,Completed,0.22
PUR003822,CUST01008,CAM004363,2026-05-15,405.5,0.16,340.62,PayPal,Completed,0.318
PUR003823,CUST02746,CAM004061,2025-03-20,583.09,0.24,443.15,Debit Card,Completed,0.398
PUR003824,CUST03454,CAM003232,2026-05-15,922.44,0.0,922.44,Google Pay,Refunded,0.387
PUR003825,CUST03208,CAM008473,2026-05-11,249.61,0.0,249.61,Google Pay,Completed,0.219
PUR003826,CUST02937,CAM007416,2026-07-12,604.92,0.0,604.92,Apple Pay,Cancelled,0.319
PUR003827,CUST01097,CAM006654,2025-01-28,746.21,0.0,746.21,Debit Card,Completed,0.289
PUR003828,CUST04613,CAM001122,2026-03-23,612.25,0.2,489.8,Google Pay,Completed,0.218
PUR003829,CUST01565,CAM003069,2026-03-25,1038.06,0.0,1038.06,Apple Pay,Refunded,0.213
PUR003830,CUST00605,CAM008255,2025-03-19,434.94,0.0,434.94,PayPal,Completed,0.336
PUR003831,CUST03021,CAM008365,2026-05-07,140.75,0.11,125.27,PayPal,Completed,0.358
PUR003832,CUST01883,CAM003354,2025-04-26,194.25,0.13,169.0,Credit Card,Pending,0.401
PUR003833,CUST03161,CAM005696,2025-03-22,1313.23,0.0,1313.23,Google Pay,Cancelled,0.412
PUR003834,CUST01070,CAM000576,2025-11-19,106.55,0.18,87.37,PayPal,Pending,0.243
PUR003835,CUST02530,CAM004218,2025-02-02,379.25,0.0,379.25,PayPal,Completed,0.255
PUR003836,CUST03987,CAM007527,2025-12-29,194.55,0.06,182.88,Debit Card,Completed,0.399
PUR003837,CUST04122,CAM004528,2026-02-14,1191.68,0.0,1191.68,Debit Card,Completed,0.207
PUR003838,CUST00977,CAM002033,2025-09-07,1020.8,0.1,918.72,Credit Card,Completed,0.377
PUR003839,CUST04379,CAM002984,2024-10-05,513.28,0.0,513.28,Credit Card,Pending,0.273
PUR003840,CUST03843,CAM008149,2025-06-09,789.53,0.0,789.53,Apple Pay,Completed,0.351
PUR003841,CUST02236,CAM003864,2025-07-14,1300.14,0.0,1300.14,Debit Card,Pending,0.255
PUR003842,CUST04164,CAM006574,2026-01-08,593.83,0.0,593.83,PayPal,Completed,0.419
PUR003843,CUST03857,CAM005063,2026-07-21,2872.45,0.07,2671.38,Credit Card,Cancelled,0.357
PUR003844,CUST00277,CAM000596,2026-02-18,307.83,0.0,307.83,Google Pay,Completed,0.338
PUR003845,CUST02528,CAM000575,2024-12-20,273.94,0.0,273.94,Apple Pay,Completed,0.367
PUR003846,CUST03732,CAM000513,2026-02-15,260.71,0.0,260.71,PayPal,Completed,0.441
PUR003847,CUST00951,CAM000164,2026-09-16,456.65,0.0,456.65,Google Pay,Completed,0.231
PUR003848,CUST04692,CAM003977,2025-11-12,310.55,0.08,285.71,Credit Card,Completed,0.299
PUR003849,CUST00542,CAM001762,2026-05-21,516.03,0.0,516.03,Debit Card,Completed,0.346
PUR003850,CUST03542,CAM002430,2025-01-02,674.56,0.0,674.56,Credit Card,Completed,0.37
PUR003851,CUST01354,CAM008147,2025-09-25,1206.79,0.0,1206.79,Credit Card,Completed,0.25
PUR003852,CUST03942,CAM008000,2026-02-15,892.0,0.0,892.0,Apple Pay,Completed,0.412
PUR003853,CUST02071,CAM005417,2026-04-18,772.49,0.09,702.97,Credit Card,Completed,0.203
PUR003854,CUST04996,CAM007879,2025-09-20,533.3,0.02,522.63,Credit Card,Completed,0.291
PUR003855,CUST04023,CAM000410,2025-03-16,2213.33,0.0,2213.33,Credit Card,Completed,0.413
PUR003856,CUST01133,CAM003762,2026-04-05,895.63,0.0,895.63,Debit Card,Refunded,0.282
PUR003857,CUST02163,CAM000780,2024-12-07,393.41,0.23,302.93,Credit Card,Completed,0.234
PUR003858,CUST01607,CAM002387,2025-05-07,158.78,0.0,158.78,Credit Card,Refunded,0.362
PUR003859,CUST01629,CAM007637,2025-11-13,734.74,0.06,690.66,Google Pay,Refunded,0.408
PUR003860,CUST00240,CAM006071,2025-08-02,256.93,0.04,246.65,Credit Card,Completed,0.361
PUR003861,CUST00759,CAM009911,2024-10-05,1199.86,0.0,1199.86,Debit Card,Completed,0.34
PUR003862,CUST03890,CAM008234,2024-09-16,474.68,0.0,474.68,Credit Card,Completed,0.371
PUR003863,CUST01566,CAM005457,2025-10-16,1838.07,0.12,1617.5,Google Pay,Completed,0.209
PUR003864,CUST01705,CAM005122,2024-12-07,1643.34,0.0,1643.34,Debit Card,Completed,0.324
PUR003865,CUST01549,CAM005632,2026-04-01,753.27,0.21,595.08,PayPal,Completed,0.308
PUR003866,CUST04808,CAM006533,2025-08-30,1740.6,0.11,1549.13,PayPal,Completed,0.39
PUR003867,CUST03313,CAM008388,2025-07-24,654.37,0.0,654.37,PayPal,Cancelled,0.449
PUR003868,CUST00347,CAM005505,2025-11-01,363.37,0.0,363.37,Debit Card,Refunded,0.367
PUR003869,CUST00655,CAM005159,2025-07-21,1702.54,0.0,1702.54,Google Pay,Completed,0.305
PUR003870,CUST02113,CAM005719,2024-12-06,826.3,0.13,718.88,Apple Pay,Completed,0.348
PUR003871,CUST03072,CAM001041,2026-04-11,671.88,0.0,671.88,Apple Pay,Completed,0.44
PUR003872,CUST03669,CAM003278,2024-10-08,1416.7,0.0,1416.7,PayPal,Completed,0.325
PUR003873,CUST03227,CAM001714,2026-01-15,399.98,0.0,399.98,Credit Card,Completed,0.231
PUR003874,CUST02137,CAM003852,2025-10-02,138.27,0.03,134.12,Apple Pay,Completed,0.446
PUR003875,CUST00970,CAM004964,2026-01-27,1116.8,0.0,1116.8,Debit Card,Completed,0.25
PUR003876,CUST02154,CAM002349,2025-07-17,131.13,0.22,102.28,Debit Card,Completed,0.214
PUR003877,CUST03742,CAM001798,2025-11-13,963.37,0.14,828.5,Debit Card,Completed,0.373
PUR003878,CUST00696,CAM008834,2024-10-23,747.34,0.0,747.34,Apple Pay,Completed,0.275
PUR003879,CUST02943,CAM002571,2026-06-13,1205.69,0.0,1205.69,Credit Card,Completed,0.257
PUR003880,CUST03115,CAM005833,2025-04-03,235.1,0.0,235.1,Debit Card,Refunded,0.398
PUR003881,CUST02155,CAM008401,2024-10-08,642.92,0.0,642.92,Credit Card,Completed,0.262
PUR003882,CUST01932,CAM008975,2026-01-04,325.02,0.0,325.02,Apple Pay,Pending,0.222
PUR003883,CUST02387,CAM009816,2026-01-18,960.66,0.24,730.1,Debit Card,Completed,0.232
PUR003884,CUST00467,CAM000463,2025-10-07,187.23,0.0,187.23,PayPal,Completed,0.215
PUR003885,CUST00298,CAM003019,2025-08-06,460.75,0.24,350.17,PayPal,Completed,0.31
PUR003886,CUST03938,CAM004700,2026-07-02,854.16,0.01,845.62,PayPal,Completed,0.28
PUR003887,CUST00561,CAM006474,2025-05-08,260.2,0.0,260.2,Credit Card,Completed,0.244
PUR003888,CUST03964,CAM002863,2024-12-09,828.29,0.0,828.29,Credit Card,Completed,0.329
PUR003889,CUST00331,CAM001496,2025-08-04,136.08,0.0,136.08,PayPal,Completed,0.327
PUR003890,CUST01685,CAM004095,2026-07-16,2060.0,0.0,2060.0,Credit Card,Pending,0.403
PUR003891,CUST02123,CAM004695,2025-06-11,1827.13,0.25,1370.35,Google Pay,Completed,0.24
PUR003892,CUST04492,CAM008909,2026-08-02,330.68,0.0,330.68,Debit Card,Completed,0.421
PUR003893,CUST03868,CAM006427,2024-12-20,141.86,0.23,109.23,Credit Card,Completed,0.224
PUR003894,CUST02889,CAM004494,2024-11-02,269.35,0.0,269.35,Credit Card,Completed,0.382
PUR003895,CUST03579,CAM009719,2025-01-03,353.74,0.0,353.74,Debit Card,Completed,0.358
PUR003896,CUST04938,CAM008538,2025-12-26,956.63,0.12,841.83,Apple Pay,Completed,0.228
PUR003897,CUST04161,CAM002503,2025-08-21,272.48,0.21,215.26,PayPal,Completed,0.247
PUR003898,CUST03236,CAM007254,2026-01-24,156.85,0.0,156.85,Debit Card,Pending,0.31
PUR003899,CUST00640,CAM003383,2025-08-01,1289.11,0.13,1121.53,Credit Card,Completed,0.337
PUR003900,CUST04532,CAM008378,2025-09-24,1640.22,0.0,1640.22,Credit Card,Completed,0.34
PUR003901,CUST04337,CAM007827,2024-12-01,876.02,0.2,700.82,Debit Card,Completed,0.317
PUR003902,CUST04184,CAM001004,2025-08-27,688.18,0.0,688.18,Debit Card,Completed,0.273
PUR003903,CUST02730,CAM001181,2026-04-19,2848.16,0.0,2848.16,Credit Card,Completed,0.421
PUR003904,CUST04287,CAM000641,2026-07-19,380.39,0.0,380.39,PayPal,Completed,0.234
PUR003905,CUST01265,CAM006755,2025-04-26,367.05,0.0,367.05,Apple Pay,Completed,0.325
PUR003906,CUST02121,CAM009658,2025-06-30,328.41,0.0,328.41,Credit Card,Completed,0.258
PUR003907,CUST01501,CAM001244,2026-08-04,1113.38,0.12,979.77,PayPal,Refunded,0.253
PUR003908,CUST03110,CAM004958,2025-02-15,484.18,0.0,484.18,Google Pay,Pending,0.244
PUR003909,CUST01396,CAM007654,2025-06-04,625.33,0.21,494.01,Debit Card,Completed,0.209
PUR003910,CUST03437,CAM002699,2025-10-06,1832.98,0.2,1466.38,Credit Card,Completed,0.327
PUR003911,CUST02910,CAM006567,2025-07-23,1149.85,0.11,1023.37,Apple Pay,Completed,0.245
PUR003912,CUST03977,CAM009005,2026-02-05,266.8,0.0,266.8,Credit Card,Cancelled,0.421
PUR003913,CUST02360,CAM002401,2024-11-11,600.45,0.18,492.37,Debit Card,Completed,0.394
PUR003914,CUST03992,CAM007622,2026-04-09,1490.67,0.0,1490.67,Debit Card,Completed,0.355
PUR003915,CUST01154,CAM008768,2025-09-05,741.82,0.21,586.04,Apple Pay,Pending,0.283
PUR003916,CUST04504,CAM005841,2026-03-09,1014.14,0.0,1014.14,Google Pay,Completed,0.321
PUR003917,CUST02536,CAM002543,2025-03-25,611.08,0.0,611.08,Debit Card,Cancelled,0.363
PUR003918,CUST02203,CAM000836,2025-05-08,1954.24,0.04,1876.07,Credit Card,Completed,0.391
PUR003919,CUST03210,CAM008852,2024-10-30,1197.16,0.0,1197.16,Credit Card,Refunded,0.419
PUR003920,CUST04166,CAM005033,2025-12-09,395.45,0.0,395.45,Google Pay,Completed,0.346
PUR003921,CUST02184,CAM009602,2025-12-24,2494.85,0.07,2320.21,Credit Card,Completed,0.367
PUR003922,CUST02686,CAM008056,2024-12-08,1469.55,0.0,1469.55,PayPal,Completed,0.378
PUR003923,CUST04086,CAM001999,2026-01-07,555.79,0.0,555.79,Credit Card,Completed,0.349
PUR003924,CUST01999,CAM004519,2025-03-11,274.01,0.19,221.95,Debit Card,Completed,0.43
PUR003925,CUST03557,CAM003334,2026-07-20,662.21,0.0,662.21,Debit Card,Completed,0.256
PUR003926,CUST02283,CAM000108,2025-05-16,790.34,0.0,790.34,PayPal,Completed,0.227
PUR003927,CUST00689,CAM005232,2025-08-10,111.11,0.0,111.11,Credit Card,Completed,0.26
PUR003928,CUST00290,CAM003567,2025-12-15,443.47,0.19,359.21,Apple Pay,Completed,0.304
PUR003929,CUST02348,CAM007532,2025-02-27,1542.85,0.0,1542.85,PayPal,Completed,0.445
PUR003930,CUST04831,CAM008006,2025-05-27,363.13,0.0,363.13,Google Pay,Completed,0.275
PUR003931,CUST00653,CAM002974,2026-05-09,124.09,0.0,124.09,Google Pay,Completed,0.412
PUR003932,CUST00400,CAM003818,2025-09-09,1657.21,0.0,1657.21,PayPal,Completed,0.269
PUR003933,CUST04525,CAM008402,2025-07-03,501.71,0.01,496.69,PayPal,Completed,0.239
PUR003934,CUST00906,CAM005809,2025-06-26,289.91,0.0,289.91,Apple Pay,Completed,0.421
PUR003935,CUST02613,CAM007328,2025-07-04,1338.52,0.01,1325.13,Credit Card,Completed,0.444
PUR003936,CUST03263,CAM008553,2026-06-15,1046.97,0.0,1046.97,Debit Card,Completed,0.203
PUR003937,CUST00606,CAM000748,2025-01-26,650.55,0.0,650.55,Credit Card,Completed,0.413
PUR003938,CUST03549,CAM002207,2026-06-26,454.4,0.0,454.4,Credit Card,Pending,0.352
PUR003939,CUST01175,CAM004915,2026-08-21,307.56,0.0,307.56,Debit Card,Completed,0.367
PUR003940,CUST04898,CAM009864,2026-07-24,141.42,0.0,141.42,Credit Card,Completed,0.374
PUR003941,CUST00938,CAM000914,2026-06-07,633.82,0.03,614.81,PayPal,Completed,0.449
PUR003942,CUST04423,CAM000239,2026-07-22,933.22,0.16,783.9,Credit Card,Completed,0.363
PUR003943,CUST01019,CAM002134,2024-09-17,377.48,0.0,377.48,PayPal,Completed,0.405
PUR003944,CUST03259,CAM008405,2025-04-21,294.17,0.23,226.51,Google Pay,Completed,0.209
PUR003945,CUST01816,CAM009197,2026-07-10,969.65,0.14,833.9,Debit Card,Completed,0.419
PUR003946,CUST03174,CAM009405,2025-08-04,438.28,0.0,438.28,Apple Pay,Completed,0.241
PUR003947,CUST01770,CAM002611,2024-12-04,1600.94,0.24,1216.71,Google Pay,Completed,0.221
PUR003948,CUST03439,CAM004940,2026-06-05,883.0,0.0,883.0,Debit Card,Completed,0.322
PUR003949,CUST00725,CAM002941,2026-08-03,95.52,0.19,77.37,Google Pay,Pending,0.409
PUR003950,CUST02570,CAM004632,2026-03-23,1235.13,0.07,1148.67,Debit Card,Completed,0.27
PUR003951,CUST03223,CAM001314,2025-05-10,224.25,0.08,206.31,Credit Card,Completed,0.233
PUR003952,CUST02336,CAM007779,2024-12-25,2575.96,0.0,2575.96,Credit Card,Completed,0.416
PUR003953,CUST02436,CAM004494,2024-09-26,262.84,0.0,262.84,Debit Card,Refunded,0.415
PUR003954,CUST04333,CAM004042,2025-07-25,511.98,0.0,511.98,Debit Card,Completed,0.426
PUR003955,CUST01747,CAM000875,2024-12-02,857.09,0.07,797.09,Debit Card,Completed,0.277
PUR003956,CUST01690,CAM002225,2025-11-12,2143.94,0.0,2143.94,Apple Pay,Completed,0.363
PUR003957,CUST04414,CAM008812,2026-07-16,77.15,0.0,77.15,Debit Card,Pending,0.394
PUR003958,CUST01201,CAM000478,2025-02-14,1296.26,0.0,1296.26,Debit Card,Cancelled,0.275
PUR003959,CUST04281,CAM002094,2026-08-28,811.52,0.25,608.64,Credit Card,Completed,0.278
PUR003960,CUST04598,CAM003266,2025-03-31,863.67,0.15,734.12,PayPal,Completed,0.282
PUR003961,CUST02391,CAM002566,2024-12-07,1740.26,0.0,1740.26,Credit Card,Completed,0.378
PUR003962,CUST03622,CAM006300,2026-03-11,174.21,0.0,174.21,Debit Card,Pending,0.246
PUR003963,CUST00148,CAM001608,2026-07-06,380.92,0.0,380.92,Credit Card,Completed,0.221
PUR003964,CUST02699,CAM002639,2024-10-29,204.48,0.0,204.48,Google Pay,Completed,0.207
PUR003965,CUST00022,CAM009140,2025-12-22,198.47,0.2,158.78,Credit Card,Completed,0.361
PUR003966,CUST04462,CAM007344,2025-01-12,630.42,0.0,630.42,Debit Card,Completed,0.232
PUR003967,CUST02966,CAM001807,2024-12-13,81.47,0.0,81.47,PayPal,Completed,0.399
PUR003968,CUST01552,CAM004734,2026-02-24,387.94,0.01,384.06,Credit Card,Completed,0.355
PUR003969,CUST02807,CAM009062,2025-01-06,2309.5,0.0,2309.5,Credit Card,Completed,0.331
PUR003970,CUST02251,CAM001108,2025-02-27,416.02,0.0,416.02,PayPal,Completed,0.309
PUR003971,CUST03127,CAM003766,2024-11-15,709.81,0.0,709.81,Credit Card,Completed,0.301
PUR003972,CUST01467,CAM006150,2025-03-31,620.18,0.23,477.54,Debit Card,Completed,0.283
PUR003973,CUST00961,CAM005364,2026-03-02,663.37,0.0,663.37,Apple Pay,Completed,0.272
PUR003974,CUST02876,CAM008453,2026-06-01,579.58,0.0,579.58,Debit Card,Completed,0.219
PUR003975,CUST03127,CAM005034,2026-03-16,1012.59,0.0,1012.59,PayPal,Completed,0.43
PUR003976,CUST04184,CAM008825,2025-11-19,587.1,0.0,587.1,PayPal,Completed,0.393
PUR003977,CUST01013,CAM003440,2025-01-20,79.32,0.0,79.32,PayPal,Completed,0.447
PUR003978,CUST03746,CAM007909,2024-10-28,840.0,0.12,739.2,Google Pay,Completed,0.289
PUR003979,CUST00176,CAM007264,2024-10-21,5879.05,0.0,5879.05,Debit Card,Completed,0.435
PUR003980,CUST00774,CAM003863,2026-09-15,348.6,0.0,348.6,PayPal,Completed,0.444
PUR003981,CUST02067,CAM004192,2024-10-24,621.46,0.0,621.46,PayPal,Completed,0.205
PUR003982,CUST02260,CAM006569,2025-08-10,737.8,0.0,737.8,Credit Card,Completed,0.378
PUR003983,CUST00068,CAM006956,2025-01-05,549.11,0.05,521.65,Credit Card,Completed,0.418
PUR003984,CUST02157,CAM004342,2025-08-11,643.15,0.0,643.15,Debit Card,Completed,0.335
PUR003985,CUST04022,CAM008863,2025-12-23,1213.06,0.02,1188.8,Debit Card,Completed,0.223
PUR003986,CUST03035,CAM006610,2025-08-16,230.05,0.16,193.24,Debit Card,Completed,0.305
PUR003987,CUST00370,CAM007561,2025-07-17,393.86,0.07,366.29,Debit Card,Completed,0.249
PUR003988,CUST03979,CAM009553,2025-10-02,416.3,0.21,328.88,Credit Card,Completed,0.429
PUR003989,CUST01653,CAM000134,2024-09-20,198.91,0.08,183.0,Credit Card,Completed,0.293
PUR003990,CUST00483,CAM000017,2025-03-30,241.86,0.0,241.86,Credit Card,Pending,0.402
PUR003991,CUST01651,CAM005180,2025-05-12,892.13,0.06,838.6,Debit Card,Completed,0.339
PUR003992,CUST01029,CAM002326,2025-09-05,1203.77,0.14,1035.24,PayPal,Completed,0.443
PUR003993,CUST00760,CAM004560,2025-01-06,85.62,0.0,85.62,Debit Card,Completed,0.406
PUR003994,CUST03927,CAM009728,2026-04-29,1234.34,0.0,1234.34,Apple Pay,Completed,0.337
PUR003995,CUST02972,CAM002492,2026-08-18,343.68,0.2,274.94,Debit Card,Completed,0.258
PUR003996,CUST04270,CAM000913,2025-10-26,644.35,0.0,644.35,PayPal,Completed,0.221
PUR003997,CUST03946,CAM008244,2026-09-06,175.64,0.21,138.76,PayPal,Completed,0.225
PUR003998,CUST01022,CAM008154,2026-08-16,525.52,0.25,394.14,PayPal,Cancelled,0.405
PUR003999,CUST02986,CAM001680,2025-05-01,165.5,0.0,165.5,Credit Card,Completed,0.449
PUR004000,CUST04746,CAM000822,2024-12-07,315.48,0.0,315.48,Credit Card,Completed,0.213
PUR004001,CUST01094,CAM000062,2026-01-30,360.5,0.13,313.64,Debit Card,Completed,0.385
PUR004002,CUST01087,CAM000971,2025-11-01,445.63,0.0,445.63,Google Pay,Pending,0.227
PUR004003,CUST03743,CAM003507,2025-10-16,343.25,0.0,343.25,Credit Card,Completed,0.32
PUR004004,CUST01015,CAM009823,2025-01-04,1114.22,0.0,1114.22,Apple Pay,Refunded,0.427
PUR004005,CUST04428,CAM007881,2026-05-20,498.83,0.0,498.83,PayPal,Completed,0.201
PUR004006,CUST01755,CAM000110,2026-08-07,152.48,0.0,152.48,Debit Card,Completed,0.216
PUR004007,CUST00856,CAM008706,2024-12-02,995.46,0.0,995.46,Credit Card,Completed,0.439
PUR004008,CUST03652,CAM004158,2024-11-07,331.87,0.0,331.87,Debit Card,Pending,0.382
PUR004009,CUST01601,CAM008044,2025-07-02,1990.75,0.0,1990.75,Debit Card,Completed,0.203
PUR004010,CUST02904,CAM001436,2026-08-07,1604.51,0.11,1428.01,Debit Card,Completed,0.415
PUR004011,CUST03984,CAM009926,2025-11-22,215.34,0.14,185.19,Debit Card,Completed,0.396
PUR004012,CUST04931,CAM000660,2026-07-04,1079.34,0.12,949.82,Google Pay,Refunded,0.348
PUR004013,CUST02468,CAM003310,2026-04-30,756.21,0.0,756.21,Apple Pay,Completed,0.442
PUR004014,CUST01185,CAM004451,2025-04-24,356.75,0.0,356.75,PayPal,Cancelled,0.281
PUR004015,CUST03728,CAM003440,2025-01-05,699.12,0.0,699.12,Debit Card,Completed,0.219
PUR004016,CUST02730,CAM003075,2025-11-21,785.62,0.0,785.62,PayPal,Completed,0.377
PUR004017,CUST04709,CAM008538,2026-01-25,418.93,0.0,418.93,PayPal,Completed,0.378
PUR004018,CUST00100,CAM009983,2024-12-29,118.39,0.0,118.39,Google Pay,Cancelled,0.427
PUR004019,CUST00525,CAM008401,2024-09-19,253.79,0.0,253.79,Google Pay,Completed,0.307
PUR004020,CUST00795,CAM004942,2024-09-28,359.99,0.2,287.99,Debit Card,Completed,0.377
PUR004021,CUST02471,CAM006340,2025-09-02,370.82,0.16,311.49,Debit Card,Completed,0.428
PUR004022,CUST00191,CAM006917,2026-01-18,127.87,0.0,127.87,PayPal,Refunded,0.318
PUR004023,CUST02268,CAM005273,2025-01-20,866.98,0.0,866.98,PayPal,Completed,0.371
PUR004024,CUST01327,CAM002544,2026-03-04,1198.8,0.0,1198.8,Credit Card,Completed,0.253
PUR004025,CUST02508,CAM007213,2025-11-11,563.77,0.0,563.77,PayPal,Completed,0.354
PUR004026,CUST04373,CAM009528,2026-03-26,383.8,0.0,383.8,PayPal,Completed,0.43
PUR004027,CUST02485,CAM004212,2026-07-12,525.54,0.0,525.54,Apple Pay,Pending,0.215
PUR004028,CUST01587,CAM003161,2026-05-11,225.33,0.06,211.81,Debit Card,Completed,0.319
PUR004029,CUST02864,CAM006110,2025-10-02,652.44,0.0,652.44,Debit Card,Cancelled,0.335
PUR004030,CUST04822,CAM002000,2026-07-29,988.31,0.0,988.31,Credit Card,Completed,0.269
PUR004031,CUST00872,CAM001569,2024-10-05,190.36,0.21,150.38,Credit Card,Completed,0.261
PUR004032,CUST04719,CAM004176,2024-12-20,836.69,0.03,811.59,PayPal,Completed,0.301
PUR004033,CUST01247,CAM001219,2025-11-19,2121.81,0.0,2121.81,Apple Pay,Completed,0.2
PUR004034,CUST00353,CAM009248,2025-02-05,924.89,0.0,924.89,Credit Card,Refunded,0.251
PUR004035,CUST00043,CAM001031,2024-12-12,171.36,0.0,171.36,Apple Pay,Completed,0.421
PUR004036,CUST02262,CAM002705,2026-04-11,422.91,0.14,363.7,PayPal,Completed,0.44
PUR004037,CUST03964,CAM009196,2025-05-07,2568.55,0.0,2568.55,Apple Pay,Completed,0.34
PUR004038,CUST04356,CAM009700,2024-11-10,1604.99,0.0,1604.99,PayPal,Completed,0.403
PUR004039,CUST04953,CAM009405,2025-07-27,571.7,0.0,571.7,Credit Card,Completed,0.22
PUR004040,CUST02794,CAM004935,2025-10-09,599.23,0.0,599.23,Apple Pay,Completed,0.421
PUR004041,CUST02945,CAM004328,2025-04-02,1153.24,0.0,1153.24,Apple Pay,Cancelled,0.346
PUR004042,CUST00774,CAM007735,2025-05-05,356.6,0.0,356.6,Debit Card,Completed,0.406
PUR004043,CUST02500,CAM003437,2024-09-15,2584.2,0.0,2584.2,Credit Card,Pending,0.432
PUR004044,CUST00323,CAM000474,2025-05-09,1100.35,0.06,1034.33,PayPal,Completed,0.252
PUR004045,CUST02184,CAM006906,2024-11-11,645.16,0.0,645.16,Debit Card,Pending,0.206
PUR004046,CUST03125,CAM003922,2024-12-28,587.12,0.0,587.12,Credit Card,Cancelled,0.387
PUR004047,CUST00666,CAM004516,2025-09-24,1188.72,0.0,1188.72,PayPal,Completed,0.269
PUR004048,CUST04086,CAM000520,2026-08-24,377.35,0.0,377.35,PayPal,Completed,0.392
PUR004049,CUST00617,CAM003333,2025-01-28,240.92,0.15,204.78,Credit Card,Completed,0.305
PUR004050,CUST00692,CAM004841,2026-07-21,1137.61,0.18,932.84,Apple Pay,Completed,0.283
PUR004051,CUST04147,CAM000681,2024-11-17,413.06,0.02,404.8,Google Pay,Pending,0.39
PUR004052,CUST00907,CAM003280,2024-10-28,220.53,0.0,220.53,Credit Card,Completed,0.284
PUR004053,CUST03099,CAM006285,2026-07-22,1228.42,0.14,1056.44,Debit Card,Refunded,0.37
PUR004054,CUST02288,CAM001289,2024-12-25,245.4,0.11,218.41,Apple Pay,Completed,0.282
PUR004055,CUST03113,CAM000592,2025-06-23,282.36,0.0,282.36,Credit Card,Completed,0.245
PUR004056,CUST03972,CAM002724,2025-08-23,331.28,0.0,331.28,Apple Pay,Completed,0.292
PUR004057,CUST04791,CAM009261,2025-02-04,625.11,0.17,518.84,PayPal,Completed,0.237
PUR004058,CUST01400,CAM007967,2024-09-15,899.42,0.0,899.42,Credit Card,Completed,0.374
PUR004059,CUST02925,CAM007676,2026-07-09,1118.24,0.21,883.41,Google Pay,Completed,0.313
PUR004060,CUST04980,CAM008638,2025-10-08,180.41,0.0,180.41,Credit Card,Completed,0.368
PUR004061,CUST03366,CAM006532,2025-01-16,666.27,0.06,626.29,Credit Card,Completed,0.26
PUR004062,CUST03152,CAM004125,2025-09-26,1037.05,0.16,871.12,Credit Card,Completed,0.245
PUR004063,CUST01099,CAM005279,2025-06-16,1029.58,0.0,1029.58,Credit Card,Completed,0.231
PUR004064,CUST03204,CAM006698,2025-11-10,464.38,0.24,352.93,Debit Card,Completed,0.306
PUR004065,CUST00800,CAM008921,2025-01-01,812.63,0.0,812.63,Credit Card,Completed,0.388
PUR004066,CUST02170,CAM000547,2025-11-20,76.18,0.08,70.09,Credit Card,Pending,0.356
PUR004067,CUST02816,CAM007100,2026-03-26,593.07,0.0,593.07,Debit Card,Completed,0.307
PUR004068,CUST00970,CAM003735,2025-10-01,2736.71,0.09,2490.41,Credit Card,Completed,0.266
PUR004069,CUST00399,CAM005006,2025-12-03,119.28,0.12,104.97,Debit Card,Completed,0.252
PUR004070,CUST04527,CAM008853,2026-01-03,1106.81,0.0,1106.81,Credit Card,Completed,0.26
PUR004071,CUST01243,CAM003178,2025-07-20,369.49,0.0,369.49,Credit Card,Completed,0.412
PUR004072,CUST00492,CAM007460,2025-02-08,184.65,0.0,184.65,Credit Card,Completed,0.216
PUR004073,CUST04473,CAM001252,2026-06-20,845.55,0.0,845.55,Credit Card,Completed,0.265
PUR004074,CUST02774,CAM005581,2025-06-15,1403.67,0.06,1319.45,Credit Card,Completed,0.342
PUR004075,CUST00382,CAM006585,2026-01-12,492.7,0.0,492.7,Apple Pay,Completed,0.278
PUR004076,CUST02010,CAM000559,2025-12-04,158.16,0.0,158.16,Credit Card,Refunded,0.264
PUR004077,CUST04175,CAM002544,2026-02-26,408.32,0.0,408.32,PayPal,Completed,0.421
PUR004078,CUST02309,CAM001258,2025-10-18,675.29,0.0,675.29,Debit Card,Completed,0.43
PUR004079,CUST01327,CAM003772,2026-08-08,804.15,0.0,804.15,PayPal,Completed,0.21
PUR004080,CUST02227,CAM000775,2025-07-12,828.51,0.0,828.51,PayPal,Completed,0.283
PUR004081,CUST04120,CAM009585,2025-01-05,1539.06,0.13,1338.98,PayPal,Completed,0.224
PUR004082,CUST04378,CAM002896,2025-09-29,1869.17,0.0,1869.17,Debit Card,Completed,0.372
PUR004083,CUST00275,CAM005661,2025-03-11,563.31,0.0,563.31,Credit Card,Completed,0.416
PUR004084,CUST03642,CAM006650,2025-03-08,296.35,0.04,284.5,Credit Card,Completed,0.223
PUR004085,CUST04696,CAM009839,2024-12-23,782.88,0.0,782.88,Credit Card,Completed,0.376
PUR004086,CUST00916,CAM002169,2025-05-08,2143.55,0.0,2143.55,Debit Card,Completed,0.275
PUR004087,CUST01244,CAM003448,2025-05-21,929.74,0.0,929.74,Debit Card,Pending,0.379
PUR004088,CUST04142,CAM001978,2025-06-24,349.98,0.02,342.98,PayPal,Completed,0.449
PUR004089,CUST03475,CAM001276,2025-04-30,2126.26,0.0,2126.26,Debit Card,Completed,0.27
PUR004090,CUST04305,CAM006828,2025-11-15,345.17,0.0,345.17,PayPal,Refunded,0.255
PUR004091,CUST01134,CAM004766,2024-11-01,211.95,0.01,209.83,Google Pay,Completed,0.412
PUR004092,CUST04700,CAM008024,2025-03-10,2186.64,0.0,2186.64,Credit Card,Completed,0.332
PUR004093,CUST02547,CAM002939,2025-01-13,659.22,0.1,593.3,Apple Pay,Completed,0.41
PUR004094,CUST00119,CAM004518,2025-10-25,379.04,0.17,314.6,Google Pay,Completed,0.326
PUR004095,CUST01429,CAM006002,2026-08-27,577.66,0.2,462.13,PayPal,Completed,0.228
PUR004096,CUST04628,CAM003059,2026-07-13,440.15,0.0,440.15,Debit Card,Completed,0.22
PUR004097,CUST02008,CAM007528,2026-01-23,327.95,0.0,327.95,Google Pay,Completed,0.287
PUR004098,CUST01260,CAM002090,2026-03-16,99.72,0.0,99.72,Credit Card,Completed,0.433
PUR004099,CUST00818,CAM002255,2025-09-15,140.29,0.14,120.65,Apple Pay,Completed,0.273
PUR004100,CUST01963,CAM006903,2025-12-29,753.88,0.0,753.88,Apple Pay,Completed,0.305
PUR004101,CUST03144,CAM000924,2025-04-01,364.54,0.0,364.54,Debit Card,Completed,0.386
PUR004102,CUST02515,CAM003672,2024-11-10,683.96,0.0,683.96,Apple Pay,Completed,0.408
PUR004103,CUST04916,CAM008104,2024-10-03,436.19,0.0,436.19,Credit Card,Completed,0.265
PUR004104,CUST03094,CAM003649,2024-12-25,1084.05,0.0,1084.05,Debit Card,Completed,0.399
PUR004105,CUST02605,CAM008364,2025-01-09,305.74,0.0,305.74,Credit Card,Completed,0.247
PUR004106,CUST03802,CAM006693,2026-03-03,2600.71,0.23,2002.55,Google Pay,Completed,0.259
PUR004107,CUST04877,CAM002402,2025-05-03,420.44,0.0,420.44,Apple Pay,Completed,0.257
PUR004108,CUST03201,CAM000587,2026-01-18,148.45,0.0,148.45,Credit Card,Completed,0.265
PUR004109,CUST01884,CAM004442,2025-12-13,655.34,0.1,589.81,Debit Card,Completed,0.314
PUR004110,CUST04536,CAM004542,2025-09-22,4820.61,0.0,4820.61,PayPal,Completed,0.375
PUR004111,CUST01815,CAM007719,2025-12-30,1369.53,0.25,1027.15,Credit Card,Completed,0.291
PUR004112,CUST01394,CAM002281,2026-03-25,645.82,0.2,516.66,Credit Card,Completed,0.317
PUR004113,CUST00328,CAM006572,2026-06-19,196.49,0.09,178.81,Debit Card,Cancelled,0.342
PUR004114,CUST00347,CAM007043,2025-08-10,496.55,0.16,417.1,Apple Pay,Completed,0.251
PUR004115,CUST04059,CAM004519,2025-03-19,304.0,0.0,304.0,Credit Card,Completed,0.364
PUR004116,CUST02950,CAM009553,2025-11-09,1318.88,0.08,1213.37,Credit Card,Completed,0.336
PUR004117,CUST01931,CAM003314,2025-07-11,239.03,0.0,239.03,Debit Card,Completed,0.286
PUR004118,CUST04084,CAM009515,2026-08-04,84.8,0.0,84.8,PayPal,Completed,0.408
PUR004119,CUST03874,CAM003176,2025-02-25,360.54,0.0,360.54,Credit Card,Completed,0.306
PUR004120,CUST04960,CAM009647,2025-03-21,208.8,0.0,208.8,Google Pay,Cancelled,0.222
PUR004121,CUST01993,CAM001479,2026-04-26,150.99,0.0,150.99,Apple Pay,Completed,0.205
PUR004122,CUST04994,CAM006837,2025-11-19,700.68,0.0,700.68,PayPal,Completed,0.443
PUR004123,CUST04503,CAM009506,2024-10-14,882.09,0.0,882.09,Google Pay,Completed,0.421
PUR004124,CUST04806,CAM002234,2025-04-04,917.31,0.23,706.33,Google Pay,Completed,0.449
PUR004125,CUST00792,CAM005335,2025-08-18,170.04,0.05,161.54,Credit Card,Refunded,0.425
PUR004126,CUST01463,CAM000835,2026-01-12,447.15,0.0,447.15,Debit Card,Completed,0.227
PUR004127,CUST03026,CAM008279,2026-09-05,462.54,0.19,374.66,Apple Pay,Completed,0.39
PUR004128,CUST01448,CAM006193,2025-03-13,248.01,0.0,248.01,Apple Pay,Completed,0.423
PUR004129,CUST01702,CAM002727,2026-03-20,757.71,0.0,757.71,Google Pay,Completed,0.422
PUR004130,CUST00164,CAM000993,2026-08-02,554.82,0.0,554.82,Debit Card,Completed,0.321
PUR004131,CUST00731,CAM001366,2024-12-08,2713.76,0.0,2713.76,Credit Card,Completed,0.41
PUR004132,CUST03476,CAM004523,2025-07-20,1082.35,0.0,1082.35,Apple Pay,Completed,0.288
PUR004133,CUST03996,CAM000504,2026-08-12,348.6,0.0,348.6,Credit Card,Completed,0.319
PUR004134,CUST04961,CAM000250,2024-09-07,124.24,0.0,124.24,PayPal,Pending,0.302
PUR004135,CUST04357,CAM006401,2025-06-11,1897.38,0.21,1498.93,Google Pay,Completed,0.248
PUR004136,CUST03232,CAM007253,2024-12-14,276.71,0.0,276.71,Apple Pay,Completed,0.415
PUR004137,CUST02701,CAM009009,2025-07-19,498.26,0.0,498.26,Debit Card,Refunded,0.297
PUR004138,CUST02862,CAM007414,2026-07-01,332.17,0.05,315.56,Credit Card,Completed,0.401
PUR004139,CUST02424,CAM003870,2025-09-26,666.57,0.2,533.26,Apple Pay,Cancelled,0.224
PUR004140,CUST04697,CAM005589,2026-02-24,1081.7,0.0,1081.7,Debit Card,Completed,0.283
PUR004141,CUST04632,CAM002671,2025-01-06,455.94,0.0,455.94,PayPal,Completed,0.394
PUR004142,CUST02860,CAM003487,2025-05-15,331.85,0.0,331.85,Debit Card,Completed,0.237
PUR004143,CUST04529,CAM001177,2025-07-08,1042.32,0.0,1042.32,Debit Card,Refunded,0.303
PUR004144,CUST02173,CAM006752,2026-02-04,686.63,0.0,686.63,Apple Pay,Completed,0.317
PUR004145,CUST02873,CAM000086,2026-06-08,433.53,0.0,433.53,Apple Pay,Completed,0.433
PUR004146,CUST02935,CAM004178,2024-12-01,1015.99,0.13,883.91,Google Pay,Completed,0.247
PUR004147,CUST02638,CAM007079,2025-12-05,425.88,0.0,425.88,Credit Card,Pending,0.287
PUR004148,CUST01559,CAM008630,2025-12-23,978.63,0.22,763.33,Credit Card,Completed,0.288
PUR004149,CUST02328,CAM008084,2025-06-25,1609.5,0.0,1609.5,Google Pay,Pending,0.394
PUR004150,CUST03638,CAM008977,2026-04-19,279.37,0.12,245.85,Credit Card,Pending,0.408
PUR004151,CUST04422,CAM005246,2026-07-29,1050.47,0.03,1018.96,Apple Pay,Completed,0.251
PUR004152,CUST00105,CAM006239,2026-02-14,744.07,0.0,744.07,Debit Card,Completed,0.42
PUR004153,CUST04971,CAM001599,2024-10-24,242.39,0.0,242.39,Debit Card,Completed,0.335
PUR004154,CUST01393,CAM001123,2025-10-12,202.73,0.0,202.73,Credit Card,Completed,0.241
PUR004155,CUST03055,CAM007872,2024-12-04,797.3,0.0,797.3,Apple Pay,Refunded,0.23
PUR004156,CUST00633,CAM008797,2025-06-17,535.37,0.0,535.37,Credit Card,Cancelled,0.301
PUR004157,CUST03100,CAM009060,2025-10-19,441.02,0.06,414.56,Credit Card,Completed,0.269
PUR004158,CUST01830,CAM001070,2026-07-22,429.09,0.0,429.09,Credit Card,Completed,0.34
PUR004159,CUST02095,CAM005051,2026-08-28,1121.55,0.04,1076.69,Debit Card,Completed,0.343
PUR004160,CUST03609,CAM004773,2026-07-12,328.58,0.0,328.58,PayPal,Completed,0.44
PUR004161,CUST03462,CAM001502,2025-07-18,1802.39,0.16,1514.01,Debit Card,Completed,0.218
PUR004162,CUST04212,CAM005095,2026-08-07,152.93,0.0,152.93,Credit Card,Cancelled,0.213
PUR004163,CUST04631,CAM005435,2025-10-16,2946.87,0.0,2946.87,Debit Card,Cancelled,0.219
PUR004164,CUST02937,CAM007789,2024-10-06,738.78,0.0,738.78,Apple Pay,Completed,0.21
PUR004165,CUST02883,CAM007484,2026-02-15,1149.08,0.04,1103.12,Credit Card,Completed,0.361
PUR004166,CUST03952,CAM005806,2026-05-20,881.11,0.0,881.11,Credit Card,Completed,0.403
PUR004167,CUST01382,CAM000543,2024-11-14,217.67,0.06,204.61,Credit Card,Completed,0.218
PUR004168,CUST03505,CAM002784,2025-12-01,110.34,0.12,97.1,Debit Card,Pending,0.234
PUR004169,CUST03096,CAM009430,2025-10-03,494.09,0.02,484.21,Credit Card,Completed,0.339
PUR004170,CUST04880,CAM008185,2025-04-08,196.27,0.0,196.27,Debit Card,Pending,0.26
PUR004171,CUST02019,CAM008956,2026-06-06,191.55,0.16,160.9,PayPal,Completed,0.384
PUR004172,CUST04338,CAM009696,2025-11-19,857.84,0.0,857.84,Google Pay,Completed,0.423
PUR004173,CUST04862,CAM008779,2026-01-19,2169.51,0.07,2017.64,Credit Card,Completed,0.246
PUR004174,CUST02502,CAM002028,2024-09-18,189.87,0.09,172.78,Apple Pay,Completed,0.268
PUR004175,CUST03926,CAM000516,2024-08-24,1470.1,0.0,1470.1,Debit Card,Completed,0.262
PUR004176,CUST04735,CAM007736,2025-01-01,743.87,0.0,743.87,Debit Card,Completed,0.376
PUR004177,CUST02530,CAM001108,2025-02-21,2052.17,0.0,2052.17,Debit Card,Completed,0.401
PUR004178,CUST02015,CAM002078,2025-10-14,1106.42,0.0,1106.42,Apple Pay,Completed,0.387
PUR004179,CUST03473,CAM005474,2026-06-17,93.26,0.13,81.14,Debit Card,Completed,0.272
PUR004180,CUST04971,CAM005823,2024-09-05,1710.6,0.19,1385.59,Google Pay,Completed,0.263
PUR004181,CUST01918,CAM003733,2025-04-29,183.64,0.0,183.64,Credit Card,Cancelled,0.248
PUR004182,CUST03857,CAM001362,2026-06-16,1014.19,0.0,1014.19,Credit Card,Completed,0.434
PUR004183,CUST01032,CAM001472,2025-05-13,223.61,0.0,223.61,Apple Pay,Completed,0.294
PUR004184,CUST02518,CAM005433,2024-11-06,776.46,0.16,652.23,Debit Card,Completed,0.432
PUR004185,CUST02455,CAM003941,2025-04-18,175.64,0.0,175.64,Debit Card,Pending,0.216
PUR004186,CUST03856,CAM000838,2024-11-27,901.96,0.13,784.71,PayPal,Pending,0.32
PUR004187,CUST03875,CAM009104,2026-08-03,269.68,0.18,221.14,Debit Card,Completed,0.438
PUR004188,CUST04181,CAM000710,2026-05-18,791.45,0.01,783.54,Debit Card,Completed,0.44
PUR004189,CUST02836,CAM006410,2026-07-24,933.29,0.01,923.96,PayPal,Pending,0.335
PUR004190,CUST03917,CAM000611,2026-03-23,454.87,0.0,454.87,Credit Card,Completed,0.251
PUR004191,CUST01927,CAM004107,2024-10-11,120.84,0.0,120.84,Credit Card,Completed,0.433
PUR004192,CUST01965,CAM009272,2024-10-21,710.49,0.0,710.49,Debit Card,Refunded,0.362
PUR004193,CUST03343,CAM001562,2026-04-18,96.38,0.0,96.38,Credit Card,Completed,0.29
PUR004194,CUST03687,CAM005154,2026-01-26,234.12,0.24,177.93,PayPal,Completed,0.282
PUR004195,CUST03420,CAM000621,2025-10-26,416.22,0.0,416.22,Credit Card,Completed,0.221
PUR004196,CUST04399,CAM002483,2026-07-31,589.24,0.0,589.24,Credit Card,Completed,0.216
PUR004197,CUST04374,CAM009303,2025-01-14,824.92,0.16,692.93,Credit Card,Completed,0.208
PUR004198,CUST04484,CAM001764,2025-10-14,1315.25,0.0,1315.25,Credit Card,Completed,0.236
PUR004199,CUST00813,CAM005346,2025-09-11,245.39,0.12,215.94,Credit Card,Completed,0.423
PUR004200,CUST03454,CAM004139,2025-01-24,2795.42,0.15,2376.11,Credit Card,Completed,0.372
PUR004201,CUST01983,CAM003784,2025-09-05,738.48,0.09,672.02,Apple Pay,Completed,0.38
PUR004202,CUST04649,CAM003771,2025-09-17,588.24,0.06,552.95,Apple Pay,Completed,0.232
PUR004203,CUST01536,CAM003776,2025-01-03,798.82,0.0,798.82,Credit Card,Completed,0.274
PUR004204,CUST01776,CAM007849,2026-03-01,297.63,0.0,297.63,Credit Card,Completed,0.249
PUR004205,CUST04893,CAM007401,2026-05-24,150.56,0.0,150.56,Credit Card,Refunded,0.295
PUR004206,CUST01054,CAM001019,2026-09-04,1048.52,0.0,1048.52,Apple Pay,Refunded,0.408
PUR004207,CUST03695,CAM003190,2025-09-23,1696.43,0.17,1408.04,PayPal,Completed,0.265
PUR004208,CUST01830,CAM001345,2026-01-12,313.89,0.0,313.89,Credit Card,Completed,0.369
PUR004209,CUST01061,CAM009943,2026-07-19,110.25,0.0,110.25,Google Pay,Completed,0.329
PUR004210,CUST04574,CAM008279,2026-08-03,648.62,0.0,648.62,Debit Card,Completed,0.323
PUR004211,CUST02527,CAM005476,2026-05-04,398.97,0.0,398.97,Debit Card,Completed,0.305
PUR004212,CUST04177,CAM001140,2025-06-01,369.39,0.0,369.39,Credit Card,Completed,0.446
PUR004213,CUST00220,CAM003213,2026-07-26,809.32,0.0,809.32,Credit Card,Completed,0.354
PUR004214,CUST04702,CAM008401,2024-08-25,321.9,0.0,321.9,Debit Card,Completed,0.239
PUR004215,CUST00496,CAM005913,2026-03-13,477.75,0.0,477.75,Debit Card,Completed,0.45
PUR004216,CUST01121,CAM002007,2024-11-17,377.18,0.0,377.18,Credit Card,Completed,0.236
PUR004217,CUST03668,CAM002161,2026-04-15,1518.32,0.0,1518.32,Credit Card,Completed,0.249
PUR004218,CUST03877,CAM004441,2026-09-02,5449.49,0.0,5449.49,Apple Pay,Completed,0.358
PUR004219,CUST01185,CAM003916,2025-05-16,2553.21,0.0,2553.21,Apple Pay,Completed,0.321
PUR004220,CUST02332,CAM009366,2025-02-08,701.7,0.25,526.28,Google Pay,Completed,0.341
PUR004221,CUST02787,CAM006393,2026-03-29,96.7,0.05,91.86,Credit Card,Completed,0.219
PUR004222,CUST03321,CAM005546,2024-11-18,638.87,0.0,638.87,Credit Card,Completed,0.45
PUR004223,CUST03819,CAM003360,2025-01-17,455.85,0.0,455.85,Debit Card,Completed,0.347
PUR004224,CUST02688,CAM004329,2025-12-14,376.29,0.0,376.29,PayPal,Completed,0.357
PUR004225,CUST00463,CAM005397,2024-11-08,311.12,0.0,311.12,Credit Card,Completed,0.398
PUR004226,CUST03881,CAM008994,2024-10-03,580.36,0.0,580.36,Debit Card,Completed,0.402
PUR004227,CUST00299,CAM008345,2025-03-06,320.32,0.0,320.32,Google Pay,Completed,0.446
PUR004228,CUST02141,CAM009787,2025-06-21,790.71,0.16,664.2,PayPal,Completed,0.312
PUR004229,CUST03043,CAM003461,2025-12-29,184.96,0.0,184.96,PayPal,Completed,0.213
PUR004230,CUST02426,CAM008094,2025-01-29,1194.53,0.0,1194.53,Credit Card,Cancelled,0.21
PUR004231,CUST01411,CAM005455,2024-11-11,248.37,0.2,198.7,Credit Card,Completed,0.265
PUR004232,CUST01512,CAM002432,2025-09-04,118.17,0.0,118.17,Apple Pay,Completed,0.438
PUR004233,CUST04105,CAM004129,2025-02-22,2441.64,0.03,2368.39,Google Pay,Completed,0.223
PUR004234,CUST03250,CAM000212,2026-05-10,270.96,0.0,270.96,Apple Pay,Completed,0.295
PUR004235,CUST00554,CAM002130,2024-10-07,241.15,0.19,195.33,Credit Card,Completed,0.257
PUR004236,CUST04057,CAM006096,2026-03-01,562.27,0.0,562.27,PayPal,Completed,0.292
PUR004237,CUST03970,CAM004970,2025-05-03,182.22,0.19,147.6,PayPal,Completed,0.29
PUR004238,CUST03758,CAM009221,2026-06-30,1179.0,0.09,1072.89,PayPal,Completed,0.401
PUR004239,CUST04668,CAM002668,2025-02-12,167.03,0.0,167.03,PayPal,Completed,0.212
PUR004240,CUST00349,CAM006556,2024-11-05,283.04,0.08,260.4,Credit Card,Completed,0.331
PUR004241,CUST00568,CAM006992,2025-10-10,207.5,0.0,207.5,Google Pay,Completed,0.34
PUR004242,CUST01934,CAM009574,2026-01-01,837.02,0.0,837.02,Google Pay,Pending,0.242
PUR004243,CUST00863,CAM004730,2026-07-23,429.07,0.0,429.07,Debit Card,Completed,0.217
PUR004244,CUST02500,CAM007752,2025-04-16,322.09,0.0,322.09,Credit Card,Completed,0.403
PUR004245,CUST04675,CAM006117,2026-05-21,159.82,0.0,159.82,Apple Pay,Completed,0.395
PUR004246,CUST00237,CAM005607,2026-01-20,402.71,0.0,402.71,Google Pay,Cancelled,0.312
PUR004247,CUST04852,CAM003080,2025-12-02,999.46,0.0,999.46,Apple Pay,Completed,0.227
PUR004248,CUST00477,CAM004431,2025-04-16,344.96,0.0,344.96,Credit Card,Completed,0.39
PUR004249,CUST00953,CAM004589,2025-11-18,1618.94,0.1,1457.05,PayPal,Completed,0.224
PUR004250,CUST04770,CAM007457,2025-10-12,285.5,0.0,285.5,Debit Card,Completed,0.282
PUR004251,CUST03065,CAM008911,2025-12-10,699.41,0.0,699.41,Credit Card,Completed,0.399
PUR004252,CUST04794,CAM004381,2024-11-09,1009.13,0.0,1009.13,Credit Card,Completed,0.265
PUR004253,CUST02296,CAM004360,2026-01-10,1702.67,0.0,1702.67,Apple Pay,Completed,0.305
PUR004254,CUST01270,CAM000134,2024-09-06,501.28,0.07,466.19,Credit Card,Cancelled,0.449
PUR004255,CUST03928,CAM007620,2026-01-16,608.35,0.01,602.27,Debit Card,Completed,0.427
PUR004256,CUST04764,CAM005595,2024-10-12,601.35,0.23,463.04,Credit Card,Completed,0.34
PUR004257,CUST02068,CAM007761,2025-12-28,251.36,0.0,251.36,Credit Card,Completed,0.298
PUR004258,CUST03714,CAM001761,2026-04-25,1416.75,0.0,1416.75,Credit Card,Completed,0.324
PUR004259,CUST00849,CAM001161,2025-01-31,572.04,0.0,572.04,Google Pay,Completed,0.446
PUR004260,CUST00208,CAM000114,2024-10-14,1231.4,0.17,1022.06,Credit Card,Completed,0.213
PUR004261,CUST03340,CAM001842,2025-09-19,650.54,0.08,598.5,Debit Card,Completed,0.266
PUR004262,CUST02908,CAM008492,2026-04-19,532.82,0.0,532.82,Credit Card,Completed,0.225
PUR004263,CUST01118,CAM003819,2025-11-25,164.41,0.01,162.77,Credit Card,Completed,0.413
PUR004264,CUST02755,CAM004113,2026-01-26,408.48,0.0,408.48,Google Pay,Pending,0.297
PUR004265,CUST01068,CAM009154,2025-12-07,430.43,0.12,378.78,PayPal,Completed,0.295
PUR004266,CUST03939,CAM007041,2026-04-23,1369.31,0.0,1369.31,Apple Pay,Completed,0.35
PUR004267,CUST02409,CAM007916,2024-11-22,121.15,0.0,121.15,Credit Card,Completed,0.331
PUR004268,CUST03698,CAM007945,2026-03-25,2063.5,0.11,1836.52,Debit Card,Refunded,0.39
PUR004269,CUST00008,CAM004556,2026-08-19,289.27,0.0,289.27,Apple Pay,Pending,0.26
PUR004270,CUST00243,CAM006963,2025-07-31,71.82,0.0,71.82,PayPal,Completed,0.211
PUR004271,CUST04007,CAM007136,2025-03-31,58.13,0.15,49.41,Debit Card,Completed,0.237
PUR004272,CUST01666,CAM005082,2025-10-07,946.77,0.13,823.69,Credit Card,Completed,0.205
PUR004273,CUST01146,CAM003315,2025-07-31,259.92,0.17,215.73,Credit Card,Completed,0.264
PUR004274,CUST01303,CAM008774,2025-03-02,968.77,0.0,968.77,Credit Card,Refunded,0.374
PUR004275,CUST02807,CAM007954,2026-05-29,665.08,0.09,605.22,Credit Card,Completed,0.428
PUR004276,CUST04913,CAM008217,2025-02-16,696.57,0.0,696.57,Apple Pay,Completed,0.319
PUR004277,CUST04970,CAM001477,2026-08-17,2219.24,0.0,2219.24,Credit Card,Completed,0.216
PUR004278,CUST01658,CAM001249,2025-03-29,93.01,0.0,93.01,Credit Card,Completed,0.232
PUR004279,CUST01115,CAM000836,2025-05-24,921.47,0.17,764.82,Debit Card,Refunded,0.369
PUR004280,CUST02102,CAM006064,2026-04-21,278.11,0.0,278.11,Apple Pay,Completed,0.422
PUR004281,CUST03857,CAM002835,2026-07-02,486.79,0.05,462.45,Debit Card,Cancelled,0.281
PUR004282,CUST00883,CAM008775,2025-03-13,1355.2,0.04,1300.99,Credit Card,Completed,0.232
PUR004283,CUST04024,CAM009203,2024-11-08,1973.35,0.12,1736.55,Credit Card,Completed,0.39
PUR004284,CUST00485,CAM006725,2024-09-13,810.29,0.17,672.54,PayPal,Pending,0.337
PUR004285,CUST01786,CAM001731,2025-03-21,232.16,0.0,232.16,Credit Card,Completed,0.205
PUR004286,CUST00100,CAM004741,2026-06-07,727.57,0.0,727.57,PayPal,Cancelled,0.323
PUR004287,CUST03940,CAM002443,2025-07-21,343.88,0.09,312.93,Debit Card,Completed,0.392
PUR004288,CUST04030,CAM008642,2025-07-02,2435.86,0.0,2435.86,Credit Card,Completed,0.431
PUR004289,CUST00126,CAM006808,2026-09-14,539.31,0.0,539.31,PayPal,Cancelled,0.39
PUR004290,CUST00865,CAM006335,2024-11-12,542.25,0.0,542.25,PayPal,Completed,0.328
PUR004291,CUST04961,CAM000212,2026-06-14,61.0,0.0,61.0,Credit Card,Completed,0.444
PUR004292,CUST01817,CAM007631,2026-09-29,189.84,0.1,170.86,Debit Card,Cancelled,0.448
PUR004293,CUST02165,CAM008936,2025-01-30,109.04,0.0,109.04,Debit Card,Completed,0.213
PUR004294,CUST02094,CAM006441,2026-06-07,838.53,0.05,796.6,Debit Card,Completed,0.341
PUR004295,CUST04746,CAM001836,2025-07-22,360.61,0.0,360.61,Google Pay,Pending,0.253
PUR004296,CUST03939,CAM005022,2026-05-03,476.24,0.0,476.24,Credit Card,Completed,0.229
PUR004297,CUST01933,CAM001020,2025-12-10,324.84,0.0,324.84,Credit Card,Completed,0.354
PUR004298,CUST01444,CAM003418,2026-05-10,1025.94,0.0,1025.94,Credit Card,Pending,0.315
PUR004299,CUST00043,CAM009261,2025-02-05,323.83,0.0,323.83,Apple Pay,Completed,0.22
PUR004300,CUST03167,CAM004657,2026-03-14,370.08,0.0,370.08,Credit Card,Completed,0.312
PUR004301,CUST03392,CAM008494,2026-02-12,1088.54,0.0,1088.54,Credit Card,Completed,0.206
PUR004302,CUST01741,CAM004736,2025-12-23,242.35,0.0,242.35,PayPal,Cancelled,0.266
PUR004303,CUST02397,CAM006936,2025-08-10,1209.16,0.0,1209.16,Google Pay,Completed,0.375
PUR004304,CUST02013,CAM007524,2026-06-28,93.71,0.0,93.71,Credit Card,Completed,0.282
PUR004305,CUST00025,CAM000409,2025-04-13,504.68,0.0,504.68,Debit Card,Cancelled,0.3
PUR004306,CUST02109,CAM001595,2025-03-02,673.03,0.15,572.08,Credit Card,Completed,0.29
PUR004307,CUST02454,CAM004578,2025-11-01,1316.57,0.15,1119.08,Credit Card,Completed,0.369
PUR004308,CUST03380,CAM002583,2026-05-06,2026.7,0.05,1925.36,Credit Card,Completed,0.287
PUR004309,CUST02810,CAM004597,2026-01-07,65.75,0.17,54.57,Apple Pay,Completed,0.374
PUR004310,CUST01701,CAM009412,2024-08-31,2180.97,0.0,2180.97,Google Pay,Cancelled,0.396
PUR004311,CUST04080,CAM004084,2025-06-28,1502.51,0.18,1232.06,Google Pay,Completed,0.267
PUR004312,CUST03256,CAM008231,2025-07-17,561.7,0.0,561.7,Apple Pay,Completed,0.229
PUR004313,CUST04252,CAM002414,2025-01-12,264.97,0.12,233.17,Apple Pay,Pending,0.354
PUR004314,CUST01460,CAM004578,2025-11-19,447.49,0.0,447.49,Debit Card,Completed,0.238
PUR004315,CUST01701,CAM008024,2025-02-21,2566.8,0.0,2566.8,Credit Card,Refunded,0.297
PUR004316,CUST03526,CAM001389,2025-03-28,389.17,0.12,342.47,PayPal,Completed,0.296
PUR004317,CUST03257,CAM001772,2025-08-30,461.73,0.17,383.24,PayPal,Pending,0.359
PUR004318,CUST00035,CAM006953,2026-06-25,3031.56,0.0,3031.56,PayPal,Pending,0.295
PUR004319,CUST02020,CAM006243,2026-05-22,966.08,0.19,782.52,Debit Card,Completed,0.301
PUR004320,CUST03793,CAM004434,2025-07-28,1296.18,0.0,1296.18,Credit Card,Refunded,0.274
PUR004321,CUST03521,CAM003381,2026-09-04,1655.81,0.02,1622.69,Google Pay,Completed,0.292
PUR004322,CUST01016,CAM007418,2025-05-18,499.08,0.0,499.08,PayPal,Completed,0.371
PUR004323,CUST00502,CAM008616,2025-07-19,5000.0,0.0,5000.0,Apple Pay,Completed,0.387
PUR004324,CUST02034,CAM009806,2026-07-21,1370.01,0.11,1219.31,Debit Card,Pending,0.224
PUR004325,CUST01835,CAM009346,2025-08-17,322.68,0.0,322.68,Credit Card,Completed,0.36
PUR004326,CUST04408,CAM004124,2026-01-22,1503.13,0.15,1277.66,Google Pay,Completed,0.275
PUR004327,CUST04527,CAM001167,2025-05-16,334.68,0.18,274.44,Debit Card,Pending,0.395
PUR004328,CUST01556,CAM004535,2024-09-30,647.35,0.14,556.72,Credit Card,Completed,0.318
PUR004329,CUST04471,CAM001900,2025-05-02,868.98,0.0,868.98,Debit Card,Completed,0.403
PUR004330,CUST00101,CAM008603,2026-05-29,902.4,0.11,803.14,Apple Pay,Completed,0.447
PUR004331,CUST02764,CAM000290,2025-04-06,768.68,0.0,768.68,PayPal,Completed,0.383
PUR004332,CUST04170,CAM009889,2025-07-28,1318.49,0.09,1199.83,Apple Pay,Completed,0.327
PUR004333,CUST04526,CAM009446,2026-02-24,1975.06,0.0,1975.06,PayPal,Completed,0.393
PUR004334,CUST02675,CAM007028,2025-12-09,1019.13,0.22,794.92,Google Pay,Cancelled,0.235
PUR004335,CUST01141,CAM005911,2025-02-17,222.05,0.0,222.05,Google Pay,Completed,0.246
PUR004336,CUST03986,CAM001285,2024-08-24,1885.47,0.0,1885.47,Debit Card,Completed,0.305
PUR004337,CUST01452,CAM000915,2026-02-25,696.89,0.0,696.89,Debit Card,Completed,0.421
PUR004338,CUST00927,CAM003743,2026-02-03,862.99,0.0,862.99,PayPal,Completed,0.304
PUR004339,CUST01456,CAM006732,2026-07-28,213.71,0.0,213.71,Credit Card,Completed,0.364
PUR004340,CUST03478,CAM005528,2026-03-25,1162.89,0.0,1162.89,Debit Card,Completed,0.406
PUR004341,CUST00535,CAM003567,2026-01-10,598.01,0.0,598.01,Credit Card,Completed,0.288
PUR004342,CUST04028,CAM001663,2025-11-17,93.33,0.0,93.33,Debit Card,Completed,0.423
PUR004343,CUST01037,CAM008758,2025-02-20,532.44,0.0,532.44,Google Pay,Completed,0.203
PUR004344,CUST02899,CAM007827,2024-11-29,433.2,0.0,433.2,Credit Card,Completed,0.419
PUR004345,CUST00339,CAM001267,2025-08-14,259.82,0.22,202.66,Credit Card,Completed,0.201
PUR004346,CUST00155,CAM008335,2025-12-11,467.68,0.19,378.82,Debit Card,Completed,0.227
PUR004347,CUST04856,CAM001731,2025-02-07,611.28,0.16,513.48,PayPal,Completed,0.204
PUR004348,CUST02634,CAM002642,2026-03-16,355.62,0.0,355.62,Apple Pay,Completed,0.415
PUR004349,CUST04125,CAM001002,2024-12-17,1122.67,0.0,1122.67,Apple Pay,Completed,0.288
PUR004350,CUST04433,CAM002336,2025-01-19,676.04,0.2,540.83,Google Pay,Completed,0.26
PUR004351,CUST03236,CAM009555,2025-04-21,372.56,0.0,372.56,Debit Card,Completed,0.364
PUR004352,CUST03675,CAM001714,2026-02-06,309.84,0.15,263.36,Apple Pay,Completed,0.36
PUR004353,CUST02643,CAM007270,2025-02-02,890.53,0.23,685.71,Credit Card,Completed,0.23
PUR004354,CUST01254,CAM008404,2025-07-22,1656.82,0.24,1259.18,PayPal,Pending,0.216
PUR004355,CUST03198,CAM007014,2025-09-29,714.3,0.0,714.3,Credit Card,Completed,0.406
PUR004356,CUST01787,CAM001708,2026-07-06,196.61,0.15,167.12,Credit Card,Completed,0.382
PUR004357,CUST04077,CAM002338,2025-06-19,399.18,0.0,399.18,Credit Card,Completed,0.352
PUR004358,CUST02915,CAM006917,2026-01-16,704.08,0.03,682.96,PayPal,Completed,0.335
PUR004359,CUST01263,CAM009600,2025-02-26,620.59,0.0,620.59,Debit Card,Completed,0.3
PUR004360,CUST03204,CAM007031,2024-11-11,877.12,0.0,877.12,PayPal,Completed,0.304
PUR004361,CUST01486,CAM003661,2024-09-17,1017.0,0.06,955.98,Google Pay,Pending,0.262
PUR004362,CUST02997,CAM005877,2025-09-10,430.17,0.0,430.17,Debit Card,Completed,0.389
PUR004363,CUST03676,CAM001474,2024-12-02,99.05,0.24,75.28,Credit Card,Completed,0.434
PUR004364,CUST00782,CAM000683,2026-05-23,1696.67,0.0,1696.67,Credit Card,Completed,0.403
PUR004365,CUST01649,CAM008466,2025-06-11,558.67,0.0,558.67,Debit Card,Completed,0.279
PUR004366,CUST04466,CAM007677,2024-12-02,368.12,0.14,316.58,Apple Pay,Completed,0.261
PUR004367,CUST00681,CAM004676,2024-10-18,1239.15,0.23,954.15,Apple Pay,Refunded,0.253
PUR004368,CUST02158,CAM000970,2026-08-08,258.34,0.0,258.34,PayPal,Completed,0.276
PUR004369,CUST00409,CAM005444,2025-09-19,685.43,0.13,596.32,Debit Card,Completed,0.203
PUR004370,CUST04369,CAM001345,2026-02-01,1097.31,0.0,1097.31,Credit Card,Cancelled,0.389
PUR004371,CUST02420,CAM002234,2025-03-20,722.3,0.09,657.29,Credit Card,Completed,0.298
PUR004372,CUST02454,CAM007640,2024-09-11,822.07,0.2,657.66,Debit Card,Completed,0.348
PUR004373,CUST04116,CAM003922,2024-12-01,809.83,0.09,736.95,Credit Card,Pending,0.416
PUR004374,CUST04330,CAM008593,2026-08-24,795.24,0.2,636.19,Credit Card,Completed,0.413
PUR004375,CUST04190,CAM003331,2025-08-30,400.02,0.2,320.02,Credit Card,Completed,0.286
PUR004376,CUST01751,CAM001800,2026-08-16,953.79,0.0,953.79,Apple Pay,Completed,0.204
PUR004377,CUST02929,CAM001429,2026-01-31,704.89,0.25,528.67,Apple Pay,Cancelled,0.291
PUR004378,CUST02429,CAM003702,2025-07-18,254.87,0.11,226.83,Apple Pay,Completed,0.247
PUR004379,CUST03238,CAM005114,2025-11-20,768.12,0.0,768.12,Credit Card,Pending,0.275
PUR004380,CUST02892,CAM006357,2024-10-26,424.7,0.04,407.71,PayPal,Completed,0.249
PUR004381,CUST01646,CAM007584,2025-09-03,203.08,0.03,196.99,Debit Card,Completed,0.277
PUR004382,CUST00549,CAM004245,2026-02-23,148.39,0.0,148.39,Credit Card,Completed,0.397
PUR004383,CUST01135,CAM005665,2024-12-25,1030.91,0.0,1030.91,Debit Card,Completed,0.287
PUR004384,CUST01034,CAM008856,2026-03-05,664.93,0.19,538.59,Debit Card,Completed,0.39
PUR004385,CUST01672,CAM003217,2026-08-08,2431.31,0.0,2431.31,PayPal,Pending,0.343
PUR004386,CUST04362,CAM000224,2026-05-07,531.14,0.0,531.14,PayPal,Completed,0.22
PUR004387,CUST02125,CAM000550,2025-11-01,534.52,0.06,502.45,Debit Card,Completed,0.424
PUR004388,CUST04431,CAM006148,2025-05-02,716.2,0.0,716.2,Credit Card,Completed,0.415
PUR004389,CUST01819,CAM002159,2025-12-27,154.14,0.15,131.02,Credit Card,Completed,0.439
PUR004390,CUST04030,CAM001233,2026-01-25,671.48,0.0,671.48,Debit Card,Completed,0.211
PUR004391,CUST04337,CAM008655,2024-09-26,547.79,0.17,454.67,Debit Card,Pending,0.424
PUR004392,CUST03138,CAM009673,2025-01-12,357.63,0.0,357.63,Debit Card,Completed,0.259
PUR004393,CUST03690,CAM002851,2024-12-08,1287.52,0.06,1210.27,Debit Card,Completed,0.259
PUR004394,CUST02426,CAM001760,2026-07-23,2020.95,0.13,1758.23,PayPal,Cancelled,0.253
PUR004395,CUST03269,CAM009076,2025-01-13,224.39,0.09,204.19,Apple Pay,Completed,0.434
PUR004396,CUST03663,CAM005388,2026-01-13,186.33,0.0,186.33,PayPal,Refunded,0.235
PUR004397,CUST00843,CAM003389,2025-09-09,475.91,0.23,366.45,Debit Card,Completed,0.26
PUR004398,CUST03013,CAM003787,2025-07-11,404.21,0.0,404.21,Apple Pay,Completed,0.233
PUR004399,CUST02704,CAM007492,2026-07-23,308.55,0.04,296.21,Credit Card,Completed,0.307
PUR004400,CUST02386,CAM003594,2024-11-17,228.65,0.13,198.93,Apple Pay,Completed,0.279
PUR004401,CUST01172,CAM001164,2025-05-10,1426.27,0.17,1183.8,PayPal,Completed,0.229
PUR004402,CUST02311,CAM002327,2024-10-17,267.19,0.0,267.19,Debit Card,Completed,0.435
PUR004403,CUST04016,CAM002178,2025-12-24,44.35,0.0,44.35,Apple Pay,Refunded,0.401
PUR004404,CUST04671,CAM008208,2026-02-19,428.19,0.05,406.78,Apple Pay,Pending,0.392
PUR004405,CUST00911,CAM003701,2026-06-21,2124.95,0.09,1933.7,Credit Card,Completed,0.376
PUR004406,CUST04365,CAM001889,2024-12-16,684.89,0.0,684.89,Apple Pay,Completed,0.383
PUR004407,CUST03964,CAM004785,2024-10-06,755.73,0.0,755.73,Debit Card,Completed,0.211
PUR004408,CUST00379,CAM003241,2025-05-05,1006.12,0.24,764.65,Apple Pay,Completed,0.231
PUR004409,CUST01740,CAM000198,2024-11-20,196.11,0.0,196.11,Credit Card,Completed,0.208
PUR004410,CUST01272,CAM009225,2024-11-30,806.21,0.14,693.34,Credit Card,Completed,0.427
PUR004411,CUST00598,CAM006348,2024-12-10,788.2,0.0,788.2,PayPal,Completed,0.274
PUR004412,CUST02521,CAM000197,2026-05-10,567.01,0.0,567.01,Credit Card,Completed,0.268
PUR004413,CUST04329,CAM003555,2026-03-25,1428.53,0.0,1428.53,Credit Card,Completed,0.248
PUR004414,CUST03613,CAM002909,2025-07-07,426.57,0.0,426.57,Credit Card,Completed,0.274
PUR004415,CUST01526,CAM003250,2025-02-08,312.12,0.0,312.12,Credit Card,Completed,0.28
PUR004416,CUST03285,CAM004928,2025-09-01,131.13,0.0,131.13,Google Pay,Completed,0.229
PUR004417,CUST01947,CAM003918,2025-11-16,342.84,0.0,342.84,Credit Card,Cancelled,0.269
PUR004418,CUST03893,CAM001611,2025-07-28,747.17,0.0,747.17,PayPal,Completed,0.307
PUR004419,CUST03554,CAM001848,2026-07-22,313.99,0.0,313.99,PayPal,Cancelled,0.439
PUR004420,CUST00533,CAM005188,2026-08-01,509.73,0.0,509.73,Debit Card,Pending,0.282
PUR004421,CUST00935,CAM000461,2025-09-22,804.67,0.0,804.67,Debit Card,Completed,0.247
PUR004422,CUST01333,CAM000226,2025-07-10,306.31,0.11,272.62,Debit Card,Completed,0.358
PUR004423,CUST03140,CAM004108,2026-05-11,248.62,0.02,243.65,Debit Card,Pending,0.323
PUR004424,CUST01220,CAM009511,2025-06-11,756.0,0.19,612.36,Debit Card,Completed,0.444
PUR004425,CUST01185,CAM008689,2025-09-27,600.75,0.0,600.75,Credit Card,Completed,0.276
PUR004426,CUST02341,CAM008202,2025-02-11,1327.82,0.0,1327.82,PayPal,Completed,0.357
PUR004427,CUST03795,CAM001027,2025-06-07,319.2,0.13,277.7,Credit Card,Completed,0.203
PUR004428,CUST02449,CAM004070,2025-07-19,790.46,0.0,790.46,Credit Card,Refunded,0.358
PUR004429,CUST00976,CAM007372,2024-11-27,1687.58,0.02,1653.83,Credit Card,Completed,0.445
PUR004430,CUST01352,CAM002727,2026-03-21,788.43,0.0,788.43,Credit Card,Completed,0.439
PUR004431,CUST01326,CAM008504,2025-10-19,207.47,0.0,207.47,Credit Card,Completed,0.278
PUR004432,CUST04632,CAM004425,2026-06-23,764.34,0.0,764.34,Debit Card,Completed,0.239
PUR004433,CUST01406,CAM008992,2026-04-11,515.95,0.06,484.99,Credit Card,Completed,0.205
PUR004434,CUST04703,CAM009669,2025-01-29,1055.3,0.0,1055.3,PayPal,Cancelled,0.206
PUR004435,CUST00815,CAM009172,2025-03-17,240.95,0.0,240.95,Debit Card,Completed,0.372
PUR004436,CUST01805,CAM008261,2025-10-07,1282.23,0.21,1012.96,Apple Pay,Completed,0.23
PUR004437,CUST04751,CAM000700,2024-12-31,718.49,0.0,718.49,Debit Card,Completed,0.337
PUR004438,CUST01139,CAM008812,2026-06-16,536.24,0.0,536.24,Debit Card,Refunded,0.357
PUR004439,CUST01818,CAM007206,2025-06-01,396.17,0.0,396.17,Debit Card,Completed,0.402
PUR004440,CUST01895,CAM001783,2026-05-01,934.68,0.07,869.25,Debit Card,Completed,0.407
PUR004441,CUST00322,CAM000930,2025-04-28,322.82,0.0,322.82,Debit Card,Completed,0.205
PUR004442,CUST03551,CAM002001,2026-01-02,838.54,0.0,838.54,PayPal,Completed,0.366
PUR004443,CUST04321,CAM008656,2025-10-06,880.05,0.21,695.24,Apple Pay,Completed,0.201
PUR004444,CUST04457,CAM001323,2025-12-05,500.85,0.0,500.85,Debit Card,Completed,0.224
PUR004445,CUST00529,CAM001421,2024-09-23,263.62,0.0,263.62,Apple Pay,Refunded,0.351
PUR004446,CUST02042,CAM000532,2025-12-04,708.38,0.14,609.21,Google Pay,Completed,0.336
PUR004447,CUST00627,CAM003889,2025-10-26,546.04,0.0,546.04,Debit Card,Completed,0.288
PUR004448,CUST02253,CAM001800,2026-08-18,1257.43,0.0,1257.43,Credit Card,Completed,0.245
PUR004449,CUST00629,CAM004906,2026-05-08,369.74,0.0,369.74,Credit Card,Completed,0.24
PUR004450,CUST01247,CAM007524,2026-05-04,873.27,0.0,873.27,PayPal,Completed,0.42
PUR004451,CUST01556,CAM005425,2025-12-30,3180.76,0.0,3180.76,Apple Pay,Completed,0.402
PUR004452,CUST03814,CAM009688,2026-08-31,794.06,0.0,794.06,Debit Card,Completed,0.32
PUR004453,CUST02759,CAM006174,2025-04-07,996.96,0.0,996.96,Google Pay,Completed,0.28
PUR004454,CUST04515,CAM006703,2026-07-14,425.97,0.0,425.97,Debit Card,Completed,0.361
PUR004455,CUST03901,CAM008871,2026-03-30,734.17,0.0,734.17,Credit Card,Cancelled,0.306
PUR004456,CUST02535,CAM006478,2025-05-17,92.01,0.05,87.41,Credit Card,Completed,0.255
PUR004457,CUST01056,CAM003752,2025-08-22,442.13,0.01,437.71,PayPal,Completed,0.385
PUR004458,CUST00563,CAM002834,2025-05-02,211.91,0.0,211.91,PayPal,Refunded,0.322
PUR004459,CUST04815,CAM005163,2026-06-08,246.26,0.0,246.26,Debit Card,Completed,0.271
PUR004460,CUST00995,CAM002760,2025-09-12,687.93,0.14,591.62,Apple Pay,Refunded,0.351
PUR004461,CUST01932,CAM009857,2026-04-18,721.41,0.0,721.41,Debit Card,Completed,0.25
PUR004462,CUST03013,CAM007632,2025-09-23,353.58,0.09,321.76,Apple Pay,Completed,0.396
PUR004463,CUST03837,CAM005770,2026-04-26,1210.87,0.02,1186.65,Apple Pay,Completed,0.379
PUR004464,CUST02125,CAM000306,2026-04-06,715.27,0.0,715.27,Debit Card,Cancelled,0.282
PUR004465,CUST01068,CAM004458,2025-11-03,2208.73,0.0,2208.73,Google Pay,Completed,0.383
PUR004466,CUST01648,CAM005844,2025-05-28,111.97,0.0,111.97,Apple Pay,Completed,0.348
PUR004467,CUST00514,CAM000080,2026-03-11,1236.88,0.0,1236.88,Apple Pay,Completed,0.21
PUR004468,CUST00484,CAM007877,2025-02-14,1019.87,0.0,1019.87,Credit Card,Completed,0.399
PUR004469,CUST00410,CAM002034,2025-01-05,99.28,0.0,99.28,Google Pay,Completed,0.224
PUR004470,CUST04277,CAM001326,2025-11-15,333.79,0.0,333.79,Credit Card,Completed,0.306
PUR004471,CUST02542,CAM000035,2026-07-06,1852.86,0.0,1852.86,PayPal,Completed,0.278
PUR004472,CUST02361,CAM001817,2025-04-30,506.03,0.1,455.43,PayPal,Completed,0.346
PUR004473,CUST04789,CAM005052,2026-05-08,466.49,0.0,466.49,Credit Card,Completed,0.251
PUR004474,CUST02674,CAM007595,2025-01-08,326.66,0.11,290.73,Credit Card,Completed,0.297
PUR004475,CUST03343,CAM006402,2024-10-04,613.43,0.0,613.43,Credit Card,Completed,0.27
PUR004476,CUST01700,CAM009219,2026-01-02,205.49,0.06,193.16,Credit Card,Completed,0.401
PUR004477,CUST02703,CAM004463,2026-04-24,389.28,0.0,389.28,Credit Card,Completed,0.254
PUR004478,CUST01621,CAM006717,2026-06-16,1042.61,0.0,1042.61,Google Pay,Completed,0.222
PUR004479,CUST01734,CAM009945,2026-03-27,238.12,0.0,238.12,Debit Card,Completed,0.269
PUR004480,CUST01161,CAM005151,2026-08-11,238.38,0.09,216.93,PayPal,Completed,0.327
PUR004481,CUST00305,CAM007840,2024-10-28,1483.07,0.0,1483.07,Google Pay,Completed,0.397
PUR004482,CUST02409,CAM005883,2025-07-31,460.42,0.0,460.42,PayPal,Completed,0.41
PUR004483,CUST01893,CAM009185,2025-02-10,917.66,0.0,917.66,Apple Pay,Completed,0.244
PUR004484,CUST01302,CAM007684,2025-10-11,852.68,0.18,699.2,Debit Card,Completed,0.409
PUR004485,CUST02136,CAM008569,2025-07-18,729.5,0.13,634.66,Credit Card,Pending,0.213
PUR004486,CUST00766,CAM001107,2026-04-05,200.07,0.0,200.07,Google Pay,Completed,0.236
PUR004487,CUST00401,CAM008811,2025-07-27,612.33,0.22,477.62,Credit Card,Completed,0.42
PUR004488,CUST03954,CAM005678,2026-04-11,328.46,0.19,266.05,PayPal,Cancelled,0.382
PUR004489,CUST02828,CAM006112,2026-05-11,284.03,0.0,284.03,Google Pay,Completed,0.318
PUR004490,CUST04171,CAM005429,2025-11-20,464.35,0.0,464.35,Credit Card,Refunded,0.276
PUR004491,CUST02982,CAM004318,2025-04-07,1033.01,0.19,836.74,Debit Card,Completed,0.306
PUR004492,CUST03497,CAM007731,2024-10-16,2582.19,0.0,2582.19,Credit Card,Refunded,0.38
PUR004493,CUST02081,CAM004633,2025-03-28,590.47,0.0,590.47,Debit Card,Completed,0.231
PUR004494,CUST03649,CAM007561,2025-07-28,299.29,0.07,278.34,Credit Card,Pending,0.353
PUR004495,CUST00396,CAM008894,2025-04-01,351.98,0.0,351.98,PayPal,Completed,0.376
PUR004496,CUST00158,CAM000409,2025-04-22,4643.5,0.0,4643.5,Debit Card,Completed,0.407
PUR004497,CUST02527,CAM004990,2025-12-28,1200.24,0.18,984.2,Credit Card,Completed,0.222
PUR004498,CUST03746,CAM006282,2025-08-21,1025.23,0.12,902.2,Credit Card,Completed,0.221
PUR004499,CUST04269,CAM009275,2026-01-07,415.49,0.0,415.49,Debit Card,Completed,0.287
PUR004500,CUST00614,CAM004741,2026-07-04,576.35,0.0,576.35,Debit Card,Completed,0.2
PUR004501,CUST01955,CAM002918,2025-03-25,525.79,0.0,525.79,Credit Card,Completed,0.422
PUR004502,CUST00035,CAM008959,2025-04-13,1488.36,0.0,1488.36,PayPal,Refunded,0.352
PUR004503,CUST01200,CAM008302,2024-09-24,73.52,0.15,62.49,Credit Card,Pending,0.325
PUR004504,CUST01839,CAM002812,2026-05-28,97.94,0.0,97.94,Google Pay,Completed,0.378
PUR004505,CUST00394,CAM006657,2026-08-18,532.56,0.0,532.56,Debit Card,Completed,0.35
PUR004506,CUST03706,CAM006459,2025-01-18,396.6,0.0,396.6,PayPal,Completed,0.325
PUR004507,CUST04656,CAM005668,2025-04-12,678.86,0.0,678.86,Debit Card,Completed,0.433
PUR004508,CUST00047,CAM003646,2024-09-01,719.28,0.12,632.97,Credit Card,Pending,0.307
PUR004509,CUST02110,CAM004850,2026-08-30,609.93,0.0,609.93,PayPal,Pending,0.333
PUR004510,CUST02439,CAM007985,2025-11-16,626.17,0.0,626.17,PayPal,Refunded,0.377
PUR004511,CUST01778,CAM005993,2026-08-19,344.58,0.12,303.23,Debit Card,Pending,0.33
PUR004512,CUST04944,CAM001319,2025-03-28,693.14,0.01,686.21,Google Pay,Completed,0.275
PUR004513,CUST04750,CAM005018,2025-11-16,355.43,0.08,327.0,Credit Card,Completed,0.316
PUR004514,CUST03482,CAM003495,2026-05-21,1101.81,0.03,1068.76,Google Pay,Completed,0.431
PUR004515,CUST04018,CAM003869,2024-12-02,436.47,0.0,436.47,Credit Card,Completed,0.333
PUR004516,CUST03464,CAM004616,2025-11-22,399.14,0.0,399.14,Credit Card,Completed,0.315
PUR004517,CUST01748,CAM003543,2024-12-15,555.56,0.0,555.56,Google Pay,Completed,0.248
PUR004518,CUST03378,CAM009227,2025-04-03,1146.61,0.14,986.08,Google Pay,Completed,0.276
PUR004519,CUST02557,CAM002741,2025-02-14,704.5,0.13,612.92,PayPal,Completed,0.253
PUR004520,CUST03165,CAM000462,2025-05-12,406.72,0.12,357.91,Credit Card,Completed,0.271
PUR004521,CUST03141,CAM005122,2025-01-29,142.02,0.0,142.02,Debit Card,Completed,0.405
PUR004522,CUST02698,CAM009719,2025-01-07,618.94,0.0,618.94,Debit Card,Completed,0.245
PUR004523,CUST01563,CAM001243,2026-04-05,1184.46,0.0,1184.46,PayPal,Completed,0.24
PUR004524,CUST03461,CAM000035,2026-09-09,166.27,0.0,166.27,Credit Card,Pending,0.306
PUR004525,CUST03802,CAM009178,2024-09-30,1562.26,0.0,1562.26,Credit Card,Completed,0.324
PUR004526,CUST00948,CAM008922,2025-06-15,297.2,0.0,297.2,Debit Card,Completed,0.387
PUR004527,CUST01726,CAM004842,2026-07-23,1199.8,0.08,1103.82,PayPal,Pending,0.247
PUR004528,CUST04158,CAM006250,2026-06-08,154.87,0.0,154.87,PayPal,Completed,0.252
PUR004529,CUST03227,CAM005519,2025-12-05,1603.59,0.0,1603.59,PayPal,Pending,0.209
PUR004530,CUST03974,CAM000754,2025-10-19,461.36,0.07,429.06,PayPal,Completed,0.299
PUR004531,CUST00917,CAM003029,2026-04-06,261.82,0.21,206.84,Debit Card,Completed,0.414
PUR004532,CUST02157,CAM002978,2025-03-07,952.26,0.0,952.26,Google Pay,Completed,0.288
PUR004533,CUST03961,CAM006966,2026-06-16,769.05,0.0,769.05,Google Pay,Completed,0.376
PUR004534,CUST01328,CAM003107,2026-03-04,409.43,0.0,409.43,Debit Card,Cancelled,0.389
PUR004535,CUST01498,CAM009448,2026-08-11,2308.19,0.2,1846.55,Apple Pay,Completed,0.248
PUR004536,CUST01622,CAM003435,2025-12-14,119.48,0.12,105.14,Credit Card,Completed,0.237
PUR004537,CUST04483,CAM001536,2025-07-30,462.02,0.07,429.68,Debit Card,Completed,0.215
PUR004538,CUST04224,CAM008671,2025-04-25,244.7,0.0,244.7,Debit Card,Completed,0.213
PUR004539,CUST03829,CAM002887,2026-08-21,1153.81,0.07,1073.04,Credit Card,Refunded,0.405
PUR004540,CUST00061,CAM000090,2024-11-07,1425.66,0.17,1183.3,Debit Card,Completed,0.25
PUR004541,CUST00400,CAM000221,2025-11-18,883.7,0.18,724.63,PayPal,Completed,0.432
PUR004542,CUST00855,CAM007734,2025-09-15,355.77,0.0,355.77,PayPal,Completed,0.281
PUR004543,CUST02058,CAM004648,2026-06-17,242.42,0.0,242.42,Apple Pay,Completed,0.395
PUR004544,CUST02093,CAM007985,2025-11-15,256.61,0.0,256.61,Credit Card,Completed,0.405
PUR004545,CUST03441,CAM001789,2026-08-05,316.03,0.15,268.63,Credit Card,Completed,0.331
PUR004546,CUST00595,CAM008513,2025-02-20,1269.48,0.0,1269.48,PayPal,Completed,0.209
PUR004547,CUST03326,CAM007047,2026-03-24,389.97,0.0,389.97,PayPal,Completed,0.38
PUR004548,CUST03653,CAM002920,2025-09-16,576.89,0.0,576.89,Google Pay,Completed,0.416
PUR004549,CUST00791,CAM007689,2025-10-27,364.89,0.0,364.89,Debit Card,Completed,0.379
PUR004550,CUST04925,CAM006981,2025-08-30,182.28,0.0,182.28,Debit Card,Completed,0.397
PUR004551,CUST04309,CAM002447,2025-05-06,558.13,0.0,558.13,PayPal,Completed,0.422
PUR004552,CUST04682,CAM006916,2025-11-17,572.57,0.0,572.57,Apple Pay,Completed,0.216
PUR004553,CUST00182,CAM002145,2026-01-31,212.0,0.0,212.0,Debit Card,Cancelled,0.37
PUR004554,CUST03870,CAM008596,2025-04-11,305.08,0.0,305.08,Debit Card,Pending,0.209
PUR004555,CUST01674,CAM004840,2025-08-23,122.41,0.0,122.41,Debit Card,Completed,0.212
PUR004556,CUST01494,CAM000272,2025-12-19,237.13,0.0,237.13,Debit Card,Completed,0.23
PUR004557,CUST02403,CAM002720,2026-03-30,605.55,0.0,605.55,PayPal,Completed,0.397
PUR004558,CUST03462,CAM001119,2024-11-22,276.67,0.0,276.67,Credit Card,Pending,0.435
PUR004559,CUST00123,CAM007902,2025-06-25,1255.99,0.0,1255.99,Apple Pay,Completed,0.273
PUR004560,CUST04641,CAM005311,2025-09-08,3279.38,0.0,3279.38,Credit Card,Pending,0.398
PUR004561,CUST04086,CAM005964,2025-12-22,369.36,0.0,369.36,PayPal,Completed,0.294
PUR004562,CUST02537,CAM009405,2025-08-07,617.59,0.0,617.59,Apple Pay,Completed,0.441
PUR004563,CUST04615,CAM005984,2024-10-06,818.79,0.12,720.54,Google Pay,Completed,0.22
PUR004564,CUST04630,CAM005364,2026-03-31,823.96,0.22,642.69,Debit Card,Completed,0.388
PUR004565,CUST04027,CAM009241,2026-07-15,1001.16,0.1,901.04,Credit Card,Completed,0.391
PUR004566,CUST04441,CAM004970,2025-03-22,529.35,0.0,529.35,Debit Card,Completed,0.37
PUR004567,CUST01791,CAM009364,2025-04-12,515.29,0.0,515.29,Google Pay,Refunded,0.361
PUR004568,CUST01202,CAM006043,2025-12-08,101.72,0.07,94.6,PayPal,Pending,0.292
PUR004569,CUST00879,CAM003405,2024-10-09,1575.65,0.0,1575.65,Credit Card,Completed,0.214
PUR004570,CUST01333,CAM003218,2024-11-24,1324.53,0.0,1324.53,Credit Card,Refunded,0.2
PUR004571,CUST02189,CAM000294,2025-10-10,521.83,0.0,521.83,PayPal,Completed,0.376
PUR004572,CUST00883,CAM006829,2026-02-17,534.22,0.0,534.22,Google Pay,Completed,0.38
PUR004573,CUST04188,CAM002507,2026-07-23,89.67,0.19,72.63,Credit Card,Completed,0.218
PUR004574,CUST02556,CAM000901,2024-11-12,482.35,0.0,482.35,PayPal,Refunded,0.254
PUR004575,CUST02980,CAM006554,2026-04-26,226.61,0.21,179.02,PayPal,Completed,0.433
PUR004576,CUST00714,CAM004476,2024-10-08,1342.03,0.15,1140.73,Credit Card,Completed,0.37
PUR004577,CUST02110,CAM000254,2025-10-10,732.79,0.0,732.79,Credit Card,Completed,0.349
PUR004578,CUST01451,CAM002440,2026-07-19,1255.08,0.0,1255.08,Debit Card,Cancelled,0.35
PUR004579,CUST03332,CAM002111,2025-09-16,765.61,0.0,765.61,PayPal,Completed,0.235
PUR004580,CUST03709,CAM005299,2025-08-27,570.05,0.0,570.05,PayPal,Completed,0.337
PUR004581,CUST04270,CAM008746,2026-02-25,790.83,0.23,608.94,PayPal,Completed,0.352
PUR004582,CUST03137,CAM006219,2025-08-26,1095.69,0.0,1095.69,Debit Card,Completed,0.289
PUR004583,CUST04679,CAM008963,2024-09-26,92.63,0.0,92.63,Apple Pay,Completed,0.418
PUR004584,CUST01988,CAM000337,2025-12-24,3621.11,0.0,3621.11,Debit Card,Pending,0.323
PUR004585,CUST02685,CAM004890,2026-06-14,66.72,0.0,66.72,Apple Pay,Completed,0.394
PUR004586,CUST02391,CAM002267,2025-09-05,781.59,0.0,781.59,Apple Pay,Completed,0.363
PUR004587,CUST01393,CAM006144,2025-09-05,152.81,0.05,145.17,Credit Card,Completed,0.438
PUR004588,CUST04974,CAM007989,2026-06-22,95.81,0.0,95.81,Credit Card,Completed,0.351
PUR004589,CUST01145,CAM003295,2025-03-12,1269.62,0.07,1180.75,Google Pay,Completed,0.243
PUR004590,CUST04680,CAM000453,2025-03-16,597.06,0.0,597.06,PayPal,Completed,0.426
PUR004591,CUST04770,CAM003960,2025-11-29,780.92,0.0,780.92,Credit Card,Completed,0.368
PUR004592,CUST00272,CAM006743,2025-05-29,535.16,0.0,535.16,Apple Pay,Completed,0.221
PUR004593,CUST03098,CAM002495,2026-03-04,63.34,0.02,62.07,Google Pay,Completed,0.319
PUR004594,CUST02029,CAM003844,2026-08-07,796.46,0.0,796.46,Debit Card,Completed,0.299
PUR004595,CUST04441,CAM009009,2025-07-26,693.75,0.0,693.75,Credit Card,Completed,0.238
PUR004596,CUST04926,CAM009711,2026-02-09,950.69,0.0,950.69,Debit Card,Pending,0.437
PUR004597,CUST02145,CAM005303,2025-03-23,894.32,0.11,795.94,Apple Pay,Completed,0.217
PUR004598,CUST03502,CAM007700,2026-06-14,1170.8,0.0,1170.8,Debit Card,Completed,0.236
PUR004599,CUST01244,CAM004326,2024-10-11,461.56,0.0,461.56,Credit Card,Completed,0.232
PUR004600,CUST03526,CAM002531,2025-05-12,1102.43,0.05,1047.31,Credit Card,Completed,0.305
PUR004601,CUST03737,CAM000009,2025-06-18,877.65,0.24,667.01,Debit Card,Completed,0.378
PUR004602,CUST00749,CAM009278,2025-04-18,1548.79,0.21,1223.54,PayPal,Completed,0.346
PUR004603,CUST03090,CAM001533,2025-07-20,424.11,0.0,424.11,Apple Pay,Completed,0.371
PUR004604,CUST00759,CAM009398,2025-08-27,448.99,0.0,448.99,Debit Card,Completed,0.338
PUR004605,CUST00627,CAM005624,2026-08-06,300.69,0.19,243.56,PayPal,Cancelled,0.24
PUR004606,CUST04519,CAM004777,2026-06-05,2581.39,0.0,2581.39,Debit Card,Completed,0.218
PUR004607,CUST02542,CAM005152,2026-02-26,1760.45,0.01,1742.85,Apple Pay,Completed,0.328
PUR004608,CUST04657,CAM004369,2024-12-31,380.47,0.0,380.47,Credit Card,Pending,0.244
PUR004609,CUST04697,CAM003035,2025-06-25,358.09,0.1,322.28,Credit Card,Completed,0.224
PUR004610,CUST00774,CAM008456,2025-02-18,108.16,0.0,108.16,Debit Card,Completed,0.346
PUR004611,CUST04430,CAM008673,2024-10-27,260.15,0.0,260.15,Credit Card,Completed,0.381
PUR004612,CUST00394,CAM003596,2025-08-06,1047.05,0.03,1015.64,PayPal,Completed,0.213
PUR004613,CUST00440,CAM004243,2026-04-13,1242.52,0.0,1242.52,Debit Card,Completed,0.301
PUR004614,CUST03947,CAM004975,2025-05-12,1085.07,0.12,954.86,Credit Card,Completed,0.211
PUR004615,CUST00791,CAM005031,2025-11-25,340.42,0.0,340.42,Credit Card,Completed,0.219
PUR004616,CUST00117,CAM001158,2025-08-14,1081.63,0.0,1081.63,Apple Pay,Completed,0.238
PUR004617,CUST03601,CAM008341,2025-03-04,380.68,0.11,338.81,Debit Card,Completed,0.225
PUR004618,CUST03749,CAM006023,2025-02-25,562.25,0.0,562.25,Credit Card,Completed,0.231
PUR004619,CUST03009,CAM007344,2025-01-03,419.39,0.0,419.39,PayPal,Completed,0.42
PUR004620,CUST03855,CAM000522,2025-03-28,159.15,0.0,159.15,Credit Card,Completed,0.422
PUR004621,CUST00842,CAM006172,2025-07-10,476.11,0.02,466.59,Credit Card,Completed,0.239
PUR004622,CUST01903,CAM003427,2025-12-13,533.65,0.04,512.3,Credit Card,Completed,0.235
PUR004623,CUST03183,CAM006644,2024-12-07,576.24,0.0,576.24,PayPal,Cancelled,0.426
PUR004624,CUST01975,CAM000397,2026-08-04,1046.25,0.0,1046.25,PayPal,Completed,0.366
PUR004625,CUST00171,CAM001082,2025-11-24,468.59,0.0,468.59,Debit Card,Completed,0.24
PUR004626,CUST00833,CAM003681,2024-10-17,352.03,0.12,309.79,Apple Pay,Refunded,0.442
PUR004627,CUST04181,CAM008874,2026-06-30,434.57,0.0,434.57,Debit Card,Completed,0.209
PUR004628,CUST01726,CAM006833,2024-10-03,561.54,0.0,561.54,Credit Card,Pending,0.216
PUR004629,CUST04361,CAM003901,2024-10-19,1306.23,0.0,1306.23,PayPal,Completed,0.268
PUR004630,CUST00289,CAM008016,2025-11-28,65.44,0.0,65.44,Debit Card,Cancelled,0.217
PUR004631,CUST03963,CAM004696,2025-05-20,171.57,0.0,171.57,Credit Card,Completed,0.4
PUR004632,CUST02976,CAM000788,2025-11-12,1941.92,0.0,1941.92,Google Pay,Completed,0.405
PUR004633,CUST01444,CAM006695,2024-08-21,1486.12,0.05,1411.81,Google Pay,Completed,0.317
PUR004634,CUST00505,CAM002433,2026-01-25,170.22,0.04,163.41,Apple Pay,Cancelled,0.395
PUR004635,CUST03718,CAM003527,2024-12-27,135.6,0.0,135.6,Debit Card,Completed,0.399
PUR004636,CUST01109,CAM002984,2024-10-10,657.43,0.0,657.43,Credit Card,Completed,0.417
PUR004637,CUST02563,CAM006491,2026-04-16,674.45,0.0,674.45,Apple Pay,Completed,0.261
PUR004638,CUST02935,CAM006972,2025-07-19,1392.98,0.03,1351.19,PayPal,Completed,0.351
PUR004639,CUST03709,CAM007701,2024-10-27,641.72,0.0,641.72,Google Pay,Completed,0.266
PUR004640,CUST01875,CAM006489,2026-03-08,365.0,0.0,365.0,PayPal,Completed,0.31
PUR004641,CUST04888,CAM005490,2025-04-02,564.16,0.0,564.16,Credit Card,Completed,0.245
PUR004642,CUST02462,CAM001129,2025-01-20,642.95,0.12,565.8,Google Pay,Completed,0.333
PUR004643,CUST01752,CAM006402,2024-11-06,1641.18,0.09,1493.47,Credit Card,Completed,0.218
PUR004644,CUST04171,CAM009442,2026-07-03,1501.51,0.0,1501.51,Debit Card,Completed,0.447
PUR004645,CUST01241,CAM004416,2025-09-13,363.48,0.0,363.48,PayPal,Completed,0.33
PUR004646,CUST04511,CAM004606,2025-07-07,104.97,0.0,104.97,Debit Card,Pending,0.311
PUR004647,CUST04947,CAM001765,2025-03-27,385.71,0.04,370.28,Apple Pay,Completed,0.387
PUR004648,CUST01191,CAM000640,2026-02-26,125.13,0.0,125.13,Debit Card,Completed,0.275
PUR004649,CUST03459,CAM004728,2025-08-15,678.2,0.0,678.2,Google Pay,Cancelled,0.319
PUR004650,CUST03240,CAM008097,2024-09-06,510.38,0.03,495.07,Debit Card,Completed,0.394
PUR004651,CUST02081,CAM008325,2024-12-16,78.49,0.09,71.43,Debit Card,Cancelled,0.429
PUR004652,CUST03933,CAM001974,2025-01-16,2188.74,0.12,1926.09,Apple Pay,Completed,0.374
PUR004653,CUST02397,CAM005803,2026-07-28,1231.07,0.24,935.61,Credit Card,Completed,0.263
PUR004654,CUST00828,CAM001932,2026-02-15,221.99,0.0,221.99,Apple Pay,Completed,0.294
PUR004655,CUST04240,CAM007995,2024-12-30,376.61,0.24,286.22,Debit Card,Completed,0.312
PUR004656,CUST03063,CAM007681,2024-10-06,233.0,0.0,233.0,Debit Card,Completed,0.381
PUR004657,CUST02042,CAM002286,2024-12-01,607.28,0.0,607.28,PayPal,Completed,0.294
PUR004658,CUST00185,CAM007388,2025-08-20,55.2,0.0,55.2,Apple Pay,Completed,0.363
PUR004659,CUST02248,CAM003320,2025-08-14,953.49,0.0,953.49,PayPal,Completed,0.423
PUR004660,CUST04214,CAM001158,2025-08-13,1199.73,0.04,1151.74,Credit Card,Completed,0.325
PUR004661,CUST04207,CAM004326,2024-10-17,1713.21,0.0,1713.21,Credit Card,Completed,0.264
PUR004662,CUST04452,CAM001681,2025-02-16,264.54,0.0,264.54,Debit Card,Pending,0.372
PUR004663,CUST01716,CAM005261,2024-11-14,2054.58,0.21,1623.12,PayPal,Pending,0.408
PUR004664,CUST01726,CAM007063,2026-05-17,1726.11,0.15,1467.19,Debit Card,Completed,0.355
PUR004665,CUST02186,CAM005037,2026-07-13,531.92,0.0,531.92,Google Pay,Completed,0.415
PUR004666,CUST00170,CAM004316,2024-09-10,158.43,0.22,123.58,PayPal,Refunded,0.35
PUR004667,CUST01399,CAM007645,2025-07-17,1643.25,0.2,1314.6,Credit Card,Completed,0.241
PUR004668,CUST02125,CAM001298,2026-04-23,303.08,0.13,263.68,Apple Pay,Completed,0.286
PUR004669,CUST00530,CAM009010,2025-07-11,1542.55,0.0,1542.55,Credit Card,Completed,0.441
PUR004670,CUST04723,CAM005550,2024-12-02,541.77,0.21,428.0,PayPal,Completed,0.445
PUR004671,CUST04683,CAM002783,2025-11-06,340.84,0.0,340.84,Credit Card,Completed,0.318
PUR004672,CUST04629,CAM003511,2024-12-09,547.37,0.0,547.37,Debit Card,Completed,0.203
PUR004673,CUST03052,CAM005755,2025-06-23,1007.04,0.14,866.05,Debit Card,Completed,0.374
PUR004674,CUST02667,CAM005180,2025-05-29,540.2,0.0,540.2,Debit Card,Completed,0.31
PUR004675,CUST04641,CAM007948,2025-01-23,393.62,0.16,330.64,Credit Card,Completed,0.336
PUR004676,CUST02253,CAM000424,2025-07-15,1054.57,0.0,1054.57,Credit Card,Completed,0.271
PUR004677,CUST00178,CAM007319,2024-09-28,365.68,0.0,365.68,Apple Pay,Completed,0.354
PUR004678,CUST04731,CAM000938,2025-08-06,1108.3,0.0,1108.3,Credit Card,Completed,0.421
PUR004679,CUST01212,CAM002220,2026-01-21,1831.26,0.0,1831.26,Credit Card,Completed,0.312
PUR004680,CUST04357,CAM001710,2025-06-29,61.65,0.09,56.1,Apple Pay,Completed,0.308
PUR004681,CUST02284,CAM008846,2025-05-24,1527.91,0.16,1283.44,Debit Card,Completed,0.212
PUR004682,CUST04595,CAM000121,2026-08-20,199.83,0.0,199.83,Credit Card,Refunded,0.447
PUR004683,CUST02694,CAM007780,2026-08-02,420.23,0.12,369.8,PayPal,Pending,0.3
PUR004684,CUST01207,CAM005408,2026-01-26,176.6,0.0,176.6,Credit Card,Pending,0.337
PUR004685,CUST04628,CAM009171,2024-11-26,901.74,0.09,820.58,Debit Card,Completed,0.203
PUR004686,CUST03276,CAM007109,2026-05-29,1591.88,0.22,1241.67,Credit Card,Pending,0.421
PUR004687,CUST01780,CAM001929,2024-12-04,3087.16,0.08,2840.19,Debit Card,Completed,0.223
PUR004688,CUST00945,CAM005342,2025-09-11,474.91,0.0,474.91,Credit Card,Completed,0.246
PUR004689,CUST03192,CAM000974,2026-09-10,57.48,0.13,50.01,PayPal,Completed,0.236
PUR004690,CUST01358,CAM000677,2025-06-28,665.19,0.0,665.19,Credit Card,Completed,0.358
PUR004691,CUST00661,CAM003547,2025-07-28,311.77,0.0,311.77,PayPal,Completed,0.357
PUR004692,CUST03005,CAM003890,2024-11-13,2455.49,0.0,2455.49,Credit Card,Completed,0.301
PUR004693,CUST01152,CAM003198,2026-03-13,482.46,0.0,482.46,PayPal,Completed,0.37
PUR004694,CUST03357,CAM007720,2026-01-11,1530.66,0.24,1163.3,Apple Pay,Completed,0.324
PUR004695,CUST03872,CAM002026,2025-09-08,892.49,0.01,883.57,PayPal,Completed,0.411
PUR004696,CUST00024,CAM003905,2025-07-21,465.62,0.0,465.62,Debit Card,Cancelled,0.365
PUR004697,CUST04189,CAM009815,2026-01-03,249.17,0.0,249.17,PayPal,Completed,0.281
PUR004698,CUST00893,CAM008441,2025-08-25,1182.87,0.11,1052.75,Apple Pay,Completed,0.336
PUR004699,CUST04167,CAM002569,2024-11-30,65.01,0.2,52.01,PayPal,Completed,0.321
PUR004700,CUST02945,CAM007902,2025-06-13,1106.85,0.0,1106.85,Debit Card,Completed,0.203
PUR004701,CUST00043,CAM005572,2025-03-18,477.55,0.08,439.35,Apple Pay,Completed,0.258
PUR004702,CUST03661,CAM001976,2025-06-28,144.94,0.13,126.1,PayPal,Completed,0.41
PUR004703,CUST03907,CAM001190,2024-09-08,662.85,0.16,556.79,PayPal,Completed,0.262
PUR004704,CUST03339,CAM003918,2025-10-15,715.4,0.04,686.78,Debit Card,Pending,0.228
PUR004705,CUST01159,CAM007471,2025-12-26,271.84,0.0,271.84,Credit Card,Completed,0.376
PUR004706,CUST01632,CAM006579,2024-12-18,515.28,0.0,515.28,Credit Card,Refunded,0.435
PUR004707,CUST03843,CAM002191,2025-02-12,896.04,0.0,896.04,Credit Card,Completed,0.267
PUR004708,CUST02317,CAM005166,2025-06-18,903.21,0.0,903.21,Google Pay,Completed,0.403
PUR004709,CUST02295,CAM009204,2026-04-02,263.14,0.0,263.14,PayPal,Completed,0.436
PUR004710,CUST01855,CAM007236,2025-12-06,661.68,0.21,522.73,PayPal,Completed,0.242
PUR004711,CUST04378,CAM002379,2025-02-02,2705.6,0.24,2056.26,Credit Card,Completed,0.23
PUR004712,CUST00510,CAM009573,2026-07-10,265.87,0.0,265.87,Apple Pay,Completed,0.356
PUR004713,CUST04502,CAM008612,2024-10-14,421.52,0.0,421.52,Google Pay,Completed,0.406
PUR004714,CUST00330,CAM005507,2026-04-08,904.86,0.12,796.28,Debit Card,Completed,0.445
PUR004715,CUST04310,CAM006225,2026-02-02,795.66,0.0,795.66,Debit Card,Cancelled,0.409
PUR004716,CUST04067,CAM001912,2025-04-12,195.33,0.0,195.33,Google Pay,Completed,0.357
PUR004717,CUST01621,CAM001314,2025-04-18,1041.69,0.0,1041.69,Debit Card,Completed,0.309
PUR004718,CUST04850,CAM000156,2025-07-14,800.87,0.22,624.68,Apple Pay,Pending,0.394
PUR004719,CUST01528,CAM005031,2025-12-30,403.06,0.0,403.06,Debit Card,Completed,0.322
PUR004720,CUST02113,CAM003022,2026-01-23,110.14,0.0,110.14,Apple Pay,Completed,0.444
PUR004721,CUST02167,CAM005212,2026-02-24,896.08,0.01,887.12,Debit Card,Completed,0.283
PUR004722,CUST01002,CAM001303,2024-11-12,1435.76,0.0,1435.76,Apple Pay,Completed,0.378
PUR004723,CUST04038,CAM000921,2025-05-13,506.2,0.0,506.2,Debit Card,Completed,0.257
PUR004724,CUST00491,CAM003202,2025-06-12,104.99,0.0,104.99,Apple Pay,Completed,0.245
PUR004725,CUST04966,CAM002671,2025-01-04,407.87,0.0,407.87,Debit Card,Completed,0.401
PUR004726,CUST02734,CAM001957,2025-12-05,616.1,0.22,480.56,Credit Card,Refunded,0.302
PUR004727,CUST01540,CAM001257,2026-02-26,417.7,0.2,334.16,Debit Card,Completed,0.241
PUR004728,CUST00633,CAM004332,2026-02-07,895.48,0.0,895.48,PayPal,Cancelled,0.317
PUR004729,CUST03429,CAM009765,2025-03-28,136.8,0.0,136.8,Apple Pay,Completed,0.428
PUR004730,CUST04378,CAM001533,2025-07-13,1271.29,0.0,1271.29,Credit Card,Completed,0.412
PUR004731,CUST04099,CAM004558,2025-02-27,260.9,0.24,198.28,Credit Card,Completed,0.316
PUR004732,CUST04378,CAM005120,2026-07-01,660.74,0.12,581.45,Debit Card,Completed,0.297
PUR004733,CUST00412,CAM007443,2026-02-04,1172.83,0.0,1172.83,Debit Card,Cancelled,0.345
PUR004734,CUST04641,CAM009176,2026-07-22,1890.16,0.03,1833.46,Apple Pay,Completed,0.211
PUR004735,CUST03252,CAM007295,2025-12-01,1713.06,0.0,1713.06,Debit Card,Completed,0.259
PUR004736,CUST01514,CAM004539,2026-01-12,1420.87,0.0,1420.87,Credit Card,Completed,0.45
PUR004737,CUST04830,CAM001255,2025-01-09,1445.3,0.22,1127.33,Credit Card,Refunded,0.428
PUR004738,CUST03869,CAM002487,2026-03-03,593.59,0.0,593.59,Apple Pay,Completed,0.201
PUR004739,CUST00410,CAM007377,2026-04-13,726.76,0.0,726.76,Apple Pay,Completed,0.419
PUR004740,CUST03563,CAM007717,2026-06-01,236.61,0.11,210.58,PayPal,Completed,0.378
PUR004741,CUST00902,CAM007774,2026-09-05,439.41,0.1,395.47,Credit Card,Completed,0.375
PUR004742,CUST00530,CAM005575,2026-08-05,655.85,0.12,577.15,Credit Card,Completed,0.408
PUR004743,CUST00276,CAM001270,2025-09-22,1051.37,0.0,1051.37,Debit Card,Completed,0.278
PUR004744,CUST04161,CAM000345,2025-09-17,413.31,0.0,413.31,Credit Card,Completed,0.3
PUR004745,CUST02153,CAM008683,2025-11-10,578.57,0.07,538.07,Google Pay,Completed,0.232
PUR004746,CUST03753,CAM007277,2024-12-14,1217.34,0.0,1217.34,Debit Card,Cancelled,0.213
PUR004747,CUST03540,CAM008150,2025-04-29,1516.11,0.08,1394.82,Credit Card,Completed,0.304
PUR004748,CUST03968,CAM009999,2025-01-07,975.4,0.0,975.4,Credit Card,Completed,0.345
PUR004749,CUST01270,CAM003403,2025-01-24,179.99,0.0,179.99,Credit Card,Completed,0.305
PUR004750,CUST01566,CAM002594,2026-06-21,2096.67,0.11,1866.04,Debit Card,Completed,0.445
PUR004751,CUST00629,CAM004794,2025-10-30,473.99,0.0,473.99,Credit Card,Completed,0.433
PUR004752,CUST03595,CAM004129,2025-03-12,141.18,0.0,141.18,Credit Card,Completed,0.246
PUR004753,CUST01976,CAM002052,2025-09-08,1266.16,0.21,1000.27,PayPal,Completed,0.27
PUR004754,CUST04307,CAM001545,2024-08-21,311.4,0.2,249.12,PayPal,Completed,0.365
PUR004755,CUST04249,CAM008841,2024-12-28,2095.46,0.11,1864.96,Apple Pay,Completed,0.442
PUR004756,CUST00906,CAM000244,2026-01-16,1063.93,0.19,861.78,Credit Card,Completed,0.259
PUR004757,CUST03221,CAM003451,2026-05-25,87.52,0.0,87.52,PayPal,Completed,0.252
PUR004758,CUST01983,CAM000091,2026-02-17,672.51,0.15,571.63,PayPal,Completed,0.42
PUR004759,CUST00305,CAM003314,2025-07-20,613.08,0.23,472.07,Debit Card,Completed,0.389
PUR004760,CUST04207,CAM006944,2025-01-10,224.45,0.0,224.45,Apple Pay,Pending,0.235
PUR004761,CUST03657,CAM004477,2025-01-09,296.1,0.0,296.1,PayPal,Completed,0.333
PUR004762,CUST03173,CAM002241,2025-12-24,472.01,0.04,453.13,Credit Card,Refunded,0.344
PUR004763,CUST02116,CAM005608,2024-12-09,1670.55,0.0,1670.55,Credit Card,Cancelled,0.336
PUR004764,CUST03362,CAM002096,2025-02-20,524.31,0.02,513.82,Google Pay,Pending,0.331
PUR004765,CUST01274,CAM006530,2026-03-18,314.38,0.0,314.38,Debit Card,Completed,0.232
PUR004766,CUST03721,CAM003434,2026-04-24,124.05,0.0,124.05,Credit Card,Completed,0.234
PUR004767,CUST03711,CAM001100,2025-06-10,949.47,0.25,712.1,Debit Card,Pending,0.21
PUR004768,CUST03587,CAM001425,2025-11-05,1848.65,0.02,1811.68,Credit Card,Cancelled,0.396
PUR004769,CUST01604,CAM003561,2026-08-16,223.12,0.21,176.26,Google Pay,Completed,0.229
PUR004770,CUST02731,CAM007115,2025-09-30,202.89,0.0,202.89,PayPal,Completed,0.356
PUR004771,CUST03869,CAM000127,2025-08-20,249.66,0.0,249.66,Credit Card,Completed,0.289
PUR004772,CUST04905,CAM005410,2024-11-01,383.58,0.21,303.03,Google Pay,Completed,0.329
PUR004773,CUST04292,CAM004686,2026-06-18,220.78,0.09,200.91,Google Pay,Completed,0.345
PUR004774,CUST00513,CAM009303,2024-12-27,63.1,0.0,63.1,Debit Card,Completed,0.401
PUR004775,CUST03762,CAM002888,2024-12-11,641.94,0.08,590.58,Google Pay,Completed,0.345
PUR004776,CUST00820,CAM004697,2025-10-21,159.92,0.0,159.92,Apple Pay,Completed,0.223
PUR004777,CUST04226,CAM001778,2025-05-14,1542.19,0.21,1218.33,Apple Pay,Completed,0.419
PUR004778,CUST01457,CAM004107,2024-10-13,1452.43,0.0,1452.43,Debit Card,Pending,0.433
PUR004779,CUST03588,CAM009891,2026-05-15,435.04,0.08,400.24,Google Pay,Completed,0.424
PUR004780,CUST01455,CAM003827,2025-07-11,407.85,0.0,407.85,PayPal,Completed,0.365
PUR004781,CUST02038,CAM006558,2025-09-27,391.23,0.15,332.55,Apple Pay,Completed,0.279
PUR004782,CUST03082,CAM006661,2024-12-17,1849.72,0.13,1609.26,Google Pay,Completed,0.352
PUR004783,CUST02543,CAM001502,2025-07-25,898.03,0.17,745.36,Debit Card,Completed,0.248
PUR004784,CUST02289,CAM005462,2026-02-19,738.32,0.0,738.32,Credit Card,Completed,0.449
PUR004785,CUST03809,CAM002766,2025-04-26,275.43,0.0,275.43,Google Pay,Completed,0.318
PUR004786,CUST02745,CAM003173,2026-05-15,99.55,0.1,89.6,Credit Card,Completed,0.222
PUR004787,CUST02563,CAM000376,2026-03-07,1463.52,0.07,1361.07,Credit Card,Completed,0.257
PUR004788,CUST03568,CAM008945,2026-08-23,298.6,0.0,298.6,Debit Card,Completed,0.29
PUR004789,CUST01649,CAM007710,2026-07-31,655.53,0.0,655.53,Apple Pay,Completed,0.342
PUR004790,CUST00319,CAM009144,2026-02-27,1002.62,0.0,1002.62,Credit Card,Completed,0.428
PUR004791,CUST04872,CAM002675,2024-09-01,68.86,0.21,54.4,Credit Card,Completed,0.429
PUR004792,CUST02877,CAM000066,2025-02-15,728.0,0.0,728.0,PayPal,Completed,0.446
PUR004793,CUST00911,CAM004764,2025-10-18,958.69,0.0,958.69,Credit Card,Completed,0.335
PUR004794,CUST02760,CAM006395,2024-10-08,438.32,0.18,359.42,Google Pay,Completed,0.241
PUR004795,CUST01451,CAM006164,2025-09-20,1055.49,0.0,1055.49,Credit Card,Cancelled,0.387
PUR004796,CUST01787,CAM002917,2025-10-30,111.77,0.06,105.06,PayPal,Completed,0.429
PUR004797,CUST04746,CAM008108,2025-04-15,57.92,0.0,57.92,Google Pay,Completed,0.284
PUR004798,CUST01997,CAM006967,2025-11-19,69.03,0.0,69.03,PayPal,Completed,0.383
PUR004799,CUST00807,CAM009861,2025-01-03,277.85,0.16,233.39,Debit Card,Completed,0.392
PUR004800,CUST04485,CAM002836,2026-07-04,175.91,0.0,175.91,Credit Card,Completed,0.353
PUR004801,CUST04859,CAM006041,2026-01-02,390.4,0.0,390.4,Debit Card,Completed,0.244
PUR004802,CUST04298,CAM002201,2025-08-30,357.06,0.0,357.06,Credit Card,Cancelled,0.401
PUR004803,CUST03805,CAM000216,2024-10-29,159.13,0.0,159.13,Google Pay,Refunded,0.345
PUR004804,CUST01859,CAM003187,2024-09-21,144.43,0.22,112.66,Credit Card,Completed,0.234
PUR004805,CUST00433,CAM003964,2025-09-08,789.59,0.0,789.59,Google Pay,Refunded,0.412
PUR004806,CUST01927,CAM001439,2025-11-08,511.35,0.11,455.1,PayPal,Refunded,0.276
PUR004807,CUST00063,CAM000263,2026-01-17,225.83,0.0,225.83,Credit Card,Completed,0.36
PUR004808,CUST02645,CAM000287,2026-01-04,245.96,0.21,194.31,Debit Card,Completed,0.378
PUR004809,CUST04274,CAM004322,2025-05-22,123.64,0.0,123.64,Credit Card,Completed,0.351
PUR004810,CUST00621,CAM009601,2026-02-07,305.51,0.24,232.19,Credit Card,Completed,0.45
PUR004811,CUST02499,CAM007583,2024-08-26,364.2,0.0,364.2,Debit Card,Completed,0.244
PUR004812,CUST03243,CAM008250,2025-07-13,260.96,0.01,258.35,PayPal,Completed,0.231
PUR004813,CUST04333,CAM006251,2026-01-15,834.49,0.0,834.49,Credit Card,Completed,0.259
PUR004814,CUST00287,CAM008056,2024-10-28,2412.48,0.0,2412.48,Debit Card,Completed,0.42
PUR004815,CUST01637,CAM007767,2025-04-04,447.13,0.0,447.13,Credit Card,Completed,0.426
PUR004816,CUST00829,CAM003842,2025-07-03,554.1,0.03,537.48,PayPal,Completed,0.217
PUR004817,CUST00910,CAM001498,2025-12-15,400.45,0.23,308.35,Debit Card,Completed,0.243
PUR004818,CUST01593,CAM009825,2025-03-23,698.24,0.18,572.56,Debit Card,Completed,0.306
PUR004819,CUST03987,CAM005834,2026-07-05,479.45,0.0,479.45,Credit Card,Completed,0.291
PUR004820,CUST01339,CAM003510,2025-08-02,790.5,0.09,719.36,Apple Pay,Completed,0.27
PUR004821,CUST00372,CAM005350,2025-03-08,302.88,0.0,302.88,Debit Card,Completed,0.424
PUR004822,CUST04789,CAM008571,2026-04-21,86.06,0.0,86.06,Credit Card,Pending,0.398
PUR004823,CUST04002,CAM000162,2025-12-06,57.03,0.0,57.03,PayPal,Completed,0.446
PUR004824,CUST01902,CAM004003,2024-08-28,565.97,0.0,565.97,Debit Card,Completed,0.317
PUR004825,CUST01322,CAM005892,2024-10-05,2080.12,0.0,2080.12,Apple Pay,Completed,0.348
PUR004826,CUST03926,CAM004809,2025-04-02,611.61,0.0,611.61,Debit Card,Completed,0.416
PUR004827,CUST04921,CAM004915,2026-08-18,950.7,0.0,950.7,Credit Card,Completed,0.328
PUR004828,CUST03246,CAM009539,2025-09-12,312.8,0.0,312.8,Apple Pay,Completed,0.26
PUR004829,CUST02166,CAM000516,2024-09-06,460.16,0.0,460.16,PayPal,Refunded,0.345
PUR004830,CUST00976,CAM000190,2025-10-17,2029.66,0.0,2029.66,Credit Card,Pending,0.298
PUR004831,CUST02883,CAM005488,2026-04-15,540.74,0.0,540.74,Apple Pay,Completed,0.414
PUR004832,CUST02101,CAM003527,2024-12-07,310.0,0.04,297.6,PayPal,Pending,0.445
PUR004833,CUST04911,CAM005551,2025-06-15,1036.45,0.13,901.71,PayPal,Completed,0.381
PUR004834,CUST01171,CAM002167,2025-01-15,207.79,0.0,207.79,PayPal,Completed,0.333
PUR004835,CUST02253,CAM005832,2025-08-04,983.5,0.0,983.5,PayPal,Completed,0.443
PUR004836,CUST04069,CAM008152,2024-12-13,282.81,0.0,282.81,Credit Card,Completed,0.393
PUR004837,CUST04424,CAM008605,2025-04-04,1342.24,0.0,1342.24,Credit Card,Completed,0.248
PUR004838,CUST03514,CAM009195,2025-04-17,1243.74,0.0,1243.74,Google Pay,Pending,0.211
PUR004839,CUST04188,CAM001133,2026-04-04,49.56,0.1,44.6,Credit Card,Completed,0.382
PUR004840,CUST02863,CAM000584,2024-11-03,434.53,0.0,434.53,Apple Pay,Refunded,0.349
PUR004841,CUST00782,CAM000658,2026-03-30,1364.07,0.11,1214.02,Credit Card,Completed,0.298
PUR004842,CUST02781,CAM000931,2026-03-21,154.46,0.0,154.46,Debit Card,Completed,0.374
PUR004843,CUST01417,CAM007448,2026-06-13,390.19,0.0,390.19,Apple Pay,Cancelled,0.331
PUR004844,CUST02928,CAM004509,2025-10-20,2422.81,0.0,2422.81,Credit Card,Completed,0.338
PUR004845,CUST00111,CAM004075,2024-10-16,524.26,0.0,524.26,PayPal,Pending,0.374
PUR004846,CUST04537,CAM005494,2025-07-20,110.45,0.12,97.2,Debit Card,Completed,0.203
PUR004847,CUST00523,CAM000916,2025-09-02,218.31,0.0,218.31,Google Pay,Completed,0.346
PUR004848,CUST01683,CAM002551,2024-10-25,235.63,0.0,235.63,Debit Card,Completed,0.32
PUR004849,CUST03469,CAM005940,2025-01-23,459.02,0.0,459.02,Apple Pay,Completed,0.246
PUR004850,CUST02320,CAM006376,2025-10-24,231.69,0.0,231.69,PayPal,Completed,0.239
PUR004851,CUST04963,CAM002639,2024-11-04,456.54,0.0,456.54,Credit Card,Completed,0.219
PUR004852,CUST00720,CAM006256,2026-05-21,470.9,0.0,470.9,Credit Card,Completed,0.226
PUR004853,CUST02278,CAM002112,2025-03-28,1414.0,0.01,1399.86,Credit Card,Completed,0.204
PUR004854,CUST00248,CAM009123,2024-12-18,414.65,0.0,414.65,PayPal,Pending,0.316
PUR004855,CUST03599,CAM000217,2025-05-01,106.11,0.0,106.11,Debit Card,Completed,0.378
PUR004856,CUST01974,CAM005869,2024-10-06,1698.03,0.0,1698.03,Debit Card,Completed,0.351
PUR004857,CUST02296,CAM009926,2025-11-24,1302.66,0.22,1016.07,PayPal,Completed,0.394
PUR004858,CUST02363,CAM000542,2026-04-30,1328.69,0.12,1169.25,Google Pay,Pending,0.403
PUR004859,CUST00352,CAM009413,2025-01-07,1965.88,0.0,1965.88,Debit Card,Completed,0.213
PUR004860,CUST02568,CAM007763,2026-07-16,751.31,0.0,751.31,Credit Card,Cancelled,0.335
PUR004861,CUST00949,CAM001648,2025-11-18,955.21,0.0,955.21,Debit Card,Completed,0.206
PUR004862,CUST01664,CAM003936,2026-08-31,305.03,0.1,274.53,Credit Card,Completed,0.357
PUR004863,CUST03303,CAM007558,2025-12-03,1561.44,0.0,1561.44,Credit Card,Completed,0.37
PUR004864,CUST01044,CAM004741,2026-06-26,719.3,0.0,719.3,Debit Card,Pending,0.435
PUR004865,CUST04439,CAM002842,2024-10-25,369.95,0.0,369.95,Credit Card,Completed,0.287
PUR004866,CUST02125,CAM007078,2026-05-16,636.25,0.0,636.25,Apple Pay,Completed,0.316
PUR004867,CUST03730,CAM002059,2026-07-05,762.54,0.0,762.54,PayPal,Completed,0.207
PUR004868,CUST01450,CAM001348,2026-05-13,289.77,0.14,249.2,Debit Card,Completed,0.286
PUR004869,CUST04236,CAM006984,2026-02-20,956.45,0.0,956.45,PayPal,Completed,0.368
PUR004870,CUST03200,CAM000736,2025-06-12,1629.73,0.16,1368.97,PayPal,Cancelled,0.288
PUR004871,CUST00613,CAM005709,2024-09-24,368.86,0.0,368.86,Apple Pay,Completed,0.227
PUR004872,CUST01753,CAM008866,2026-03-06,434.73,0.0,434.73,Debit Card,Completed,0.301
PUR004873,CUST03857,CAM005260,2026-06-13,805.41,0.23,620.17,Debit Card,Completed,0.42
PUR004874,CUST02534,CAM009418,2026-01-08,639.47,0.23,492.39,Apple Pay,Completed,0.235
PUR004875,CUST03698,CAM009012,2026-01-02,390.18,0.0,390.18,Debit Card,Completed,0.387
PUR004876,CUST04569,CAM002974,2026-06-07,780.05,0.0,780.05,Credit Card,Completed,0.395
PUR004877,CUST00101,CAM003283,2025-11-02,118.63,0.19,96.09,Debit Card,Completed,0.2
PUR004878,CUST02151,CAM006125,2026-02-26,1738.67,0.0,1738.67,Debit Card,Completed,0.236
PUR004879,CUST02293,CAM001813,2025-08-16,1219.78,0.0,1219.78,Credit Card,Completed,0.22
PUR004880,CUST03627,CAM006549,2025-06-12,1459.11,0.25,1094.33,Apple Pay,Completed,0.389
PUR004881,CUST01471,CAM007259,2025-08-09,2554.41,0.0,2554.41,Debit Card,Completed,0.403
PUR004882,CUST04554,CAM000753,2025-03-22,560.28,0.0,560.28,Credit Card,Completed,0.299
PUR004883,CUST03940,CAM004038,2026-01-14,1428.24,0.05,1356.83,Credit Card,Completed,0.274
PUR004884,CUST04529,CAM004093,2026-03-23,1248.88,0.0,1248.88,PayPal,Completed,0.409
PUR004885,CUST01317,CAM002079,2026-03-19,85.21,0.0,85.21,Credit Card,Completed,0.264
PUR004886,CUST02927,CAM001945,2026-07-23,388.88,0.1,349.99,Google Pay,Completed,0.346
PUR004887,CUST02966,CAM003434,2026-04-03,1105.18,0.0,1105.18,Credit Card,Completed,0.399
PUR004888,CUST02459,CAM000329,2024-08-28,1001.22,0.0,1001.22,Credit Card,Completed,0.285
PUR004889,CUST04999,CAM009673,2025-01-27,207.13,0.01,205.06,Debit Card,Completed,0.403
PUR004890,CUST02029,CAM005691,2025-06-11,1976.75,0.0,1976.75,PayPal,Pending,0.251
PUR004891,CUST02968,CAM002134,2024-09-09,1052.9,0.0,1052.9,Debit Card,Refunded,0.347
PUR004892,CUST03300,CAM000198,2024-11-02,435.2,0.0,435.2,Google Pay,Pending,0.288
PUR004893,CUST01220,CAM006282,2025-08-03,82.81,0.0,82.81,Debit Card,Completed,0.349
PUR004894,CUST02866,CAM005772,2024-09-11,682.24,0.03,661.77,Debit Card,Completed,0.343
PUR004895,CUST04424,CAM009065,2025-03-03,1643.67,0.0,1643.67,Credit Card,Completed,0.255
PUR004896,CUST01579,CAM009484,2025-11-30,1615.71,0.0,1615.71,Debit Card,Completed,0.248
PUR004897,CUST03770,CAM006102,2025-06-25,146.02,0.0,146.02,Debit Card,Completed,0.302
PUR004898,CUST01779,CAM009855,2026-03-29,401.27,0.22,312.99,Credit Card,Completed,0.279
PUR004899,CUST00326,CAM005395,2025-01-29,287.23,0.0,287.23,Credit Card,Completed,0.231
PUR004900,CUST03253,CAM006720,2026-03-25,124.36,0.0,124.36,Debit Card,Cancelled,0.433
PUR004901,CUST04937,CAM000163,2025-05-19,830.84,0.0,830.84,Debit Card,Refunded,0.373
PUR004902,CUST03238,CAM006573,2026-01-25,1868.16,0.0,1868.16,PayPal,Cancelled,0.247
PUR004903,CUST02257,CAM002019,2024-12-09,396.37,0.0,396.37,Credit Card,Completed,0.396
PUR004904,CUST04260,CAM008433,2024-12-04,2997.12,0.02,2937.18,Credit Card,Completed,0.44
PUR004905,CUST01622,CAM006737,2025-03-04,1693.76,0.1,1524.38,Google Pay,Completed,0.3
PUR004906,CUST01375,CAM001325,2026-05-15,254.01,0.21,200.67,Debit Card,Completed,0.301
PUR004907,CUST02070,CAM007719,2025-12-04,1984.55,0.0,1984.55,Credit Card,Completed,0.247
PUR004908,CUST00668,CAM000318,2024-08-25,772.84,0.0,772.84,Apple Pay,Pending,0.434
PUR004909,CUST02540,CAM007035,2025-02-07,357.51,0.0,357.51,PayPal,Completed,0.291
PUR004910,CUST00069,CAM003466,2025-03-07,499.43,0.0,499.43,Credit Card,Completed,0.245
PUR004911,CUST00381,CAM001633,2025-05-30,138.85,0.18,113.86,Credit Card,Completed,0.437
PUR004912,CUST00305,CAM008662,2025-11-14,857.81,0.0,857.81,Debit Card,Completed,0.286
PUR004913,CUST01620,CAM000895,2025-09-14,451.67,0.0,451.67,PayPal,Completed,0.228
PUR004914,CUST03216,CAM000828,2025-04-17,1106.53,0.0,1106.53,PayPal,Completed,0.353
PUR004915,CUST02236,CAM008050,2025-09-19,3435.91,0.1,3092.32,Debit Card,Completed,0.204
PUR004916,CUST02237,CAM000139,2025-06-01,137.89,0.0,137.89,PayPal,Completed,0.285
PUR004917,CUST03338,CAM007762,2026-07-10,487.23,0.0,487.23,Credit Card,Cancelled,0.206
PUR004918,CUST00756,CAM004197,2025-07-12,279.9,0.0,279.9,Credit Card,Completed,0.314
PUR004919,CUST02368,CAM009141,2025-11-03,757.26,0.0,757.26,Debit Card,Completed,0.39
PUR004920,CUST01691,CAM009860,2026-01-28,1633.13,0.2,1306.5,PayPal,Completed,0.391
PUR004921,CUST00059,CAM003376,2025-10-03,170.61,0.0,170.61,Apple Pay,Completed,0.34
PUR004922,CUST01744,CAM001887,2025-03-22,69.78,0.0,69.78,Debit Card,Refunded,0.428
PUR004923,CUST01422,CAM000836,2025-05-13,594.43,0.07,552.82,Debit Card,Completed,0.427
PUR004924,CUST03405,CAM000920,2026-01-30,1166.65,0.0,1166.65,PayPal,Completed,0.282
PUR004925,CUST00253,CAM006533,2025-08-12,1405.15,0.0,1405.15,PayPal,Completed,0.242
PUR004926,CUST03108,CAM006774,2024-09-30,312.99,0.0,312.99,PayPal,Completed,0.387
PUR004927,CUST02203,CAM001899,2024-11-09,427.6,0.03,414.77,Debit Card,Completed,0.306
PUR004928,CUST01650,CAM005313,2025-07-25,2066.11,0.0,2066.11,Apple Pay,Completed,0.411
PUR004929,CUST00748,CAM008202,2024-12-31,268.26,0.0,268.26,PayPal,Completed,0.291
PUR004930,CUST02545,CAM007039,2026-06-10,604.83,0.0,604.83,Credit Card,Pending,0.266
PUR004931,CUST02896,CAM000098,2025-07-26,195.58,0.0,195.58,Credit Card,Completed,0.445
PUR004932,CUST00046,CAM003642,2026-08-25,887.15,0.22,691.98,Credit Card,Completed,0.395
PUR004933,CUST02184,CAM006680,2025-10-04,432.82,0.12,380.88,Debit Card,Refunded,0.323
PUR004934,CUST03923,CAM005706,2025-09-22,676.25,0.0,676.25,PayPal,Refunded,0.301
PUR004935,CUST04725,CAM009429,2025-08-04,441.18,0.12,388.24,Credit Card,Completed,0.348
PUR004936,CUST00937,CAM001379,2025-12-30,274.45,0.15,233.28,PayPal,Completed,0.397
PUR004937,CUST00917,CAM009817,2026-02-10,555.2,0.0,555.2,Debit Card,Pending,0.398
PUR004938,CUST04286,CAM001597,2026-07-10,52.09,0.0,52.09,Credit Card,Completed,0.321
PUR004939,CUST00729,CAM006891,2024-09-22,376.12,0.01,372.36,Credit Card,Completed,0.21
PUR004940,CUST00680,CAM006331,2026-01-07,1526.48,0.0,1526.48,Debit Card,Completed,0.22
PUR004941,CUST00433,CAM001876,2026-04-20,913.03,0.12,803.47,Credit Card,Refunded,0.208
PUR004942,CUST04391,CAM007610,2026-08-19,563.01,0.0,563.01,Credit Card,Completed,0.298
PUR004943,CUST01789,CAM000982,2025-11-10,816.88,0.0,816.88,Credit Card,Completed,0.354
PUR004944,CUST02238,CAM001243,2026-04-08,368.63,0.15,313.34,PayPal,Pending,0.354
PUR004945,CUST04891,CAM002201,2025-08-01,70.72,0.0,70.72,Debit Card,Completed,0.34
PUR004946,CUST03390,CAM009637,2025-03-22,922.45,0.07,857.88,Google Pay,Completed,0.365
PUR004947,CUST00035,CAM006643,2025-06-15,1356.5,0.1,1220.85,PayPal,Completed,0.395
PUR004948,CUST04434,CAM003096,2025-08-29,157.49,0.02,154.34,PayPal,Completed,0.284
PUR004949,CUST00761,CAM003643,2025-07-01,441.26,0.0,441.26,Credit Card,Completed,0.401
PUR004950,CUST02915,CAM005429,2025-11-09,507.51,0.13,441.53,Debit Card,Cancelled,0.259
PUR004951,CUST04606,CAM002443,2025-06-27,227.26,0.0,227.26,Apple Pay,Pending,0.423
PUR004952,CUST01077,CAM007803,2025-10-08,546.35,0.0,546.35,Credit Card,Completed,0.208
PUR004953,CUST01533,CAM000958,2026-06-28,2270.25,0.0,2270.25,Credit Card,Completed,0.207
PUR004954,CUST02051,CAM008438,2025-06-02,529.12,0.04,507.96,PayPal,Completed,0.27
PUR004955,CUST04644,CAM002708,2026-05-02,225.92,0.0,225.92,Debit Card,Completed,0.408
PUR004956,CUST00954,CAM007720,2026-01-01,1971.98,0.0,1971.98,PayPal,Completed,0.206
PUR004957,CUST04142,CAM003238,2025-12-25,150.13,0.0,150.13,Google Pay,Pending,0.398
PUR004958,CUST02657,CAM001683,2025-08-17,2088.64,0.02,2046.87,PayPal,Pending,0.246
PUR004959,CUST00284,CAM003846,2026-03-29,1030.12,0.2,824.1,Credit Card,Completed,0.404
PUR004960,CUST04752,CAM002634,2024-12-12,286.0,0.0,286.0,PayPal,Completed,0.425
PUR004961,CUST03772,CAM000816,2025-03-28,325.63,0.0,325.63,Google Pay,Completed,0.371
PUR004962,CUST03796,CAM007978,2024-11-03,38.04,0.04,36.52,Credit Card,Completed,0.212
PUR004963,CUST00313,CAM002443,2025-07-01,429.63,0.06,403.85,PayPal,Completed,0.208
PUR004964,CUST04704,CAM004712,2025-03-29,81.63,0.17,67.75,Credit Card,Completed,0.275
PUR004965,CUST01085,CAM008053,2025-09-18,327.67,0.0,327.67,Debit Card,Completed,0.292
PUR004966,CUST04949,CAM009072,2024-09-22,153.01,0.0,153.01,Apple Pay,Completed,0.301
PUR004967,CUST00932,CAM003076,2024-11-12,576.61,0.0,576.61,Credit Card,Completed,0.204
PUR004968,CUST00315,CAM006271,2024-10-01,1011.84,0.22,789.24,Google Pay,Completed,0.212
PUR004969,CUST04185,CAM009349,2025-02-23,671.15,0.0,671.15,PayPal,Completed,0.399
PUR004970,CUST02571,CAM003664,2025-11-23,376.37,0.17,312.39,PayPal,Completed,0.274
PUR004971,CUST02093,CAM006530,2026-03-16,50.22,0.2,40.18,Debit Card,Completed,0.378
PUR004972,CUST03565,CAM005109,2025-08-20,1487.9,0.06,1398.63,Debit Card,Pending,0.397
PUR004973,CUST00989,CAM004502,2026-02-20,7019.64,0.05,6668.66,Google Pay,Refunded,0.275
PUR004974,CUST00788,CAM004312,2025-12-06,104.44,0.0,104.44,Credit Card,Completed,0.249
PUR004975,CUST00672,CAM002595,2025-07-30,749.78,0.24,569.83,Credit Card,Completed,0.222
PUR004976,CUST03667,CAM002334,2024-12-15,2284.02,0.0,2284.02,Debit Card,Completed,0.396
PUR004977,CUST04131,CAM007019,2025-10-24,370.22,0.06,348.01,Debit Card,Completed,0.423
PUR004978,CUST04297,CAM002976,2024-09-04,455.94,0.0,455.94,Credit Card,Completed,0.439
PUR004979,CUST04810,CAM000006,2026-09-12,433.83,0.0,433.83,Google Pay,Completed,0.331
PUR004980,CUST02535,CAM005007,2025-10-26,746.22,0.0,746.22,Credit Card,Completed,0.2
PUR004981,CUST04702,CAM009492,2026-05-05,289.22,0.0,289.22,Debit Card,Completed,0.294
PUR004982,CUST02187,CAM002443,2025-07-12,272.95,0.0,272.95,Debit Card,Pending,0.421
PUR004983,CUST04876,CAM003430,2025-08-16,620.66,0.0,620.66,Debit Card,Pending,0.438
PUR004984,CUST03279,CAM003247,2025-03-08,1055.55,0.0,1055.55,Debit Card,Completed,0.415
PUR004985,CUST03721,CAM005705,2026-01-08,691.3,0.23,532.3,Credit Card,Completed,0.301
PUR004986,CUST02209,CAM006526,2025-12-28,179.12,0.22,139.71,Apple Pay,Completed,0.407
PUR004987,CUST04570,CAM005632,2026-03-28,752.16,0.0,752.16,Apple Pay,Completed,0.312
PUR004988,CUST03389,CAM001101,2025-02-24,1014.83,0.17,842.31,Google Pay,Refunded,0.249
PUR004989,CUST04025,CAM008178,2025-05-13,578.99,0.0,578.99,Debit Card,Completed,0.399
PUR004990,CUST01146,CAM002853,2026-09-05,470.43,0.06,442.2,Google Pay,Pending,0.416
PUR004991,CUST02843,CAM007815,2026-05-15,1551.3,0.21,1225.53,Debit Card,Completed,0.281
PUR004992,CUST03911,CAM008669,2025-02-16,266.96,0.0,266.96,Debit Card,Completed,0.315
PUR004993,CUST02371,CAM008218,2025-03-09,636.66,0.0,636.66,PayPal,Completed,0.356
PUR004994,CUST02553,CAM002560,2025-04-11,329.13,0.0,329.13,PayPal,Pending,0.43
PUR004995,CUST00446,CAM000116,2025-12-12,318.04,0.0,318.04,Debit Card,Completed,0.411
PUR004996,CUST01071,CAM000143,2025-07-08,36.45,0.0,36.45,Apple Pay,Completed,0.348
PUR004997,CUST04284,CAM006835,2025-08-01,698.32,0.0,698.32,Credit Card,Refunded,0.209
PUR004998,CUST04799,CAM009698,2026-06-16,479.19,0.06,450.44,PayPal,Completed,0.298
PUR004999,CUST00882,CAM009142,2024-10-10,197.47,0.2,157.98,PayPal,Completed,0.405
PUR005000,CUST01957,CAM007973,2025-08-01,1826.68,0.0,1826.68,Debit Card,Completed,0.291
PUR005001,CUST02274,CAM005439,2025-12-20,442.55,0.0,442.55,Debit Card,Completed,0.443
PUR005002,CUST02998,CAM006134,2026-01-27,380.28,0.15,323.24,PayPal,Completed,0.257
PUR005003,CUST01658,CAM001011,2025-07-19,592.89,0.17,492.1,Credit Card,Completed,0.362
PUR005004,CUST02009,CAM008990,2024-11-12,379.51,0.15,322.58,Debit Card,Pending,0.246
PUR005005,CUST03776,CAM004430,2025-04-26,438.57,0.0,438.57,Apple Pay,Completed,0.218
PUR005006,CUST03034,CAM000121,2026-08-06,601.14,0.17,498.95,Apple Pay,Completed,0.397
PUR005007,CUST03186,CAM007218,2025-07-08,1997.56,0.0,1997.56,Credit Card,Completed,0.448
PUR005008,CUST02167,CAM000596,2026-02-08,413.94,0.24,314.59,Credit Card,Completed,0.442
PUR005009,CUST04472,CAM009854,2024-10-06,241.66,0.0,241.66,Debit Card,Completed,0.358
PUR005010,CUST03647,CAM008210,2026-08-07,579.21,0.0,579.21,PayPal,Refunded,0.365
PUR005011,CUST03711,CAM002193,2026-01-25,2573.54,0.0,2573.54,Debit Card,Completed,0.207
PUR005012,CUST03877,CAM008455,2025-11-07,313.14,0.22,244.25,Apple Pay,Completed,0.271
PUR005013,CUST04105,CAM008789,2025-09-14,471.6,0.1,424.44,Debit Card,Pending,0.392
PUR005014,CUST01674,CAM005484,2026-04-26,126.47,0.2,101.18,Credit Card,Completed,0.357
PUR005015,CUST02904,CAM006213,2025-08-02,520.55,0.0,520.55,Credit Card,Completed,0.286
PUR005016,CUST03964,CAM002152,2026-05-26,601.46,0.0,601.46,Debit Card,Pending,0.308
PUR005017,CUST01266,CAM009334,2025-01-01,182.24,0.0,182.24,Google Pay,Completed,0.228
PUR005018,CUST02501,CAM005315,2025-02-17,31.68,0.21,25.03,Google Pay,Completed,0.333
PUR005019,CUST01923,CAM009668,2025-08-12,1211.49,0.16,1017.65,Debit Card,Completed,0.388
PUR005020,CUST04711,CAM004176,2025-01-06,638.41,0.0,638.41,Google Pay,Completed,0.432
PUR005021,CUST01186,CAM006160,2026-02-23,957.47,0.0,957.47,PayPal,Completed,0.436
PUR005022,CUST03230,CAM002168,2026-01-21,143.5,0.09,130.58,Apple Pay,Completed,0.414
PUR005023,CUST02682,CAM004119,2026-03-20,691.2,0.06,649.73,Debit Card,Completed,0.362
PUR005024,CUST00548,CAM003241,2025-05-12,660.05,0.0,660.05,Debit Card,Completed,0.295
PUR005025,CUST02581,CAM001339,2025-09-03,841.95,0.16,707.24,Credit Card,Pending,0.41
PUR005026,CUST04942,CAM003371,2025-11-01,1643.64,0.03,1594.33,Credit Card,Completed,0.335
PUR005027,CUST04751,CAM003870,2025-10-06,33.77,0.0,33.77,Apple Pay,Completed,0.305
PUR005028,CUST04808,CAM001756,2026-08-18,797.31,0.06,749.47,Debit Card,Completed,0.387
PUR005029,CUST03331,CAM004721,2025-02-06,1783.83,0.17,1480.58,Debit Card,Refunded,0.257
PUR005030,CUST04830,CAM000433,2025-05-07,468.3,0.0,468.3,Credit Card,Completed,0.325
PUR005031,CUST02363,CAM002849,2025-02-27,760.68,0.0,760.68,Debit Card,Completed,0.419
PUR005032,CUST03465,CAM003741,2025-01-01,565.39,0.0,565.39,Debit Card,Completed,0.243
PUR005033,CUST03945,CAM002994,2025-05-09,215.09,0.0,215.09,Apple Pay,Completed,0.376
PUR005034,CUST00665,CAM009732,2025-12-10,1662.18,0.0,1662.18,PayPal,Cancelled,0.279
PUR005035,CUST01376,CAM006402,2024-10-21,426.55,0.0,426.55,Apple Pay,Cancelled,0.295
PUR005036,CUST03438,CAM001817,2025-05-08,892.47,0.14,767.52,Google Pay,Completed,0.436
PUR005037,CUST03402,CAM001837,2025-01-17,382.07,0.21,301.84,Google Pay,Completed,0.324
PUR005038,CUST01801,CAM005169,2026-03-08,401.01,0.0,401.01,Credit Card,Completed,0.447
PUR005039,CUST03571,CAM006804,2024-10-20,2213.41,0.21,1748.59,Google Pay,Pending,0.282
PUR005040,CUST04035,CAM008915,2026-06-16,376.5,0.02,368.97,Debit Card,Completed,0.377
PUR005041,CUST03651,CAM007487,2026-08-15,602.69,0.0,602.69,Google Pay,Completed,0.323
PUR005042,CUST04183,CAM001858,2024-09-12,154.66,0.15,131.46,Credit Card,Completed,0.305
PUR005043,CUST04541,CAM007448,2026-07-02,297.33,0.0,297.33,Credit Card,Completed,0.306
PUR005044,CUST00472,CAM008858,2025-12-20,116.31,0.23,89.56,Debit Card,Completed,0.216
PUR005045,CUST00271,CAM002460,2026-08-11,1020.89,0.0,1020.89,Credit Card,Pending,0.307
PUR005046,CUST01861,CAM009458,2024-09-30,234.19,0.0,234.19,Credit Card,Completed,0.405
PUR005047,CUST03325,CAM002133,2026-08-11,1679.08,0.0,1679.08,Google Pay,Completed,0.43
PUR005048,CUST02935,CAM008683,2025-11-10,1644.75,0.0,1644.75,Credit Card,Completed,0.366
PUR005049,CUST03910,CAM001838,2026-02-06,358.94,0.0,358.94,Credit Card,Completed,0.387
PUR005050,CUST01816,CAM005668,2025-05-05,167.91,0.1,151.12,Credit Card,Completed,0.208
PUR005051,CUST02086,CAM002789,2024-12-17,637.14,0.17,528.83,PayPal,Completed,0.41
PUR005052,CUST03351,CAM001437,2024-10-30,222.13,0.14,191.03,Debit Card,Completed,0.307
PUR005053,CUST02366,CAM004986,2026-04-25,453.2,0.03,439.6,Credit Card,Completed,0.372
PUR005054,CUST00350,CAM009156,2026-02-11,639.42,0.2,511.54,Google Pay,Completed,0.227
PUR005055,CUST04120,CAM008179,2025-04-23,99.08,0.11,88.18,Google Pay,Completed,0.328
PUR005056,CUST04585,CAM003780,2025-09-19,1325.71,0.14,1140.11,Credit Card,Completed,0.328
PUR005057,CUST03388,CAM003138,2026-04-05,715.22,0.11,636.55,Debit Card,Completed,0.229
PUR005058,CUST00062,CAM000016,2024-10-13,335.09,0.0,335.09,PayPal,Completed,0.215
PUR005059,CUST00509,CAM002399,2025-11-25,1154.43,0.03,1119.8,Credit Card,Completed,0.307
PUR005060,CUST02005,CAM009144,2026-01-30,535.76,0.09,487.54,Apple Pay,Completed,0.329
PUR005061,CUST03182,CAM007451,2025-08-04,226.09,0.0,226.09,Apple Pay,Completed,0.405
PUR005062,CUST00539,CAM005024,2025-05-03,208.89,0.0,208.89,Credit Card,Completed,0.309
PUR005063,CUST01438,CAM007883,2026-03-31,787.09,0.0,787.09,Debit Card,Completed,0.288
PUR005064,CUST02214,CAM008724,2026-07-18,1189.82,0.0,1189.82,Credit Card,Completed,0.212
PUR005065,CUST02138,CAM001591,2025-01-19,388.3,0.0,388.3,Google Pay,Completed,0.348
PUR005066,CUST03242,CAM008770,2025-06-18,1517.31,0.0,1517.31,PayPal,Completed,0.44
PUR005067,CUST04470,CAM005020,2026-05-17,538.92,0.0,538.92,Debit Card,Completed,0.366
PUR005068,CUST02009,CAM002507,2026-07-02,230.49,0.0,230.49,Google Pay,Completed,0.347
PUR005069,CUST03914,CAM004915,2026-09-11,106.27,0.05,100.96,Credit Card,Completed,0.353
PUR005070,CUST00223,CAM005932,2024-12-04,1117.73,0.02,1095.38,Debit Card,Completed,0.432
PUR005071,CUST01207,CAM006531,2026-04-23,741.5,0.0,741.5,Credit Card,Pending,0.229
PUR005072,CUST01113,CAM009954,2025-09-25,351.68,0.11,313.0,Apple Pay,Completed,0.368
PUR005073,CUST03728,CAM001106,2025-12-22,381.49,0.0,381.49,Apple Pay,Completed,0.266
PUR005074,CUST01590,CAM004842,2026-07-27,369.16,0.0,369.16,PayPal,Completed,0.256
PUR005075,CUST04756,CAM005092,2026-03-15,1171.1,0.14,1007.15,Credit Card,Completed,0.439
PUR005076,CUST04869,CAM006474,2025-04-20,4488.95,0.0,4488.95,PayPal,Completed,0.298
PUR005077,CUST01979,CAM005891,2025-03-03,447.73,0.0,447.73,Credit Card,Completed,0.271
PUR005078,CUST00299,CAM005366,2026-09-19,1297.26,0.0,1297.26,Debit Card,Completed,0.351
PUR005079,CUST02734,CAM004323,2026-08-28,1833.0,0.15,1558.05,Debit Card,Completed,0.218
PUR005080,CUST00025,CAM006795,2025-03-29,1160.38,0.0,1160.38,Apple Pay,Pending,0.252
PUR005081,CUST00596,CAM008390,2026-01-26,399.11,0.0,399.11,Credit Card,Completed,0.349
PUR005082,CUST00853,CAM006517,2026-06-05,1163.17,0.24,884.01,Credit Card,Completed,0.245
PUR005083,CUST03152,CAM003967,2025-07-26,1788.41,0.0,1788.41,Credit Card,Completed,0.416
PUR005084,CUST01960,CAM001092,2025-06-15,728.03,0.15,618.83,PayPal,Completed,0.339
PUR005085,CUST02397,CAM004697,2025-10-29,353.2,0.11,314.35,PayPal,Completed,0.42
PUR005086,CUST01500,CAM008722,2026-09-10,1053.77,0.16,885.17,Apple Pay,Completed,0.438
PUR005087,CUST02619,CAM007163,2024-12-21,390.05,0.18,319.84,PayPal,Completed,0.364
PUR005088,CUST02037,CAM006632,2025-05-02,421.99,0.0,421.99,Debit Card,Completed,0.423
PUR005089,CUST02636,CAM001305,2024-11-20,571.51,0.21,451.49,Debit Card,Completed,0.389
PUR005090,CUST02585,CAM000649,2025-12-30,282.93,0.0,282.93,Debit Card,Completed,0.38
PUR005091,CUST01673,CAM002481,2026-05-30,569.24,0.0,569.24,Credit Card,Pending,0.336
PUR005092,CUST02419,CAM008796,2026-01-04,545.93,0.2,436.74,Credit Card,Completed,0.449
PUR005093,CUST01358,CAM004736,2025-12-17,605.93,0.02,593.81,Apple Pay,Pending,0.417
PUR005094,CUST00768,CAM007866,2025-05-24,122.41,0.16,102.82,PayPal,Completed,0.264
PUR005095,CUST04843,CAM007961,2025-08-13,542.04,0.02,531.2,Credit Card,Completed,0.421
PUR005096,CUST02557,CAM008245,2026-05-22,597.42,0.0,597.42,Debit Card,Completed,0.205
PUR005097,CUST01967,CAM003073,2025-01-24,1792.25,0.16,1505.49,PayPal,Completed,0.4
PUR005098,CUST01533,CAM007593,2025-11-08,2331.69,0.11,2075.2,Debit Card,Completed,0.358
PUR005099,CUST03746,CAM009239,2025-09-30,700.51,0.0,700.51,PayPal,Completed,0.396
PUR005100,CUST03928,CAM009367,2024-11-11,1349.52,0.0,1349.52,Apple Pay,Completed,0.41
PUR005101,CUST02796,CAM003288,2026-07-19,1303.94,0.08,1199.62,Credit Card,Completed,0.407
PUR005102,CUST04862,CAM003192,2026-08-16,1923.61,0.0,1923.61,PayPal,Completed,0.295
PUR005103,CUST03490,CAM004711,2025-11-15,1064.12,0.0,1064.12,Debit Card,Completed,0.244
PUR005104,CUST04274,CAM005185,2026-01-10,660.81,0.0,660.81,Debit Card,Completed,0.203
PUR005105,CUST03303,CAM003437,2024-08-18,129.44,0.0,129.44,Apple Pay,Completed,0.256
PUR005106,CUST02133,CAM004825,2025-12-15,174.4,0.0,174.4,Debit Card,Completed,0.293
PUR005107,CUST02952,CAM003206,2026-02-21,288.39,0.0,288.39,Debit Card,Completed,0.288
PUR005108,CUST01654,CAM008078,2026-03-18,148.98,0.13,129.61,PayPal,Refunded,0.435
PUR005109,CUST01127,CAM001611,2025-08-24,1365.0,0.0,1365.0,Debit Card,Completed,0.273
PUR005110,CUST00382,CAM007727,2024-09-20,1025.53,0.11,912.72,Google Pay,Pending,0.242
PUR005111,CUST03051,CAM000974,2026-08-28,1169.56,0.0,1169.56,PayPal,Pending,0.233
PUR005112,CUST03851,CAM001418,2024-09-08,366.05,0.09,333.11,Debit Card,Completed,0.446
PUR005113,CUST01246,CAM008437,2025-11-30,270.69,0.22,211.14,Credit Card,Completed,0.277
PUR005114,CUST04070,CAM007623,2025-03-20,289.96,0.0,289.96,Debit Card,Completed,0.241
PUR005115,CUST04553,CAM004125,2025-09-15,138.72,0.11,123.46,Credit Card,Completed,0.441
PUR005116,CUST02826,CAM000078,2025-12-31,511.07,0.17,424.19,Credit Card,Completed,0.382
PUR005117,CUST04853,CAM001319,2025-03-21,231.19,0.0,231.19,PayPal,Completed,0.271
PUR005118,CUST04745,CAM002178,2025-12-11,316.48,0.17,262.68,Credit Card,Pending,0.234
PUR005119,CUST00353,CAM000367,2026-08-20,64.34,0.21,50.83,Apple Pay,Cancelled,0.368
PUR005120,CUST04940,CAM004921,2025-04-01,337.66,0.0,337.66,Credit Card,Completed,0.258
PUR005121,CUST01357,CAM006316,2025-01-10,90.24,0.22,70.39,Credit Card,Completed,0.378
PUR005122,CUST02349,CAM009616,2025-04-27,664.6,0.0,664.6,PayPal,Completed,0.213
PUR005123,CUST01727,CAM003139,2025-02-22,1113.12,0.0,1113.12,PayPal,Pending,0.241
PUR005124,CUST02841,CAM001619,2026-02-19,1886.3,0.0,1886.3,Debit Card,Completed,0.386
PUR005125,CUST03859,CAM003882,2025-10-05,115.89,0.02,113.57,PayPal,Cancelled,0.362
PUR005126,CUST03249,CAM007880,2026-02-20,855.63,0.0,855.63,Credit Card,Completed,0.39
PUR005127,CUST02146,CAM004446,2026-05-18,314.56,0.0,314.56,Credit Card,Completed,0.238
PUR005128,CUST02677,CAM008160,2026-01-21,764.49,0.04,733.91,PayPal,Completed,0.392
PUR005129,CUST03927,CAM003489,2024-11-16,82.96,0.0,82.96,Credit Card,Completed,0.202
PUR005130,CUST02122,CAM002708,2026-04-29,1724.01,0.0,1724.01,Debit Card,Completed,0.394
PUR005131,CUST02518,CAM004767,2025-02-27,283.87,0.2,227.1,Google Pay,Completed,0.247
PUR005132,CUST04168,CAM005808,2025-12-12,512.36,0.25,384.27,PayPal,Completed,0.335
PUR005133,CUST04366,CAM008640,2025-11-30,121.82,0.17,101.11,Debit Card,Completed,0.408
PUR005134,CUST04575,CAM002030,2024-09-22,234.15,0.0,234.15,Apple Pay,Completed,0.227
PUR005135,CUST03475,CAM006473,2026-02-15,970.36,0.0,970.36,Credit Card,Completed,0.247
PUR005136,CUST03159,CAM000039,2026-05-15,2595.97,0.21,2050.82,PayPal,Completed,0.251
PUR005137,CUST00359,CAM003630,2026-03-15,2098.0,0.0,2098.0,Credit Card,Completed,0.217
PUR005138,CUST03607,CAM004961,2026-06-01,431.51,0.0,431.51,Google Pay,Completed,0.422
PUR005139,CUST01581,CAM003248,2026-05-23,255.67,0.0,255.67,Debit Card,Completed,0.293
PUR005140,CUST02768,CAM001811,2025-05-07,421.36,0.0,421.36,Credit Card,Completed,0.223
PUR005141,CUST04577,CAM006211,2026-01-15,614.49,0.16,516.17,Debit Card,Completed,0.213
PUR005142,CUST03781,CAM008258,2026-02-23,1673.49,0.0,1673.49,Credit Card,Completed,0.333
PUR005143,CUST01644,CAM008191,2026-04-26,735.27,0.1,661.74,Debit Card,Pending,0.223
PUR005144,CUST04528,CAM000519,2024-10-10,701.29,0.0,701.29,Google Pay,Completed,0.447
PUR005145,CUST03129,CAM007296,2025-03-27,442.05,0.0,442.05,Debit Card,Completed,0.243
PUR005146,CUST02328,CAM001093,2026-05-05,476.5,0.0,476.5,Apple Pay,Pending,0.211
PUR005147,CUST04998,CAM002978,2025-04-08,631.59,0.13,549.48,Google Pay,Completed,0.212
PUR005148,CUST00365,CAM001269,2025-02-17,840.74,0.0,840.74,Credit Card,Completed,0.248
PUR005149,CUST02415,CAM002450,2025-09-15,1357.53,0.0,1357.53,Apple Pay,Pending,0.281
PUR005150,CUST04938,CAM003989,2024-12-13,474.01,0.0,474.01,Debit Card,Completed,0.221
PUR005151,CUST03853,CAM008284,2024-12-09,247.95,0.0,247.95,Credit Card,Completed,0.298
PUR005152,CUST03316,CAM004360,2026-01-02,580.17,0.0,580.17,Credit Card,Completed,0.419
PUR005153,CUST01241,CAM007800,2026-02-17,9414.17,0.0,9414.17,Debit Card,Completed,0.209
PUR005154,CUST04418,CAM007599,2026-04-20,267.11,0.06,251.08,Apple Pay,Completed,0.304
PUR005155,CUST04931,CAM008243,2026-05-04,1815.08,0.0,1815.08,Apple Pay,Completed,0.437
PUR005156,CUST00663,CAM007209,2025-02-13,128.03,0.04,122.91,Debit Card,Completed,0.332
PUR005157,CUST00503,CAM000073,2025-03-09,125.56,0.16,105.47,Google Pay,Completed,0.267
PUR005158,CUST03041,CAM002780,2026-02-04,585.8,0.24,445.21,Debit Card,Refunded,0.285
PUR005159,CUST04248,CAM000726,2026-01-19,517.03,0.19,418.79,Credit Card,Completed,0.241
PUR005160,CUST01035,CAM008603,2026-06-25,1167.9,0.08,1074.47,Debit Card,Completed,0.233
PUR005161,CUST01279,CAM004196,2024-12-29,677.43,0.0,677.43,Credit Card,Completed,0.446
PUR005162,CUST00652,CAM008127,2025-03-24,1415.51,0.0,1415.51,Google Pay,Completed,0.301
PUR005163,CUST04039,CAM006494,2026-08-15,1757.39,0.17,1458.63,Credit Card,Completed,0.402
PUR005164,CUST04065,CAM003270,2025-01-21,112.48,0.0,112.48,Google Pay,Completed,0.259
PUR005165,CUST04856,CAM008817,2025-10-14,445.85,0.0,445.85,PayPal,Pending,0.239
PUR005166,CUST04916,CAM006842,2025-07-27,545.52,0.01,540.06,Debit Card,Completed,0.418
PUR005167,CUST00744,CAM003327,2025-03-10,360.09,0.08,331.28,Credit Card,Pending,0.328
PUR005168,CUST01000,CAM007229,2024-12-09,2085.76,0.18,1710.32,Google Pay,Completed,0.347
PUR005169,CUST03866,CAM007331,2026-01-07,147.64,0.19,119.59,Credit Card,Completed,0.324
PUR005170,CUST00069,CAM001165,2025-05-20,1566.05,0.06,1472.09,Debit Card,Completed,0.221
PUR005171,CUST03199,CAM005811,2024-10-02,313.52,0.15,266.49,Apple Pay,Pending,0.292
PUR005172,CUST04061,CAM000777,2025-08-18,559.49,0.0,559.49,Credit Card,Completed,0.312
PUR005173,CUST04231,CAM007323,2025-03-06,137.67,0.0,137.67,Debit Card,Completed,0.21
PUR005174,CUST04761,CAM007241,2025-03-15,2804.99,0.0,2804.99,PayPal,Completed,0.394
PUR005175,CUST00453,CAM002994,2025-05-05,3916.91,0.0,3916.91,Google Pay,Completed,0.326
PUR005176,CUST02918,CAM006102,2025-07-22,1888.28,0.0,1888.28,PayPal,Completed,0.36
PUR005177,CUST02979,CAM007083,2026-09-05,1388.94,0.0,1388.94,PayPal,Completed,0.291
PUR005178,CUST01907,CAM001842,2025-09-27,1518.23,0.0,1518.23,Credit Card,Completed,0.219
PUR005179,CUST00994,CAM007547,2025-10-10,1409.69,0.0,1409.69,Debit Card,Completed,0.266
PUR005180,CUST04272,CAM001785,2024-11-25,923.8,0.0,923.8,PayPal,Completed,0.31
PUR005181,CUST01154,CAM009167,2025-10-05,1167.7,0.0,1167.7,Debit Card,Completed,0.292
PUR005182,CUST00359,CAM002879,2026-08-18,1039.52,0.2,831.62,PayPal,Completed,0.399
PUR005183,CUST04017,CAM005855,2025-06-24,214.03,0.05,203.33,Credit Card,Completed,0.379
PUR005184,CUST03112,CAM002561,2026-02-01,1396.79,0.0,1396.79,Debit Card,Pending,0.445
PUR005185,CUST03478,CAM001953,2026-07-15,1160.76,0.0,1160.76,Credit Card,Completed,0.367
PUR005186,CUST03690,CAM008372,2025-11-20,4230.52,0.0,4230.52,Credit Card,Completed,0.3
PUR005187,CUST01537,CAM009604,2025-01-27,539.44,0.15,458.52,Debit Card,Completed,0.324
PUR005188,CUST03503,CAM009215,2025-12-29,431.24,0.08,396.74,Debit Card,Completed,0.252
PUR005189,CUST00945,CAM007180,2025-06-01,308.84,0.24,234.72,Apple Pay,Completed,0.387
PUR005190,CUST03609,CAM008036,2026-01-08,235.98,0.0,235.98,Credit Card,Completed,0.327
PUR005191,CUST01045,CAM007224,2025-12-22,718.0,0.14,617.48,Credit Card,Completed,0.382
PUR005192,CUST02734,CAM004358,2025-08-19,799.87,0.0,799.87,Debit Card,Completed,0.432
PUR005193,CUST04072,CAM009317,2026-08-13,155.01,0.17,128.66,Debit Card,Completed,0.321
PUR005194,CUST01170,CAM008804,2026-07-06,333.39,0.0,333.39,Credit Card,Pending,0.295
PUR005195,CUST03459,CAM002971,2024-12-19,457.79,0.0,457.79,Google Pay,Cancelled,0.337
PUR005196,CUST02659,CAM006554,2026-04-26,478.34,0.04,459.21,Apple Pay,Completed,0.229
PUR005197,CUST01815,CAM002473,2024-09-15,422.34,0.0,422.34,Google Pay,Pending,0.424
PUR005198,CUST04591,CAM000775,2025-06-10,108.85,0.0,108.85,Google Pay,Completed,0.278
PUR005199,CUST00994,CAM004998,2024-09-01,2156.64,0.0,2156.64,Google Pay,Completed,0.28
PUR005200,CUST00420,CAM007534,2026-09-05,1024.16,0.0,1024.16,Debit Card,Completed,0.414
PUR005201,CUST03797,CAM004697,2025-10-05,1110.93,0.0,1110.93,Apple Pay,Completed,0.343
PUR005202,CUST04042,CAM005587,2026-07-24,814.14,0.0,814.14,Credit Card,Completed,0.209
PUR005203,CUST01020,CAM005108,2025-05-28,194.53,0.11,173.13,Debit Card,Completed,0.248
PUR005204,CUST00782,CAM009900,2026-04-07,2180.88,0.13,1897.37,Google Pay,Cancelled,0.359
PUR005205,CUST03705,CAM008220,2025-06-17,560.45,0.0,560.45,Credit Card,Cancelled,0.271
PUR005206,CUST02882,CAM008722,2026-09-11,2978.73,0.0,2978.73,PayPal,Completed,0.402
PUR005207,CUST03278,CAM001086,2026-02-06,492.41,0.0,492.41,Google Pay,Completed,0.362
PUR005208,CUST04742,CAM001412,2025-02-20,621.84,0.0,621.84,Apple Pay,Completed,0.271
PUR005209,CUST00235,CAM004991,2025-04-25,345.41,0.05,328.14,Credit Card,Completed,0.208
PUR005210,CUST03884,CAM006988,2025-08-02,545.18,0.04,523.37,Apple Pay,Cancelled,0.365
PUR005211,CUST04138,CAM009420,2025-06-16,502.73,0.18,412.24,PayPal,Completed,0.397
PUR005212,CUST00314,CAM003903,2025-03-01,558.21,0.0,558.21,Debit Card,Completed,0.364
PUR005213,CUST01634,CAM000465,2024-09-24,511.98,0.19,414.7,Credit Card,Completed,0.27
PUR005214,CUST02943,CAM009668,2025-07-31,777.68,0.11,692.14,Debit Card,Completed,0.299
PUR005215,CUST00129,CAM006214,2025-03-17,1036.99,0.01,1026.62,Debit Card,Completed,0.249
PUR005216,CUST00702,CAM000869,2026-06-17,1603.48,0.0,1603.48,Credit Card,Completed,0.394
PUR005217,CUST00166,CAM000414,2026-02-21,9215.6,0.0,9215.6,Apple Pay,Completed,0.268
PUR005218,CUST02011,CAM004672,2026-08-28,287.14,0.24,218.23,Debit Card,Completed,0.248
PUR005219,CUST03462,CAM001110,2026-02-15,843.0,0.0,843.0,Apple Pay,Completed,0.236
PUR005220,CUST03529,CAM006061,2025-05-31,629.23,0.0,629.23,Debit Card,Completed,0.366
PUR005221,CUST01154,CAM003499,2026-07-18,735.55,0.0,735.55,Apple Pay,Completed,0.243
PUR005222,CUST01040,CAM003304,2026-02-19,229.87,0.0,229.87,Credit Card,Cancelled,0.301
PUR005223,CUST03721,CAM007848,2025-03-21,1525.05,0.0,1525.05,Debit Card,Completed,0.306
PUR005224,CUST04584,CAM008631,2025-12-15,596.5,0.0,596.5,Credit Card,Completed,0.235
PUR005225,CUST00053,CAM002776,2026-07-23,574.88,0.0,574.88,Credit Card,Completed,0.395
PUR005226,CUST01185,CAM001277,2026-06-05,917.36,0.0,917.36,PayPal,Completed,0.256
PUR005227,CUST03659,CAM003445,2024-10-01,655.79,0.0,655.79,PayPal,Completed,0.289
PUR005228,CUST01226,CAM006373,2026-02-10,243.58,0.0,243.58,PayPal,Completed,0.425
PUR005229,CUST01944,CAM006990,2026-05-24,400.7,0.0,400.7,Debit Card,Refunded,0.298
PUR005230,CUST01115,CAM007375,2026-02-22,499.34,0.24,379.5,Credit Card,Refunded,0.316
PUR005231,CUST02839,CAM002195,2026-01-26,442.68,0.0,442.68,Debit Card,Completed,0.396
PUR005232,CUST04459,CAM004445,2026-01-18,616.1,0.0,616.1,Debit Card,Completed,0.4
PUR005233,CUST03359,CAM006495,2025-01-30,691.74,0.0,691.74,Apple Pay,Completed,0.279
PUR005234,CUST01971,CAM003144,2026-04-20,1632.0,0.03,1583.04,Credit Card,Completed,0.216
PUR005235,CUST00595,CAM004139,2025-01-20,871.11,0.01,862.4,Credit Card,Completed,0.41
PUR005236,CUST04067,CAM006658,2025-04-01,122.76,0.24,93.3,Credit Card,Completed,0.402
PUR005237,CUST01396,CAM008098,2026-04-11,685.32,0.0,685.32,PayPal,Refunded,0.309
PUR005238,CUST04125,CAM004233,2026-08-18,537.76,0.0,537.76,Apple Pay,Completed,0.287
PUR005239,CUST03198,CAM002175,2025-05-25,525.57,0.0,525.57,Debit Card,Completed,0.318
PUR005240,CUST00484,CAM003954,2024-10-11,697.24,0.13,606.6,Credit Card,Completed,0.412
PUR005241,CUST03588,CAM005216,2025-09-10,1041.92,0.0,1041.92,Apple Pay,Completed,0.412
PUR005242,CUST04711,CAM009703,2025-09-05,770.51,0.0,770.51,Credit Card,Completed,0.348
PUR005243,CUST00317,CAM008644,2026-07-18,1577.68,0.0,1577.68,Google Pay,Completed,0.315
PUR005244,CUST03054,CAM000626,2026-02-25,412.36,0.2,329.89,Google Pay,Completed,0.348
PUR005245,CUST01059,CAM001506,2025-08-13,380.16,0.08,349.75,Google Pay,Completed,0.26
PUR005246,CUST01809,CAM003325,2025-08-04,282.77,0.23,217.73,Apple Pay,Completed,0.361
PUR005247,CUST01153,CAM000115,2026-08-18,428.61,0.2,342.89,Credit Card,Completed,0.342
PUR005248,CUST03959,CAM002568,2024-11-02,315.1,0.0,315.1,PayPal,Completed,0.345
PUR005249,CUST03608,CAM003326,2025-11-08,253.18,0.0,253.18,Apple Pay,Completed,0.401
PUR005250,CUST00155,CAM001333,2025-04-26,719.71,0.0,719.71,Debit Card,Pending,0.389
PUR005251,CUST02460,CAM007836,2026-08-26,611.84,0.0,611.84,Credit Card,Cancelled,0.232
PUR005252,CUST03430,CAM004220,2026-01-07,536.95,0.0,536.95,Credit Card,Completed,0.393
PUR005253,CUST02916,CAM004353,2026-08-01,1586.45,0.22,1237.43,Google Pay,Completed,0.342
PUR005254,CUST04637,CAM007716,2026-06-24,641.25,0.0,641.25,Apple Pay,Pending,0.405
PUR005255,CUST04265,CAM004976,2026-07-08,1058.78,0.0,1058.78,Credit Card,Completed,0.438
PUR005256,CUST04199,CAM004620,2024-10-26,282.65,0.0,282.65,Debit Card,Completed,0.37
PUR005257,CUST01439,CAM007171,2025-12-19,450.62,0.23,346.98,Debit Card,Completed,0.372
PUR005258,CUST03715,CAM007058,2025-10-03,519.88,0.16,436.7,PayPal,Completed,0.41
PUR005259,CUST03502,CAM001924,2025-02-08,490.05,0.0,490.05,Credit Card,Completed,0.246
PUR005260,CUST04883,CAM008505,2026-03-15,666.03,0.16,559.47,Credit Card,Refunded,0.21
PUR005261,CUST02182,CAM005073,2026-09-03,64.6,0.0,64.6,Google Pay,Cancelled,0.357
PUR005262,CUST04139,CAM000186,2024-11-19,561.7,0.2,449.36,Debit Card,Completed,0.243
PUR005263,CUST03486,CAM002861,2025-03-26,912.14,0.0,912.14,Apple Pay,Completed,0.35
PUR005264,CUST03748,CAM006371,2026-09-28,367.71,0.0,367.71,Credit Card,Completed,0.402
PUR005265,CUST02465,CAM009429,2025-08-15,569.45,0.17,472.64,Apple Pay,Completed,0.252
PUR005266,CUST00152,CAM004629,2026-05-30,456.38,0.24,346.85,Apple Pay,Completed,0.3
PUR005267,CUST00046,CAM002984,2024-10-16,811.15,0.0,811.15,Google Pay,Completed,0.385
PUR005268,CUST04103,CAM004841,2026-07-25,1655.44,0.0,1655.44,PayPal,Completed,0.265
PUR005269,CUST04856,CAM000813,2026-02-26,970.8,0.0,970.8,Credit Card,Completed,0.36
PUR005270,CUST04809,CAM005720,2025-08-09,103.45,0.13,90.0,Apple Pay,Cancelled,0.35
PUR005271,CUST00223,CAM007035,2025-02-14,179.35,0.0,179.35,Apple Pay,Refunded,0.242
PUR005272,CUST04314,CAM008480,2026-03-17,499.46,0.04,479.48,Debit Card,Cancelled,0.349
PUR005273,CUST02956,CAM001349,2025-04-14,72.05,0.0,72.05,Apple Pay,Completed,0.207
PUR005274,CUST02686,CAM005775,2025-04-09,186.11,0.06,174.94,PayPal,Completed,0.383
PUR005275,CUST02037,CAM003809,2024-12-25,481.78,0.0,481.78,Debit Card,Completed,0.403
PUR005276,CUST03959,CAM006897,2025-07-01,533.18,0.22,415.88,Credit Card,Completed,0.44
PUR005277,CUST02332,CAM002857,2026-09-06,1085.12,0.0,1085.12,PayPal,Completed,0.267
PUR005278,CUST00879,CAM008364,2024-12-29,1057.05,0.0,1057.05,Debit Card,Pending,0.436
PUR005279,CUST03070,CAM005594,2025-07-30,868.84,0.0,868.84,Credit Card,Completed,0.357
PUR005280,CUST00057,CAM009688,2026-08-18,1479.29,0.0,1479.29,Credit Card,Refunded,0.213
PUR005281,CUST02170,CAM000969,2025-01-13,1808.14,0.0,1808.14,Credit Card,Completed,0.329
PUR005282,CUST03901,CAM003316,2025-11-28,1109.07,0.0,1109.07,PayPal,Completed,0.3
PUR005283,CUST04095,CAM002555,2025-10-18,1843.15,0.0,1843.15,PayPal,Completed,0.274
PUR005284,CUST04557,CAM007558,2025-11-25,290.64,0.05,276.11,Credit Card,Completed,0.255
PUR005285,CUST04872,CAM002410,2026-03-26,583.26,0.15,495.77,Debit Card,Completed,0.236
PUR005286,CUST02973,CAM008277,2024-10-05,2556.03,0.0,2556.03,Credit Card,Completed,0.407
PUR005287,CUST01008,CAM008809,2025-06-17,297.36,0.0,297.36,Credit Card,Completed,0.261
PUR005288,CUST00635,CAM001709,2025-09-08,386.07,0.0,386.07,Credit Card,Completed,0.28
PUR005289,CUST02740,CAM000993,2026-07-17,1591.51,0.0,1591.51,PayPal,Completed,0.32
PUR005290,CUST04827,CAM004668,2026-02-03,217.71,0.09,198.12,Apple Pay,Completed,0.424
PUR005291,CUST03371,CAM001751,2025-06-11,893.96,0.0,893.96,Credit Card,Completed,0.412
PUR005292,CUST03612,CAM009138,2024-09-12,352.32,0.18,288.9,Credit Card,Refunded,0.202
PUR005293,CUST02175,CAM000213,2024-09-20,24.3,0.0,24.3,PayPal,Completed,0.304
PUR005294,CUST04091,CAM006545,2026-06-15,463.94,0.0,463.94,Apple Pay,Completed,0.447
PUR005295,CUST01537,CAM003131,2025-02-23,665.71,0.08,612.45,Debit Card,Pending,0.431
PUR005296,CUST02260,CAM002976,2024-08-30,767.55,0.0,767.55,PayPal,Completed,0.37
PUR005297,CUST04821,CAM004894,2026-01-23,98.33,0.0,98.33,Credit Card,Completed,0.27
PUR005298,CUST01063,CAM004188,2026-07-04,618.29,0.25,463.72,Google Pay,Completed,0.269
PUR005299,CUST05000,CAM000059,2025-05-20,1768.33,0.0,1768.33,Debit Card,Completed,0.205
PUR005300,CUST04390,CAM001474,2024-12-01,825.14,0.0,825.14,Debit Card,Completed,0.414
PUR005301,CUST00160,CAM004791,2025-10-27,933.27,0.0,933.27,Debit Card,Completed,0.263
PUR005302,CUST02987,CAM000817,2026-03-01,346.44,0.0,346.44,Credit Card,Completed,0.266
PUR005303,CUST04799,CAM002683,2025-12-01,106.67,0.0,106.67,PayPal,Completed,0.217
PUR005304,CUST03388,CAM006587,2026-01-08,357.68,0.0,357.68,Debit Card,Cancelled,0.315
PUR005305,CUST02679,CAM002070,2025-10-12,655.34,0.0,655.34,Credit Card,Completed,0.239
PUR005306,CUST04752,CAM001762,2026-05-01,525.92,0.0,525.92,Apple Pay,Refunded,0.21
PUR005307,CUST01305,CAM004129,2025-03-07,2569.54,0.0,2569.54,Credit Card,Refunded,0.397
PUR005308,CUST02213,CAM005444,2025-08-27,883.36,0.0,883.36,Credit Card,Completed,0.372
PUR005309,CUST00105,CAM005427,2025-03-25,978.49,0.0,978.49,Debit Card,Completed,0.435
PUR005310,CUST03269,CAM007549,2026-04-11,201.27,0.14,173.09,Debit Card,Completed,0.362
PUR005311,CUST04455,CAM008609,2025-04-16,313.77,0.0,313.77,PayPal,Completed,0.396
PUR005312,CUST02607,CAM006112,2026-05-08,490.02,0.1,441.02,Credit Card,Completed,0.307
PUR005313,CUST03589,CAM002354,2025-11-24,1381.64,0.0,1381.64,Apple Pay,Completed,0.392
PUR005314,CUST01408,CAM000294,2025-10-11,478.5,0.05,454.58,Debit Card,Completed,0.384
PUR005315,CUST00015,CAM009477,2025-08-29,552.49,0.0,552.49,Credit Card,Pending,0.385
PUR005316,CUST01354,CAM005937,2025-07-03,4359.61,0.0,4359.61,PayPal,Completed,0.349
PUR005317,CUST03952,CAM008285,2026-05-22,498.77,0.17,413.98,Credit Card,Completed,0.217
PUR005318,CUST04631,CAM001012,2024-10-19,600.27,0.14,516.23,Debit Card,Completed,0.281
PUR005319,CUST02484,CAM009699,2024-11-24,889.89,0.03,863.19,PayPal,Completed,0.296
PUR005320,CUST04444,CAM008292,2026-08-27,186.42,0.0,186.42,PayPal,Completed,0.288
PUR005321,CUST03060,CAM000485,2026-02-20,687.27,0.0,687.27,Debit Card,Cancelled,0.21
PUR005322,CUST02026,CAM007151,2025-01-25,107.57,0.0,107.57,PayPal,Completed,0.259
PUR005323,CUST04831,CAM002243,2026-09-19,628.19,0.0,628.19,Credit Card,Completed,0.32
PUR005324,CUST00530,CAM000459,2026-10-01,751.71,0.0,751.71,Credit Card,Cancelled,0.422
PUR005325,CUST01113,CAM002322,2025-11-11,1185.97,0.23,913.2,Debit Card,Pending,0.327
PUR005326,CUST00990,CAM004109,2025-08-20,245.76,0.0,245.76,Credit Card,Completed,0.202
PUR005327,CUST04060,CAM009427,2025-05-07,611.55,0.12,538.16,PayPal,Completed,0.217
PUR005328,CUST03662,CAM003733,2025-05-04,124.97,0.0,124.97,Debit Card,Completed,0.357
PUR005329,CUST01856,CAM006305,2025-05-31,478.89,0.0,478.89,PayPal,Completed,0.45
PUR005330,CUST04305,CAM005004,2025-09-13,527.71,0.0,527.71,Apple Pay,Completed,0.401
PUR005331,CUST04377,CAM009978,2024-11-08,489.76,0.0,489.76,Google Pay,Pending,0.291
PUR005332,CUST02998,CAM000485,2026-03-03,2199.4,0.0,2199.4,Google Pay,Pending,0.264
PUR005333,CUST02169,CAM005621,2024-10-02,122.68,0.0,122.68,PayPal,Completed,0.244
PUR005334,CUST00601,CAM006947,2025-01-27,1285.05,0.0,1285.05,Debit Card,Completed,0.248
PUR005335,CUST00106,CAM005862,2026-01-02,373.25,0.0,373.25,Debit Card,Completed,0.247
PUR005336,CUST00053,CAM004235,2026-04-22,2448.88,0.0,2448.88,Debit Card,Completed,0.306
PUR005337,CUST04483,CAM008292,2026-09-07,522.35,0.1,470.12,Credit Card,Completed,0.433
PUR005338,CUST04677,CAM007889,2024-11-09,115.11,0.0,115.11,PayPal,Refunded,0.361
PUR005339,CUST00781,CAM000605,2026-05-21,668.47,0.0,668.47,Apple Pay,Completed,0.36
PUR005340,CUST02295,CAM006239,2026-01-25,286.71,0.0,286.71,Debit Card,Completed,0.376
PUR005341,CUST02706,CAM006893,2025-12-31,223.1,0.0,223.1,Debit Card,Completed,0.374
PUR005342,CUST03884,CAM003039,2025-12-17,1054.79,0.08,970.41,PayPal,Completed,0.422
PUR005343,CUST00951,CAM002069,2025-05-15,877.81,0.0,877.81,Google Pay,Completed,0.354
PUR005344,CUST02506,CAM000232,2025-02-25,1252.96,0.0,1252.96,Debit Card,Refunded,0.302
PUR005345,CUST04375,CAM009485,2026-09-30,1017.38,0.02,997.03,PayPal,Completed,0.246
PUR005346,CUST02843,CAM009366,2025-02-04,1467.9,0.07,1365.15,Apple Pay,Refunded,0.369
PUR005347,CUST03667,CAM007325,2026-03-16,1548.33,0.0,1548.33,Apple Pay,Completed,0.294
PUR005348,CUST03478,CAM007534,2026-07-31,370.97,0.0,370.97,Credit Card,Completed,0.217
PUR005349,CUST02880,CAM001747,2024-12-08,1416.44,0.0,1416.44,Credit Card,Completed,0.374
PUR005350,CUST01415,CAM003190,2025-09-25,2821.19,0.09,2567.28,Credit Card,Completed,0.209
PUR005351,CUST00810,CAM007091,2026-05-13,1761.68,0.0,1761.68,Debit Card,Completed,0.221
PUR005352,CUST03707,CAM003305,2025-02-05,690.26,0.01,683.36,PayPal,Completed,0.218
PUR005353,CUST01675,CAM002655,2026-07-22,420.82,0.0,420.82,Credit Card,Completed,0.318
PUR005354,CUST01477,CAM006240,2026-01-02,224.47,0.12,197.53,Credit Card,Completed,0.4
PUR005355,CUST03748,CAM009011,2025-01-10,454.75,0.0,454.75,Credit Card,Completed,0.295
PUR005356,CUST00029,CAM004612,2026-07-15,2960.06,0.01,2930.46,PayPal,Completed,0.351
PUR005357,CUST02718,CAM004494,2024-11-03,279.69,0.0,279.69,Apple Pay,Completed,0.331
PUR005358,CUST00720,CAM002307,2026-06-10,837.65,0.0,837.65,PayPal,Completed,0.394
PUR005359,CUST02799,CAM006019,2024-11-26,1390.57,0.16,1168.08,Google Pay,Cancelled,0.217
PUR005360,CUST00106,CAM004928,2025-09-23,277.03,0.0,277.03,PayPal,Refunded,0.376
PUR005361,CUST04219,CAM004096,2026-03-23,305.69,0.0,305.69,Debit Card,Completed,0.225
PUR005362,CUST02079,CAM007873,2026-04-09,374.65,0.12,329.69,Debit Card,Completed,0.298
PUR005363,CUST03369,CAM004801,2024-11-03,984.1,0.0,984.1,Credit Card,Completed,0.375
PUR005364,CUST01828,CAM000555,2024-09-29,731.13,0.12,643.39,PayPal,Completed,0.25
PUR005365,CUST03207,CAM009089,2025-06-10,642.3,0.05,610.18,PayPal,Completed,0.428
PUR005366,CUST02950,CAM001565,2024-12-05,862.76,0.0,862.76,Credit Card,Completed,0.379
PUR005367,CUST01466,CAM007670,2025-07-16,737.26,0.1,663.53,PayPal,Completed,0.376
PUR005368,CUST01306,CAM001166,2026-07-03,233.78,0.18,191.7,Debit Card,Pending,0.324
PUR005369,CUST03066,CAM009860,2026-01-14,8796.83,0.0,8796.83,Debit Card,Completed,0.294
PUR005370,CUST03664,CAM001723,2025-04-23,441.26,0.0,441.26,Credit Card,Pending,0.435
PUR005371,CUST00352,CAM007210,2026-07-18,1476.9,0.0,1476.9,PayPal,Completed,0.245
PUR005372,CUST01268,CAM008566,2026-04-07,1151.51,0.0,1151.51,Credit Card,Completed,0.392
PUR005373,CUST02608,CAM003112,2025-09-16,1279.26,0.0,1279.26,Google Pay,Completed,0.355
PUR005374,CUST00584,CAM008272,2026-01-11,292.16,0.12,257.1,Debit Card,Completed,0.224
PUR005375,CUST01681,CAM008261,2025-10-05,351.17,0.06,330.1,Credit Card,Completed,0.295
PUR005376,CUST03414,CAM004058,2024-12-11,6773.78,0.0,6773.78,Credit Card,Completed,0.33
PUR005377,CUST00207,CAM006898,2025-03-24,1847.82,0.0,1847.82,Apple Pay,Cancelled,0.204
PUR005378,CUST02387,CAM008040,2025-03-25,852.07,0.0,852.07,Google Pay,Completed,0.346
PUR005379,CUST04861,CAM000491,2026-06-20,736.92,0.0,736.92,Credit Card,Completed,0.379
PUR005380,CUST03575,CAM003049,2025-03-08,221.61,0.0,221.61,Debit Card,Completed,0.446
PUR005381,CUST04727,CAM006280,2025-12-24,1422.08,0.13,1237.21,Debit Card,Completed,0.404
PUR005382,CUST02328,CAM006066,2024-12-10,177.19,0.05,168.33,Credit Card,Pending,0.428
PUR005383,CUST03319,CAM002961,2025-07-03,658.99,0.08,606.27,Credit Card,Completed,0.293
PUR005384,CUST02712,CAM006475,2025-12-05,1702.96,0.0,1702.96,PayPal,Refunded,0.235
PUR005385,CUST01286,CAM002492,2026-07-27,1353.3,0.0,1353.3,Credit Card,Completed,0.272
PUR005386,CUST04959,CAM003570,2026-04-21,258.75,0.08,238.05,Google Pay,Pending,0.333
PUR005387,CUST03032,CAM008519,2025-06-20,347.43,0.0,347.43,Credit Card,Cancelled,0.269
PUR005388,CUST01926,CAM007539,2025-07-28,492.45,0.0,492.45,Credit Card,Completed,0.435
PUR005389,CUST04779,CAM005255,2024-12-04,597.46,0.16,501.87,PayPal,Completed,0.427
PUR005390,CUST03324,CAM008300,2024-09-03,958.83,0.0,958.83,Debit Card,Completed,0.303
PUR005391,CUST01888,CAM006555,2026-01-01,1261.18,0.14,1084.61,Google Pay,Completed,0.208
PUR005392,CUST02948,CAM003257,2026-06-26,192.24,0.0,192.24,Credit Card,Completed,0.407
PUR005393,CUST04539,CAM006252,2026-05-20,1429.33,0.01,1415.04,Debit Card,Completed,0.294
PUR005394,CUST01841,CAM000204,2026-07-13,1901.37,0.06,1787.29,PayPal,Completed,0.216
PUR005395,CUST03468,CAM004446,2026-05-30,240.85,0.0,240.85,Apple Pay,Pending,0.217
PUR005396,CUST01471,CAM008707,2026-04-14,851.25,0.21,672.49,PayPal,Completed,0.428
PUR005397,CUST01572,CAM003167,2026-02-10,680.09,0.0,680.09,Apple Pay,Completed,0.238
PUR005398,CUST00955,CAM009245,2025-02-08,677.31,0.16,568.94,Apple Pay,Refunded,0.202
PUR005399,CUST01443,CAM000997,2025-12-05,431.47,0.0,431.47,Debit Card,Completed,0.231
PUR005400,CUST01497,CAM009297,2024-09-30,105.06,0.0,105.06,Debit Card,Pending,0.378
PUR005401,CUST04315,CAM002038,2025-01-30,188.67,0.1,169.8,Apple Pay,Refunded,0.378
PUR005402,CUST00767,CAM000820,2025-06-08,897.54,0.0,897.54,PayPal,Pending,0.265
PUR005403,CUST01194,CAM003587,2024-09-09,461.06,0.0,461.06,Google Pay,Completed,0.21
PUR005404,CUST04975,CAM003101,2025-10-18,208.69,0.0,208.69,Debit Card,Completed,0.414
PUR005405,CUST03407,CAM004440,2024-08-26,892.21,0.06,838.68,PayPal,Completed,0.216
PUR005406,CUST04021,CAM001750,2025-03-16,556.16,0.0,556.16,PayPal,Completed,0.4
PUR005407,CUST00440,CAM005942,2025-01-16,898.0,0.17,745.34,Google Pay,Completed,0.326
PUR005408,CUST03881,CAM005921,2025-12-28,417.0,0.24,316.92,Apple Pay,Completed,0.366
PUR005409,CUST04789,CAM008869,2024-10-15,767.19,0.0,767.19,Credit Card,Cancelled,0.442
PUR005410,CUST04307,CAM009171,2024-11-18,218.95,0.0,218.95,Apple Pay,Completed,0.417
PUR005411,CUST03042,CAM005808,2025-12-06,603.94,0.13,525.43,Apple Pay,Cancelled,0.278
PUR005412,CUST03593,CAM001704,2026-07-12,327.17,0.21,258.46,Credit Card,Completed,0.386
PUR005413,CUST01321,CAM006856,2025-10-07,226.79,0.0,226.79,Debit Card,Completed,0.355
PUR005414,CUST04340,CAM006723,2025-12-17,419.85,0.15,356.87,PayPal,Completed,0.36
PUR005415,CUST04619,CAM004695,2025-07-01,238.65,0.24,181.37,PayPal,Completed,0.334
PUR005416,CUST03237,CAM004595,2026-06-27,196.25,0.05,186.44,PayPal,Completed,0.228
PUR005417,CUST02705,CAM007650,2024-12-19,131.56,0.0,131.56,Google Pay,Completed,0.336
PUR005418,CUST04374,CAM004584,2026-01-13,137.6,0.0,137.6,Credit Card,Refunded,0.238
PUR005419,CUST03679,CAM004915,2026-09-21,445.78,0.02,436.86,PayPal,Completed,0.364
PUR005420,CUST04117,CAM005384,2026-03-03,381.77,0.16,320.69,Google Pay,Refunded,0.35
PUR005421,CUST01592,CAM003549,2025-03-11,1538.56,0.0,1538.56,PayPal,Completed,0.391
PUR005422,CUST02549,CAM002597,2026-03-05,806.02,0.0,806.02,Debit Card,Completed,0.418
PUR005423,CUST00341,CAM005411,2025-02-25,423.64,0.0,423.64,Credit Card,Completed,0.323
PUR005424,CUST01550,CAM007699,2025-10-11,560.89,0.22,437.49,PayPal,Pending,0.355
PUR005425,CUST02472,CAM000351,2024-09-04,414.4,0.17,343.95,Debit Card,Completed,0.43
PUR005426,CUST03702,CAM000312,2025-05-20,1671.05,0.2,1336.84,Apple Pay,Completed,0.23
PUR005427,CUST04229,CAM000773,2025-10-10,180.15,0.0,180.15,Debit Card,Completed,0.374
PUR005428,CUST02513,CAM005762,2025-09-04,398.46,0.01,394.48,PayPal,Pending,0.231
PUR005429,CUST00327,CAM005975,2024-12-11,2993.98,0.0,2993.98,Credit Card,Completed,0.291
PUR005430,CUST00729,CAM004983,2026-06-02,237.3,0.03,230.18,PayPal,Completed,0.254
PUR005431,CUST01775,CAM001239,2024-10-23,107.52,0.0,107.52,Debit Card,Completed,0.299
PUR005432,CUST04071,CAM002078,2025-10-18,507.04,0.0,507.04,Debit Card,Completed,0.346
PUR005433,CUST01693,CAM001361,2025-12-10,1423.6,0.0,1423.6,Apple Pay,Completed,0.244
PUR005434,CUST00541,CAM007592,2026-02-10,324.45,0.23,249.83,PayPal,Completed,0.343
PUR005435,CUST03311,CAM003805,2025-11-11,791.16,0.21,625.02,Credit Card,Completed,0.272
PUR005436,CUST04641,CAM006048,2025-12-17,179.88,0.07,167.29,Google Pay,Completed,0.353
PUR005437,CUST02142,CAM004482,2026-01-19,453.28,0.0,453.28,Google Pay,Completed,0.2
PUR005438,CUST02504,CAM002246,2025-07-04,1628.39,0.06,1530.69,Apple Pay,Cancelled,0.253
PUR005439,CUST00605,CAM007415,2024-09-14,367.36,0.0,367.36,PayPal,Completed,0.313
PUR005440,CUST01609,CAM002305,2026-01-19,286.75,0.0,286.75,Credit Card,Completed,0.274
PUR005441,CUST03769,CAM008546,2025-09-07,145.97,0.01,144.51,Google Pay,Completed,0.216
PUR005442,CUST02920,CAM007111,2025-05-18,1276.8,0.0,1276.8,Credit Card,Pending,0.304
PUR005443,CUST03992,CAM006929,2024-09-07,812.1,0.0,812.1,Credit Card,Completed,0.224
PUR005444,CUST01336,CAM003015,2026-07-24,471.05,0.0,471.05,Debit Card,Completed,0.43
PUR005445,CUST01454,CAM008413,2025-01-05,664.05,0.1,597.64,Credit Card,Completed,0.393
PUR005446,CUST01982,CAM003045,2024-10-11,820.88,0.0,820.88,Debit Card,Completed,0.223
PUR005447,CUST03314,CAM008124,2025-02-19,1883.96,0.24,1431.81,Debit Card,Completed,0.402
PUR005448,CUST03734,CAM000743,2025-04-08,328.98,0.01,325.69,Credit Card,Completed,0.383
PUR005449,CUST01873,CAM007255,2025-10-06,325.95,0.01,322.69,Debit Card,Pending,0.382
PUR005450,CUST02695,CAM009555,2025-05-04,158.74,0.2,126.99,Credit Card,Completed,0.236
PUR005451,CUST02213,CAM000277,2026-07-10,1270.24,0.1,1143.22,Debit Card,Refunded,0.344
PUR005452,CUST04562,CAM003066,2026-08-17,127.09,0.0,127.09,PayPal,Completed,0.359
PUR005453,CUST02480,CAM007697,2026-03-13,618.17,0.0,618.17,PayPal,Completed,0.222
PUR005454,CUST04657,CAM002518,2025-09-10,61.17,0.16,51.38,Credit Card,Cancelled,0.412
PUR005455,CUST00097,CAM004199,2025-07-04,1563.45,0.06,1469.64,Credit Card,Completed,0.367
PUR005456,CUST00076,CAM009502,2025-07-05,2327.8,0.23,1792.41,Credit Card,Completed,0.442
PUR005457,CUST01855,CAM003961,2025-02-27,1013.35,0.0,1013.35,Apple Pay,Completed,0.425
PUR005458,CUST00284,CAM002827,2025-05-13,439.96,0.0,439.96,Credit Card,Completed,0.209
PUR005459,CUST03207,CAM008225,2025-10-12,4079.62,0.0,4079.62,Credit Card,Completed,0.346
PUR005460,CUST00935,CAM004077,2026-06-12,270.29,0.02,264.88,Credit Card,Pending,0.229
PUR005461,CUST04576,CAM002709,2026-02-22,534.42,0.0,534.42,Credit Card,Refunded,0.424
PUR005462,CUST03714,CAM001267,2025-07-29,485.27,0.0,485.27,Google Pay,Completed,0.434
PUR005463,CUST04055,CAM007261,2025-07-12,989.87,0.0,989.87,Debit Card,Cancelled,0.402
PUR005464,CUST04634,CAM009681,2024-11-06,223.93,0.02,219.45,PayPal,Completed,0.218
PUR005465,CUST04615,CAM000085,2025-05-20,662.11,0.0,662.11,Debit Card,Completed,0.333
PUR005466,CUST02892,CAM009544,2024-10-25,1036.7,0.0,1036.7,Apple Pay,Completed,0.259
PUR005467,CUST01368,CAM002842,2024-11-03,963.08,0.0,963.08,Credit Card,Completed,0.243
PUR005468,CUST01729,CAM000252,2025-12-09,283.6,0.11,252.4,Credit Card,Cancelled,0.412
PUR005469,CUST01127,CAM005153,2025-10-18,141.5,0.0,141.5,Debit Card,Completed,0.336
PUR005470,CUST02881,CAM007606,2025-11-02,6776.79,0.07,6302.41,PayPal,Completed,0.229
PUR005471,CUST00394,CAM007049,2025-03-02,936.93,0.0,936.93,Debit Card,Refunded,0.371
PUR005472,CUST04437,CAM000890,2024-11-19,298.89,0.0,298.89,Debit Card,Refunded,0.303
PUR005473,CUST04360,CAM004714,2025-01-02,1116.01,0.0,1116.01,Google Pay,Completed,0.374
PUR005474,CUST03324,CAM001984,2025-04-11,415.87,0.0,415.87,Debit Card,Completed,0.43
PUR005475,CUST00989,CAM000662,2026-06-13,343.76,0.0,343.76,Apple Pay,Pending,0.353
PUR005476,CUST02043,CAM008564,2026-08-26,1199.26,0.0,1199.26,Credit Card,Pending,0.292
PUR005477,CUST00335,CAM003219,2025-05-19,532.05,0.0,532.05,Debit Card,Completed,0.369
PUR005478,CUST03332,CAM001786,2024-12-03,272.45,0.16,228.86,Apple Pay,Completed,0.284
PUR005479,CUST04767,CAM000648,2025-11-03,1035.63,0.24,787.08,Credit Card,Completed,0.203
PUR005480,CUST02849,CAM005966,2025-03-03,240.55,0.0,240.55,Credit Card,Completed,0.398
PUR005481,CUST02217,CAM004889,2026-03-07,549.55,0.0,549.55,Debit Card,Completed,0.378
PUR005482,CUST00844,CAM004292,2025-01-06,122.62,0.0,122.62,Credit Card,Completed,0.391
PUR005483,CUST00843,CAM002457,2026-04-19,1523.94,0.08,1402.02,Google Pay,Refunded,0.271
PUR005484,CUST00978,CAM004725,2025-12-05,1224.73,0.06,1151.25,Debit Card,Completed,0.287
PUR005485,CUST03241,CAM006618,2025-07-12,556.57,0.16,467.52,Credit Card,Completed,0.323
PUR005486,CUST03669,CAM006181,2026-07-25,407.34,0.0,407.34,Credit Card,Completed,0.275
PUR005487,CUST01181,CAM004794,2025-11-15,481.65,0.04,462.38,Apple Pay,Completed,0.202
PUR005488,CUST04838,CAM007853,2025-02-10,1875.41,0.0,1875.41,Debit Card,Completed,0.382
PUR005489,CUST02950,CAM003437,2024-09-07,517.29,0.0,517.29,Google Pay,Pending,0.337
PUR005490,CUST04184,CAM003695,2025-08-07,176.08,0.0,176.08,Apple Pay,Completed,0.284
PUR005491,CUST01003,CAM006332,2025-10-23,1054.52,0.03,1022.88,Debit Card,Completed,0.26
PUR005492,CUST04051,CAM007328,2025-06-15,1422.29,0.0,1422.29,Credit Card,Completed,0.374
PUR005493,CUST02844,CAM004821,2026-01-29,422.76,0.09,384.71,Apple Pay,Completed,0.371
PUR005494,CUST00507,CAM005030,2026-01-25,726.34,0.09,660.97,Debit Card,Cancelled,0.371
PUR005495,CUST01399,CAM003801,2026-02-19,386.84,0.0,386.84,Apple Pay,Completed,0.236
PUR005496,CUST00489,CAM005411,2025-02-21,609.76,0.11,542.69,Debit Card,Cancelled,0.283
PUR005497,CUST01147,CAM001811,2025-04-27,277.55,0.0,277.55,Credit Card,Completed,0.268
PUR005498,CUST00639,CAM005280,2026-05-19,1146.6,0.0,1146.6,Debit Card,Completed,0.264
PUR005499,CUST00489,CAM005180,2025-04-30,381.87,0.22,297.86,Credit Card,Completed,0.239
PUR005500,CUST00289,CAM002528,2026-02-11,378.39,0.0,378.39,Credit Card,Completed,0.215
PUR005501,CUST04735,CAM006399,2025-04-08,81.47,0.23,62.73,Google Pay,Pending,0.227
PUR005502,CUST04512,CAM000239,2026-06-18,289.75,0.0,289.75,Debit Card,Completed,0.279
PUR005503,CUST00775,CAM003578,2025-05-18,237.43,0.24,180.45,Debit Card,Completed,0.313
PUR005504,CUST00616,CAM001788,2024-11-18,479.25,0.21,378.61,PayPal,Completed,0.266
PUR005505,CUST04987,CAM004311,2026-09-13,600.42,0.0,600.42,Debit Card,Completed,0.373
PUR005506,CUST04274,CAM003026,2024-11-03,163.59,0.18,134.14,Debit Card,Completed,0.399
PUR005507,CUST02508,CAM009641,2025-08-09,587.28,0.0,587.28,PayPal,Pending,0.295
PUR005508,CUST01030,CAM008234,2024-08-20,2111.93,0.0,2111.93,Apple Pay,Completed,0.346
PUR005509,CUST02270,CAM004413,2025-10-31,953.45,0.0,953.45,Debit Card,Completed,0.244
PUR005510,CUST03011,CAM001195,2024-12-13,910.78,0.0,910.78,Debit Card,Refunded,0.307
PUR005511,CUST01618,CAM003606,2025-02-03,236.04,0.0,236.04,Credit Card,Completed,0.231
PUR005512,CUST02896,CAM004006,2026-06-06,171.03,0.0,171.03,Google Pay,Completed,0.29
PUR005513,CUST00210,CAM002503,2025-09-24,1461.98,0.0,1461.98,Credit Card,Cancelled,0.262
PUR005514,CUST02413,CAM004542,2025-11-27,701.26,0.0,701.26,Apple Pay,Completed,0.248
PUR005515,CUST02019,CAM001413,2025-11-10,368.29,0.0,368.29,Google Pay,Completed,0.249
PUR005516,CUST04740,CAM003423,2026-06-02,239.57,0.1,215.61,Credit Card,Completed,0.357
PUR005517,CUST03964,CAM004123,2026-03-12,1101.21,0.08,1013.11,Apple Pay,Completed,0.208
PUR005518,CUST02040,CAM001716,2025-09-20,399.47,0.05,379.5,Credit Card,Completed,0.294
PUR005519,CUST01421,CAM002449,2026-06-01,3634.6,0.12,3198.45,Credit Card,Completed,0.415
PUR005520,CUST03387,CAM007660,2025-01-20,527.23,0.0,527.23,Credit Card,Completed,0.326
PUR005521,CUST02924,CAM003223,2025-12-05,835.38,0.0,835.38,Credit Card,Completed,0.333
PUR005522,CUST00048,CAM004622,2024-11-26,379.28,0.0,379.28,Debit Card,Pending,0.319
PUR005523,CUST03977,CAM003925,2025-06-14,313.14,0.0,313.14,Debit Card,Completed,0.444
PUR005524,CUST04147,CAM002132,2025-03-03,158.61,0.13,137.99,Apple Pay,Completed,0.208
PUR005525,CUST04356,CAM000575,2024-12-19,747.37,0.0,747.37,Debit Card,Completed,0.344
PUR005526,CUST04180,CAM001207,2025-11-13,1467.53,0.0,1467.53,Credit Card,Pending,0.337
PUR005527,CUST00951,CAM002615,2025-07-15,386.22,0.09,351.46,Credit Card,Completed,0.363
PUR005528,CUST01136,CAM006799,2026-06-02,203.01,0.0,203.01,Credit Card,Completed,0.437
PUR005529,CUST00394,CAM008987,2024-11-27,1379.16,0.18,1130.91,Debit Card,Completed,0.331
PUR005530,CUST02201,CAM002273,2025-09-30,788.17,0.0,788.17,Credit Card,Completed,0.425
PUR005531,CUST01537,CAM004207,2025-05-14,601.01,0.13,522.88,Credit Card,Completed,0.362
PUR005532,CUST00667,CAM005417,2026-04-08,62.76,0.0,62.76,PayPal,Completed,0.343
PUR005533,CUST02869,CAM002416,2024-10-30,888.08,0.0,888.08,Debit Card,Completed,0.24
PUR005534,CUST03717,CAM000039,2026-05-23,201.19,0.0,201.19,Debit Card,Completed,0.305
PUR005535,CUST00101,CAM005139,2025-10-07,614.19,0.0,614.19,Debit Card,Completed,0.411
PUR005536,CUST00124,CAM000616,2025-08-06,1197.71,0.07,1113.87,Credit Card,Completed,0.396
PUR005537,CUST04955,CAM009550,2026-01-10,519.81,0.0,519.81,Google Pay,Pending,0.36
PUR005538,CUST02313,CAM004215,2026-03-14,410.07,0.0,410.07,Credit Card,Completed,0.357
PUR005539,CUST00901,CAM004464,2025-10-04,913.88,0.04,877.32,Credit Card,Completed,0.416
PUR005540,CUST03334,CAM006315,2024-09-06,4579.09,0.01,4533.3,Apple Pay,Refunded,0.327
PUR005541,CUST01165,CAM006944,2025-01-15,903.09,0.0,903.09,Credit Card,Completed,0.243
PUR005542,CUST01433,CAM002928,2025-01-25,78.92,0.0,78.92,PayPal,Completed,0.312
PUR005543,CUST01781,CAM002370,2025-03-07,306.14,0.0,306.14,Credit Card,Completed,0.351
PUR005544,CUST01864,CAM002028,2024-09-29,450.5,0.22,351.39,Google Pay,Pending,0.267
PUR005545,CUST00610,CAM008944,2025-07-16,373.33,0.22,291.2,Apple Pay,Refunded,0.375
PUR005546,CUST02894,CAM002565,2025-10-20,1568.04,0.2,1254.43,Apple Pay,Completed,0.22
PUR005547,CUST04653,CAM004634,2026-08-03,1185.84,0.0,1185.84,Google Pay,Completed,0.351
PUR005548,CUST00726,CAM008772,2026-07-15,250.4,0.0,250.4,Debit Card,Completed,0.201
PUR005549,CUST00989,CAM009508,2025-05-30,2564.09,0.07,2384.6,Credit Card,Refunded,0.212
PUR005550,CUST01828,CAM006524,2025-08-05,1847.98,0.08,1700.14,PayPal,Completed,0.357
PUR005551,CUST04212,CAM005365,2025-06-30,677.77,0.23,521.88,Debit Card,Completed,0.28
PUR005552,CUST00344,CAM002722,2026-06-24,360.82,0.0,360.82,Apple Pay,Completed,0.365
PUR005553,CUST00101,CAM002882,2025-10-22,813.08,0.0,813.08,Google Pay,Completed,0.326
PUR005554,CUST03987,CAM008730,2025-08-29,183.23,0.05,174.07,Debit Card,Completed,0.381
PUR005555,CUST00995,CAM000924,2025-04-01,693.73,0.19,561.92,Debit Card,Completed,0.342
PUR005556,CUST04622,CAM000361,2025-12-24,824.37,0.0,824.37,PayPal,Completed,0.353
PUR005557,CUST01800,CAM005432,2026-05-26,356.77,0.0,356.77,Credit Card,Completed,0.341
PUR005558,CUST03596,CAM002846,2025-01-17,273.57,0.22,213.38,PayPal,Completed,0.258
PUR005559,CUST00612,CAM000468,2026-08-28,355.41,0.0,355.41,Apple Pay,Completed,0.344
PUR005560,CUST04056,CAM001098,2026-08-04,371.1,0.24,282.04,Credit Card,Completed,0.341
PUR005561,CUST00853,CAM002921,2025-12-23,1364.26,0.0,1364.26,Debit Card,Completed,0.399
PUR005562,CUST03021,CAM005562,2025-11-14,266.73,0.0,266.73,Debit Card,Completed,0.305
PUR005563,CUST00727,CAM007824,2026-09-15,873.19,0.0,873.19,Apple Pay,Completed,0.419
PUR005564,CUST02945,CAM004731,2025-07-08,755.37,0.0,755.37,Debit Card,Completed,0.361
PUR005565,CUST04603,CAM001650,2025-05-08,392.31,0.0,392.31,Debit Card,Completed,0.291
PUR005566,CUST02353,CAM003892,2026-08-31,823.07,0.0,823.07,Credit Card,Completed,0.435
PUR005567,CUST02116,CAM006435,2025-12-06,1025.83,0.23,789.89,Apple Pay,Completed,0.255
PUR005568,CUST03625,CAM007207,2025-01-16,348.97,0.0,348.97,Google Pay,Cancelled,0.3
PUR005569,CUST00956,CAM004601,2025-02-24,295.54,0.0,295.54,Credit Card,Completed,0.394
PUR005570,CUST01953,CAM006996,2026-08-27,276.27,0.0,276.27,PayPal,Cancelled,0.294
PUR005571,CUST02562,CAM008990,2024-11-17,1739.38,0.08,1600.23,Google Pay,Completed,0.263
PUR005572,CUST00794,CAM001854,2024-12-05,126.9,0.0,126.9,Debit Card,Completed,0.429
PUR005573,CUST03226,CAM003537,2026-03-24,406.46,0.12,357.68,Credit Card,Pending,0.416
PUR005574,CUST01207,CAM001174,2026-04-09,492.06,0.18,403.49,Credit Card,Refunded,0.308
PUR005575,CUST00402,CAM001639,2025-10-17,771.88,0.24,586.63,Credit Card,Completed,0.208
PUR005576,CUST02557,CAM002163,2025-07-19,1560.89,0.0,1560.89,PayPal,Completed,0.287
PUR005577,CUST00121,CAM000878,2026-08-13,1174.92,0.08,1080.93,Credit Card,Completed,0.28
PUR005578,CUST04668,CAM001117,2025-03-03,277.78,0.22,216.67,PayPal,Completed,0.438
PUR005579,CUST02343,CAM001143,2025-05-17,214.16,0.0,214.16,Debit Card,Completed,0.394
PUR005580,CUST01538,CAM000136,2025-08-12,141.8,0.0,141.8,Debit Card,Completed,0.201
PUR005581,CUST00802,CAM003449,2025-11-05,221.46,0.0,221.46,Debit Card,Completed,0.302
PUR005582,CUST00591,CAM000654,2025-12-03,125.67,0.04,120.64,Debit Card,Completed,0.295
PUR005583,CUST02941,CAM009309,2024-11-12,445.13,0.0,445.13,Credit Card,Pending,0.246
PUR005584,CUST04696,CAM005718,2026-05-22,1126.6,0.0,1126.6,Debit Card,Refunded,0.34
PUR005585,CUST00372,CAM000671,2025-08-23,1239.31,0.06,1164.95,Debit Card,Completed,0.45
PUR005586,CUST03289,CAM002736,2024-09-22,633.16,0.0,633.16,PayPal,Completed,0.424
PUR005587,CUST02913,CAM009211,2025-11-15,1450.23,0.02,1421.23,Credit Card,Completed,0.206
PUR005588,CUST04310,CAM001969,2025-05-17,895.29,0.14,769.95,Credit Card,Completed,0.272
PUR005589,CUST01420,CAM008389,2025-10-30,695.59,0.01,688.63,Credit Card,Completed,0.419
PUR005590,CUST04792,CAM009307,2026-05-29,178.17,0.0,178.17,Credit Card,Completed,0.36
PUR005591,CUST01049,CAM001233,2026-02-11,131.73,0.0,131.73,PayPal,Completed,0.305
PUR005592,CUST04854,CAM000007,2024-10-02,438.92,0.14,377.47,Credit Card,Completed,0.291
PUR005593,CUST04202,CAM002090,2026-03-17,360.64,0.0,360.64,Credit Card,Cancelled,0.256
PUR005594,CUST01217,CAM004705,2024-12-20,377.04,0.01,373.27,Credit Card,Completed,0.331
PUR005595,CUST04502,CAM006738,2025-05-03,272.28,0.0,272.28,Apple Pay,Completed,0.381
PUR005596,CUST03961,CAM005974,2026-07-28,402.46,0.0,402.46,PayPal,Completed,0.38
PUR005597,CUST02724,CAM003941,2025-04-25,255.11,0.0,255.11,PayPal,Pending,0.312
PUR005598,CUST02994,CAM007343,2025-03-17,907.13,0.0,907.13,Credit Card,Pending,0.347
PUR005599,CUST03390,CAM006033,2025-11-22,837.94,0.22,653.59,PayPal,Completed,0.232
PUR005600,CUST04859,CAM002788,2024-09-14,327.58,0.1,294.82,Google Pay,Completed,0.355
PUR005601,CUST04339,CAM008915,2026-07-24,642.31,0.0,642.31,PayPal,Cancelled,0.313
PUR005602,CUST04597,CAM009903,2026-03-01,578.58,0.0,578.58,Apple Pay,Completed,0.231
PUR005603,CUST01998,CAM000765,2025-07-06,651.23,0.17,540.52,Google Pay,Pending,0.27
PUR005604,CUST01559,CAM005334,2025-12-11,705.14,0.0,705.14,PayPal,Completed,0.309
PUR005605,CUST00996,CAM006241,2026-06-20,175.82,0.0,175.82,PayPal,Completed,0.26
PUR005606,CUST01975,CAM006305,2025-06-05,1325.15,0.0,1325.15,Debit Card,Refunded,0.442
PUR005607,CUST01288,CAM005806,2026-05-02,968.66,0.0,968.66,Credit Card,Completed,0.388
PUR005608,CUST03417,CAM006310,2025-04-18,353.04,0.0,353.04,Google Pay,Completed,0.415
PUR005609,CUST03389,CAM007129,2026-04-29,936.38,0.0,936.38,Apple Pay,Completed,0.205
PUR005610,CUST01736,CAM008636,2025-08-30,449.82,0.0,449.82,Credit Card,Completed,0.384
PUR005611,CUST02584,CAM002308,2025-03-09,125.1,0.0,125.1,Apple Pay,Completed,0.247
PUR005612,CUST03630,CAM008174,2024-10-01,36.82,0.0,36.82,Credit Card,Completed,0.447
PUR005613,CUST03504,CAM003856,2026-09-23,639.02,0.0,639.02,Credit Card,Cancelled,0.333
PUR005614,CUST02832,CAM003541,2025-08-12,2510.5,0.0,2510.5,Debit Card,Completed,0.216
PUR005615,CUST02861,CAM006450,2026-03-02,1060.44,0.14,911.98,Credit Card,Completed,0.268
PUR005616,CUST01867,CAM000334,2025-04-06,769.71,0.0,769.71,Credit Card,Completed,0.245
PUR005617,CUST00275,CAM003204,2026-04-17,1502.75,0.0,1502.75,Apple Pay,Completed,0.241
PUR005618,CUST04373,CAM009337,2026-07-15,337.4,0.24,256.42,Credit Card,Completed,0.414
PUR005619,CUST00257,CAM007121,2026-03-03,599.18,0.09,545.25,Apple Pay,Completed,0.32
PUR005620,CUST01002,CAM002529,2024-10-25,1372.79,0.0,1372.79,PayPal,Completed,0.378
PUR005621,CUST01008,CAM005279,2025-06-08,138.31,0.0,138.31,PayPal,Completed,0.389
PUR005622,CUST02649,CAM003421,2024-12-20,297.24,0.0,297.24,Credit Card,Completed,0.408
PUR005623,CUST00202,CAM008043,2026-08-24,159.4,0.0,159.4,Apple Pay,Refunded,0.238
PUR005624,CUST00731,CAM009273,2025-10-07,625.73,0.12,550.64,Credit Card,Completed,0.319
PUR005625,CUST01035,CAM000795,2026-06-13,181.29,0.0,181.29,Credit Card,Cancelled,0.31
PUR005626,CUST02169,CAM000896,2026-06-19,528.31,0.0,528.31,Apple Pay,Cancelled,0.245
PUR005627,CUST03823,CAM006066,2024-12-11,173.01,0.0,173.01,Credit Card,Completed,0.274
PUR005628,CUST03590,CAM001341,2025-03-07,488.64,0.24,371.37,Credit Card,Completed,0.362
PUR005629,CUST01835,CAM003618,2025-06-18,129.1,0.0,129.1,Google Pay,Completed,0.312
PUR005630,CUST01044,CAM002156,2026-02-01,499.36,0.05,474.39,Credit Card,Completed,0.261
PUR005631,CUST04257,CAM006292,2025-08-07,140.37,0.16,117.91,Credit Card,Completed,0.294
PUR005632,CUST00308,CAM000180,2025-11-15,388.88,0.18,318.88,Debit Card,Completed,0.316
PUR005633,CUST00179,CAM003657,2026-09-04,501.54,0.12,441.36,Debit Card,Completed,0.37
PUR005634,CUST01605,CAM003598,2025-03-04,296.13,0.18,242.83,Credit Card,Completed,0.372
PUR005635,CUST03983,CAM000485,2026-03-01,605.07,0.09,550.61,Credit Card,Completed,0.279
PUR005636,CUST01746,CAM004621,2026-01-17,759.07,0.0,759.07,Debit Card,Completed,0.231
PUR005637,CUST01747,CAM005705,2025-12-08,3599.1,0.11,3203.2,PayPal,Completed,0.249
PUR005638,CUST03244,CAM006930,2025-09-03,353.66,0.08,325.37,Credit Card,Completed,0.345
PUR005639,CUST04852,CAM002543,2025-02-21,1457.03,0.0,1457.03,Credit Card,Completed,0.321
PUR005640,CUST01673,CAM003784,2025-10-06,315.24,0.19,255.34,Google Pay,Completed,0.445
PUR005641,CUST02067,CAM006324,2025-06-05,441.77,0.0,441.77,Apple Pay,Completed,0.433
PUR005642,CUST02162,CAM003992,2026-07-07,163.98,0.0,163.98,PayPal,Completed,0.416
PUR005643,CUST01319,CAM001094,2025-03-15,321.2,0.0,321.2,Debit Card,Completed,0.27
PUR005644,CUST04759,CAM002170,2026-03-20,1390.96,0.0,1390.96,Google Pay,Pending,0.41
PUR005645,CUST02092,CAM008025,2025-02-08,167.67,0.0,167.67,Debit Card,Refunded,0.281
PUR005646,CUST01372,CAM003825,2024-11-08,446.08,0.0,446.08,Apple Pay,Completed,0.314
PUR005647,CUST03510,CAM009736,2025-10-13,1229.86,0.0,1229.86,PayPal,Completed,0.265
PUR005648,CUST03326,CAM001705,2025-09-27,156.48,0.0,156.48,Apple Pay,Completed,0.27
PUR005649,CUST02042,CAM005773,2025-03-14,540.02,0.0,540.02,Credit Card,Cancelled,0.413
PUR005650,CUST01398,CAM002598,2026-06-15,287.84,0.06,270.57,Google Pay,Completed,0.384
PUR005651,CUST02968,CAM005026,2026-04-21,773.45,0.14,665.17,Credit Card,Completed,0.28
PUR005652,CUST02840,CAM007658,2025-02-27,1121.31,0.0,1121.31,PayPal,Completed,0.334
PUR005653,CUST01183,CAM007556,2025-10-26,340.15,0.24,258.51,PayPal,Completed,0.412
PUR005654,CUST02147,CAM001668,2025-01-15,274.03,0.0,274.03,PayPal,Completed,0.36
PUR005655,CUST04357,CAM002575,2024-10-31,1256.49,0.1,1130.84,Credit Card,Completed,0.35
PUR005656,CUST00918,CAM005505,2025-10-16,335.04,0.25,251.28,Google Pay,Completed,0.441
PUR005657,CUST01457,CAM008527,2026-04-20,572.36,0.0,572.36,Debit Card,Completed,0.396
PUR005658,CUST02098,CAM006491,2026-05-31,249.31,0.0,249.31,Google Pay,Completed,0.246
PUR005659,CUST03174,CAM004192,2024-11-13,446.1,0.01,441.64,Apple Pay,Completed,0.304
PUR005660,CUST00428,CAM001635,2025-08-31,183.88,0.0,183.88,Debit Card,Completed,0.246
PUR005661,CUST01476,CAM004984,2026-08-21,1836.46,0.0,1836.46,Apple Pay,Completed,0.374
PUR005662,CUST04081,CAM007579,2026-06-16,65.99,0.0,65.99,Credit Card,Completed,0.437
PUR005663,CUST00389,CAM009391,2025-02-24,489.58,0.0,489.58,Apple Pay,Pending,0.274
PUR005664,CUST00218,CAM004004,2026-05-20,1421.36,0.09,1293.44,PayPal,Completed,0.39
PUR005665,CUST01089,CAM003249,2026-04-09,45.83,0.0,45.83,PayPal,Completed,0.201
PUR005666,CUST02797,CAM006926,2026-03-28,694.81,0.16,583.64,PayPal,Cancelled,0.386
PUR005667,CUST03734,CAM002548,2025-10-27,92.04,0.0,92.04,Credit Card,Completed,0.209
PUR005668,CUST00257,CAM000537,2025-06-06,156.1,0.0,156.1,Apple Pay,Completed,0.265
PUR005669,CUST01971,CAM006200,2024-12-14,369.1,0.0,369.1,PayPal,Completed,0.271
PUR005670,CUST04869,CAM002813,2026-08-09,666.88,0.0,666.88,Debit Card,Completed,0.331
PUR005671,CUST00267,CAM009669,2025-02-10,725.99,0.0,725.99,Credit Card,Completed,0.309
PUR005672,CUST01581,CAM000099,2024-10-18,1216.17,0.0,1216.17,Google Pay,Completed,0.335
PUR005673,CUST01489,CAM008508,2025-03-02,2189.37,0.1,1970.43,Google Pay,Pending,0.234
PUR005674,CUST04042,CAM001193,2026-01-13,1410.41,0.08,1297.58,Credit Card,Completed,0.259
PUR005675,CUST04970,CAM002214,2026-08-21,1100.34,0.13,957.3,Credit Card,Completed,0.301
PUR005676,CUST00510,CAM005524,2026-02-14,551.43,0.12,485.26,PayPal,Pending,0.31
PUR005677,CUST04807,CAM001104,2025-01-05,693.21,0.0,693.21,Google Pay,Completed,0.412
PUR005678,CUST00940,CAM009050,2025-06-26,713.93,0.03,692.51,Credit Card,Completed,0.442
PUR005679,CUST04710,CAM001185,2026-02-01,398.29,0.23,306.68,Debit Card,Completed,0.405
PUR005680,CUST02568,CAM006973,2025-02-13,393.33,0.0,393.33,Debit Card,Completed,0.205
PUR005681,CUST00305,CAM008592,2026-05-03,1002.73,0.0,1002.73,Credit Card,Refunded,0.418
PUR005682,CUST04559,CAM000967,2025-06-08,375.73,0.0,375.73,Apple Pay,Completed,0.302
PUR005683,CUST02864,CAM007698,2026-02-26,1199.65,0.0,1199.65,PayPal,Completed,0.286
PUR005684,CUST02364,CAM004905,2025-12-03,1280.72,0.04,1229.49,Credit Card,Completed,0.203
PUR005685,CUST00523,CAM007309,2025-10-26,549.75,0.0,549.75,Debit Card,Completed,0.271
PUR005686,CUST04151,CAM003993,2025-12-16,542.78,0.03,526.5,PayPal,Pending,0.322
PUR005687,CUST00955,CAM008862,2025-08-13,1915.75,0.0,1915.75,PayPal,Completed,0.401
PUR005688,CUST03287,CAM005328,2026-07-14,349.92,0.0,349.92,Apple Pay,Completed,0.296
PUR005689,CUST02707,CAM008871,2026-04-18,121.84,0.24,92.6,Google Pay,Completed,0.219
PUR005690,CUST02108,CAM001794,2025-05-25,513.83,0.0,513.83,Credit Card,Completed,0.283
PUR005691,CUST03446,CAM007751,2025-07-11,655.77,0.04,629.54,Credit Card,Completed,0.274
PUR005692,CUST01098,CAM006170,2026-06-19,1471.78,0.14,1265.73,Google Pay,Completed,0.201
PUR005693,CUST04641,CAM002894,2025-08-29,2264.82,0.0,2264.82,Credit Card,Completed,0.372
PUR005694,CUST02393,CAM008581,2026-04-23,417.36,0.05,396.49,Debit Card,Completed,0.279
PUR005695,CUST03636,CAM004772,2026-01-18,265.17,0.05,251.91,Credit Card,Completed,0.215
PUR005696,CUST04398,CAM003895,2025-01-31,220.61,0.0,220.61,Debit Card,Completed,0.384
PUR005697,CUST01671,CAM009696,2025-10-18,265.92,0.0,265.92,Apple Pay,Completed,0.228
PUR005698,CUST00922,CAM006756,2024-12-03,438.49,0.0,438.49,Apple Pay,Cancelled,0.263
PUR005699,CUST01373,CAM003949,2025-05-28,37.77,0.0,37.77,Debit Card,Completed,0.431
PUR005700,CUST01610,CAM006336,2025-03-11,416.69,0.0,416.69,Google Pay,Completed,0.389
PUR005701,CUST03015,CAM000942,2025-07-25,3952.26,0.0,3952.26,Debit Card,Completed,0.349
PUR005702,CUST00176,CAM000215,2025-09-16,2869.55,0.0,2869.55,PayPal,Completed,0.201
PUR005703,CUST01083,CAM007566,2025-05-04,110.72,0.2,88.58,Debit Card,Completed,0.258
PUR005704,CUST02382,CAM007191,2025-02-05,533.87,0.22,416.42,Debit Card,Completed,0.355
PUR005705,CUST04517,CAM005479,2026-07-17,517.27,0.0,517.27,Google Pay,Completed,0.379
PUR005706,CUST04472,CAM007641,2025-11-08,158.29,0.0,158.29,Credit Card,Cancelled,0.418
PUR005707,CUST01040,CAM009709,2024-12-14,294.75,0.0,294.75,Debit Card,Completed,0.219
PUR005708,CUST00666,CAM003668,2025-08-26,405.46,0.0,405.46,Credit Card,Completed,0.434
PUR005709,CUST04252,CAM008286,2026-02-12,619.38,0.14,532.67,Credit Card,Pending,0.396
PUR005710,CUST01097,CAM006699,2025-04-14,1367.53,0.0,1367.53,Debit Card,Completed,0.348
PUR005711,CUST00714,CAM006355,2025-01-25,1717.78,0.0,1717.78,Credit Card,Cancelled,0.283
PUR005712,CUST02486,CAM004632,2026-06-07,131.47,0.0,131.47,Apple Pay,Completed,0.201
PUR005713,CUST00175,CAM004906,2026-04-21,1052.91,0.0,1052.91,Credit Card,Completed,0.233
PUR005714,CUST04696,CAM008749,2024-12-28,2518.58,0.0,2518.58,Debit Card,Completed,0.345
PUR005715,CUST02942,CAM004872,2026-06-16,170.04,0.0,170.04,Apple Pay,Completed,0.42
PUR005716,CUST03916,CAM002789,2025-01-26,2961.31,0.23,2280.21,Credit Card,Completed,0.348
PUR005717,CUST02326,CAM008401,2024-09-24,392.99,0.0,392.99,Credit Card,Pending,0.217
PUR005718,CUST02645,CAM004123,2026-02-09,544.22,0.0,544.22,PayPal,Completed,0.265
PUR005719,CUST00104,CAM003793,2025-11-20,56.58,0.0,56.58,Debit Card,Completed,0.265
PUR005720,CUST00329,CAM003758,2026-08-07,792.74,0.09,721.39,Debit Card,Completed,0.388
PUR005721,CUST03940,CAM007664,2025-08-23,1114.69,0.16,936.34,Debit Card,Completed,0.389
PUR005722,CUST03775,CAM008191,2026-03-19,700.83,0.16,588.7,Debit Card,Completed,0.302
PUR005723,CUST00210,CAM008871,2026-03-15,1309.18,0.0,1309.18,Debit Card,Completed,0.442
PUR005724,CUST01306,CAM004836,2026-03-26,813.42,0.17,675.14,Credit Card,Cancelled,0.338
PUR005725,CUST02426,CAM008499,2025-02-20,536.49,0.0,536.49,PayPal,Completed,0.208
PUR005726,CUST00778,CAM005494,2025-07-13,927.59,0.0,927.59,Debit Card,Completed,0.269
PUR005727,CUST03502,CAM002053,2025-02-25,508.48,0.19,411.87,Debit Card,Completed,0.416
PUR005728,CUST01167,CAM000241,2025-02-26,547.77,0.0,547.77,Apple Pay,Pending,0.384
PUR005729,CUST03439,CAM008073,2024-12-02,1138.43,0.0,1138.43,Debit Card,Completed,0.393
PUR005730,CUST04098,CAM007760,2025-05-19,1136.61,0.08,1045.68,Apple Pay,Pending,0.413
PUR005731,CUST04039,CAM007337,2024-08-29,920.8,0.0,920.8,Google Pay,Cancelled,0.306
PUR005732,CUST02209,CAM003824,2025-11-04,339.99,0.0,339.99,Credit Card,Completed,0.274
PUR005733,CUST01399,CAM002168,2026-02-25,1229.55,0.0,1229.55,PayPal,Completed,0.314
PUR005734,CUST01651,CAM002439,2025-10-03,1553.58,0.0,1553.58,Google Pay,Completed,0.302
PUR005735,CUST04869,CAM008273,2026-01-21,874.98,0.0,874.98,Credit Card,Pending,0.275
PUR005736,CUST02614,CAM007740,2025-06-17,160.17,0.21,126.53,Debit Card,Completed,0.323
PUR005737,CUST03880,CAM009538,2025-12-30,459.7,0.0,459.7,Debit Card,Completed,0.278
PUR005738,CUST01407,CAM003683,2026-01-12,589.58,0.0,589.58,Credit Card,Completed,0.348
PUR005739,CUST04455,CAM007073,2024-11-04,1180.73,0.0,1180.73,Google Pay,Refunded,0.253
PUR005740,CUST03150,CAM002011,2025-04-27,437.64,0.0,437.64,Credit Card,Pending,0.44
PUR005741,CUST04021,CAM005279,2025-05-02,326.12,0.19,264.16,Debit Card,Completed,0.215
PUR005742,CUST03697,CAM007687,2025-10-13,355.51,0.0,355.51,Credit Card,Cancelled,0.382
PUR005743,CUST01703,CAM001343,2025-02-25,1020.29,0.0,1020.29,Credit Card,Completed,0.254
PUR005744,CUST04477,CAM000407,2026-05-16,99.54,0.0,99.54,PayPal,Completed,0.319
PUR005745,CUST01375,CAM005866,2025-10-27,870.86,0.0,870.86,PayPal,Pending,0.274
PUR005746,CUST03334,CAM001338,2025-09-01,624.19,0.1,561.77,Debit Card,Completed,0.417
PUR005747,CUST04031,CAM005492,2025-03-03,471.2,0.22,367.54,Debit Card,Cancelled,0.205
PUR005748,CUST01104,CAM006025,2025-11-13,872.09,0.0,872.09,Debit Card,Completed,0.448
PUR005749,CUST02364,CAM008409,2026-04-04,2666.22,0.18,2186.3,Credit Card,Completed,0.396
PUR005750,CUST02608,CAM002480,2025-03-02,636.18,0.0,636.18,Debit Card,Completed,0.344
PUR005751,CUST01849,CAM003073,2025-02-15,805.46,0.0,805.46,PayPal,Completed,0.344
PUR005752,CUST03009,CAM007581,2026-06-11,402.29,0.0,402.29,Debit Card,Pending,0.3
PUR005753,CUST02430,CAM006356,2025-05-07,120.51,0.0,120.51,Debit Card,Completed,0.235
PUR005754,CUST04647,CAM004254,2026-01-30,2587.94,0.2,2070.35,PayPal,Completed,0.285
PUR005755,CUST02786,CAM004872,2026-07-04,205.06,0.0,205.06,Debit Card,Completed,0.371
PUR005756,CUST01780,CAM005139,2025-10-06,562.56,0.0,562.56,PayPal,Completed,0.211
PUR005757,CUST03648,CAM004737,2026-04-19,145.19,0.13,126.32,Credit Card,Pending,0.207
PUR005758,CUST04608,CAM002689,2026-03-17,2569.04,0.0,2569.04,Debit Card,Completed,0.291
PUR005759,CUST01714,CAM006474,2025-04-25,608.52,0.0,608.52,Debit Card,Completed,0.417
PUR005760,CUST01624,CAM003534,2026-02-25,492.56,0.0,492.56,PayPal,Completed,0.244
PUR005761,CUST03502,CAM002400,2026-02-15,1818.09,0.0,1818.09,Debit Card,Completed,0.384
PUR005762,CUST02049,CAM008477,2026-09-28,458.46,0.0,458.46,Debit Card,Completed,0.313
PUR005763,CUST04371,CAM000044,2026-09-13,1204.5,0.0,1204.5,Apple Pay,Completed,0.352
PUR005764,CUST04762,CAM005137,2026-02-07,1966.71,0.0,1966.71,Credit Card,Completed,0.364
PUR005765,CUST03550,CAM008993,2024-10-16,300.76,0.0,300.76,Debit Card,Cancelled,0.357
PUR005766,CUST02663,CAM005544,2025-02-26,316.54,0.08,291.22,Debit Card,Completed,0.411
PUR005767,CUST03966,CAM006488,2024-12-17,648.79,0.17,538.5,Google Pay,Completed,0.343
PUR005768,CUST04179,CAM003172,2024-10-27,4189.41,0.0,4189.41,Debit Card,Completed,0.304
PUR005769,CUST01228,CAM006980,2026-01-01,593.19,0.02,581.33,PayPal,Completed,0.216
PUR005770,CUST02125,CAM006035,2025-07-09,1102.15,0.0,1102.15,Debit Card,Completed,0.44
PUR005771,CUST04963,CAM006944,2025-01-09,115.28,0.0,115.28,PayPal,Completed,0.386
PUR005772,CUST00512,CAM000735,2025-05-28,325.51,0.0,325.51,Credit Card,Completed,0.371
PUR005773,CUST03940,CAM001232,2025-01-18,479.17,0.0,479.17,Debit Card,Completed,0.238
PUR005774,CUST03854,CAM009371,2026-04-18,2139.91,0.1,1925.92,Apple Pay,Completed,0.299
PUR005775,CUST04850,CAM004126,2025-04-16,714.27,0.0,714.27,Apple Pay,Completed,0.423
PUR005776,CUST03583,CAM004389,2025-05-18,128.66,0.0,128.66,PayPal,Completed,0.264
PUR005777,CUST00240,CAM004775,2025-05-19,275.56,0.0,275.56,Debit Card,Completed,0.419
PUR005778,CUST04901,CAM005651,2025-03-28,333.04,0.0,333.04,Debit Card,Pending,0.256
PUR005779,CUST02147,CAM005642,2026-06-08,542.56,0.21,428.62,Credit Card,Completed,0.279
PUR005780,CUST01652,CAM005785,2026-03-31,48.13,0.0,48.13,PayPal,Completed,0.27
PUR005781,CUST00157,CAM006627,2026-01-08,1821.53,0.0,1821.53,Apple Pay,Completed,0.446
PUR005782,CUST03037,CAM008153,2025-12-27,330.97,0.0,330.97,PayPal,Completed,0.226
PUR005783,CUST04812,CAM003362,2025-03-06,201.89,0.0,201.89,Credit Card,Completed,0.275
PUR005784,CUST04086,CAM003876,2025-08-14,354.84,0.0,354.84,Credit Card,Refunded,0.383
PUR005785,CUST00760,CAM004424,2026-07-06,548.38,0.0,548.38,Google Pay,Completed,0.344
PUR005786,CUST00440,CAM000201,2024-10-30,615.55,0.0,615.55,Google Pay,Completed,0.403
PUR005787,CUST02193,CAM003629,2025-03-03,205.03,0.0,205.03,Apple Pay,Completed,0.401
PUR005788,CUST00449,CAM001157,2026-05-18,925.91,0.03,898.13,Credit Card,Completed,0.443
PUR005789,CUST00820,CAM008648,2025-06-24,23.33,0.0,23.33,Apple Pay,Completed,0.204
PUR005790,CUST02192,CAM003195,2024-11-13,261.2,0.0,261.2,Debit Card,Completed,0.324
PUR005791,CUST02085,CAM004448,2025-04-11,1377.69,0.23,1060.82,PayPal,Completed,0.287
PUR005792,CUST02557,CAM004903,2025-06-04,450.58,0.0,450.58,Debit Card,Completed,0.287
PUR005793,CUST00447,CAM005966,2025-02-09,888.34,0.18,728.44,Apple Pay,Completed,0.4
PUR005794,CUST02507,CAM001921,2024-10-24,2807.92,0.0,2807.92,Debit Card,Completed,0.224
PUR005795,CUST00965,CAM008498,2024-09-25,137.7,0.0,137.7,Debit Card,Refunded,0.404
PUR005796,CUST00497,CAM004373,2025-05-20,608.8,0.12,535.74,PayPal,Completed,0.245
PUR005797,CUST02362,CAM003199,2026-04-13,244.46,0.04,234.68,Credit Card,Completed,0.274
PUR005798,CUST01906,CAM004721,2025-03-20,90.09,0.01,89.19,Apple Pay,Completed,0.425
PUR005799,CUST04039,CAM008397,2025-07-08,754.52,0.06,709.25,PayPal,Completed,0.204
PUR005800,CUST01675,CAM009407,2025-08-15,1387.13,0.03,1345.52,Debit Card,Completed,0.361
PUR005801,CUST00808,CAM006141,2024-12-28,141.75,0.0,141.75,Debit Card,Cancelled,0.218
PUR005802,CUST03236,CAM009716,2024-10-19,569.21,0.0,569.21,PayPal,Completed,0.288
PUR005803,CUST04732,CAM006115,2025-08-04,98.85,0.17,82.05,PayPal,Completed,0.271
PUR005804,CUST04281,CAM008699,2025-12-05,2072.61,0.17,1720.27,Google Pay,Pending,0.29
PUR005805,CUST02757,CAM002930,2024-11-16,3674.05,0.0,3674.05,Credit Card,Completed,0.35
PUR005806,CUST00193,CAM001573,2025-04-10,485.52,0.15,412.69,Debit Card,Completed,0.378
PUR005807,CUST03874,CAM008619,2026-04-20,73.92,0.05,70.22,Debit Card,Completed,0.317
PUR005808,CUST01889,CAM002397,2025-12-25,382.61,0.0,382.61,Credit Card,Completed,0.267
PUR005809,CUST00145,CAM002458,2025-05-29,436.52,0.0,436.52,Debit Card,Completed,0.331
PUR005810,CUST03387,CAM002317,2025-09-30,347.02,0.0,347.02,PayPal,Pending,0.405
PUR005811,CUST04949,CAM009668,2025-08-14,817.03,0.09,743.5,Debit Card,Completed,0.233
PUR005812,CUST03542,CAM006745,2024-09-27,1021.02,0.19,827.03,Debit Card,Completed,0.411
PUR005813,CUST04589,CAM009291,2024-11-16,339.61,0.13,295.46,Credit Card,Completed,0.26
PUR005814,CUST03667,CAM006555,2025-12-02,1236.44,0.04,1186.98,PayPal,Completed,0.435
PUR005815,CUST00300,CAM003071,2026-08-19,710.31,0.13,617.97,Debit Card,Completed,0.246
PUR005816,CUST01604,CAM007485,2026-08-08,320.97,0.0,320.97,Debit Card,Pending,0.286
PUR005817,CUST00278,CAM003737,2026-05-16,583.28,0.09,530.78,Google Pay,Completed,0.443
PUR005818,CUST00528,CAM009743,2025-09-14,365.86,0.15,310.98,Google Pay,Completed,0.444
PUR005819,CUST02705,CAM006450,2026-03-17,283.41,0.0,283.41,Google Pay,Pending,0.311
PUR005820,CUST00528,CAM008669,2025-03-05,931.4,0.0,931.4,Google Pay,Refunded,0.213
PUR005821,CUST00607,CAM000052,2025-05-20,211.9,0.0,211.9,Debit Card,Completed,0.233
PUR005822,CUST00622,CAM008543,2025-04-17,392.84,0.23,302.49,PayPal,Completed,0.362
PUR005823,CUST02033,CAM005873,2026-07-09,248.22,0.0,248.22,Debit Card,Refunded,0.236
PUR005824,CUST01438,CAM009567,2026-03-16,1025.16,0.14,881.64,Google Pay,Completed,0.204
PUR005825,CUST01254,CAM000700,2024-12-17,168.37,0.0,168.37,Credit Card,Completed,0.38
PUR005826,CUST00487,CAM001457,2025-03-12,547.69,0.0,547.69,Credit Card,Completed,0.222
PUR005827,CUST00173,CAM003980,2026-06-22,360.94,0.05,342.89,Credit Card,Pending,0.369
PUR005828,CUST01926,CAM001491,2025-04-06,292.41,0.0,292.41,Credit Card,Completed,0.429
PUR005829,CUST01780,CAM006040,2025-10-20,1689.23,0.09,1537.2,Credit Card,Completed,0.424
PUR005830,CUST01307,CAM006683,2025-05-13,76.55,0.0,76.55,Debit Card,Completed,0.441
PUR005831,CUST03888,CAM004625,2026-08-02,108.92,0.02,106.74,Google Pay,Completed,0.333
PUR005832,CUST03622,CAM001508,2024-12-05,224.25,0.0,224.25,Debit Card,Completed,0.211
PUR005833,CUST00149,CAM001488,2025-09-26,1985.34,0.06,1866.22,PayPal,Completed,0.43
PUR005834,CUST01338,CAM001807,2024-12-22,179.96,0.0,179.96,Apple Pay,Completed,0.407
PUR005835,CUST03618,CAM003505,2025-01-03,737.65,0.0,737.65,Credit Card,Completed,0.394
PUR005836,CUST02179,CAM008334,2024-11-19,494.48,0.08,454.92,Debit Card,Completed,0.326
PUR005837,CUST00617,CAM000025,2024-12-27,141.34,0.0,141.34,Debit Card,Completed,0.394
PUR005838,CUST03604,CAM009137,2026-05-20,171.64,0.0,171.64,Debit Card,Completed,0.274
PUR005839,CUST01640,CAM003787,2025-07-30,802.2,0.1,721.98,Debit Card,Completed,0.25
PUR005840,CUST03296,CAM004317,2025-06-03,920.3,0.0,920.3,Debit Card,Completed,0.296
PUR005841,CUST02737,CAM009517,2026-02-10,288.5,0.0,288.5,Credit Card,Completed,0.437
PUR005842,CUST04716,CAM000765,2025-08-21,425.79,0.0,425.79,Debit Card,Completed,0.403
PUR005843,CUST01960,CAM005492,2025-03-12,2556.61,0.0,2556.61,Apple Pay,Completed,0.208
PUR005844,CUST00793,CAM000397,2026-07-21,843.87,0.0,843.87,Debit Card,Completed,0.407
PUR005845,CUST04309,CAM004774,2024-12-27,197.05,0.0,197.05,Apple Pay,Completed,0.407
PUR005846,CUST00261,CAM009055,2025-10-06,223.53,0.25,167.65,Credit Card,Completed,0.239
PUR005847,CUST01305,CAM001825,2026-08-08,933.5,0.0,933.5,PayPal,Completed,0.324
PUR005848,CUST02207,CAM007669,2025-08-19,336.27,0.0,336.27,Debit Card,Completed,0.402
PUR005849,CUST04881,CAM005746,2025-08-12,86.03,0.17,71.4,Debit Card,Completed,0.388
PUR005850,CUST03750,CAM002432,2025-08-05,155.58,0.0,155.58,PayPal,Completed,0.259
PUR005851,CUST04340,CAM005747,2025-06-23,2212.11,0.06,2079.38,Debit Card,Completed,0.229
PUR005852,CUST03974,CAM002987,2025-04-14,1166.25,0.0,1166.25,Credit Card,Completed,0.243
PUR005853,CUST04055,CAM005612,2025-06-22,335.37,0.0,335.37,Credit Card,Completed,0.227
PUR005854,CUST02132,CAM009394,2024-10-23,183.79,0.12,161.74,Debit Card,Refunded,0.305
PUR005855,CUST00502,CAM003407,2025-04-02,656.45,0.0,656.45,PayPal,Completed,0.441
PUR005856,CUST02527,CAM008856,2026-03-03,155.08,0.0,155.08,PayPal,Completed,0.261
PUR005857,CUST00358,CAM003444,2024-12-19,2271.93,0.0,2271.93,Credit Card,Completed,0.252
PUR005858,CUST04320,CAM006482,2026-02-13,820.56,0.17,681.06,Apple Pay,Completed,0.256
PUR005859,CUST02890,CAM009908,2024-11-12,372.05,0.0,372.05,Debit Card,Refunded,0.295
PUR005860,CUST03994,CAM002560,2025-03-19,1170.81,0.19,948.36,Credit Card,Completed,0.372
PUR005861,CUST00145,CAM008589,2024-10-05,393.9,0.0,393.9,Credit Card,Completed,0.23
PUR005862,CUST01152,CAM002193,2026-02-19,1495.07,0.0,1495.07,Debit Card,Completed,0.438
PUR005863,CUST02270,CAM009342,2026-08-08,592.46,0.0,592.46,PayPal,Pending,0.319
PUR005864,CUST03786,CAM006278,2026-01-28,157.51,0.0,157.51,Debit Card,Completed,0.443
PUR005865,CUST04676,CAM006466,2025-09-15,285.3,0.21,225.39,Debit Card,Completed,0.217
PUR005866,CUST01460,CAM008841,2024-12-01,309.54,0.0,309.54,Apple Pay,Refunded,0.432
PUR005867,CUST02438,CAM004721,2025-02-11,572.71,0.2,458.17,Credit Card,Completed,0.384
PUR005868,CUST03031,CAM006461,2026-01-11,600.21,0.0,600.21,Credit Card,Completed,0.32
PUR005869,CUST00415,CAM008243,2026-04-09,299.81,0.0,299.81,Credit Card,Completed,0.279
PUR005870,CUST02085,CAM002930,2024-11-01,1401.87,0.2,1121.5,Google Pay,Completed,0.394
PUR005871,CUST00818,CAM002637,2026-04-06,210.28,0.19,170.33,Credit Card,Cancelled,0.425
PUR005872,CUST04482,CAM008308,2026-06-23,386.7,0.0,386.7,Credit Card,Completed,0.373
PUR005873,CUST01490,CAM007816,2025-10-12,67.48,0.04,64.78,Credit Card,Cancelled,0.404
PUR005874,CUST00800,CAM008338,2025-01-26,463.17,0.0,463.17,Debit Card,Completed,0.291
PUR005875,CUST04981,CAM000682,2025-07-23,533.08,0.0,533.08,Debit Card,Pending,0.338
PUR005876,CUST01777,CAM001568,2025-04-16,1075.43,0.16,903.36,Credit Card,Completed,0.366
PUR005877,CUST00051,CAM001878,2025-08-23,411.39,0.06,386.71,Apple Pay,Completed,0.387
PUR005878,CUST00808,CAM003172,2024-10-22,259.49,0.0,259.49,Debit Card,Completed,0.304
PUR005879,CUST00749,CAM009731,2026-03-11,2891.14,0.17,2399.65,Debit Card,Completed,0.291
PUR005880,CUST01917,CAM008431,2024-10-09,353.27,0.01,349.74,PayPal,Completed,0.4
PUR005881,CUST03895,CAM002167,2025-01-24,483.81,0.0,483.81,Debit Card,Completed,0.314
PUR005882,CUST03287,CAM009984,2026-04-12,2279.49,0.1,2051.54,Google Pay,Completed,0.221
PUR005883,CUST00323,CAM006994,2025-05-11,359.51,0.19,291.2,PayPal,Completed,0.381
PUR005884,CUST04294,CAM008477,2026-09-22,2625.29,0.0,2625.29,Credit Card,Completed,0.317
PUR005885,CUST00726,CAM001057,2025-04-07,248.16,0.22,193.56,Google Pay,Completed,0.443
PUR005886,CUST01978,CAM007588,2026-08-06,791.93,0.14,681.06,Debit Card,Cancelled,0.438
PUR005887,CUST04003,CAM004405,2025-12-11,1062.48,0.0,1062.48,PayPal,Completed,0.253
PUR005888,CUST03874,CAM006495,2025-02-13,368.1,0.0,368.1,Debit Card,Completed,0.357
PUR005889,CUST03011,CAM009750,2025-10-07,331.24,0.13,288.18,Debit Card,Completed,0.26
PUR005890,CUST04248,CAM001079,2024-11-04,465.91,0.1,419.32,Apple Pay,Completed,0.364
PUR005891,CUST02906,CAM000499,2024-09-12,206.83,0.0,206.83,PayPal,Completed,0.315
PUR005892,CUST04741,CAM000209,2026-07-09,584.38,0.0,584.38,Credit Card,Refunded,0.385
PUR005893,CUST02807,CAM004457,2025-07-03,935.86,0.14,804.84,PayPal,Completed,0.266
PUR005894,CUST01225,CAM006682,2024-12-31,1771.77,0.0,1771.77,PayPal,Pending,0.348
PUR005895,CUST02843,CAM008734,2026-04-23,1077.51,0.0,1077.51,Credit Card,Completed,0.207
PUR005896,CUST02083,CAM009106,2025-10-05,276.42,0.25,207.32,Credit Card,Cancelled,0.336
PUR005897,CUST00683,CAM004459,2025-05-14,682.31,0.13,593.61,Apple Pay,Completed,0.435
PUR005898,CUST02998,CAM001804,2025-06-26,708.42,0.0,708.42,Debit Card,Refunded,0.445
PUR005899,CUST04653,CAM004961,2026-06-10,1952.07,0.0,1952.07,Credit Card,Cancelled,0.361
PUR005900,CUST04287,CAM005380,2025-05-14,394.47,0.0,394.47,Credit Card,Completed,0.328
PUR005901,CUST02654,CAM006086,2026-05-05,1842.8,0.0,1842.8,Google Pay,Completed,0.223
PUR005902,CUST00852,CAM000465,2024-10-21,827.44,0.0,827.44,Debit Card,Completed,0.444
PUR005903,CUST04078,CAM004442,2025-12-15,544.19,0.0,544.19,Debit Card,Refunded,0.27
PUR005904,CUST04204,CAM009360,2026-04-27,1410.44,0.0,1410.44,Credit Card,Completed,0.369
PUR005905,CUST01463,CAM008409,2026-03-04,1003.36,0.0,1003.36,Credit Card,Completed,0.381
PUR005906,CUST00055,CAM003638,2026-04-10,203.05,0.16,170.56,Debit Card,Completed,0.219
PUR005907,CUST02535,CAM006843,2026-05-03,1948.21,0.07,1811.84,Debit Card,Completed,0.388
PUR005908,CUST03022,CAM009768,2026-02-11,55.34,0.0,55.34,Credit Card,Completed,0.402
PUR005909,CUST04142,CAM008189,2024-12-22,447.89,0.23,344.88,Credit Card,Pending,0.432
PUR005910,CUST03755,CAM009299,2025-06-28,692.02,0.05,657.42,Google Pay,Completed,0.226
PUR005911,CUST01738,CAM008699,2025-11-25,340.45,0.0,340.45,Google Pay,Completed,0.267
PUR005912,CUST01996,CAM004614,2026-06-24,351.05,0.23,270.31,PayPal,Completed,0.222
PUR005913,CUST02854,CAM004007,2025-02-04,235.01,0.22,183.31,Debit Card,Completed,0.417
PUR005914,CUST04898,CAM006888,2024-10-18,69.4,0.0,69.4,Debit Card,Completed,0.213
PUR005915,CUST02734,CAM003583,2026-01-29,2061.31,0.23,1587.21,Debit Card,Cancelled,0.212
PUR005916,CUST00065,CAM004894,2026-01-14,1155.43,0.07,1074.55,Debit Card,Completed,0.272
PUR005917,CUST04859,CAM008186,2024-10-16,101.05,0.0,101.05,Credit Card,Completed,0.37
PUR005918,CUST01455,CAM001280,2026-06-11,586.49,0.24,445.73,Credit Card,Completed,0.328
PUR005919,CUST00216,CAM001936,2026-02-11,298.7,0.17,247.92,Credit Card,Completed,0.423
PUR005920,CUST04786,CAM005241,2025-03-15,239.14,0.0,239.14,Debit Card,Pending,0.347
PUR005921,CUST01478,CAM008361,2024-11-25,4309.71,0.24,3275.38,Google Pay,Completed,0.377
PUR005922,CUST02627,CAM001444,2025-08-29,582.61,0.15,495.22,Google Pay,Completed,0.3
PUR005923,CUST02763,CAM007382,2025-07-19,413.5,0.03,401.1,Credit Card,Completed,0.248
PUR005924,CUST01345,CAM001233,2026-01-29,810.26,0.0,810.26,Credit Card,Completed,0.324
PUR005925,CUST04632,CAM000364,2024-12-07,1213.2,0.13,1055.48,Debit Card,Pending,0.333
PUR005926,CUST00327,CAM007769,2025-08-06,296.02,0.0,296.02,Credit Card,Pending,0.412
PUR005927,CUST02031,CAM001297,2025-06-20,1962.83,0.22,1531.01,Credit Card,Cancelled,0.231
PUR005928,CUST00281,CAM006119,2025-03-10,316.42,0.13,275.29,Google Pay,Completed,0.245
PUR005929,CUST04173,CAM000419,2026-09-04,792.6,0.0,792.6,PayPal,Pending,0.224
PUR005930,CUST04071,CAM007885,2025-05-21,332.21,0.0,332.21,Credit Card,Pending,0.444
PUR005931,CUST04123,CAM000198,2024-10-05,235.75,0.0,235.75,Credit Card,Completed,0.286
PUR005932,CUST02841,CAM007823,2026-01-22,385.38,0.23,296.74,PayPal,Completed,0.328
PUR005933,CUST00940,CAM009365,2025-11-12,426.93,0.0,426.93,Debit Card,Completed,0.324
PUR005934,CUST03395,CAM004123,2026-03-16,239.06,0.0,239.06,Google Pay,Completed,0.222
PUR005935,CUST02485,CAM008058,2024-12-07,892.54,0.0,892.54,Google Pay,Completed,0.353
PUR005936,CUST03768,CAM007429,2025-08-26,333.91,0.0,333.91,Debit Card,Cancelled,0.298
PUR005937,CUST01150,CAM008042,2025-09-12,436.95,0.0,436.95,Debit Card,Completed,0.299
PUR005938,CUST03757,CAM007366,2026-06-30,134.9,0.18,110.62,Debit Card,Completed,0.245
PUR005939,CUST04942,CAM006877,2026-05-05,687.35,0.0,687.35,Credit Card,Refunded,0.279
PUR005940,CUST01221,CAM004728,2025-08-16,119.87,0.0,119.87,Apple Pay,Completed,0.201
PUR005941,CUST02136,CAM001680,2025-04-06,285.18,0.0,285.18,Credit Card,Completed,0.445
PUR005942,CUST03833,CAM003176,2025-02-23,1464.95,0.0,1464.95,Debit Card,Cancelled,0.402
PUR005943,CUST01122,CAM005845,2026-05-12,477.42,0.0,477.42,Credit Card,Completed,0.238
PUR005944,CUST00920,CAM004491,2026-08-05,1176.14,0.21,929.15,Apple Pay,Completed,0.253
PUR005945,CUST02953,CAM007739,2025-02-24,215.29,0.0,215.29,PayPal,Refunded,0.241
PUR005946,CUST03270,CAM001806,2025-12-09,146.04,0.18,119.75,Debit Card,Completed,0.258
PUR005947,CUST00239,CAM000575,2024-11-29,729.61,0.11,649.35,Debit Card,Pending,0.298
PUR005948,CUST02262,CAM003290,2024-08-28,631.14,0.23,485.98,PayPal,Completed,0.437
PUR005949,CUST01956,CAM003880,2026-01-26,642.63,0.18,526.96,Debit Card,Completed,0.442
PUR005950,CUST03475,CAM001705,2025-09-26,1647.08,0.0,1647.08,PayPal,Completed,0.357
PUR005951,CUST04496,CAM006001,2026-01-31,1078.86,0.0,1078.86,Debit Card,Completed,0.431
PUR005952,CUST00148,CAM007746,2025-10-26,161.75,0.0,161.75,PayPal,Completed,0.335
PUR005953,CUST04336,CAM000902,2024-09-15,275.25,0.0,275.25,Debit Card,Completed,0.236
PUR005954,CUST00339,CAM003473,2024-11-15,582.29,0.0,582.29,Credit Card,Completed,0.295
PUR005955,CUST01279,CAM002526,2025-05-28,813.39,0.25,610.04,PayPal,Completed,0.414
PUR005956,CUST01039,CAM007727,2024-09-01,97.69,0.15,83.04,Google Pay,Completed,0.287
PUR005957,CUST00744,CAM005142,2025-02-18,1445.3,0.0,1445.3,Credit Card,Completed,0.439
PUR005958,CUST04590,CAM005429,2025-11-22,1564.29,0.0,1564.29,Apple Pay,Completed,0.345
PUR005959,CUST02653,CAM003715,2026-03-18,1091.37,0.0,1091.37,Debit Card,Pending,0.229
PUR005960,CUST03528,CAM000463,2025-11-02,185.48,0.0,185.48,Debit Card,Completed,0.284
PUR005961,CUST04623,CAM003175,2025-05-27,887.98,0.0,887.98,Credit Card,Completed,0.213
PUR005962,CUST02975,CAM003142,2026-04-07,349.37,0.0,349.37,Credit Card,Completed,0.215
PUR005963,CUST04834,CAM008873,2025-08-31,2339.13,0.02,2292.35,Google Pay,Completed,0.203
PUR005964,CUST00927,CAM001269,2025-03-21,585.93,0.0,585.93,Apple Pay,Completed,0.389
PUR005965,CUST04973,CAM007257,2024-10-06,155.31,0.0,155.31,Google Pay,Completed,0.202
PUR005966,CUST04110,CAM001683,2025-09-04,472.49,0.0,472.49,Google Pay,Completed,0.382
PUR005967,CUST04162,CAM006354,2025-11-16,788.94,0.0,788.94,Debit Card,Completed,0.259
PUR005968,CUST03755,CAM005800,2026-06-25,2318.53,0.0,2318.53,Credit Card,Completed,0.225
PUR005969,CUST00465,CAM005002,2025-10-28,1081.15,0.19,875.73,Google Pay,Completed,0.321
PUR005970,CUST03982,CAM003887,2025-12-16,113.67,0.21,89.8,Debit Card,Completed,0.409
PUR005971,CUST01103,CAM003970,2025-10-06,597.66,0.1,537.89,Credit Card,Completed,0.286
PUR005972,CUST03893,CAM005354,2025-06-30,657.82,0.0,657.82,Apple Pay,Completed,0.398
PUR005973,CUST02214,CAM009677,2026-07-31,807.25,0.05,766.89,PayPal,Completed,0.448
PUR005974,CUST01698,CAM002423,2025-12-29,1084.46,0.0,1084.46,Apple Pay,Completed,0.393
PUR005975,CUST04646,CAM002924,2025-07-30,719.48,0.05,683.51,Google Pay,Completed,0.416
PUR005976,CUST01517,CAM002189,2026-01-19,575.56,0.03,558.29,PayPal,Pending,0.394
PUR005977,CUST00329,CAM002137,2025-07-02,624.04,0.0,624.04,Apple Pay,Completed,0.447
PUR005978,CUST00417,CAM008210,2026-08-10,955.04,0.09,869.09,Debit Card,Completed,0.355
PUR005979,CUST03695,CAM004589,2025-11-23,227.03,0.0,227.03,Apple Pay,Completed,0.373
PUR005980,CUST02572,CAM004050,2026-07-05,227.26,0.0,227.26,PayPal,Completed,0.304
PUR005981,CUST03049,CAM004653,2026-06-09,726.49,0.0,726.49,Credit Card,Completed,0.305
PUR005982,CUST03071,CAM007706,2025-05-06,337.6,0.0,337.6,PayPal,Refunded,0.226
PUR005983,CUST00721,CAM003759,2025-02-02,197.58,0.0,197.58,Debit Card,Pending,0.409
PUR005984,CUST04039,CAM007566,2025-04-06,432.77,0.0,432.77,Google Pay,Completed,0.269
PUR005985,CUST00402,CAM004293,2026-03-27,314.91,0.0,314.91,PayPal,Pending,0.258
PUR005986,CUST03951,CAM003980,2026-07-10,593.37,0.0,593.37,Debit Card,Completed,0.301
PUR005987,CUST01711,CAM005926,2025-01-29,184.43,0.11,164.14,Credit Card,Completed,0.214
PUR005988,CUST00925,CAM000982,2025-11-19,1295.14,0.0,1295.14,Credit Card,Pending,0.441
PUR005989,CUST03112,CAM009022,2025-12-08,1038.33,0.12,913.73,Credit Card,Completed,0.45
PUR005990,CUST04697,CAM009929,2025-11-16,466.31,0.0,466.31,Apple Pay,Completed,0.207
PUR005991,CUST02968,CAM002025,2024-09-24,400.84,0.0,400.84,Debit Card,Completed,0.331
PUR005992,CUST01294,CAM005893,2025-10-03,533.41,0.0,533.41,PayPal,Pending,0.202
PUR005993,CUST04682,CAM001173,2024-10-04,1325.75,0.0,1325.75,Credit Card,Completed,0.443
PUR005994,CUST02846,CAM005878,2026-07-11,258.53,0.0,258.53,Credit Card,Pending,0.353
PUR005995,CUST02422,CAM003583,2026-01-27,445.61,0.0,445.61,Credit Card,Completed,0.439
PUR005996,CUST00515,CAM005816,2026-03-05,1249.63,0.0,1249.63,Credit Card,Completed,0.388
PUR005997,CUST03808,CAM008255,2025-03-01,157.44,0.0,157.44,PayPal,Completed,0.395
PUR005998,CUST00106,CAM008467,2025-05-24,183.22,0.0,183.22,PayPal,Completed,0.205
PUR005999,CUST04445,CAM000920,2026-01-14,418.85,0.0,418.85,Debit Card,Pending,0.315
PUR006000,CUST01713,CAM006295,2025-05-05,1325.01,0.08,1219.01,Credit Card,Completed,0.369
PUR006001,CUST00639,CAM002407,2026-06-05,632.49,0.09,575.57,Debit Card,Completed,0.337
PUR006002,CUST00211,CAM008339,2026-09-12,1943.59,0.0,1943.59,Google Pay,Refunded,0.237
PUR006003,CUST03430,CAM005683,2025-10-08,857.68,0.0,857.68,Credit Card,Completed,0.248
PUR006004,CUST00682,CAM001804,2025-06-07,592.35,0.0,592.35,PayPal,Completed,0.337
PUR006005,CUST01920,CAM009513,2025-10-05,2158.72,0.01,2137.13,PayPal,Completed,0.349
PUR006006,CUST02892,CAM008733,2026-09-19,884.85,0.0,884.85,Credit Card,Completed,0.216
PUR006007,CUST03702,CAM008830,2025-10-31,220.35,0.0,220.35,Apple Pay,Pending,0.305
PUR006008,CUST04855,CAM002567,2025-03-29,578.8,0.0,578.8,Credit Card,Completed,0.355
PUR006009,CUST03141,CAM009733,2026-08-08,606.46,0.0,606.46,Debit Card,Completed,0.41
PUR006010,CUST01723,CAM003090,2026-08-14,301.77,0.0,301.77,PayPal,Completed,0.285
PUR006011,CUST01371,CAM000017,2025-03-18,165.14,0.0,165.14,PayPal,Completed,0.318
PUR006012,CUST02727,CAM007960,2025-04-04,386.08,0.05,366.78,Credit Card,Completed,0.421
PUR006013,CUST01498,CAM004994,2025-04-08,1266.37,0.13,1101.74,Apple Pay,Completed,0.293
PUR006014,CUST04808,CAM002647,2026-07-09,910.58,0.06,855.95,PayPal,Completed,0.355
PUR006015,CUST00107,CAM004318,2025-03-17,2026.94,0.0,2026.94,Debit Card,Pending,0.301
PUR006016,CUST00052,CAM008755,2025-05-29,67.2,0.0,67.2,PayPal,Completed,0.378
PUR006017,CUST02654,CAM007307,2024-12-04,521.06,0.0,521.06,Debit Card,Completed,0.335
PUR006018,CUST02357,CAM002551,2024-11-04,266.4,0.0,266.4,Apple Pay,Cancelled,0.277
PUR006019,CUST02150,CAM002600,2026-01-31,593.73,0.05,564.04,Debit Card,Completed,0.386
PUR006020,CUST01860,CAM008364,2024-12-31,202.7,0.03,196.62,Credit Card,Completed,0.431
PUR006021,CUST03206,CAM008171,2025-09-13,2200.4,0.05,2090.38,Credit Card,Completed,0.412
PUR006022,CUST00791,CAM008295,2025-10-17,120.77,0.0,120.77,Credit Card,Completed,0.415
PUR006023,CUST04135,CAM001450,2026-05-17,60.81,0.0,60.81,Credit Card,Completed,0.392
PUR006024,CUST02057,CAM004832,2024-09-14,399.71,0.1,359.74,PayPal,Completed,0.264
PUR006025,CUST03581,CAM001713,2026-07-19,350.61,0.16,294.51,Debit Card,Completed,0.445
PUR006026,CUST02694,CAM000339,2025-03-12,1784.79,0.0,1784.79,Debit Card,Completed,0.205
PUR006027,CUST02622,CAM007534,2026-07-31,550.27,0.12,484.24,Credit Card,Completed,0.251
PUR006028,CUST04985,CAM004425,2026-04-27,584.07,0.25,438.05,Google Pay,Completed,0.365
PUR006029,CUST04213,CAM007164,2025-08-09,414.04,0.0,414.04,Debit Card,Completed,0.317
PUR006030,CUST00124,CAM006358,2026-08-10,356.89,0.0,356.89,Google Pay,Completed,0.316
PUR006031,CUST03939,CAM002028,2024-09-06,121.85,0.0,121.85,Credit Card,Completed,0.427
PUR006032,CUST00668,CAM004687,2026-01-24,219.56,0.0,219.56,Credit Card,Completed,0.359
PUR006033,CUST04367,CAM003142,2026-03-11,305.05,0.0,305.05,Debit Card,Completed,0.278
PUR006034,CUST03363,CAM007670,2025-08-01,767.19,0.0,767.19,PayPal,Completed,0.396
PUR006035,CUST01420,CAM006778,2025-12-29,1914.05,0.08,1760.93,Debit Card,Completed,0.217
PUR006036,CUST02826,CAM000437,2026-01-31,840.62,0.0,840.62,Credit Card,Completed,0.307
PUR006037,CUST04608,CAM009761,2026-08-02,2016.74,0.0,2016.74,Google Pay,Completed,0.309
PUR006038,CUST02757,CAM004197,2025-08-25,3443.47,0.0,3443.47,Credit Card,Completed,0.311
PUR006039,CUST04281,CAM006556,2024-10-30,385.21,0.0,385.21,Debit Card,Completed,0.24
PUR006040,CUST02118,CAM001360,2025-08-17,271.23,0.0,271.23,Google Pay,Completed,0.428
PUR006041,CUST01801,CAM000068,2026-02-01,71.9,0.0,71.9,Credit Card,Completed,0.206
PUR006042,CUST00816,CAM001185,2026-01-17,891.62,0.07,829.21,Credit Card,Completed,0.375
PUR006043,CUST02753,CAM000151,2026-05-27,224.25,0.0,224.25,Debit Card,Completed,0.338
PUR006044,CUST01112,CAM000349,2025-02-15,171.54,0.04,164.68,Credit Card,Completed,0.374
PUR006045,CUST04372,CAM003199,2026-03-26,1164.66,0.11,1036.55,Debit Card,Pending,0.334
PUR006046,CUST03124,CAM008370,2025-08-08,277.15,0.0,277.15,Apple Pay,Completed,0.394
PUR006047,CUST03759,CAM004785,2024-10-27,153.05,0.2,122.44,Debit Card,Completed,0.252
PUR006048,CUST02592,CAM003756,2026-05-03,295.74,0.0,295.74,Debit Card,Completed,0.299
PUR006049,CUST01698,CAM003901,2024-12-11,745.67,0.0,745.67,Apple Pay,Completed,0.393
PUR006050,CUST00284,CAM009739,2025-11-25,982.76,0.0,982.76,Apple Pay,Completed,0.442
PUR006051,CUST02212,CAM007293,2025-05-16,155.2,0.0,155.2,Debit Card,Completed,0.318
PUR006052,CUST01464,CAM000660,2026-07-15,188.55,0.0,188.55,Debit Card,Completed,0.411
PUR006053,CUST03389,CAM006708,2025-08-18,256.46,0.04,246.2,Credit Card,Completed,0.441
PUR006054,CUST00225,CAM008095,2025-11-28,692.53,0.18,567.87,PayPal,Completed,0.415
PUR006055,CUST02168,CAM004089,2026-07-31,226.23,0.0,226.23,Debit Card,Completed,0.224
PUR006056,CUST04051,CAM000827,2025-06-23,2069.4,0.0,2069.4,Debit Card,Completed,0.262
PUR006057,CUST03120,CAM005396,2026-06-10,157.66,0.0,157.66,Credit Card,Completed,0.367
PUR006058,CUST04214,CAM004516,2025-09-09,3019.58,0.02,2959.19,Credit Card,Pending,0.35
PUR006059,CUST03179,CAM009387,2026-01-14,702.23,0.0,702.23,Debit Card,Completed,0.426
PUR006060,CUST01885,CAM005807,2026-01-09,2020.38,0.07,1878.95,PayPal,Completed,0.39
PUR006061,CUST04168,CAM007764,2024-12-15,1280.36,0.0,1280.36,Apple Pay,Completed,0.342
PUR006062,CUST01592,CAM008814,2025-04-03,788.05,0.0,788.05,Apple Pay,Completed,0.287
PUR006063,CUST02666,CAM003861,2025-02-11,373.9,0.0,373.9,Google Pay,Pending,0.305
PUR006064,CUST01610,CAM001637,2025-01-17,248.55,0.0,248.55,Credit Card,Completed,0.277
PUR006065,CUST00344,CAM001967,2025-07-07,568.76,0.0,568.76,Credit Card,Completed,0.414
PUR006066,CUST02222,CAM007830,2025-02-07,364.9,0.0,364.9,PayPal,Completed,0.309
PUR006067,CUST02164,CAM009814,2024-12-10,729.41,0.0,729.41,Credit Card,Completed,0.257
PUR006068,CUST01689,CAM002901,2024-11-20,374.21,0.2,299.37,PayPal,Completed,0.334
PUR006069,CUST00525,CAM003614,2026-05-15,585.81,0.0,585.81,Credit Card,Completed,0.351
PUR006070,CUST04427,CAM001395,2024-09-12,1649.35,0.0,1649.35,Google Pay,Completed,0.378
PUR006071,CUST02153,CAM008276,2025-08-06,216.13,0.18,177.23,Apple Pay,Completed,0.299
PUR006072,CUST00319,CAM006719,2026-02-28,473.13,0.06,444.74,Apple Pay,Pending,0.37
PUR006073,CUST03748,CAM007784,2025-11-15,585.68,0.19,474.4,PayPal,Pending,0.235
PUR006074,CUST04047,CAM001400,2026-04-15,184.54,0.0,184.54,Debit Card,Completed,0.419
PUR006075,CUST02865,CAM008578,2024-11-12,242.96,0.0,242.96,Apple Pay,Completed,0.446
PUR006076,CUST01379,CAM009041,2025-12-30,1192.78,0.16,1001.94,Google Pay,Refunded,0.39
PUR006077,CUST02770,CAM000962,2024-09-07,566.87,0.04,544.2,Credit Card,Pending,0.208
PUR006078,CUST01753,CAM005466,2026-06-01,589.86,0.0,589.86,Debit Card,Pending,0.232
PUR006079,CUST01048,CAM005559,2025-09-19,204.91,0.03,198.76,Apple Pay,Completed,0.22
PUR006080,CUST00929,CAM008554,2024-12-16,211.71,0.0,211.71,PayPal,Cancelled,0.23
PUR006081,CUST03045,CAM002367,2025-09-29,810.5,0.22,632.19,Google Pay,Completed,0.336
PUR006082,CUST04050,CAM003183,2026-06-23,1947.94,0.0,1947.94,Debit Card,Completed,0.358
PUR006083,CUST04436,CAM009925,2025-08-03,1859.46,0.0,1859.46,Credit Card,Completed,0.438
PUR006084,CUST04813,CAM008745,2025-02-21,850.79,0.0,850.79,Debit Card,Completed,0.27
PUR006085,CUST03880,CAM000707,2026-07-27,142.21,0.0,142.21,Apple Pay,Completed,0.43
PUR006086,CUST02866,CAM008422,2025-11-28,1305.62,0.0,1305.62,Google Pay,Completed,0.438
PUR006087,CUST02899,CAM002920,2025-09-25,1278.01,0.0,1278.01,Credit Card,Completed,0.325
PUR006088,CUST00030,CAM003167,2026-01-11,595.17,0.0,595.17,Credit Card,Completed,0.239
PUR006089,CUST02770,CAM009647,2025-02-17,883.15,0.0,883.15,Apple Pay,Completed,0.22
PUR006090,CUST00017,CAM000154,2025-03-29,667.04,0.0,667.04,Google Pay,Completed,0.366
PUR006091,CUST00175,CAM005536,2025-08-01,612.9,0.0,612.9,Google Pay,Completed,0.219
PUR006092,CUST02170,CAM003570,2026-04-20,687.57,0.0,687.57,Debit Card,Completed,0.353
PUR006093,CUST01899,CAM002360,2025-06-23,388.33,0.0,388.33,Credit Card,Completed,0.213
PUR006094,CUST01568,CAM005962,2026-03-30,104.2,0.0,104.2,Google Pay,Completed,0.264
PUR006095,CUST04840,CAM008601,2025-06-07,599.52,0.0,599.52,Credit Card,Completed,0.441
PUR006096,CUST00377,CAM001442,2025-05-18,1237.48,0.0,1237.48,Debit Card,Refunded,0.321
PUR006097,CUST00778,CAM001117,2025-02-24,373.17,0.05,354.51,Debit Card,Completed,0.375
PUR006098,CUST00828,CAM007785,2025-05-29,341.9,0.19,276.94,PayPal,Completed,0.448
PUR006099,CUST04482,CAM007122,2026-04-09,240.43,0.0,240.43,Apple Pay,Completed,0.302
PUR006100,CUST01712,CAM009289,2025-11-08,669.33,0.16,562.24,Google Pay,Completed,0.3
PUR006101,CUST00410,CAM000978,2026-02-05,221.47,0.0,221.47,Debit Card,Pending,0.254
PUR006102,CUST02735,CAM005293,2025-06-23,453.83,0.21,358.53,Credit Card,Completed,0.41
PUR006103,CUST04069,CAM000282,2025-05-15,528.93,0.0,528.93,Credit Card,Completed,0.217
PUR006104,CUST01308,CAM003226,2026-01-11,257.96,0.0,257.96,Credit Card,Completed,0.395
PUR006105,CUST04239,CAM007927,2025-04-14,342.14,0.12,301.08,Credit Card,Completed,0.358
PUR006106,CUST04831,CAM000334,2025-04-13,1597.92,0.0,1597.92,Apple Pay,Completed,0.23
PUR006107,CUST02892,CAM000271,2026-05-17,469.07,0.12,412.78,Credit Card,Completed,0.411
PUR006108,CUST00525,CAM000292,2025-12-04,191.72,0.02,187.89,Credit Card,Pending,0.223
PUR006109,CUST00923,CAM009455,2025-11-20,420.49,0.22,327.98,Credit Card,Pending,0.228
PUR006110,CUST00349,CAM009143,2026-05-09,273.6,0.16,229.82,Credit Card,Completed,0.35
PUR006111,CUST01018,CAM009680,2025-09-30,1238.94,0.11,1102.66,Apple Pay,Completed,0.266
PUR006112,CUST03302,CAM007744,2025-04-28,102.36,0.17,84.96,Debit Card,Completed,0.304
PUR006113,CUST03082,CAM001876,2026-05-07,1276.5,0.0,1276.5,PayPal,Refunded,0.229
PUR006114,CUST02861,CAM000834,2026-02-24,528.19,0.09,480.65,Credit Card,Completed,0.376
PUR006115,CUST03334,CAM008045,2025-11-28,658.13,0.06,618.64,PayPal,Pending,0.422
PUR006116,CUST02264,CAM002537,2026-04-06,136.13,0.0,136.13,Debit Card,Completed,0.226
PUR006117,CUST03437,CAM004825,2026-01-03,1983.04,0.11,1764.91,PayPal,Completed,0.331
PUR006118,CUST01223,CAM003783,2026-07-25,142.54,0.0,142.54,Apple Pay,Refunded,0.313
PUR006119,CUST03871,CAM009343,2026-01-03,426.37,0.15,362.41,PayPal,Completed,0.334
PUR006120,CUST03324,CAM008341,2025-02-11,117.4,0.0,117.4,PayPal,Completed,0.248
PUR006121,CUST00647,CAM001132,2024-09-11,122.02,0.0,122.02,PayPal,Pending,0.279
PUR006122,CUST03162,CAM004358,2025-09-05,767.25,0.0,767.25,Debit Card,Completed,0.217
PUR006123,CUST03290,CAM005699,2025-09-11,272.59,0.19,220.8,Credit Card,Completed,0.444
PUR006124,CUST01430,CAM000161,2025-01-10,1105.14,0.0,1105.14,PayPal,Completed,0.364
PUR006125,CUST02755,CAM003201,2026-03-22,1599.39,0.2,1279.51,Debit Card,Pending,0.411
PUR006126,CUST01001,CAM005301,2026-02-14,1497.49,0.0,1497.49,Credit Card,Completed,0.217
PUR006127,CUST03704,CAM004157,2026-03-05,504.99,0.04,484.79,PayPal,Completed,0.357
PUR006128,CUST04791,CAM004678,2025-10-26,1229.37,0.15,1044.96,Debit Card,Completed,0.357
PUR006129,CUST04395,CAM000478,2025-02-12,1146.04,0.0,1146.04,Apple Pay,Completed,0.266
PUR006130,CUST01497,CAM002607,2025-08-05,786.8,0.08,723.86,Credit Card,Completed,0.3
PUR006131,CUST02484,CAM006706,2024-11-13,922.73,0.05,876.59,PayPal,Completed,0.292
PUR006132,CUST01227,CAM000437,2025-12-26,2034.22,0.0,2034.22,Debit Card,Completed,0.238
PUR006133,CUST03761,CAM004717,2026-02-03,736.22,0.0,736.22,Debit Card,Completed,0.39
PUR006134,CUST02339,CAM009404,2025-12-20,464.14,0.0,464.14,Apple Pay,Completed,0.249
PUR006135,CUST01247,CAM007289,2024-12-03,1207.84,0.0,1207.84,PayPal,Completed,0.226
PUR006136,CUST02199,CAM005493,2025-04-20,258.83,0.0,258.83,Apple Pay,Completed,0.354
PUR006137,CUST03131,CAM008960,2026-05-25,148.9,0.0,148.9,Google Pay,Completed,0.226
PUR006138,CUST02076,CAM000720,2026-10-08,196.97,0.13,171.36,Debit Card,Completed,0.212
PUR006139,CUST02375,CAM009921,2024-11-21,826.02,0.05,784.72,Debit Card,Completed,0.337
PUR006140,CUST01661,CAM001731,2025-02-24,127.84,0.0,127.84,Credit Card,Completed,0.409
PUR006141,CUST01556,CAM004668,2026-02-02,2225.29,0.03,2158.53,Credit Card,Completed,0.37
PUR006142,CUST03467,CAM001972,2025-12-10,588.69,0.0,588.69,Debit Card,Pending,0.206
PUR006143,CUST04024,CAM004449,2025-02-27,2156.55,0.14,1854.63,Google Pay,Completed,0.326
PUR006144,CUST02836,CAM009263,2026-01-17,170.95,0.0,170.95,PayPal,Refunded,0.229
PUR006145,CUST02618,CAM001494,2026-05-27,1638.54,0.0,1638.54,Credit Card,Completed,0.224
PUR006146,CUST00547,CAM001928,2025-12-19,429.0,0.0,429.0,Credit Card,Completed,0.428
PUR006147,CUST01787,CAM000031,2024-10-01,565.5,0.0,565.5,PayPal,Pending,0.39
PUR006148,CUST02463,CAM001318,2025-12-03,1094.88,0.0,1094.88,Apple Pay,Completed,0.326
PUR006149,CUST02141,CAM003076,2024-11-07,1944.71,0.0,1944.71,Google Pay,Completed,0.201
PUR006150,CUST02188,CAM001937,2025-01-11,124.29,0.0,124.29,PayPal,Cancelled,0.419
PUR006151,CUST00479,CAM006066,2024-11-29,549.49,0.17,456.08,PayPal,Completed,0.255
PUR006152,CUST02733,CAM001271,2026-04-22,1186.78,0.0,1186.78,Debit Card,Pending,0.384
PUR006153,CUST02502,CAM003044,2025-07-03,719.04,0.13,625.56,PayPal,Completed,0.346
PUR006154,CUST00999,CAM000089,2025-06-10,360.56,0.0,360.56,Google Pay,Completed,0.294
PUR006155,CUST04909,CAM006464,2026-04-29,431.64,0.19,349.63,Debit Card,Pending,0.36
PUR006156,CUST04628,CAM007022,2025-06-23,576.58,0.01,570.81,PayPal,Completed,0.421
PUR006157,CUST02076,CAM005047,2026-03-18,201.9,0.24,153.44,PayPal,Completed,0.442
PUR006158,CUST04323,CAM007456,2024-11-24,691.53,0.03,670.78,PayPal,Completed,0.333
PUR006159,CUST01713,CAM001591,2025-01-05,546.02,0.01,540.56,Credit Card,Completed,0.359
PUR006160,CUST04569,CAM008919,2024-10-26,1697.23,0.17,1408.7,Debit Card,Completed,0.277
PUR006161,CUST02807,CAM009205,2026-05-23,2485.25,0.19,2013.05,Debit Card,Completed,0.317
PUR006162,CUST00003,CAM007732,2025-01-04,892.66,0.0,892.66,Debit Card,Completed,0.223
PUR006163,CUST02742,CAM002168,2026-02-14,716.6,0.18,587.61,Credit Card,Completed,0.415
PUR006164,CUST00703,CAM008972,2025-07-04,250.55,0.12,220.48,Credit Card,Completed,0.415
PUR006165,CUST01817,CAM004216,2026-06-07,370.5,0.17,307.52,Debit Card,Completed,0.413
PUR006166,CUST04930,CAM000166,2026-03-26,165.76,0.0,165.76,Credit Card,Completed,0.347
PUR006167,CUST03046,CAM005613,2026-06-25,355.29,0.17,294.89,Debit Card,Pending,0.271
PUR006168,CUST00542,CAM002431,2025-02-06,333.23,0.16,279.91,Credit Card,Completed,0.353
PUR006169,CUST04741,CAM003207,2025-12-08,1147.23,0.0,1147.23,Credit Card,Pending,0.413
PUR006170,CUST00778,CAM006957,2025-09-25,854.28,0.0,854.28,Credit Card,Completed,0.272
PUR006171,CUST00353,CAM005778,2025-02-14,446.76,0.23,344.01,Google Pay,Completed,0.203
PUR006172,CUST00976,CAM000978,2026-03-24,546.86,0.0,546.86,Debit Card,Completed,0.362
PUR006173,CUST00983,CAM004992,2026-03-08,152.09,0.0,152.09,Google Pay,Cancelled,0.407
PUR006174,CUST02518,CAM002273,2025-10-23,703.42,0.0,703.42,Debit Card,Cancelled,0.263
PUR006175,CUST01563,CAM002333,2026-02-14,1139.12,0.0,1139.12,PayPal,Completed,0.42
PUR006176,CUST03841,CAM002399,2025-11-09,775.58,0.0,775.58,PayPal,Completed,0.223
PUR006177,CUST02067,CAM000635,2026-07-30,319.67,0.0,319.67,Debit Card,Completed,0.409
PUR006178,CUST01510,CAM004463,2026-04-21,256.27,0.0,256.27,PayPal,Completed,0.321
PUR006179,CUST01838,CAM004178,2024-11-20,367.46,0.0,367.46,Credit Card,Completed,0.201
PUR006180,CUST04696,CAM009955,2026-04-19,1081.92,0.0,1081.92,Apple Pay,Completed,0.22
PUR006181,CUST01741,CAM009680,2025-10-01,105.19,0.08,96.77,Apple Pay,Completed,0.252
PUR006182,CUST02945,CAM006102,2025-07-07,1642.65,0.0,1642.65,Debit Card,Completed,0.403
PUR006183,CUST00991,CAM005783,2024-09-12,1523.3,0.1,1370.97,Google Pay,Completed,0.383
PUR006184,CUST01501,CAM003708,2026-01-26,651.36,0.0,651.36,Credit Card,Completed,0.318
PUR006185,CUST04057,CAM003123,2025-02-12,59.21,0.16,49.74,Credit Card,Completed,0.205
PUR006186,CUST02070,CAM003274,2024-12-13,1958.61,0.0,1958.61,Credit Card,Completed,0.23
PUR006187,CUST01284,CAM005546,2024-10-17,143.16,0.0,143.16,Debit Card,Completed,0.377
PUR006188,CUST01025,CAM007237,2024-10-19,253.5,0.0,253.5,Debit Card,Completed,0.334
PUR006189,CUST04078,CAM007738,2026-06-18,726.86,0.0,726.86,Google Pay,Completed,0.396
PUR006190,CUST02914,CAM000336,2025-12-24,241.41,0.0,241.41,Debit Card,Completed,0.24
PUR006191,CUST01264,CAM009618,2025-11-07,237.03,0.14,203.85,PayPal,Completed,0.356
PUR006192,CUST02298,CAM007324,2026-07-04,104.06,0.0,104.06,Apple Pay,Pending,0.341
PUR006193,CUST02588,CAM007208,2025-04-15,323.06,0.0,323.06,Debit Card,Completed,0.379
PUR006194,CUST00115,CAM001780,2025-04-25,1525.89,0.17,1266.49,Credit Card,Refunded,0.217
PUR006195,CUST00219,CAM007925,2026-01-30,556.53,0.24,422.96,PayPal,Pending,0.295
PUR006196,CUST01228,CAM005685,2025-04-25,236.4,0.0,236.4,PayPal,Completed,0.396
PUR006197,CUST04141,CAM003290,2024-08-26,2449.76,0.16,2057.8,Credit Card,Completed,0.26
PUR006198,CUST03880,CAM000007,2024-10-27,830.53,0.0,830.53,Debit Card,Completed,0.425
PUR006199,CUST01742,CAM007631,2026-10-16,273.39,0.0,273.39,Apple Pay,Completed,0.381
PUR006200,CUST00416,CAM000944,2026-01-29,1093.23,0.0,1093.23,Credit Card,Completed,0.282
PUR006201,CUST02950,CAM004455,2025-11-20,600.83,0.14,516.71,Debit Card,Completed,0.307
PUR006202,CUST02397,CAM007679,2025-11-28,563.35,0.0,563.35,Apple Pay,Completed,0.398
PUR006203,CUST02091,CAM006473,2026-02-21,5292.6,0.25,3969.45,Apple Pay,Completed,0.373
PUR006204,CUST00911,CAM000032,2025-01-07,277.87,0.2,222.3,Debit Card,Pending,0.336
PUR006205,CUST02383,CAM008215,2025-07-13,512.46,0.25,384.34,PayPal,Completed,0.218
PUR006206,CUST02063,CAM003362,2025-03-11,1000.6,0.0,1000.6,Credit Card,Completed,0.397
PUR006207,CUST00065,CAM006210,2026-04-09,1508.38,0.0,1508.38,PayPal,Completed,0.221
PUR006208,CUST00026,CAM002163,2025-06-19,1199.99,0.15,1019.99,Debit Card,Pending,0.242
PUR006209,CUST02976,CAM008216,2024-11-06,2282.7,0.2,1826.16,PayPal,Completed,0.447
PUR006210,CUST01319,CAM002153,2025-05-21,542.82,0.0,542.82,Credit Card,Completed,0.38
PUR006211,CUST04774,CAM008314,2025-05-26,960.26,0.0,960.26,PayPal,Cancelled,0.263
PUR006212,CUST01864,CAM003395,2026-02-16,742.98,0.0,742.98,Credit Card,Completed,0.238
PUR006213,CUST03861,CAM004876,2025-05-27,224.57,0.02,220.08,PayPal,Completed,0.251
PUR006214,CUST04833,CAM000881,2026-06-09,401.19,0.0,401.19,Credit Card,Completed,0.361
PUR006215,CUST00509,CAM004461,2025-08-18,4630.68,0.24,3519.32,Google Pay,Completed,0.342
PUR006216,CUST02733,CAM000347,2025-08-04,1347.08,0.01,1333.61,PayPal,Completed,0.416
PUR006217,CUST00655,CAM006053,2025-06-29,354.52,0.0,354.52,Debit Card,Completed,0.207
PUR006218,CUST03977,CAM002108,2026-03-08,273.6,0.0,273.6,PayPal,Completed,0.259
PUR006219,CUST03143,CAM007294,2025-05-31,643.18,0.0,643.18,Apple Pay,Completed,0.26
PUR006220,CUST03404,CAM007313,2025-04-06,559.43,0.22,436.36,Credit Card,Completed,0.288
PUR006221,CUST00457,CAM003268,2026-07-11,821.5,0.0,821.5,Google Pay,Cancelled,0.328
PUR006222,CUST04102,CAM004515,2024-09-29,658.49,0.05,625.57,Debit Card,Completed,0.379
PUR006223,CUST01366,CAM002880,2025-08-16,1527.14,0.12,1343.88,Debit Card,Completed,0.21
PUR006224,CUST00149,CAM004590,2024-10-28,2315.96,0.0,2315.96,Apple Pay,Completed,0.364
PUR006225,CUST04648,CAM001251,2025-05-24,723.82,0.0,723.82,Debit Card,Completed,0.386
PUR006226,CUST03032,CAM003827,2025-07-15,323.18,0.0,323.18,Credit Card,Completed,0.413
PUR006227,CUST02160,CAM007400,2025-08-01,1104.31,0.0,1104.31,PayPal,Completed,0.406
PUR006228,CUST00995,CAM005557,2025-02-09,1726.53,0.23,1329.43,Credit Card,Completed,0.407
PUR006229,CUST03227,CAM008367,2025-08-13,194.87,0.0,194.87,Apple Pay,Completed,0.382
PUR006230,CUST01536,CAM005256,2025-09-27,635.88,0.0,635.88,PayPal,Completed,0.399
PUR006231,CUST04950,CAM002420,2026-03-15,654.47,0.07,608.66,Credit Card,Completed,0.339
PUR006232,CUST03046,CAM000994,2026-04-04,129.66,0.24,98.54,Debit Card,Refunded,0.201
PUR006233,CUST03139,CAM008794,2025-06-17,1589.95,0.21,1256.06,Credit Card,Completed,0.336
PUR006234,CUST01908,CAM000290,2025-04-24,485.1,0.04,465.7,Apple Pay,Completed,0.317
PUR006235,CUST03515,CAM003173,2026-05-03,147.87,0.04,141.96,Debit Card,Completed,0.223
PUR006236,CUST01895,CAM008094,2025-02-03,455.69,0.12,401.01,Debit Card,Completed,0.292
PUR006237,CUST02674,CAM002241,2025-11-14,350.56,0.0,350.56,Credit Card,Completed,0.258
PUR006238,CUST01402,CAM000149,2025-06-29,1231.86,0.0,1231.86,Credit Card,Completed,0.38
PUR006239,CUST02744,CAM000820,2025-05-18,856.16,0.0,856.16,Apple Pay,Completed,0.302
PUR006240,CUST00042,CAM006527,2026-01-22,1111.78,0.0,1111.78,PayPal,Completed,0.296
PUR006241,CUST03970,CAM004193,2024-11-28,536.25,0.0,536.25,Google Pay,Completed,0.301
PUR006242,CUST02867,CAM008763,2024-09-26,268.51,0.0,268.51,Credit Card,Completed,0.282
PUR006243,CUST02613,CAM004497,2025-12-01,1477.33,0.23,1137.54,Google Pay,Completed,0.313
PUR006244,CUST00252,CAM009075,2024-12-15,655.56,0.0,655.56,Credit Card,Completed,0.369
PUR006245,CUST02225,CAM009121,2025-06-12,1442.61,0.0,1442.61,Credit Card,Completed,0.229
PUR006246,CUST04812,CAM003889,2025-10-24,173.95,0.0,173.95,Credit Card,Completed,0.265
PUR006247,CUST03638,CAM004546,2026-07-11,233.56,0.0,233.56,Apple Pay,Completed,0.285
PUR006248,CUST02259,CAM001694,2024-11-16,1079.99,0.0,1079.99,Debit Card,Completed,0.33
PUR006249,CUST00292,CAM000590,2026-02-10,1998.93,0.2,1599.14,PayPal,Completed,0.391
PUR006250,CUST00997,CAM002671,2025-01-19,446.08,0.0,446.08,Credit Card,Completed,0.42
PUR006251,CUST04343,CAM009621,2026-05-11,169.82,0.0,169.82,Credit Card,Completed,0.404
PUR006252,CUST04179,CAM005295,2026-02-06,352.85,0.07,328.15,Debit Card,Completed,0.277
PUR006253,CUST03207,CAM001398,2026-02-28,1477.24,0.0,1477.24,Google Pay,Refunded,0.204
PUR006254,CUST00767,CAM005495,2025-11-27,1196.34,0.0,1196.34,Credit Card,Completed,0.417
PUR006255,CUST00108,CAM002360,2025-06-21,523.98,0.09,476.82,Credit Card,Completed,0.209
PUR006256,CUST04620,CAM002282,2025-04-02,223.81,0.0,223.81,Google Pay,Completed,0.434
PUR006257,CUST01303,CAM000865,2026-03-17,754.91,0.01,747.36,Credit Card,Completed,0.346
PUR006258,CUST01567,CAM001720,2025-09-12,59.81,0.13,52.03,Credit Card,Completed,0.379
PUR006259,CUST04945,CAM009241,2026-09-05,1210.78,0.0,1210.78,Apple Pay,Completed,0.219
PUR006260,CUST02913,CAM002656,2024-12-07,1338.32,0.0,1338.32,Debit Card,Completed,0.263
PUR006261,CUST04702,CAM006102,2025-07-25,777.76,0.0,777.76,Debit Card,Completed,0.319
PUR006262,CUST01479,CAM008611,2025-03-06,525.91,0.02,515.39,Debit Card,Completed,0.384
PUR006263,CUST04716,CAM008854,2024-11-18,577.79,0.16,485.34,PayPal,Completed,0.447
PUR006264,CUST03421,CAM007554,2025-01-15,97.27,0.0,97.27,Debit Card,Completed,0.222
PUR006265,CUST04431,CAM001794,2025-04-24,564.63,0.0,564.63,Debit Card,Completed,0.295
PUR006266,CUST04304,CAM000838,2024-11-19,820.37,0.0,820.37,Apple Pay,Completed,0.292
PUR006267,CUST04675,CAM002575,2024-09-21,168.76,0.04,162.01,Debit Card,Refunded,0.379
PUR006268,CUST01470,CAM006823,2026-07-06,1273.49,0.0,1273.49,Credit Card,Pending,0.317
PUR006269,CUST04863,CAM005295,2026-01-07,997.51,0.23,768.08,Credit Card,Completed,0.358
PUR006270,CUST04902,CAM009241,2026-07-23,192.99,0.12,169.83,Apple Pay,Completed,0.285
PUR006271,CUST03415,CAM009240,2024-11-21,454.01,0.0,454.01,Apple Pay,Pending,0.388
PUR006272,CUST02941,CAM000282,2025-04-08,1342.36,0.12,1181.28,Credit Card,Completed,0.389
PUR006273,CUST00325,CAM007228,2025-11-20,609.79,0.0,609.79,Credit Card,Completed,0.379
PUR006274,CUST04606,CAM001813,2025-09-03,168.4,0.06,158.3,Credit Card,Completed,0.429
PUR006275,CUST01657,CAM001914,2025-07-03,278.72,0.0,278.72,Debit Card,Completed,0.405
PUR006276,CUST01826,CAM003226,2026-01-30,198.16,0.01,196.18,Credit Card,Completed,0.346
PUR006277,CUST03139,CAM006691,2025-07-18,1249.43,0.17,1037.03,Credit Card,Completed,0.226
PUR006278,CUST04473,CAM001713,2026-06-29,635.54,0.14,546.56,Credit Card,Completed,0.4
PUR006279,CUST02734,CAM005688,2024-12-16,1310.43,0.15,1113.87,Credit Card,Completed,0.254
PUR006280,CUST04927,CAM005403,2025-06-07,1630.76,0.0,1630.76,PayPal,Completed,0.334
PUR006281,CUST04095,CAM003557,2025-03-26,2011.31,0.0,2011.31,Apple Pay,Completed,0.325
PUR006282,CUST01931,CAM001532,2024-11-23,1232.72,0.0,1232.72,Apple Pay,Completed,0.335
PUR006283,CUST01145,CAM005768,2026-06-14,498.58,0.0,498.58,Debit Card,Completed,0.275
PUR006284,CUST03053,CAM004726,2026-04-25,503.15,0.16,422.65,Apple Pay,Completed,0.351
PUR006285,CUST04863,CAM008018,2024-11-05,136.84,0.0,136.84,Google Pay,Cancelled,0.201
PUR006286,CUST04319,CAM009387,2026-01-21,1251.13,0.0,1251.13,Credit Card,Completed,0.205
PUR006287,CUST03279,CAM006223,2026-05-17,1102.97,0.25,827.23,Debit Card,Completed,0.271
PUR006288,CUST00181,CAM005280,2026-04-06,354.53,0.22,276.53,Credit Card,Cancelled,0.359
PUR006289,CUST04356,CAM000575,2024-12-09,848.15,0.0,848.15,Debit Card,Completed,0.437
PUR006290,CUST00772,CAM001391,2025-06-19,767.52,0.0,767.52,Credit Card,Pending,0.322
PUR006291,CUST03181,CAM002977,2024-11-20,1900.56,0.17,1577.46,Credit Card,Completed,0.345
PUR006292,CUST03923,CAM006983,2025-06-29,203.88,0.0,203.88,Credit Card,Completed,0.387
PUR006293,CUST02929,CAM008785,2024-10-05,326.48,0.0,326.48,Debit Card,Cancelled,0.443
PUR006294,CUST00416,CAM001677,2026-06-17,1145.31,0.0,1145.31,Google Pay,Completed,0.344
PUR006295,CUST03497,CAM002681,2026-01-22,253.67,0.0,253.67,Credit Card,Completed,0.289
PUR006296,CUST04971,CAM008785,2024-10-04,279.79,0.0,279.79,Credit Card,Pending,0.276
PUR006297,CUST03901,CAM008263,2026-07-01,1691.5,0.22,1319.37,PayPal,Completed,0.42
PUR006298,CUST03749,CAM000856,2024-08-25,1739.58,0.0,1739.58,Apple Pay,Completed,0.383
PUR006299,CUST02044,CAM009871,2025-04-20,203.37,0.18,166.76,Credit Card,Completed,0.272
PUR006300,CUST02125,CAM009391,2025-04-02,776.56,0.0,776.56,Google Pay,Completed,0.298
PUR006301,CUST03689,CAM006444,2025-10-15,562.21,0.0,562.21,Apple Pay,Completed,0.442
PUR006302,CUST01249,CAM009216,2025-06-28,2133.35,0.0,2133.35,Credit Card,Completed,0.31
PUR006303,CUST02479,CAM001472,2025-06-09,203.38,0.0,203.38,Apple Pay,Completed,0.287
PUR006304,CUST02545,CAM004678,2025-10-25,2539.5,0.0,2539.5,PayPal,Refunded,0.231
PUR006305,CUST00714,CAM009435,2025-12-14,894.65,0.0,894.65,Debit Card,Completed,0.282
PUR006306,CUST02201,CAM004926,2026-03-26,242.89,0.14,208.89,Credit Card,Completed,0.238
PUR006307,CUST03457,CAM009207,2025-04-08,1197.2,0.01,1185.23,Credit Card,Completed,0.25
PUR006308,CUST04522,CAM001248,2025-08-17,595.14,0.0,595.14,Apple Pay,Completed,0.434
PUR006309,CUST04910,CAM007532,2025-03-03,239.2,0.04,229.63,Debit Card,Completed,0.441
PUR006310,CUST03532,CAM005313,2025-07-04,424.98,0.0,424.98,PayPal,Pending,0.356
PUR006311,CUST00726,CAM003160,2024-12-12,550.45,0.0,550.45,Apple Pay,Completed,0.257
PUR006312,CUST02557,CAM008491,2026-07-31,1618.82,0.0,1618.82,Debit Card,Completed,0.275
PUR006313,CUST00404,CAM000527,2025-06-19,261.64,0.03,253.79,PayPal,Refunded,0.274
PUR006314,CUST01347,CAM003674,2025-05-26,1045.89,0.0,1045.89,PayPal,Pending,0.204
PUR006315,CUST00542,CAM002896,2025-10-08,224.04,0.21,176.99,PayPal,Completed,0.305
PUR006316,CUST04109,CAM004189,2025-01-07,1858.6,0.0,1858.6,Credit Card,Completed,0.271
PUR006317,CUST04199,CAM002376,2026-01-11,135.07,0.09,122.91,PayPal,Completed,0.289
PUR006318,CUST04540,CAM001779,2025-11-18,206.57,0.0,206.57,Debit Card,Completed,0.305
PUR006319,CUST00672,CAM008097,2024-09-03,639.03,0.0,639.03,Credit Card,Completed,0.437
PUR006320,CUST03482,CAM006331,2026-01-23,900.41,0.0,900.41,Apple Pay,Completed,0.339
PUR006321,CUST00475,CAM008116,2026-07-07,163.73,0.0,163.73,PayPal,Completed,0.359
PUR006322,CUST00927,CAM003953,2025-02-11,1149.36,0.0,1149.36,Debit Card,Completed,0.332
PUR006323,CUST03051,CAM001104,2025-01-23,1020.86,0.13,888.15,Debit Card,Pending,0.25
PUR006324,CUST01076,CAM009609,2024-10-15,398.27,0.0,398.27,PayPal,Completed,0.324
PUR006325,CUST01099,CAM000340,2025-06-19,617.81,0.0,617.81,Apple Pay,Pending,0.205
PUR006326,CUST04719,CAM008226,2025-12-10,827.43,0.0,827.43,Credit Card,Completed,0.438
PUR006327,CUST03473,CAM005007,2025-11-03,508.34,0.0,508.34,Credit Card,Completed,0.21
PUR006328,CUST04894,CAM002354,2025-11-28,88.49,0.0,88.49,Credit Card,Completed,0.249
PUR006329,CUST01869,CAM001070,2026-07-21,2134.51,0.0,2134.51,PayPal,Completed,0.254
PUR006330,CUST00277,CAM000923,2025-07-05,229.02,0.0,229.02,Credit Card,Cancelled,0.376
PUR006331,CUST03463,CAM000232,2025-03-12,860.0,0.0,860.0,Google Pay,Pending,0.225
PUR006332,CUST02563,CAM004315,2025-04-05,1593.68,0.14,1370.56,Credit Card,Completed,0.352
PUR006333,CUST03870,CAM006256,2026-05-30,174.71,0.0,174.71,Credit Card,Completed,0.24
PUR006334,CUST00577,CAM004905,2025-12-15,331.7,0.0,331.7,Debit Card,Completed,0.33
PUR006335,CUST03241,CAM000047,2025-01-19,1093.79,0.0,1093.79,Google Pay,Completed,0.207
PUR006336,CUST03564,CAM009462,2026-02-16,240.16,0.0,240.16,Debit Card,Completed,0.323
PUR006337,CUST00767,CAM007594,2024-09-26,1139.43,0.05,1082.46,Credit Card,Pending,0.297
PUR006338,CUST01793,CAM006369,2026-07-02,269.02,0.0,269.02,PayPal,Completed,0.45
PUR006339,CUST02982,CAM002137,2025-06-17,681.15,0.15,578.98,Debit Card,Completed,0.375
PUR006340,CUST00026,CAM005091,2025-08-25,647.95,0.0,647.95,Google Pay,Pending,0.27
PUR006341,CUST03714,CAM004366,2024-08-28,1068.65,0.05,1015.22,PayPal,Completed,0.332
PUR006342,CUST04633,CAM004412,2026-09-07,173.95,0.0,173.95,Apple Pay,Completed,0.242
PUR006343,CUST00084,CAM007802,2026-03-08,729.76,0.07,678.68,PayPal,Completed,0.338
PUR006344,CUST04451,CAM009675,2026-02-09,1146.88,0.0,1146.88,PayPal,Completed,0.335
PUR006345,CUST04196,CAM009525,2025-09-11,229.83,0.22,179.27,PayPal,Refunded,0.248
PUR006346,CUST04946,CAM003626,2026-07-15,687.95,0.0,687.95,Apple Pay,Refunded,0.448
PUR006347,CUST01989,CAM003404,2025-02-04,1651.76,0.0,1651.76,Debit Card,Completed,0.267
PUR006348,CUST01779,CAM006304,2026-01-09,2343.2,0.0,2343.2,Credit Card,Completed,0.288
PUR006349,CUST04433,CAM003371,2025-10-30,824.31,0.0,824.31,Debit Card,Completed,0.371
PUR006350,CUST02243,CAM008992,2026-03-31,187.8,0.04,180.29,PayPal,Completed,0.424
PUR006351,CUST04435,CAM000246,2025-10-22,579.47,0.04,556.29,Debit Card,Completed,0.234
PUR006352,CUST03138,CAM000089,2025-05-17,776.51,0.22,605.68,Credit Card,Completed,0.303
PUR006353,CUST03397,CAM000922,2026-03-10,1397.6,0.0,1397.6,Debit Card,Completed,0.255
PUR006354,CUST03833,CAM001700,2025-03-16,1131.48,0.0,1131.48,Apple Pay,Completed,0.31
PUR006355,CUST03488,CAM007711,2026-03-27,76.17,0.23,58.65,Debit Card,Refunded,0.294
PUR006356,CUST01122,CAM004738,2025-01-01,1093.94,0.12,962.67,Credit Card,Completed,0.258
PUR006357,CUST03646,CAM001733,2026-06-23,204.71,0.18,167.86,Credit Card,Completed,0.3
PUR006358,CUST00967,CAM005313,2025-08-17,631.2,0.0,631.2,PayPal,Completed,0.337
PUR006359,CUST02521,CAM003153,2026-01-08,202.4,0.0,202.4,Credit Card,Completed,0.211
PUR006360,CUST01704,CAM007869,2025-12-07,87.35,0.13,75.99,PayPal,Completed,0.276
PUR006361,CUST04163,CAM001029,2024-10-22,209.4,0.14,180.08,Credit Card,Completed,0.227
PUR006362,CUST04924,CAM002331,2024-09-21,1060.23,0.0,1060.23,Credit Card,Completed,0.34
PUR006363,CUST04581,CAM009363,2025-09-05,101.21,0.0,101.21,Apple Pay,Completed,0.407
PUR006364,CUST02094,CAM007995,2024-12-28,681.24,0.0,681.24,Debit Card,Completed,0.443
PUR006365,CUST00836,CAM006381,2025-12-26,1832.26,0.0,1832.26,PayPal,Completed,0.402
PUR006366,CUST04200,CAM003502,2025-05-31,1062.57,0.0,1062.57,Credit Card,Pending,0.446
PUR006367,CUST01203,CAM004566,2026-08-23,346.58,0.24,263.4,Credit Card,Completed,0.277
PUR006368,CUST00512,CAM001724,2025-06-08,372.31,0.0,372.31,Credit Card,Completed,0.332
PUR006369,CUST04957,CAM007858,2024-09-26,2104.17,0.14,1809.59,PayPal,Completed,0.421
PUR006370,CUST04984,CAM000580,2025-11-15,468.44,0.23,360.7,Debit Card,Completed,0.303
PUR006371,CUST02569,CAM006304,2025-12-13,374.43,0.25,280.82,PayPal,Completed,0.285
PUR006372,CUST03901,CAM007648,2024-09-29,1321.27,0.0,1321.27,Credit Card,Completed,0.443
PUR006373,CUST01225,CAM002568,2024-11-27,1293.53,0.0,1293.53,Apple Pay,Completed,0.349
PUR006374,CUST04462,CAM004039,2026-06-24,1324.44,0.0,1324.44,Credit Card,Completed,0.333
PUR006375,CUST02705,CAM005287,2024-09-27,81.65,0.0,81.65,Debit Card,Completed,0.3
PUR006376,CUST02712,CAM004952,2026-06-13,345.22,0.05,327.96,Debit Card,Completed,0.419
PUR006377,CUST04618,CAM004079,2025-05-22,525.2,0.0,525.2,PayPal,Completed,0.298
PUR006378,CUST01420,CAM002086,2025-10-13,2324.43,0.0,2324.43,Apple Pay,Completed,0.264
PUR006379,CUST00352,CAM001654,2025-12-16,649.14,0.05,616.68,Credit Card,Completed,0.371
PUR006380,CUST03258,CAM007009,2025-01-08,564.69,0.18,463.05,Debit Card,Completed,0.36
PUR006381,CUST03091,CAM006631,2025-02-14,359.04,0.0,359.04,Apple Pay,Completed,0.388
PUR006382,CUST02613,CAM005384,2026-03-28,358.87,0.0,358.87,Debit Card,Completed,0.297
PUR006383,CUST04038,CAM000313,2024-10-07,514.23,0.0,514.23,Google Pay,Completed,0.397
PUR006384,CUST02498,CAM009804,2026-02-11,757.2,0.05,719.34,Apple Pay,Completed,0.396
PUR006385,CUST04751,CAM005428,2024-11-26,729.61,0.17,605.58,Google Pay,Cancelled,0.385
PUR006386,CUST03748,CAM006952,2025-10-14,767.39,0.0,767.39,Credit Card,Cancelled,0.33
PUR006387,CUST04726,CAM007150,2025-01-04,1225.05,0.0,1225.05,PayPal,Refunded,0.232
PUR006388,CUST03060,CAM005838,2025-04-18,598.32,0.12,526.52,PayPal,Completed,0.37
PUR006389,CUST04997,CAM007890,2026-05-15,806.34,0.23,620.88,Credit Card,Completed,0.419
PUR006390,CUST00320,CAM000552,2026-06-02,522.6,0.0,522.6,Apple Pay,Cancelled,0.446
PUR006391,CUST02290,CAM009511,2025-05-20,1066.22,0.0,1066.22,Debit Card,Completed,0.442
PUR006392,CUST01792,CAM005126,2025-06-01,744.01,0.0,744.01,Credit Card,Refunded,0.248
PUR006393,CUST04483,CAM002133,2026-09-09,1185.26,0.02,1161.55,Credit Card,Completed,0.243
PUR006394,CUST02421,CAM005576,2026-07-23,2195.21,0.0,2195.21,Credit Card,Completed,0.397
PUR006395,CUST03407,CAM007812,2025-03-03,741.81,0.0,741.81,PayPal,Pending,0.26
PUR006396,CUST02474,CAM002317,2025-09-30,981.43,0.0,981.43,Credit Card,Completed,0.2
PUR006397,CUST01243,CAM003174,2026-03-16,1921.52,0.23,1479.57,PayPal,Completed,0.221
PUR006398,CUST00627,CAM008339,2026-08-25,701.93,0.0,701.93,Google Pay,Refunded,0.212
PUR006399,CUST01277,CAM004099,2024-12-27,329.5,0.0,329.5,PayPal,Completed,0.431
PUR006400,CUST02063,CAM007958,2025-05-27,153.8,0.1,138.42,Debit Card,Completed,0.272
PUR006401,CUST02640,CAM005568,2026-03-17,308.25,0.12,271.26,Credit Card,Refunded,0.227
PUR006402,CUST04174,CAM004239,2024-12-21,1323.76,0.0,1323.76,Debit Card,Completed,0.324
PUR006403,CUST04625,CAM003778,2025-01-10,583.26,0.04,559.93,Debit Card,Completed,0.361
PUR006404,CUST01474,CAM006722,2025-08-08,453.66,0.0,453.66,Credit Card,Completed,0.381
PUR006405,CUST04224,CAM009167,2025-11-12,2369.69,0.19,1919.45,Apple Pay,Completed,0.388
PUR006406,CUST00633,CAM000857,2025-03-26,1569.57,0.0,1569.57,Google Pay,Completed,0.225
PUR006407,CUST00205,CAM008282,2026-07-02,179.35,0.0,179.35,PayPal,Completed,0.266
PUR006408,CUST00161,CAM008281,2024-12-16,540.42,0.17,448.55,PayPal,Pending,0.305
PUR006409,CUST01434,CAM002324,2026-02-27,278.43,0.15,236.67,Credit Card,Completed,0.235
PUR006410,CUST04946,CAM002818,2026-08-30,154.78,0.0,154.78,Apple Pay,Completed,0.209
PUR006411,CUST02770,CAM001126,2026-05-07,689.28,0.12,606.57,Debit Card,Completed,0.284
PUR006412,CUST01726,CAM008476,2025-10-21,1510.62,0.0,1510.62,Debit Card,Completed,0.383
PUR006413,CUST02305,CAM003332,2025-06-13,1086.75,0.07,1010.68,Credit Card,Completed,0.417
PUR006414,CUST00090,CAM005006,2025-11-23,474.22,0.0,474.22,Debit Card,Completed,0.261
PUR006415,CUST03377,CAM008550,2025-05-28,1088.97,0.12,958.29,Debit Card,Completed,0.203
PUR006416,CUST04095,CAM001034,2025-05-03,366.1,0.0,366.1,Apple Pay,Cancelled,0.392
PUR006417,CUST03833,CAM008853,2025-12-17,1438.17,0.05,1366.26,Credit Card,Completed,0.283
PUR006418,CUST02766,CAM009888,2025-11-30,63.83,0.0,63.83,Debit Card,Completed,0.302
PUR006419,CUST01449,CAM004310,2026-04-07,605.47,0.0,605.47,Credit Card,Pending,0.286
PUR006420,CUST04342,CAM009661,2026-03-21,251.63,0.0,251.63,PayPal,Completed,0.408
PUR006421,CUST03685,CAM005557,2025-03-01,582.05,0.0,582.05,Apple Pay,Pending,0.26
PUR006422,CUST00773,CAM002444,2025-09-26,1117.57,0.0,1117.57,Apple Pay,Completed,0.242
PUR006423,CUST01898,CAM006646,2025-07-26,1829.22,0.0,1829.22,Apple Pay,Completed,0.312
PUR006424,CUST02187,CAM009078,2026-07-17,535.05,0.07,497.6,Google Pay,Completed,0.283
PUR006425,CUST04766,CAM003630,2026-04-07,272.43,0.0,272.43,Debit Card,Completed,0.436
PUR006426,CUST00207,CAM000343,2025-01-06,920.41,0.13,800.76,Debit Card,Completed,0.41
PUR006427,CUST04105,CAM000026,2025-10-23,6348.39,0.0,6348.39,Google Pay,Completed,0.413
PUR006428,CUST02432,CAM006328,2026-03-02,2289.6,0.03,2220.91,Debit Card,Refunded,0.371
PUR006429,CUST00430,CAM001998,2024-09-06,408.76,0.12,359.71,Debit Card,Completed,0.319
PUR006430,CUST01624,CAM002831,2025-07-02,312.4,0.0,312.4,PayPal,Completed,0.428
PUR006431,CUST02533,CAM001732,2026-05-15,213.19,0.0,213.19,Credit Card,Completed,0.229
PUR006432,CUST00375,CAM006969,2025-12-01,962.12,0.0,962.12,Debit Card,Completed,0.33
PUR006433,CUST00668,CAM007435,2026-07-19,1271.72,0.08,1169.98,Apple Pay,Completed,0.406
PUR006434,CUST04472,CAM005022,2026-04-22,1958.36,0.0,1958.36,Debit Card,Completed,0.343
PUR006435,CUST00340,CAM005238,2026-05-22,1378.67,0.0,1378.67,Credit Card,Completed,0.295
PUR006436,CUST04457,CAM009332,2026-06-12,221.62,0.13,192.81,Debit Card,Completed,0.391
PUR006437,CUST02843,CAM008242,2025-11-15,3710.46,0.12,3265.2,Credit Card,Completed,0.214
PUR006438,CUST00078,CAM009439,2025-11-26,197.39,0.19,159.89,Google Pay,Completed,0.314
PUR006439,CUST02299,CAM008401,2024-10-08,1423.19,0.0,1423.19,PayPal,Completed,0.313
PUR006440,CUST02672,CAM008117,2025-10-03,110.04,0.19,89.13,Apple Pay,Completed,0.317
PUR006441,CUST02502,CAM009323,2025-04-05,849.5,0.15,722.08,PayPal,Completed,0.347
PUR006442,CUST03628,CAM001128,2025-12-06,688.19,0.0,688.19,Debit Card,Completed,0.393
PUR006443,CUST04581,CAM000295,2026-05-22,369.72,0.0,369.72,Debit Card,Completed,0.342
PUR006444,CUST03565,CAM005623,2025-03-08,941.11,0.0,941.11,Debit Card,Pending,0.389
PUR006445,CUST03627,CAM000066,2025-02-23,813.35,0.0,813.35,Debit Card,Cancelled,0.427
PUR006446,CUST02395,CAM005492,2025-03-07,137.27,0.0,137.27,Debit Card,Completed,0.274
PUR006447,CUST01038,CAM007151,2025-01-21,1138.4,0.0,1138.4,PayPal,Completed,0.37
PUR006448,CUST04528,CAM008761,2024-09-13,2028.51,0.17,1683.66,PayPal,Completed,0.246
PUR006449,CUST00209,CAM008023,2024-09-05,1378.62,0.0,1378.62,Debit Card,Completed,0.297
PUR006450,CUST01168,CAM007004,2026-09-11,1489.95,0.15,1266.46,PayPal,Completed,0.425
PUR006451,CUST04106,CAM005340,2025-07-07,284.63,0.04,273.24,Debit Card,Cancelled,0.221
PUR006452,CUST01039,CAM003859,2025-09-30,141.42,0.11,125.86,Credit Card,Completed,0.236
PUR006453,CUST03325,CAM002778,2024-08-21,2854.05,0.0,2854.05,Credit Card,Completed,0.352
PUR006454,CUST02387,CAM008756,2026-03-16,107.32,0.0,107.32,Credit Card,Completed,0.286
PUR006455,CUST03051,CAM006318,2026-08-18,2767.37,0.0,2767.37,Credit Card,Completed,0.285
PUR006456,CUST01400,CAM005281,2024-10-08,1425.59,0.04,1368.57,PayPal,Completed,0.374
PUR006457,CUST04037,CAM001792,2026-06-11,340.51,0.0,340.51,Credit Card,Completed,0.417
PUR006458,CUST00432,CAM005088,2024-09-08,365.27,0.05,347.01,Credit Card,Completed,0.232
PUR006459,CUST01308,CAM000451,2024-10-16,711.89,0.0,711.89,Google Pay,Completed,0.376
PUR006460,CUST03232,CAM006498,2026-09-01,560.29,0.0,560.29,Credit Card,Completed,0.438
PUR006461,CUST01524,CAM008652,2025-06-06,592.56,0.0,592.56,Debit Card,Completed,0.352
PUR006462,CUST04380,CAM009224,2025-10-08,877.72,0.02,860.17,Debit Card,Pending,0.272
PUR006463,CUST04611,CAM003945,2025-10-11,1467.33,0.24,1115.17,Credit Card,Pending,0.438
PUR006464,CUST04278,CAM008193,2025-12-30,184.97,0.22,144.28,Debit Card,Completed,0.259
PUR006465,CUST04445,CAM000110,2026-07-05,320.49,0.0,320.49,Credit Card,Completed,0.231
PUR006466,CUST03926,CAM009236,2026-07-05,1602.07,0.0,1602.07,PayPal,Completed,0.435
PUR006467,CUST03530,CAM004982,2025-01-22,383.29,0.0,383.29,Credit Card,Completed,0.22
PUR006468,CUST02546,CAM006776,2026-05-04,1164.85,0.0,1164.85,Debit Card,Pending,0.329
PUR006469,CUST01499,CAM004071,2024-12-24,215.95,0.0,215.95,Apple Pay,Completed,0.334
PUR006470,CUST01235,CAM000868,2025-05-06,347.85,0.0,347.85,Credit Card,Completed,0.416
PUR006471,CUST03109,CAM004119,2026-04-06,1030.24,0.0,1030.24,Credit Card,Completed,0.345
PUR006472,CUST02074,CAM002112,2025-04-17,1369.25,0.0,1369.25,PayPal,Cancelled,0.299
PUR006473,CUST03999,CAM001987,2024-11-11,502.99,0.0,502.99,PayPal,Completed,0.269
PUR006474,CUST01975,CAM009515,2026-08-29,901.91,0.1,811.72,Credit Card,Completed,0.208
PUR006475,CUST03133,CAM008676,2026-04-23,497.54,0.18,407.98,Debit Card,Completed,0.224
PUR006476,CUST01136,CAM002417,2026-07-15,101.49,0.0,101.49,Google Pay,Completed,0.332
PUR006477,CUST01651,CAM007709,2026-08-30,152.08,0.0,152.08,Debit Card,Completed,0.276
PUR006478,CUST02410,CAM002343,2026-03-09,852.49,0.0,852.49,Debit Card,Completed,0.414
PUR006479,CUST00033,CAM004256,2025-07-24,1255.52,0.0,1255.52,PayPal,Completed,0.394
PUR006480,CUST02592,CAM009746,2025-08-26,104.57,0.0,104.57,PayPal,Completed,0.388
PUR006481,CUST04967,CAM003990,2025-05-11,953.57,0.0,953.57,Credit Card,Completed,0.258
PUR006482,CUST03816,CAM009341,2025-09-08,522.14,0.0,522.14,Credit Card,Completed,0.382
PUR006483,CUST01034,CAM002289,2026-08-04,688.43,0.0,688.43,Credit Card,Completed,0.251
PUR006484,CUST01967,CAM001548,2026-08-23,756.09,0.0,756.09,Credit Card,Completed,0.212
PUR006485,CUST04697,CAM007152,2025-08-17,477.23,0.0,477.23,Apple Pay,Completed,0.229
PUR006486,CUST05000,CAM008254,2026-04-18,583.66,0.0,583.66,Apple Pay,Pending,0.251
PUR006487,CUST00727,CAM001017,2025-09-19,357.85,0.11,318.49,Credit Card,Completed,0.342
PUR006488,CUST00988,CAM000295,2026-04-15,600.9,0.0,600.9,Apple Pay,Completed,0.31
PUR006489,CUST01620,CAM003046,2025-07-02,67.81,0.24,51.54,PayPal,Pending,0.364
PUR006490,CUST03863,CAM008371,2025-08-12,235.53,0.0,235.53,PayPal,Completed,0.295
PUR006491,CUST01402,CAM002047,2026-10-07,739.03,0.0,739.03,PayPal,Completed,0.436
PUR006492,CUST04780,CAM008614,2025-04-12,118.93,0.0,118.93,Debit Card,Pending,0.241
PUR006493,CUST04726,CAM006330,2025-09-24,824.06,0.0,824.06,Credit Card,Completed,0.266
PUR006494,CUST03693,CAM004418,2025-01-19,511.71,0.0,511.71,Debit Card,Completed,0.303
PUR006495,CUST02105,CAM002013,2026-03-01,737.3,0.03,715.18,Google Pay,Cancelled,0.341
PUR006496,CUST01557,CAM000115,2026-10-11,222.13,0.01,219.91,Debit Card,Completed,0.356
PUR006497,CUST00486,CAM005906,2025-02-04,1060.43,0.13,922.57,Debit Card,Refunded,0.435
PUR006498,CUST00662,CAM002991,2025-05-09,458.96,0.13,399.3,Debit Card,Refunded,0.285
PUR006499,CUST04856,CAM000024,2024-10-01,2247.48,0.02,2202.53,Debit Card,Completed,0.276
PUR006500,CUST00901,CAM003471,2026-01-16,640.59,0.06,602.15,Credit Card,Completed,0.319
PUR006501,CUST02707,CAM003724,2025-11-08,277.45,0.21,219.19,Debit Card,Completed,0.328
PUR006502,CUST03328,CAM001924,2025-02-11,851.96,0.0,851.96,Apple Pay,Completed,0.292
PUR006503,CUST01181,CAM001592,2024-09-27,68.21,0.0,68.21,Debit Card,Completed,0.448
PUR006504,CUST00883,CAM004149,2026-07-17,775.07,0.0,775.07,Debit Card,Pending,0.299
PUR006505,CUST01306,CAM003333,2025-02-15,697.0,0.0,697.0,Credit Card,Cancelled,0.404
PUR006506,CUST02622,CAM002426,2025-04-18,2027.01,0.25,1520.26,Debit Card,Completed,0.39
PUR006507,CUST01379,CAM003474,2025-11-26,590.62,0.0,590.62,Google Pay,Completed,0.209
PUR006508,CUST04215,CAM008192,2025-03-26,903.01,0.24,686.29,Credit Card,Completed,0.229
PUR006509,CUST01532,CAM002290,2026-06-25,476.4,0.0,476.4,Google Pay,Completed,0.219
PUR006510,CUST02831,CAM007501,2026-05-08,246.58,0.08,226.85,Credit Card,Cancelled,0.248
PUR006511,CUST00509,CAM002881,2026-01-01,833.67,0.0,833.67,Credit Card,Completed,0.354
PUR006512,CUST02114,CAM001888,2026-04-27,292.81,0.18,240.1,PayPal,Completed,0.313
PUR006513,CUST00543,CAM000688,2025-07-16,40.46,0.0,40.46,PayPal,Completed,0.421
PUR006514,CUST04040,CAM005184,2026-04-11,408.99,0.0,408.99,Google Pay,Completed,0.222
PUR006515,CUST04647,CAM002680,2025-06-25,358.41,0.18,293.9,Google Pay,Completed,0.417
PUR006516,CUST01269,CAM005059,2025-01-15,1282.66,0.0,1282.66,Credit Card,Completed,0.422
PUR006517,CUST02127,CAM003508,2025-12-13,1477.87,0.24,1123.18,Credit Card,Completed,0.316
PUR006518,CUST00210,CAM008885,2026-01-21,1287.78,0.0,1287.78,Debit Card,Completed,0.215
PUR006519,CUST02415,CAM003216,2026-04-23,794.85,0.0,794.85,Apple Pay,Completed,0.359
PUR006520,CUST01194,CAM006710,2025-07-25,550.18,0.0,550.18,Debit Card,Completed,0.202
PUR006521,CUST01925,CAM005606,2025-01-31,1032.62,0.16,867.4,Apple Pay,Completed,0.366
PUR006522,CUST00099,CAM000074,2025-08-13,315.35,0.0,315.35,Debit Card,Pending,0.234
PUR006523,CUST00018,CAM005658,2025-01-24,378.29,0.0,378.29,Apple Pay,Completed,0.378
PUR006524,CUST01226,CAM004598,2026-05-25,294.49,0.0,294.49,Credit Card,Cancelled,0.331
PUR006525,CUST04203,CAM003159,2025-05-08,1438.43,0.0,1438.43,Apple Pay,Completed,0.305
PUR006526,CUST00652,CAM008550,2025-06-13,405.33,0.0,405.33,Apple Pay,Completed,0.368
PUR006527,CUST00267,CAM001027,2025-06-17,2651.13,0.0,2651.13,Credit Card,Completed,0.399
PUR006528,CUST03801,CAM003430,2025-07-25,1353.16,0.0,1353.16,Credit Card,Completed,0.433
PUR006529,CUST01444,CAM006208,2026-07-20,978.32,0.0,978.32,Credit Card,Refunded,0.214
PUR006530,CUST03206,CAM003433,2025-09-22,1793.47,0.0,1793.47,Debit Card,Completed,0.244
PUR006531,CUST04203,CAM006106,2026-05-14,243.31,0.09,221.41,Google Pay,Pending,0.401
PUR006532,CUST02100,CAM009369,2024-11-09,1264.49,0.2,1011.59,Credit Card,Completed,0.359
PUR006533,CUST00003,CAM007475,2024-10-30,615.55,0.14,529.37,Apple Pay,Completed,0.39
PUR006534,CUST02540,CAM004492,2025-09-19,442.39,0.0,442.39,Credit Card,Completed,0.307
PUR006535,CUST03808,CAM008007,2026-01-02,232.29,0.12,204.42,Debit Card,Completed,0.428
PUR006536,CUST02109,CAM006562,2026-08-07,1078.95,0.0,1078.95,Debit Card,Completed,0.404
PUR006537,CUST04218,CAM000990,2025-08-29,754.43,0.0,754.43,Apple Pay,Completed,0.371
PUR006538,CUST01792,CAM005451,2026-06-04,306.86,0.0,306.86,Google Pay,Completed,0.345
PUR006539,CUST00233,CAM005687,2025-05-16,839.36,0.02,822.57,Debit Card,Completed,0.25
PUR006540,CUST01862,CAM008863,2026-01-05,1227.35,0.21,969.61,Debit Card,Pending,0.327
PUR006541,CUST02411,CAM009275,2025-11-24,105.95,0.0,105.95,Credit Card,Completed,0.342
PUR006542,CUST04094,CAM005163,2026-03-29,120.82,0.0,120.82,Debit Card,Completed,0.387
PUR006543,CUST02128,CAM007151,2025-01-15,82.09,0.0,82.09,Credit Card,Completed,0.311
PUR006544,CUST00700,CAM002841,2026-02-21,166.15,0.22,129.6,Apple Pay,Completed,0.218
PUR006545,CUST00946,CAM006578,2026-02-05,321.99,0.07,299.45,Apple Pay,Completed,0.336
PUR006546,CUST03675,CAM008209,2026-08-29,72.47,0.0,72.47,Credit Card,Completed,0.295
PUR006547,CUST02484,CAM008120,2025-07-19,1275.51,0.18,1045.92,Google Pay,Completed,0.241
PUR006548,CUST04377,CAM000820,2025-06-23,229.68,0.21,181.45,Credit Card,Cancelled,0.408
PUR006549,CUST04843,CAM002406,2024-12-13,685.74,0.0,685.74,Credit Card,Completed,0.362
PUR006550,CUST03194,CAM008414,2025-04-27,427.32,0.0,427.32,PayPal,Completed,0.234
PUR006551,CUST01312,CAM007550,2025-02-26,863.1,0.0,863.1,Apple Pay,Cancelled,0.307
PUR006552,CUST04955,CAM003200,2026-04-27,1155.94,0.0,1155.94,Credit Card,Completed,0.275
PUR006553,CUST00309,CAM000777,2025-08-26,747.1,0.0,747.1,Debit Card,Completed,0.379
PUR006554,CUST02490,CAM007207,2025-01-10,121.17,0.22,94.51,Debit Card,Completed,0.241
PUR006555,CUST02781,CAM009252,2025-08-16,361.18,0.0,361.18,Credit Card,Completed,0.227
PUR006556,CUST04550,CAM003072,2026-03-26,196.31,0.0,196.31,Debit Card,Completed,0.311
PUR006557,CUST04049,CAM002370,2025-03-10,370.26,0.0,370.26,Apple Pay,Completed,0.367
PUR006558,CUST04710,CAM007592,2026-02-20,155.95,0.05,148.15,Debit Card,Completed,0.415
PUR006559,CUST01703,CAM003988,2025-05-01,954.37,0.0,954.37,Google Pay,Pending,0.247
PUR006560,CUST00631,CAM008260,2026-04-05,214.83,0.0,214.83,Apple Pay,Pending,0.275
PUR006561,CUST02933,CAM009575,2025-01-03,1017.91,0.0,1017.91,Google Pay,Pending,0.38
PUR006562,CUST03780,CAM007074,2026-09-03,597.0,0.0,597.0,Debit Card,Completed,0.214
PUR006563,CUST03797,CAM009404,2025-12-20,515.53,0.0,515.53,Apple Pay,Completed,0.272
PUR006564,CUST03015,CAM002246,2025-05-18,2851.96,0.15,2424.17,Credit Card,Completed,0.207
PUR006565,CUST01249,CAM002587,2025-12-18,1535.63,0.0,1535.63,Debit Card,Completed,0.321
PUR006566,CUST01191,CAM006105,2025-02-15,172.63,0.0,172.63,Google Pay,Completed,0.225
PUR006567,CUST02937,CAM005519,2025-11-29,993.68,0.0,993.68,Credit Card,Completed,0.219
PUR006568,CUST02816,CAM001680,2025-05-12,487.75,0.0,487.75,Debit Card,Completed,0.39
PUR006569,CUST02425,CAM003738,2026-03-12,2651.17,0.23,2041.4,Debit Card,Completed,0.427
PUR006570,CUST04742,CAM004430,2025-05-03,279.94,0.14,240.75,PayPal,Completed,0.305
PUR006571,CUST02347,CAM000213,2024-09-22,633.46,0.0,633.46,Debit Card,Completed,0.443
PUR006572,CUST04032,CAM003889,2025-11-23,399.45,0.0,399.45,Credit Card,Completed,0.363
PUR006573,CUST00695,CAM007930,2025-02-07,206.27,0.0,206.27,Credit Card,Completed,0.324
PUR006574,CUST04535,CAM002657,2024-11-25,164.64,0.2,131.71,Debit Card,Completed,0.445
PUR006575,CUST02442,CAM009764,2024-10-15,863.36,0.0,863.36,Google Pay,Pending,0.213
PUR006576,CUST04840,CAM002642,2026-03-12,729.19,0.0,729.19,Credit Card,Completed,0.233
PUR006577,CUST04579,CAM006216,2025-03-17,623.85,0.03,605.13,Credit Card,Completed,0.278
PUR006578,CUST00935,CAM006850,2025-09-16,568.38,0.0,568.38,PayPal,Completed,0.285
PUR006579,CUST00808,CAM005199,2025-12-15,102.3,0.05,97.18,Google Pay,Completed,0.264
PUR006580,CUST01042,CAM004102,2026-07-10,100.77,0.1,90.69,Apple Pay,Pending,0.333
PUR006581,CUST04492,CAM007373,2025-04-14,329.23,0.0,329.23,Debit Card,Completed,0.321
PUR006582,CUST03946,CAM009051,2026-07-06,66.4,0.21,52.46,PayPal,Completed,0.379
PUR006583,CUST00275,CAM008317,2026-01-07,720.99,0.07,670.52,Credit Card,Completed,0.222
PUR006584,CUST03957,CAM005210,2026-01-07,162.29,0.0,162.29,Credit Card,Completed,0.339
PUR006585,CUST01592,CAM000616,2025-08-05,1910.7,0.16,1604.99,Credit Card,Completed,0.294
PUR006586,CUST01619,CAM005067,2025-09-08,1255.39,0.0,1255.39,Apple Pay,Completed,0.239
PUR006587,CUST02799,CAM004501,2025-01-17,1188.07,0.0,1188.07,Debit Card,Completed,0.427
PUR006588,CUST04596,CAM002601,2025-12-25,2827.24,0.07,2629.33,Credit Card,Completed,0.336
PUR006589,CUST03276,CAM006100,2024-12-17,458.73,0.0,458.73,Credit Card,Completed,0.274
PUR006590,CUST01313,CAM001050,2025-04-27,812.61,0.0,812.61,Credit Card,Completed,0.287
PUR006591,CUST02389,CAM009017,2025-09-09,1241.95,0.03,1204.69,Credit Card,Completed,0.402
PUR006592,CUST01449,CAM000768,2026-07-28,679.29,0.0,679.29,Google Pay,Pending,0.272
PUR006593,CUST01293,CAM000971,2025-12-12,724.82,0.0,724.82,Credit Card,Completed,0.257
PUR006594,CUST03771,CAM000365,2026-07-18,223.98,0.0,223.98,Credit Card,Completed,0.239
PUR006595,CUST00964,CAM005104,2025-01-12,239.88,0.23,184.71,Credit Card,Pending,0.375
PUR006596,CUST01978,CAM008346,2026-01-05,1109.53,0.02,1087.34,Credit Card,Completed,0.433
PUR006597,CUST02627,CAM008757,2026-05-24,1064.03,0.18,872.5,Apple Pay,Completed,0.341
PUR006598,CUST01706,CAM004358,2025-09-18,427.26,0.12,375.99,Debit Card,Refunded,0.417
PUR006599,CUST01837,CAM001154,2024-11-15,485.15,0.0,485.15,Credit Card,Completed,0.311
PUR006600,CUST03467,CAM008351,2025-09-18,865.01,0.07,804.46,Credit Card,Completed,0.401
PUR006601,CUST01698,CAM002885,2025-01-28,1063.7,0.09,967.97,Credit Card,Refunded,0.22
PUR006602,CUST01599,CAM002360,2025-06-12,1048.23,0.11,932.92,Credit Card,Completed,0.413
PUR006603,CUST04970,CAM001720,2025-09-04,1454.27,0.0,1454.27,PayPal,Completed,0.363
PUR006604,CUST02647,CAM005162,2024-10-05,533.61,0.0,533.61,Debit Card,Completed,0.367
PUR006605,CUST03762,CAM008443,2025-02-18,530.05,0.22,413.44,Debit Card,Completed,0.302
PUR006606,CUST04822,CAM004215,2026-02-26,1540.66,0.11,1371.19,Credit Card,Completed,0.309
PUR006607,CUST03695,CAM000535,2026-08-12,1635.82,0.0,1635.82,Google Pay,Pending,0.252
PUR006608,CUST01952,CAM006636,2025-03-28,729.21,0.12,641.7,Debit Card,Completed,0.45
PUR006609,CUST01434,CAM002793,2026-06-29,94.11,0.15,79.99,Credit Card,Pending,0.346
PUR006610,CUST04661,CAM008446,2025-10-09,352.78,0.0,352.78,Credit Card,Completed,0.405
PUR006611,CUST00014,CAM003659,2025-06-03,283.84,0.03,275.32,Debit Card,Completed,0.436
PUR006612,CUST02553,CAM007790,2024-12-21,441.14,0.0,441.14,Debit Card,Pending,0.344
PUR006613,CUST02626,CAM000532,2025-11-24,1103.49,0.08,1015.21,Debit Card,Completed,0.271
PUR006614,CUST03447,CAM002097,2025-06-25,536.79,0.11,477.74,Apple Pay,Pending,0.42
PUR006615,CUST02728,CAM007894,2025-08-20,174.49,0.0,174.49,Google Pay,Completed,0.252
PUR006616,CUST04055,CAM006547,2026-02-13,219.1,0.0,219.1,Google Pay,Completed,0.354
PUR006617,CUST04800,CAM004953,2025-10-30,438.02,0.17,363.56,PayPal,Completed,0.407
PUR006618,CUST02794,CAM008252,2025-04-12,1297.54,0.0,1297.54,PayPal,Completed,0.338
PUR006619,CUST00469,CAM001812,2024-09-28,627.9,0.04,602.78,Apple Pay,Refunded,0.22
PUR006620,CUST00576,CAM000227,2025-08-31,145.71,0.0,145.71,Google Pay,Completed,0.388
PUR006621,CUST00184,CAM007225,2026-07-03,95.58,0.0,95.58,PayPal,Completed,0.231
PUR006622,CUST01227,CAM008135,2026-05-09,910.17,0.0,910.17,PayPal,Completed,0.342
PUR006623,CUST01359,CAM005121,2025-02-01,261.27,0.0,261.27,Apple Pay,Completed,0.329
PUR006624,CUST02349,CAM009205,2026-05-19,810.9,0.0,810.9,PayPal,Completed,0.363
PUR006625,CUST00172,CAM007498,2025-07-09,691.88,0.06,650.37,Debit Card,Completed,0.326
PUR006626,CUST03437,CAM005070,2025-01-21,245.12,0.0,245.12,Google Pay,Completed,0.376
PUR006627,CUST03779,CAM003620,2024-12-08,827.08,0.12,727.83,Apple Pay,Completed,0.319
PUR006628,CUST00272,CAM007994,2026-01-18,1590.29,0.0,1590.29,PayPal,Completed,0.283
PUR006629,CUST02060,CAM006008,2026-05-18,1924.42,0.0,1924.42,Credit Card,Completed,0.234
PUR006630,CUST00752,CAM006763,2026-02-20,796.86,0.0,796.86,Debit Card,Pending,0.334
PUR006631,CUST02784,CAM002790,2024-10-27,346.69,0.08,318.95,Google Pay,Completed,0.382
PUR006632,CUST03548,CAM008210,2026-07-29,385.54,0.0,385.54,Credit Card,Completed,0.396
PUR006633,CUST00753,CAM008683,2025-12-01,460.02,0.0,460.02,PayPal,Completed,0.354
PUR006634,CUST00450,CAM009325,2026-02-16,673.81,0.0,673.81,Credit Card,Completed,0.278
PUR006635,CUST01998,CAM009350,2025-04-10,2068.03,0.0,2068.03,Apple Pay,Completed,0.318
PUR006636,CUST02169,CAM004359,2025-07-31,295.36,0.0,295.36,PayPal,Completed,0.37
PUR006637,CUST00638,CAM002177,2026-01-22,341.04,0.0,341.04,Credit Card,Completed,0.238
PUR006638,CUST01451,CAM003259,2026-10-15,903.73,0.0,903.73,Credit Card,Completed,0.341
PUR006639,CUST02516,CAM003381,2026-06-22,460.4,0.15,391.34,Debit Card,Completed,0.38
PUR006640,CUST00001,CAM005495,2025-11-24,835.23,0.16,701.59,PayPal,Cancelled,0.242
PUR006641,CUST01964,CAM003297,2025-10-28,2100.15,0.22,1638.12,Debit Card,Pending,0.259
PUR006642,CUST04529,CAM001403,2024-10-13,618.81,0.0,618.81,Google Pay,Completed,0.341
PUR006643,CUST02616,CAM009113,2026-04-24,440.18,0.0,440.18,PayPal,Pending,0.226
PUR006644,CUST02631,CAM003189,2024-12-17,424.83,0.0,424.83,Apple Pay,Completed,0.354
PUR006645,CUST03773,CAM000727,2025-12-27,415.14,0.1,373.63,PayPal,Completed,0.431
PUR006646,CUST03877,CAM008095,2025-11-28,613.24,0.0,613.24,Apple Pay,Completed,0.387
PUR006647,CUST04945,CAM009233,2026-04-10,828.17,0.0,828.17,PayPal,Completed,0.248
PUR006648,CUST00106,CAM007419,2026-07-19,700.3,0.0,700.3,Apple Pay,Completed,0.367
PUR006649,CUST00091,CAM006526,2025-12-04,215.85,0.03,209.37,Debit Card,Completed,0.203
PUR006650,CUST00978,CAM009140,2025-12-14,1802.92,0.02,1766.86,Debit Card,Completed,0.301
PUR006651,CUST01718,CAM001140,2025-06-07,138.68,0.25,104.01,Credit Card,Completed,0.405
PUR006652,CUST00810,CAM009938,2026-05-10,1817.8,0.0,1817.8,Debit Card,Completed,0.417
PUR006653,CUST00706,CAM002765,2024-10-01,214.97,0.2,171.98,Apple Pay,Completed,0.306
PUR006654,CUST02504,CAM008452,2025-06-14,565.55,0.0,565.55,PayPal,Completed,0.373
PUR006655,CUST04023,CAM002303,2024-10-12,1071.01,0.0,1071.01,Google Pay,Completed,0.448
PUR006656,CUST02842,CAM008065,2026-07-23,1126.35,0.0,1126.35,Debit Card,Completed,0.379
PUR006657,CUST03127,CAM009037,2025-11-10,1334.31,0.04,1280.94,Debit Card,Completed,0.268
PUR006658,CUST04099,CAM006151,2025-05-11,127.65,0.01,126.37,PayPal,Pending,0.301
PUR006659,CUST01509,CAM009155,2025-07-30,165.27,0.1,148.74,Google Pay,Completed,0.342
PUR006660,CUST04970,CAM008839,2025-11-18,785.62,0.13,683.49,PayPal,Cancelled,0.376
PUR006661,CUST00373,CAM006159,2024-09-10,655.92,0.11,583.77,Credit Card,Completed,0.406
PUR006662,CUST02744,CAM009326,2026-03-11,455.21,0.0,455.21,Google Pay,Completed,0.268
PUR006663,CUST03736,CAM001566,2025-01-04,1165.17,0.23,897.18,PayPal,Completed,0.353
PUR006664,CUST04988,CAM008156,2026-05-26,510.48,0.0,510.48,Credit Card,Completed,0.424
PUR006665,CUST01878,CAM006027,2024-12-08,848.66,0.09,772.28,Google Pay,Completed,0.221
PUR006666,CUST01889,CAM003227,2026-02-05,76.38,0.0,76.38,Apple Pay,Completed,0.238
PUR006667,CUST02982,CAM001881,2025-09-13,1028.69,0.0,1028.69,PayPal,Completed,0.411
PUR006668,CUST04606,CAM008856,2026-02-24,196.77,0.23,151.51,Debit Card,Pending,0.412
PUR006669,CUST02913,CAM006792,2025-10-15,204.0,0.25,153.0,PayPal,Pending,0.38
PUR006670,CUST02011,CAM006821,2026-04-16,896.19,0.0,896.19,Google Pay,Completed,0.229
PUR006671,CUST04659,CAM008056,2024-10-13,260.61,0.1,234.55,Debit Card,Completed,0.324
PUR006672,CUST02237,CAM009449,2026-09-04,245.75,0.14,211.34,Debit Card,Completed,0.308
PUR006673,CUST04539,CAM008893,2024-12-08,455.96,0.0,455.96,Debit Card,Completed,0.205
PUR006674,CUST04629,CAM003469,2025-03-14,578.95,0.22,451.58,Apple Pay,Completed,0.344
PUR006675,CUST01150,CAM007701,2024-10-19,2490.27,0.0,2490.27,PayPal,Completed,0.273
PUR006676,CUST01412,CAM007092,2026-07-25,608.7,0.0,608.7,Credit Card,Completed,0.44
PUR006677,CUST01269,CAM007178,2025-05-02,951.25,0.25,713.44,Apple Pay,Completed,0.419
PUR006678,CUST00894,CAM003676,2025-09-12,78.49,0.0,78.49,Credit Card,Completed,0.241
PUR006679,CUST01030,CAM007716,2026-06-23,802.44,0.0,802.44,Apple Pay,Completed,0.375
PUR006680,CUST01668,CAM007211,2026-02-20,2836.05,0.21,2240.48,Debit Card,Completed,0.263
PUR006681,CUST01888,CAM007794,2025-09-25,884.15,0.0,884.15,Credit Card,Completed,0.24
PUR006682,CUST01357,CAM006969,2025-10-03,481.74,0.13,419.11,Debit Card,Completed,0.288
PUR006683,CUST02014,CAM008852,2024-11-05,245.7,0.0,245.7,Credit Card,Completed,0.245
PUR006684,CUST00368,CAM009702,2025-05-06,507.79,0.0,507.79,Debit Card,Completed,0.433
PUR006685,CUST01537,CAM002971,2024-12-12,2534.1,0.0,2534.1,Google Pay,Pending,0.297
PUR006686,CUST04536,CAM006437,2026-07-11,884.19,0.18,725.04,Debit Card,Completed,0.355
PUR006687,CUST02157,CAM001305,2024-10-01,438.31,0.12,385.71,Credit Card,Completed,0.258
PUR006688,CUST03844,CAM001070,2026-08-16,737.46,0.0,737.46,Debit Card,Completed,0.292
PUR006689,CUST04676,CAM002848,2025-07-13,555.26,0.0,555.26,Credit Card,Completed,0.363
PUR006690,CUST00789,CAM009949,2026-02-27,4319.13,0.24,3282.54,Debit Card,Completed,0.302
PUR006691,CUST04875,CAM009236,2026-06-29,988.11,0.0,988.11,Debit Card,Completed,0.296
PUR006692,CUST04843,CAM001894,2026-03-26,797.64,0.0,797.64,PayPal,Pending,0.287
PUR006693,CUST00756,CAM008583,2025-12-20,1045.18,0.0,1045.18,Debit Card,Refunded,0.366
PUR006694,CUST02607,CAM002804,2026-05-31,615.77,0.0,615.77,Credit Card,Cancelled,0.213
PUR006695,CUST02744,CAM008514,2026-04-19,317.36,0.1,285.62,Debit Card,Refunded,0.221
PUR006696,CUST02334,CAM001093,2026-03-30,913.3,0.0,913.3,Google Pay,Completed,0.391
PUR006697,CUST01604,CAM007594,2024-09-14,404.51,0.0,404.51,Apple Pay,Completed,0.208
PUR006698,CUST03944,CAM009310,2025-09-14,713.93,0.04,685.37,Debit Card,Completed,0.25
PUR006699,CUST04086,CAM004981,2025-04-28,530.36,0.03,514.45,Credit Card,Completed,0.373
PUR006700,CUST01853,CAM009240,2024-11-09,1961.84,0.0,1961.84,Credit Card,Completed,0.426
PUR006701,CUST03060,CAM008634,2024-09-27,989.05,0.0,989.05,Credit Card,Cancelled,0.422
PUR006702,CUST01558,CAM000156,2025-07-12,218.24,0.0,218.24,Credit Card,Completed,0.437
PUR006703,CUST04035,CAM008337,2025-04-20,309.32,0.02,303.13,Debit Card,Pending,0.232
PUR006704,CUST02578,CAM003767,2026-05-24,652.3,0.0,652.3,Credit Card,Pending,0.388
PUR006705,CUST04584,CAM009139,2024-11-11,556.28,0.21,439.46,Credit Card,Completed,0.253
PUR006706,CUST00630,CAM003015,2026-06-16,907.82,0.0,907.82,Debit Card,Completed,0.392
PUR006707,CUST03766,CAM008404,2025-08-11,155.11,0.0,155.11,PayPal,Completed,0.251
PUR006708,CUST03332,CAM007868,2025-10-22,568.38,0.04,545.64,Apple Pay,Completed,0.315
PUR006709,CUST03472,CAM004034,2025-09-05,920.07,0.0,920.07,Google Pay,Completed,0.4
PUR006710,CUST02688,CAM003310,2026-04-04,870.73,0.0,870.73,PayPal,Completed,0.22
PUR006711,CUST04170,CAM001729,2026-10-04,826.79,0.14,711.04,PayPal,Completed,0.289
PUR006712,CUST01422,CAM004384,2025-02-18,399.18,0.0,399.18,PayPal,Cancelled,0.345
PUR006713,CUST04083,CAM000137,2026-06-01,587.28,0.0,587.28,Credit Card,Pending,0.357
PUR006714,CUST02557,CAM005573,2024-10-18,568.52,0.0,568.52,Credit Card,Completed,0.245
PUR006715,CUST01033,CAM004153,2025-12-31,805.81,0.14,693.0,Debit Card,Completed,0.361
PUR006716,CUST04607,CAM008589,2024-10-17,297.75,0.0,297.75,Google Pay,Completed,0.361
PUR006717,CUST00878,CAM008847,2026-02-20,230.98,0.15,196.33,Debit Card,Completed,0.222
PUR006718,CUST03408,CAM006146,2025-03-22,1328.01,0.0,1328.01,Debit Card,Completed,0.238
PUR006719,CUST00704,CAM003082,2026-01-09,1124.31,0.0,1124.31,Debit Card,Pending,0.414
PUR006720,CUST02460,CAM007505,2024-10-29,1962.27,0.0,1962.27,Debit Card,Completed,0.395
PUR006721,CUST03206,CAM002130,2024-10-30,477.61,0.03,463.28,Credit Card,Pending,0.422
PUR006722,CUST00993,CAM009926,2025-10-16,2941.67,0.0,2941.67,PayPal,Completed,0.247
PUR006723,CUST03557,CAM002739,2025-09-06,546.55,0.0,546.55,Apple Pay,Completed,0.444
PUR006724,CUST04883,CAM001238,2026-07-19,535.98,0.04,514.54,Debit Card,Completed,0.42
PUR006725,CUST02992,CAM009484,2025-12-25,478.19,0.06,449.5,Debit Card,Completed,0.432
PUR006726,CUST02268,CAM004587,2024-12-22,436.64,0.14,375.51,Debit Card,Pending,0.262
PUR006727,CUST03754,CAM003620,2024-11-26,1921.67,0.13,1671.85,Credit Card,Completed,0.357
PUR006728,CUST02536,CAM007714,2024-09-13,451.34,0.01,446.83,PayPal,Completed,0.262
PUR006729,CUST04639,CAM008357,2026-03-29,435.54,0.0,435.54,PayPal,Completed,0.263
PUR006730,CUST00628,CAM000411,2025-12-03,257.33,0.0,257.33,PayPal,Completed,0.39
PUR006731,CUST03348,CAM005664,2025-01-14,834.24,0.0,834.24,Credit Card,Completed,0.315
PUR006732,CUST00363,CAM006533,2025-09-04,437.55,0.05,415.67,PayPal,Completed,0.378
PUR006733,CUST04483,CAM009928,2024-12-23,72.98,0.0,72.98,Credit Card,Completed,0.263
PUR006734,CUST02498,CAM003818,2025-09-12,539.38,0.0,539.38,PayPal,Completed,0.414
PUR006735,CUST04814,CAM002334,2024-12-07,929.41,0.0,929.41,Credit Card,Completed,0.309
PUR006736,CUST01150,CAM007999,2026-05-28,1980.55,0.0,1980.55,Credit Card,Completed,0.396
PUR006737,CUST02207,CAM004315,2025-01-10,644.0,0.15,547.4,Credit Card,Refunded,0.264
PUR006738,CUST03110,CAM008552,2025-02-28,483.45,0.0,483.45,Debit Card,Completed,0.257
PUR006739,CUST03254,CAM002508,2025-04-29,844.32,0.0,844.32,Debit Card,Pending,0.277
PUR006740,CUST01405,CAM005005,2026-07-23,1040.84,0.11,926.35,PayPal,Refunded,0.243
PUR006741,CUST01287,CAM005855,2025-06-22,255.06,0.0,255.06,PayPal,Completed,0.365
PUR006742,CUST01334,CAM006344,2024-09-20,509.31,0.0,509.31,Credit Card,Completed,0.253
PUR006743,CUST01749,CAM003768,2025-01-02,434.18,0.21,343.0,Debit Card,Completed,0.431
PUR006744,CUST03575,CAM000642,2026-02-16,641.91,0.12,564.88,Debit Card,Completed,0.21
PUR006745,CUST01911,CAM006812,2025-07-06,253.61,0.02,248.54,PayPal,Completed,0.403
PUR006746,CUST01913,CAM006310,2025-03-03,920.16,0.1,828.14,Apple Pay,Completed,0.248
PUR006747,CUST04098,CAM004000,2026-04-28,1058.95,0.0,1058.95,Debit Card,Completed,0.336
PUR006748,CUST02839,CAM008674,2026-03-15,159.26,0.17,132.19,Credit Card,Completed,0.33
PUR006749,CUST01721,CAM001427,2025-01-17,295.11,0.0,295.11,Apple Pay,Completed,0.386
PUR006750,CUST00453,CAM004489,2025-03-09,1215.17,0.0,1215.17,PayPal,Completed,0.26
PUR006751,CUST03359,CAM009740,2024-11-04,934.05,0.0,934.05,PayPal,Completed,0.253
PUR006752,CUST03240,CAM000315,2025-09-28,4674.27,0.0,4674.27,Google Pay,Completed,0.324
PUR006753,CUST04281,CAM005841,2026-04-04,1656.57,0.14,1424.65,PayPal,Completed,0.395
PUR006754,CUST04912,CAM001091,2025-03-20,978.38,0.0,978.38,Credit Card,Completed,0.242
PUR006755,CUST04150,CAM004862,2025-06-03,2344.42,0.0,2344.42,Debit Card,Completed,0.271
PUR006756,CUST03806,CAM003422,2026-04-30,147.32,0.0,147.32,Debit Card,Completed,0.44
PUR006757,CUST01303,CAM009430,2025-10-13,510.73,0.18,418.8,Debit Card,Completed,0.445
PUR006758,CUST00649,CAM005637,2026-05-10,1964.92,0.02,1925.62,Credit Card,Completed,0.292
PUR006759,CUST00395,CAM009181,2026-06-03,96.59,0.0,96.59,Credit Card,Completed,0.407
PUR006760,CUST00901,CAM005332,2024-12-23,541.4,0.13,471.02,Google Pay,Completed,0.258
PUR006761,CUST03685,CAM008947,2025-04-29,1052.65,0.19,852.65,Debit Card,Cancelled,0.345
PUR006762,CUST02621,CAM000618,2025-08-09,224.27,0.2,179.42,Debit Card,Cancelled,0.314
PUR006763,CUST02735,CAM003073,2025-01-27,866.43,0.0,866.43,Google Pay,Completed,0.439
PUR006764,CUST04002,CAM001703,2026-05-31,244.34,0.0,244.34,Google Pay,Completed,0.233
PUR006765,CUST00602,CAM003075,2025-11-11,505.08,0.0,505.08,PayPal,Completed,0.424
PUR006766,CUST02016,CAM001796,2025-11-30,69.79,0.0,69.79,Debit Card,Completed,0.302
PUR006767,CUST01741,CAM001178,2025-10-07,280.76,0.0,280.76,PayPal,Completed,0.396
PUR006768,CUST00264,CAM008573,2025-01-29,867.63,0.0,867.63,Credit Card,Completed,0.369
PUR006769,CUST03157,CAM002956,2026-06-30,312.11,0.0,312.11,Debit Card,Cancelled,0.291
PUR006770,CUST03326,CAM003170,2026-06-20,424.96,0.13,369.72,Credit Card,Completed,0.385
PUR006771,CUST04939,CAM003878,2024-10-31,287.11,0.0,287.11,Google Pay,Completed,0.242
PUR006772,CUST00606,CAM005593,2025-02-04,460.85,0.11,410.16,Debit Card,Completed,0.374
PUR006773,CUST04228,CAM002833,2026-08-04,1187.96,0.0,1187.96,Debit Card,Completed,0.314
PUR006774,CUST03663,CAM001914,2025-06-25,1233.63,0.0,1233.63,PayPal,Completed,0.299
PUR006775,CUST00347,CAM005252,2025-08-22,317.87,0.0,317.87,Debit Card,Completed,0.389
PUR006776,CUST00229,CAM004238,2025-09-05,507.13,0.04,486.84,PayPal,Completed,0.416
PUR006777,CUST01509,CAM001713,2026-07-07,114.97,0.2,91.98,Debit Card,Completed,0.384
PUR006778,CUST02478,CAM003138,2026-04-16,155.71,0.15,132.35,Apple Pay,Completed,0.348
PUR006779,CUST04605,CAM005102,2026-07-23,652.83,0.04,626.72,Debit Card,Completed,0.288
PUR006780,CUST01063,CAM009006,2025-05-06,129.8,0.0,129.8,Apple Pay,Completed,0.259
PUR006781,CUST02700,CAM009935,2025-09-28,661.3,0.22,515.81,PayPal,Completed,0.409
PUR006782,CUST04454,CAM007025,2025-12-12,270.44,0.0,270.44,Credit Card,Pending,0.223
PUR006783,CUST02504,CAM000850,2025-07-20,1071.39,0.0,1071.39,Apple Pay,Completed,0.279
PUR006784,CUST03165,CAM006748,2025-07-24,393.44,0.0,393.44,Google Pay,Pending,0.285
PUR006785,CUST00753,CAM003607,2025-10-30,849.49,0.0,849.49,Credit Card,Completed,0.399
PUR006786,CUST03930,CAM004899,2025-06-02,1627.47,0.09,1481.0,Credit Card,Pending,0.356
PUR006787,CUST01406,CAM008414,2025-05-27,798.11,0.0,798.11,Debit Card,Completed,0.435
PUR006788,CUST02184,CAM009749,2026-02-09,574.71,0.0,574.71,Apple Pay,Completed,0.258
PUR006789,CUST00214,CAM001755,2024-12-02,2653.15,0.0,2653.15,Credit Card,Completed,0.205
PUR006790,CUST00308,CAM008553,2026-06-06,5612.76,0.0,5612.76,Google Pay,Pending,0.362
PUR006791,CUST01622,CAM008219,2025-01-15,275.67,0.09,250.86,Credit Card,Pending,0.431
PUR006792,CUST00531,CAM005713,2025-07-12,74.18,0.2,59.34,PayPal,Pending,0.227
PUR006793,CUST04230,CAM000054,2025-08-18,576.17,0.22,449.41,PayPal,Completed,0.221
PUR006794,CUST04158,CAM000386,2024-12-20,358.98,0.24,272.82,Credit Card,Completed,0.394
PUR006795,CUST00527,CAM001282,2026-02-17,221.06,0.0,221.06,Debit Card,Completed,0.317
PUR006796,CUST02931,CAM002349,2025-07-23,342.36,0.0,342.36,Credit Card,Completed,0.212
PUR006797,CUST00972,CAM001666,2025-03-07,234.1,0.0,234.1,Credit Card,Completed,0.285
PUR006798,CUST01502,CAM004299,2024-09-03,370.39,0.03,359.28,Debit Card,Completed,0.415
PUR006799,CUST00702,CAM002411,2025-10-12,433.53,0.0,433.53,Debit Card,Completed,0.437
PUR006800,CUST00226,CAM004570,2026-01-26,600.39,0.02,588.38,PayPal,Completed,0.238
PUR006801,CUST03631,CAM002734,2026-02-07,987.62,0.18,809.85,PayPal,Completed,0.348
PUR006802,CUST00225,CAM007484,2026-02-16,611.73,0.0,611.73,Credit Card,Completed,0.24
PUR006803,CUST02214,CAM007236,2025-11-11,768.99,0.0,768.99,Apple Pay,Completed,0.292
PUR006804,CUST04776,CAM003762,2026-04-20,179.59,0.0,179.59,PayPal,Completed,0.242
PUR006805,CUST02924,CAM006503,2024-12-06,1778.85,0.16,1494.23,Credit Card,Completed,0.257
PUR006806,CUST00803,CAM007937,2026-04-23,302.68,0.0,302.68,Debit Card,Completed,0.212
PUR006807,CUST00891,CAM000933,2025-05-08,481.36,0.0,481.36,Google Pay,Completed,0.375
PUR006808,CUST04119,CAM008204,2026-08-14,85.98,0.0,85.98,Apple Pay,Completed,0.375
PUR006809,CUST01033,CAM003507,2025-10-03,662.94,0.0,662.94,Debit Card,Completed,0.281
PUR006810,CUST04288,CAM003114,2025-12-19,908.68,0.02,890.51,Debit Card,Completed,0.299
PUR006811,CUST02406,CAM009568,2024-09-22,436.74,0.0,436.74,Debit Card,Completed,0.266
PUR006812,CUST04159,CAM002256,2024-10-16,452.37,0.17,375.47,Google Pay,Completed,0.248
PUR006813,CUST01861,CAM009300,2025-11-13,193.72,0.14,166.6,Credit Card,Pending,0.311
PUR006814,CUST04630,CAM004644,2025-12-06,4518.74,0.0,4518.74,PayPal,Completed,0.217
PUR006815,CUST02734,CAM007418,2025-04-20,1069.26,0.2,855.41,Debit Card,Completed,0.392
PUR006816,CUST02065,CAM008166,2025-12-01,283.02,0.25,212.26,Debit Card,Completed,0.346
PUR006817,CUST00545,CAM006874,2024-12-29,263.2,0.0,263.2,Debit Card,Completed,0.317
PUR006818,CUST03351,CAM006655,2025-02-18,306.48,0.08,281.96,Credit Card,Completed,0.357
PUR006819,CUST01319,CAM006834,2025-07-31,1327.84,0.0,1327.84,Credit Card,Completed,0.429
PUR006820,CUST01882,CAM001907,2025-04-24,326.66,0.0,326.66,PayPal,Completed,0.279
PUR006821,CUST03121,CAM008857,2026-03-05,1075.21,0.1,967.69,Debit Card,Cancelled,0.311
PUR006822,CUST04249,CAM007956,2026-01-12,1107.32,0.02,1085.17,Credit Card,Completed,0.205
PUR006823,CUST01716,CAM009001,2025-07-20,2036.96,0.0,2036.96,PayPal,Cancelled,0.362
PUR006824,CUST03042,CAM004396,2025-01-08,498.63,0.0,498.63,Credit Card,Completed,0.229
PUR006825,CUST04020,CAM001838,2026-01-24,886.66,0.0,886.66,Credit Card,Completed,0.32
PUR006826,CUST01348,CAM000920,2026-01-27,290.54,0.16,244.05,Credit Card,Completed,0.414
PUR006827,CUST02481,CAM001262,2025-01-27,132.9,0.07,123.6,Credit Card,Completed,0.331
PUR006828,CUST03753,CAM004941,2025-08-06,1260.31,0.0,1260.31,PayPal,Completed,0.362
PUR006829,CUST02254,CAM008478,2026-04-25,1921.15,0.0,1921.15,Credit Card,Completed,0.379
PUR006830,CUST00920,CAM001486,2024-12-23,587.97,0.0,587.97,Debit Card,Completed,0.359
PUR006831,CUST01573,CAM005493,2025-05-12,506.01,0.0,506.01,Credit Card,Completed,0.33
PUR006832,CUST02950,CAM001155,2026-02-24,1204.44,0.0,1204.44,Credit Card,Cancelled,0.391
PUR006833,CUST00336,CAM006793,2024-12-22,762.11,0.0,762.11,Apple Pay,Pending,0.218
PUR006834,CUST03316,CAM007506,2026-03-30,1255.6,0.18,1029.59,Apple Pay,Completed,0.303
PUR006835,CUST02438,CAM006990,2026-04-18,1134.99,0.0,1134.99,Debit Card,Completed,0.39
PUR006836,CUST02398,CAM005643,2024-10-15,935.09,0.0,935.09,Apple Pay,Completed,0.212
PUR006837,CUST02183,CAM005212,2026-01-30,2065.62,0.09,1879.71,Google Pay,Completed,0.418
PUR006838,CUST00082,CAM005004,2025-09-04,576.69,0.02,565.16,Credit Card,Completed,0.274
PUR006839,CUST02417,CAM003883,2025-03-14,525.83,0.0,525.83,Debit Card,Completed,0.295
PUR006840,CUST01750,CAM006406,2026-02-25,67.52,0.01,66.84,Credit Card,Completed,0.234
PUR006841,CUST02091,CAM005125,2025-07-30,543.84,0.22,424.2,PayPal,Completed,0.21
PUR006842,CUST02692,CAM003274,2024-11-30,263.03,0.22,205.16,PayPal,Completed,0.297
PUR006843,CUST04661,CAM006983,2025-06-25,225.29,0.16,189.24,Debit Card,Refunded,0.292
PUR006844,CUST04494,CAM006147,2025-10-07,353.38,0.0,353.38,Credit Card,Completed,0.353
PUR006845,CUST02884,CAM001807,2024-12-15,970.09,0.0,970.09,Debit Card,Completed,0.203
PUR006846,CUST00970,CAM009299,2025-06-27,436.0,0.0,436.0,Credit Card,Completed,0.224
PUR006847,CUST01713,CAM005199,2025-12-27,1817.72,0.0,1817.72,Google Pay,Completed,0.393
PUR006848,CUST00546,CAM004689,2025-12-27,1265.59,0.0,1265.59,Google Pay,Refunded,0.218
PUR006849,CUST00935,CAM003084,2026-01-12,836.48,0.0,836.48,Apple Pay,Refunded,0.445
PUR006850,CUST00555,CAM002719,2025-08-03,1117.89,0.0,1117.89,Debit Card,Completed,0.337
PUR006851,CUST04359,CAM009019,2025-01-22,394.72,0.13,343.41,Google Pay,Pending,0.389
PUR006852,CUST01862,CAM003275,2026-04-04,249.66,0.0,249.66,Apple Pay,Completed,0.328
PUR006853,CUST03068,CAM006312,2025-01-28,803.19,0.0,803.19,Debit Card,Pending,0.426
PUR006854,CUST00654,CAM006915,2026-02-06,350.61,0.0,350.61,PayPal,Completed,0.271
PUR006855,CUST00774,CAM001007,2026-03-18,270.04,0.0,270.04,Debit Card,Completed,0.249
PUR006856,CUST00627,CAM009034,2026-03-21,1314.58,0.0,1314.58,Apple Pay,Completed,0.201
PUR006857,CUST03936,CAM004016,2026-01-09,479.9,0.14,412.71,Apple Pay,Completed,0.427
PUR006858,CUST02187,CAM001271,2026-04-07,339.42,0.0,339.42,Credit Card,Completed,0.371
PUR006859,CUST03374,CAM009088,2026-04-29,627.86,0.0,627.86,Credit Card,Completed,0.216
PUR006860,CUST03659,CAM006703,2026-07-12,765.86,0.0,765.86,Credit Card,Pending,0.325
PUR006861,CUST02088,CAM000738,2024-09-27,442.72,0.19,358.6,Credit Card,Completed,0.282
PUR006862,CUST00731,CAM001800,2026-08-23,3878.23,0.0,3878.23,Debit Card,Completed,0.421
PUR006863,CUST03106,CAM008123,2025-02-13,532.54,0.0,532.54,Apple Pay,Completed,0.368
PUR006864,CUST01044,CAM006022,2026-04-25,63.55,0.0,63.55,Credit Card,Completed,0.219
PUR006865,CUST04764,CAM000353,2025-10-20,2286.65,0.22,1783.59,Debit Card,Completed,0.304
PUR006866,CUST04479,CAM009999,2025-01-05,372.9,0.1,335.61,Google Pay,Completed,0.223
PUR006867,CUST01996,CAM003788,2024-09-17,489.03,0.0,489.03,Credit Card,Completed,0.274
PUR006868,CUST03470,CAM002789,2024-12-17,348.13,0.07,323.76,Credit Card,Completed,0.249
PUR006869,CUST02692,CAM009993,2024-09-02,391.75,0.07,364.33,Google Pay,Completed,0.333
PUR006870,CUST02056,CAM005540,2026-04-08,625.07,0.0,625.07,Credit Card,Completed,0.307
PUR006871,CUST04278,CAM008508,2025-03-03,615.58,0.0,615.58,Apple Pay,Completed,0.331
PUR006872,CUST01864,CAM006815,2026-06-28,2067.91,0.0,2067.91,Debit Card,Completed,0.256
PUR006873,CUST01522,CAM002463,2025-02-04,512.56,0.23,394.67,PayPal,Completed,0.208
PUR006874,CUST00731,CAM009019,2025-01-08,1452.59,0.0,1452.59,Debit Card,Completed,0.313
PUR006875,CUST01460,CAM005497,2025-04-10,141.53,0.0,141.53,Google Pay,Completed,0.287
PUR006876,CUST01537,CAM003382,2025-08-09,457.91,0.0,457.91,Debit Card,Pending,0.445
PUR006877,CUST00708,CAM007451,2025-08-12,47.02,0.0,47.02,PayPal,Completed,0.406
PUR006878,CUST03552,CAM007504,2025-08-04,235.75,0.07,219.25,PayPal,Completed,0.343
PUR006879,CUST03609,CAM002345,2024-09-12,423.25,0.21,334.37,Apple Pay,Completed,0.204
PUR006880,CUST02827,CAM007167,2024-12-11,895.52,0.0,895.52,Credit Card,Completed,0.362
PUR006881,CUST02437,CAM005998,2026-07-12,268.69,0.17,223.01,Debit Card,Pending,0.227
PUR006882,CUST04149,CAM004494,2024-10-13,890.82,0.16,748.29,PayPal,Completed,0.374
PUR006883,CUST04021,CAM008720,2025-07-21,90.66,0.06,85.22,Debit Card,Completed,0.44
PUR006884,CUST02308,CAM006935,2026-05-14,100.75,0.21,79.59,Google Pay,Completed,0.298
PUR006885,CUST04481,CAM009493,2026-05-15,173.66,0.0,173.66,PayPal,Completed,0.2
PUR006886,CUST04808,CAM001291,2025-03-06,1092.29,0.0,1092.29,Google Pay,Completed,0.287
PUR006887,CUST03262,CAM006881,2024-10-23,1132.77,0.0,1132.77,Apple Pay,Cancelled,0.442
PUR006888,CUST03166,CAM005352,2026-07-14,477.87,0.07,444.42,Credit Card,Completed,0.325
PUR006889,CUST01550,CAM008932,2024-11-22,5094.05,0.15,4329.94,Apple Pay,Completed,0.278
PUR006890,CUST04241,CAM004423,2025-01-08,413.19,0.0,413.19,Credit Card,Cancelled,0.304
PUR006891,CUST04630,CAM002575,2024-10-08,922.08,0.25,691.56,Credit Card,Cancelled,0.259
PUR006892,CUST00790,CAM006977,2026-04-05,2622.72,0.0,2622.72,PayPal,Completed,0.347
PUR006893,CUST01124,CAM000831,2026-03-02,178.07,0.0,178.07,Credit Card,Completed,0.338
PUR006894,CUST04252,CAM003091,2026-05-15,524.93,0.0,524.93,PayPal,Completed,0.272
PUR006895,CUST01841,CAM005486,2024-12-21,596.26,0.24,453.16,PayPal,Completed,0.446
PUR006896,CUST01368,CAM003178,2025-06-17,1123.63,0.17,932.61,Google Pay,Pending,0.238
PUR006897,CUST02154,CAM004420,2026-07-01,488.59,0.21,385.99,Google Pay,Completed,0.382
PUR006898,CUST04251,CAM005262,2025-12-04,867.75,0.18,711.56,Credit Card,Refunded,0.429
PUR006899,CUST01256,CAM002003,2026-05-01,1754.37,0.0,1754.37,Debit Card,Completed,0.379
PUR006900,CUST01415,CAM005013,2026-03-03,629.64,0.0,629.64,Debit Card,Completed,0.309
PUR006901,CUST03837,CAM002400,2025-12-28,392.13,0.0,392.13,Credit Card,Completed,0.21
PUR006902,CUST01348,CAM006067,2026-03-01,403.13,0.0,403.13,PayPal,Completed,0.385
PUR006903,CUST04336,CAM005328,2026-07-02,231.58,0.21,182.95,Credit Card,Cancelled,0.308
PUR006904,CUST00340,CAM002019,2024-12-14,1503.75,0.12,1323.3,Google Pay,Completed,0.206
PUR006905,CUST00705,CAM007615,2024-09-30,159.4,0.0,159.4,Credit Card,Completed,0.389
PUR006906,CUST02146,CAM003815,2024-09-10,153.34,0.02,150.27,PayPal,Completed,0.215
PUR006907,CUST03405,CAM001580,2025-02-19,1663.08,0.0,1663.08,Debit Card,Completed,0.372
PUR006908,CUST04228,CAM001880,2024-09-17,158.18,0.01,156.6,Debit Card,Completed,0.405
PUR006909,CUST00864,CAM006818,2025-07-04,808.65,0.0,808.65,PayPal,Completed,0.257
PUR006910,CUST00501,CAM003595,2025-05-03,2099.57,0.0,2099.57,Google Pay,Completed,0.323
PUR006911,CUST02812,CAM008683,2025-11-30,1049.97,0.1,944.97,Credit Card,Completed,0.205
PUR006912,CUST02965,CAM000129,2026-06-05,1161.8,0.09,1057.24,Credit Card,Pending,0.289
PUR006913,CUST00931,CAM008021,2026-07-18,367.07,0.25,275.3,Credit Card,Completed,0.239
PUR006914,CUST02515,CAM009405,2025-07-19,1449.24,0.0,1449.24,Debit Card,Completed,0.42
PUR006915,CUST00340,CAM007488,2026-01-31,2385.22,0.16,2003.58,Apple Pay,Completed,0.436
PUR006916,CUST01482,CAM009973,2024-10-16,740.56,0.02,725.75,Apple Pay,Completed,0.224
PUR006917,CUST01153,CAM003110,2026-06-10,257.07,0.1,231.36,Debit Card,Completed,0.2
PUR006918,CUST03486,CAM008344,2026-04-23,308.21,0.02,302.05,Apple Pay,Pending,0.323
PUR006919,CUST01726,CAM009998,2026-03-22,764.78,0.0,764.78,Apple Pay,Completed,0.373
PUR006920,CUST02011,CAM007508,2025-12-17,536.82,0.11,477.77,Google Pay,Completed,0.284
PUR006921,CUST02692,CAM004451,2025-04-27,628.85,0.0,628.85,Credit Card,Cancelled,0.3
PUR006922,CUST04248,CAM000461,2025-09-10,419.59,0.0,419.59,Credit Card,Cancelled,0.407
PUR006923,CUST02218,CAM000673,2025-07-17,1751.63,0.0,1751.63,PayPal,Completed,0.365
PUR006924,CUST02429,CAM001583,2026-03-10,841.78,0.0,841.78,Google Pay,Completed,0.357
PUR006925,CUST04742,CAM007446,2025-09-15,1937.66,0.0,1937.66,PayPal,Completed,0.27
PUR006926,CUST01305,CAM006536,2026-06-25,642.84,0.21,507.84,Credit Card,Completed,0.267
PUR006927,CUST03160,CAM007170,2026-03-27,222.28,0.21,175.6,Credit Card,Completed,0.252
PUR006928,CUST04994,CAM009858,2025-11-02,2535.04,0.0,2535.04,PayPal,Cancelled,0.338
PUR006929,CUST03554,CAM005732,2025-10-28,786.71,0.0,786.71,Google Pay,Completed,0.284
PUR006930,CUST02480,CAM007629,2026-08-18,677.6,0.0,677.6,Credit Card,Completed,0.377
PUR006931,CUST02788,CAM000773,2025-10-14,341.2,0.2,272.96,PayPal,Completed,0.41
PUR006932,CUST02020,CAM005099,2026-09-05,1504.96,0.0,1504.96,Credit Card,Completed,0.24
PUR006933,CUST01782,CAM005595,2024-10-05,687.81,0.0,687.81,Apple Pay,Completed,0.3
PUR006934,CUST01157,CAM005722,2025-08-31,2123.04,0.14,1825.81,PayPal,Completed,0.304
PUR006935,CUST03809,CAM004691,2026-04-06,133.81,0.0,133.81,PayPal,Pending,0.245
PUR006936,CUST04128,CAM004762,2026-05-03,178.47,0.0,178.47,PayPal,Completed,0.308
PUR006937,CUST04876,CAM008127,2025-03-26,805.37,0.0,805.37,Debit Card,Completed,0.398
PUR006938,CUST03964,CAM002980,2025-02-28,696.26,0.17,577.9,Credit Card,Pending,0.224
PUR006939,CUST01926,CAM008521,2025-01-06,308.18,0.0,308.18,Apple Pay,Completed,0.374
PUR006940,CUST00262,CAM004735,2025-03-28,342.05,0.06,321.53,PayPal,Completed,0.282
PUR006941,CUST02127,CAM009909,2025-04-18,1593.5,0.0,1593.5,Apple Pay,Completed,0.32
PUR006942,CUST00415,CAM006933,2025-12-03,297.59,0.08,273.78,Debit Card,Refunded,0.436
PUR006943,CUST00700,CAM006918,2026-06-07,357.01,0.0,357.01,PayPal,Completed,0.361
PUR006944,CUST01800,CAM004542,2025-11-15,407.45,0.07,378.93,Credit Card,Completed,0.206
PUR006945,CUST01581,CAM008190,2025-12-25,1648.54,0.0,1648.54,Credit Card,Completed,0.216
PUR006946,CUST01624,CAM008755,2025-05-11,1001.08,0.0,1001.08,Credit Card,Pending,0.398
PUR006947,CUST02081,CAM007427,2025-05-07,1339.61,0.06,1259.23,Credit Card,Completed,0.209
PUR006948,CUST01473,CAM006892,2025-02-16,325.88,0.0,325.88,PayPal,Completed,0.26
PUR006949,CUST02657,CAM000778,2026-07-22,941.9,0.0,941.9,Credit Card,Completed,0.433
PUR006950,CUST01168,CAM005751,2024-11-03,1885.65,0.25,1414.24,Debit Card,Pending,0.339
PUR006951,CUST04652,CAM005046,2024-12-16,1609.33,0.0,1609.33,Apple Pay,Completed,0.303
PUR006952,CUST04613,CAM003380,2025-11-08,738.13,0.0,738.13,PayPal,Completed,0.386
PUR006953,CUST03137,CAM009416,2024-12-11,2237.69,0.0,2237.69,Credit Card,Completed,0.371
PUR006954,CUST01894,CAM005648,2025-06-03,617.94,0.19,500.53,Apple Pay,Completed,0.367
PUR006955,CUST01444,CAM003718,2025-03-01,2240.46,0.0,2240.46,Apple Pay,Completed,0.23
PUR006956,CUST00510,CAM002490,2025-08-30,580.38,0.0,580.38,Credit Card,Completed,0.416
PUR006957,CUST01144,CAM001077,2026-08-02,327.1,0.12,287.85,Credit Card,Completed,0.403
PUR006958,CUST00123,CAM001250,2026-01-31,1055.8,0.0,1055.8,Apple Pay,Pending,0.332
PUR006959,CUST00093,CAM008943,2025-04-15,2739.03,0.0,2739.03,PayPal,Completed,0.412
PUR006960,CUST02297,CAM005329,2025-11-02,522.44,0.16,438.85,Apple Pay,Completed,0.261
PUR006961,CUST01781,CAM001096,2025-05-06,1467.18,0.0,1467.18,PayPal,Completed,0.375
PUR006962,CUST03519,CAM009525,2025-09-14,789.21,0.0,789.21,Credit Card,Completed,0.269
PUR006963,CUST00486,CAM009123,2024-11-25,3829.95,0.0,3829.95,Apple Pay,Completed,0.414
PUR006964,CUST00473,CAM008833,2024-12-07,442.82,0.19,358.68,Google Pay,Completed,0.406
PUR006965,CUST02943,CAM005977,2024-11-24,1862.19,0.0,1862.19,Debit Card,Completed,0.305
PUR006966,CUST03893,CAM007618,2026-07-03,410.36,0.04,393.95,PayPal,Completed,0.331
PUR006967,CUST01132,CAM007038,2025-10-25,156.23,0.0,156.23,PayPal,Refunded,0.294
PUR006968,CUST00680,CAM006944,2025-01-16,2644.0,0.0,2644.0,Apple Pay,Completed,0.35
PUR006969,CUST02377,CAM004146,2025-11-27,565.41,0.0,565.41,Debit Card,Completed,0.349
PUR006970,CUST03453,CAM006897,2025-07-05,450.11,0.19,364.59,Credit Card,Completed,0.224
PUR006971,CUST03242,CAM005064,2025-09-21,918.38,0.0,918.38,Credit Card,Completed,0.346
PUR006972,CUST03363,CAM002920,2025-10-03,180.03,0.16,151.23,Debit Card,Completed,0.387
PUR006973,CUST01737,CAM003701,2026-06-04,623.59,0.0,623.59,Google Pay,Completed,0.291
PUR006974,CUST01554,CAM009822,2026-03-09,26.07,0.0,26.07,Apple Pay,Completed,0.218
PUR006975,CUST00053,CAM007846,2025-09-04,485.81,0.18,398.36,Google Pay,Completed,0.265
PUR006976,CUST04369,CAM004483,2026-03-30,629.81,0.14,541.64,Credit Card,Completed,0.243
PUR006977,CUST04740,CAM002404,2025-08-09,474.12,0.0,474.12,Google Pay,Refunded,0.255
PUR006978,CUST04145,CAM008056,2024-11-06,2030.92,0.0,2030.92,Apple Pay,Pending,0.28
PUR006979,CUST02303,CAM000346,2025-05-09,408.27,0.0,408.27,Credit Card,Completed,0.293
PUR006980,CUST00286,CAM006512,2025-12-25,173.71,0.1,156.34,PayPal,Pending,0.381
PUR006981,CUST01069,CAM004722,2025-09-30,2458.83,0.0,2458.83,Apple Pay,Completed,0.338
PUR006982,CUST03639,CAM003692,2025-12-28,277.35,0.0,277.35,Debit Card,Completed,0.263
PUR006983,CUST01087,CAM000212,2026-05-16,392.59,0.03,380.81,Credit Card,Cancelled,0.42
PUR006984,CUST03124,CAM002472,2024-12-17,330.3,0.0,330.3,Credit Card,Refunded,0.407
PUR006985,CUST03097,CAM004494,2024-10-01,49.71,0.13,43.25,Google Pay,Completed,0.431
PUR006986,CUST02914,CAM006678,2024-12-29,84.09,0.15,71.48,Debit Card,Completed,0.279
PUR006987,CUST00211,CAM005033,2025-11-30,1300.3,0.0,1300.3,PayPal,Refunded,0.28
PUR006988,CUST01320,CAM007158,2026-06-29,943.97,0.0,943.97,Credit Card,Completed,0.431
PUR006989,CUST03947,CAM003665,2025-06-24,980.45,0.0,980.45,Credit Card,Completed,0.31
PUR006990,CUST00459,CAM008163,2026-01-03,354.74,0.07,329.91,Credit Card,Completed,0.221
PUR006991,CUST03456,CAM004620,2024-10-23,737.22,0.13,641.38,Credit Card,Completed,0.269
PUR006992,CUST00625,CAM006419,2026-03-24,448.92,0.16,377.09,Credit Card,Completed,0.358
PUR006993,CUST00264,CAM007292,2024-09-26,950.04,0.0,950.04,Debit Card,Completed,0.301
PUR006994,CUST03483,CAM009461,2026-06-16,55.19,0.17,45.81,Debit Card,Completed,0.365
PUR006995,CUST02694,CAM000074,2025-08-04,813.82,0.0,813.82,Credit Card,Completed,0.362
PUR006996,CUST01064,CAM006635,2026-03-26,1120.52,0.0,1120.52,Apple Pay,Completed,0.214
PUR006997,CUST04987,CAM005728,2024-12-02,413.96,0.0,413.96,Credit Card,Cancelled,0.245
PUR006998,CUST02635,CAM000872,2026-07-07,365.19,0.0,365.19,Credit Card,Completed,0.36
PUR006999,CUST02390,CAM005926,2025-01-02,72.31,0.0,72.31,Debit Card,Completed,0.369
PUR007000,CUST03930,CAM007489,2025-06-09,817.83,0.1,736.05,Apple Pay,Completed,0.277
PUR007001,CUST00816,CAM007449,2026-03-03,221.17,0.19,179.15,Credit Card,Pending,0.394
PUR007002,CUST00408,CAM000482,2025-08-28,468.83,0.0,468.83,PayPal,Completed,0.263
PUR007003,CUST01535,CAM008594,2026-03-24,297.61,0.13,258.92,PayPal,Completed,0.315
PUR007004,CUST01182,CAM001734,2026-07-13,1476.46,0.0,1476.46,Debit Card,Completed,0.38
PUR007005,CUST02113,CAM001600,2024-09-26,256.58,0.21,202.7,PayPal,Completed,0.437
PUR007006,CUST00401,CAM004872,2026-06-13,536.6,0.0,536.6,Credit Card,Completed,0.28
PUR007007,CUST02550,CAM009662,2026-07-26,382.22,0.0,382.22,Debit Card,Completed,0.229
PUR007008,CUST03167,CAM008974,2025-03-29,663.44,0.03,643.54,Apple Pay,Cancelled,0.436
PUR007009,CUST00458,CAM004146,2025-11-29,451.0,0.15,383.35,PayPal,Pending,0.229
PUR007010,CUST02199,CAM008499,2025-02-15,77.54,0.0,77.54,Credit Card,Completed,0.362
PUR007011,CUST00534,CAM006330,2025-09-01,1083.5,0.0,1083.5,Credit Card,Completed,0.418
PUR007012,CUST03649,CAM009733,2026-07-24,370.13,0.0,370.13,Debit Card,Refunded,0.389
PUR007013,CUST04502,CAM001983,2026-06-16,835.66,0.0,835.66,Debit Card,Completed,0.365
PUR007014,CUST03345,CAM006540,2026-02-24,443.98,0.0,443.98,Debit Card,Completed,0.407
PUR007015,CUST02508,CAM002795,2024-11-26,307.36,0.09,279.7,Debit Card,Completed,0.276
PUR007016,CUST01127,CAM003098,2024-11-09,600.36,0.07,558.33,Debit Card,Completed,0.203
PUR007017,CUST02206,CAM006498,2026-07-15,367.87,0.0,367.87,Debit Card,Completed,0.307
PUR007018,CUST04315,CAM009654,2025-10-06,119.93,0.07,111.53,Credit Card,Completed,0.24
PUR007019,CUST00802,CAM004913,2025-04-09,159.82,0.23,123.06,Credit Card,Completed,0.403
PUR007020,CUST00276,CAM008315,2026-01-28,1931.24,0.17,1602.93,PayPal,Completed,0.372
PUR007021,CUST03356,CAM009924,2026-01-24,230.14,0.01,227.84,Debit Card,Refunded,0.287
PUR007022,CUST04960,CAM005349,2025-03-21,826.96,0.0,826.96,Apple Pay,Completed,0.226
PUR007023,CUST03321,CAM004201,2025-09-03,119.59,0.2,95.67,Credit Card,Completed,0.437
PUR007024,CUST04617,CAM002688,2025-02-25,463.21,0.0,463.21,Apple Pay,Completed,0.265
PUR007025,CUST01027,CAM004721,2025-02-03,199.59,0.0,199.59,Credit Card,Completed,0.269
PUR007026,CUST00824,CAM007134,2024-12-20,328.34,0.08,302.07,Apple Pay,Pending,0.226
PUR007027,CUST04349,CAM007777,2025-04-24,210.85,0.0,210.85,Debit Card,Completed,0.435
PUR007028,CUST03003,CAM008165,2025-06-28,225.16,0.09,204.9,Credit Card,Cancelled,0.363
PUR007029,CUST04470,CAM001761,2026-05-04,578.16,0.09,526.13,Apple Pay,Completed,0.242
PUR007030,CUST02923,CAM002059,2026-06-15,649.96,0.19,526.47,PayPal,Completed,0.42
PUR007031,CUST04109,CAM001698,2026-02-19,260.18,0.0,260.18,PayPal,Pending,0.431
PUR007032,CUST02600,CAM007411,2026-07-04,713.97,0.0,713.97,PayPal,Completed,0.334
PUR007033,CUST04091,CAM004920,2025-02-01,1391.08,0.16,1168.51,Credit Card,Completed,0.271
PUR007034,CUST02624,CAM001717,2025-12-05,1818.25,0.0,1818.25,Debit Card,Completed,0.21
PUR007035,CUST01535,CAM005811,2024-10-21,84.1,0.0,84.1,Apple Pay,Completed,0.246
PUR007036,CUST04091,CAM005556,2026-01-22,211.94,0.0,211.94,Apple Pay,Pending,0.391
PUR007037,CUST02696,CAM002158,2025-11-20,504.83,0.24,383.67,Debit Card,Pending,0.265
PUR007038,CUST03524,CAM002955,2025-09-07,688.36,0.23,530.04,Credit Card,Completed,0.286
PUR007039,CUST04452,CAM002242,2025-10-07,441.82,0.0,441.82,Debit Card,Completed,0.313
PUR007040,CUST02212,CAM003267,2024-12-09,852.56,0.0,852.56,PayPal,Completed,0.339
PUR007041,CUST00765,CAM007271,2024-09-19,700.11,0.0,700.11,Google Pay,Completed,0.304
PUR007042,CUST03420,CAM003950,2026-08-20,227.38,0.03,220.56,Credit Card,Completed,0.291
PUR007043,CUST03033,CAM005356,2025-07-19,568.85,0.15,483.52,Credit Card,Completed,0.228
PUR007044,CUST00173,CAM003527,2024-12-03,439.53,0.01,435.13,PayPal,Completed,0.348
PUR007045,CUST04004,CAM007338,2025-05-03,1482.16,0.0,1482.16,Credit Card,Completed,0.324
PUR007046,CUST03562,CAM002656,2024-12-22,851.53,0.0,851.53,Credit Card,Pending,0.4
PUR007047,CUST01116,CAM001367,2025-09-28,1008.62,0.04,968.28,PayPal,Completed,0.392
PUR007048,CUST02935,CAM001033,2026-02-26,320.18,0.15,272.15,Apple Pay,Completed,0.307
PUR007049,CUST03227,CAM003303,2025-12-19,938.26,0.0,938.26,Google Pay,Refunded,0.345
PUR007050,CUST00767,CAM004490,2025-04-01,207.08,0.0,207.08,PayPal,Completed,0.311
PUR007051,CUST04909,CAM007530,2025-02-02,375.45,0.1,337.9,Debit Card,Completed,0.306
PUR007052,CUST02504,CAM007596,2025-08-31,433.25,0.0,433.25,Apple Pay,Completed,0.245
PUR007053,CUST01239,CAM005188,2026-07-11,291.93,0.14,251.06,Credit Card,Completed,0.268
PUR007054,CUST04546,CAM001909,2026-01-16,814.64,0.14,700.59,Credit Card,Pending,0.39
PUR007055,CUST00021,CAM005244,2025-09-11,928.97,0.07,863.94,Debit Card,Completed,0.42
PUR007056,CUST00346,CAM006831,2025-07-28,1279.84,0.0,1279.84,Google Pay,Completed,0.443
PUR007057,CUST03369,CAM006230,2025-04-13,118.07,0.0,118.07,Debit Card,Completed,0.365
PUR007058,CUST02822,CAM004678,2025-11-04,896.55,0.0,896.55,Google Pay,Completed,0.221
PUR007059,CUST03359,CAM002601,2026-01-07,879.04,0.01,870.25,PayPal,Completed,0.316
PUR007060,CUST02411,CAM002326,2025-09-30,165.11,0.18,135.39,Debit Card,Completed,0.243
PUR007061,CUST01417,CAM001994,2024-11-17,486.01,0.0,486.01,Credit Card,Completed,0.406
PUR007062,CUST04468,CAM008383,2025-02-12,600.91,0.0,600.91,Apple Pay,Cancelled,0.344
PUR007063,CUST03363,CAM006517,2026-06-04,296.83,0.0,296.83,Debit Card,Completed,0.348
PUR007064,CUST03930,CAM002020,2025-04-12,659.12,0.0,659.12,Google Pay,Completed,0.338
PUR007065,CUST03956,CAM006593,2026-05-05,358.09,0.0,358.09,PayPal,Completed,0.319
PUR007066,CUST00039,CAM007424,2025-09-01,1480.46,0.0,1480.46,PayPal,Pending,0.341
PUR007067,CUST03371,CAM005651,2025-04-21,2662.85,0.0,2662.85,Google Pay,Completed,0.306
PUR007068,CUST00308,CAM007092,2026-06-13,1329.31,0.17,1103.33,Debit Card,Completed,0.232
PUR007069,CUST00839,CAM005106,2025-03-06,346.08,0.0,346.08,Debit Card,Completed,0.308
PUR007070,CUST03536,CAM008023,2024-08-28,227.81,0.0,227.81,Google Pay,Pending,0.219
PUR007071,CUST04256,CAM007827,2024-12-03,386.54,0.24,293.77,Debit Card,Completed,0.217
PUR007072,CUST00925,CAM004494,2024-10-21,1424.84,0.0,1424.84,PayPal,Completed,0.425
PUR007073,CUST03550,CAM001379,2026-01-09,272.13,0.0,272.13,Apple Pay,Completed,0.36
PUR007074,CUST03853,CAM002047,2026-09-21,1181.15,0.0,1181.15,Credit Card,Cancelled,0.289
PUR007075,CUST04042,CAM000714,2024-09-30,1052.37,0.0,1052.37,Google Pay,Pending,0.379
PUR007076,CUST04825,CAM006878,2026-07-23,5376.82,0.07,5000.44,PayPal,Completed,0.279
PUR007077,CUST04221,CAM000581,2024-09-16,359.03,0.0,359.03,Credit Card,Completed,0.359
PUR007078,CUST00086,CAM005027,2026-06-12,1059.3,0.2,847.44,Debit Card,Completed,0.246
PUR007079,CUST00440,CAM005281,2024-10-05,749.29,0.1,674.36,PayPal,Completed,0.216
PUR007080,CUST03406,CAM006085,2025-07-21,178.74,0.0,178.74,Credit Card,Completed,0.377
PUR007081,CUST02644,CAM001042,2024-11-05,434.15,0.0,434.15,Apple Pay,Completed,0.429
PUR007082,CUST00146,CAM007735,2025-05-05,732.74,0.0,732.74,Apple Pay,Completed,0.406
PUR007083,CUST03362,CAM007261,2025-07-09,241.19,0.1,217.07,Debit Card,Completed,0.447
PUR007084,CUST01197,CAM009539,2025-09-11,185.84,0.0,185.84,Apple Pay,Completed,0.284
PUR007085,CUST01529,CAM007207,2025-01-12,1093.99,0.25,820.49,Credit Card,Pending,0.319
PUR007086,CUST04503,CAM000744,2026-06-07,428.47,0.0,428.47,PayPal,Completed,0.386
PUR007087,CUST01207,CAM007326,2026-08-29,1398.06,0.01,1384.08,Apple Pay,Cancelled,0.271
PUR007088,CUST04848,CAM005280,2026-04-02,216.37,0.0,216.37,Google Pay,Completed,0.301
PUR007089,CUST03717,CAM008913,2026-04-09,1165.76,0.17,967.58,PayPal,Completed,0.222
PUR007090,CUST03607,CAM006781,2026-07-16,815.93,0.0,815.93,Debit Card,Completed,0.325
PUR007091,CUST03624,CAM007192,2025-01-24,246.9,0.24,187.64,Credit Card,Completed,0.382
PUR007092,CUST04127,CAM001872,2025-12-27,191.8,0.0,191.8,Credit Card,Completed,0.333
PUR007093,CUST02679,CAM007654,2025-06-16,617.45,0.0,617.45,PayPal,Completed,0.207
PUR007094,CUST04728,CAM004935,2025-10-13,558.68,0.08,513.99,Apple Pay,Refunded,0.313
PUR007095,CUST04369,CAM009834,2024-11-24,421.35,0.0,421.35,Debit Card,Completed,0.267
PUR007096,CUST03931,CAM002794,2026-01-11,162.43,0.0,162.43,Credit Card,Completed,0.221
PUR007097,CUST01783,CAM004311,2026-08-14,879.28,0.0,879.28,PayPal,Completed,0.215
PUR007098,CUST00053,CAM003398,2025-10-09,829.66,0.0,829.66,Credit Card,Completed,0.376
PUR007099,CUST00528,CAM005589,2026-01-15,875.66,0.0,875.66,Debit Card,Completed,0.244
PUR007100,CUST00721,CAM008433,2024-12-02,210.74,0.0,210.74,Apple Pay,Completed,0.295
PUR007101,CUST00117,CAM006540,2026-02-18,767.83,0.0,767.83,PayPal,Completed,0.394
PUR007102,CUST00077,CAM007150,2024-12-13,87.52,0.0,87.52,Apple Pay,Completed,0.419
PUR007103,CUST03628,CAM007551,2025-12-09,1263.66,0.0,1263.66,Apple Pay,Completed,0.439
PUR007104,CUST00370,CAM007221,2025-06-19,144.02,0.0,144.02,PayPal,Pending,0.4
PUR007105,CUST04942,CAM007909,2024-10-24,906.53,0.0,906.53,PayPal,Refunded,0.293
PUR007106,CUST02062,CAM000147,2024-09-29,236.21,0.0,236.21,Apple Pay,Completed,0.201
PUR007107,CUST04840,CAM002399,2025-12-06,269.97,0.23,207.88,Debit Card,Completed,0.313
PUR007108,CUST00668,CAM002381,2025-05-11,1363.75,0.03,1322.84,Credit Card,Refunded,0.296
PUR007109,CUST02740,CAM009314,2026-07-18,184.7,0.0,184.7,Debit Card,Completed,0.364
PUR007110,CUST02090,CAM009835,2024-10-10,764.99,0.11,680.84,PayPal,Completed,0.257
PUR007111,CUST01401,CAM004135,2026-01-26,1745.07,0.05,1657.82,Apple Pay,Completed,0.396
PUR007112,CUST01601,CAM006225,2026-01-27,691.08,0.01,684.17,PayPal,Completed,0.327
PUR007113,CUST01246,CAM004419,2025-07-16,203.64,0.0,203.64,Apple Pay,Completed,0.214
PUR007114,CUST00500,CAM008238,2026-07-06,288.1,0.2,230.48,Google Pay,Completed,0.334
PUR007115,CUST03164,CAM008950,2026-01-23,511.15,0.18,419.14,Google Pay,Completed,0.244
PUR007116,CUST03236,CAM006231,2026-05-31,355.11,0.01,351.56,Credit Card,Completed,0.28
PUR007117,CUST00515,CAM005766,2025-10-19,1175.58,0.15,999.24,Debit Card,Completed,0.226
PUR007118,CUST02624,CAM005785,2026-03-28,351.16,0.0,351.16,PayPal,Completed,0.372
PUR007119,CUST03229,CAM009567,2026-03-07,95.14,0.0,95.14,Debit Card,Completed,0.306
PUR007120,CUST01950,CAM001798,2025-11-02,375.73,0.0,375.73,Google Pay,Completed,0.258
PUR007121,CUST01449,CAM009382,2026-02-16,872.64,0.0,872.64,PayPal,Completed,0.437
PUR007122,CUST04064,CAM006856,2025-09-16,599.18,0.0,599.18,Google Pay,Completed,0.234
PUR007123,CUST03942,CAM009763,2026-01-16,1328.73,0.16,1116.13,Credit Card,Completed,0.272
PUR007124,CUST04488,CAM003733,2025-05-21,1671.51,0.0,1671.51,PayPal,Completed,0.229
PUR007125,CUST02199,CAM009621,2026-04-27,678.6,0.09,617.53,Debit Card,Completed,0.202
PUR007126,CUST02189,CAM001629,2026-08-07,1624.24,0.0,1624.24,Debit Card,Pending,0.263
PUR007127,CUST02384,CAM005744,2026-01-01,554.77,0.17,460.46,Apple Pay,Completed,0.302
PUR007128,CUST03642,CAM008097,2024-10-03,705.71,0.22,550.45,Debit Card,Completed,0.419
PUR007129,CUST02138,CAM008625,2025-02-19,271.6,0.0,271.6,Credit Card,Completed,0.283
PUR007130,CUST00950,CAM004326,2024-10-09,672.55,0.09,612.02,Credit Card,Pending,0.372
PUR007131,CUST02127,CAM004892,2025-01-23,311.72,0.15,264.96,PayPal,Pending,0.354
PUR007132,CUST02428,CAM007307,2024-12-02,765.97,0.0,765.97,PayPal,Completed,0.381
PUR007133,CUST03262,CAM004486,2025-02-04,640.9,0.1,576.81,PayPal,Completed,0.296
PUR007134,CUST01536,CAM006144,2025-09-18,1149.13,0.0,1149.13,Debit Card,Completed,0.239
PUR007135,CUST03939,CAM009326,2026-02-23,640.28,0.15,544.24,Apple Pay,Completed,0.391
PUR007136,CUST01942,CAM008935,2024-10-11,44.05,0.0,44.05,Apple Pay,Completed,0.359
PUR007137,CUST03604,CAM004105,2025-10-31,428.15,0.25,321.11,Credit Card,Cancelled,0.313
PUR007138,CUST01520,CAM008607,2025-07-24,2258.3,0.2,1806.64,Credit Card,Completed,0.239
PUR007139,CUST03522,CAM002999,2026-04-18,1079.39,0.2,863.51,Debit Card,Completed,0.418
PUR007140,CUST04846,CAM006468,2025-11-02,90.6,0.0,90.6,Credit Card,Refunded,0.216
PUR007141,CUST03750,CAM007059,2024-10-13,784.47,0.0,784.47,Apple Pay,Pending,0.334
PUR007142,CUST04760,CAM001502,2025-08-10,844.37,0.24,641.72,Credit Card,Cancelled,0.268
PUR007143,CUST02849,CAM004398,2024-10-06,821.77,0.0,821.77,Debit Card,Completed,0.358
PUR007144,CUST02772,CAM003214,2026-05-18,529.61,0.0,529.61,Credit Card,Completed,0.269
PUR007145,CUST00209,CAM000626,2026-02-06,856.48,0.11,762.27,Apple Pay,Completed,0.374
PUR007146,CUST01947,CAM003620,2024-11-25,635.15,0.0,635.15,PayPal,Completed,0.417
PUR007147,CUST00824,CAM000623,2024-09-04,1019.24,0.0,1019.24,Apple Pay,Completed,0.344
PUR007148,CUST03571,CAM009772,2026-07-06,1647.69,0.0,1647.69,Credit Card,Completed,0.436
PUR007149,CUST00816,CAM004002,2026-03-14,455.54,0.0,455.54,PayPal,Completed,0.387
PUR007150,CUST02305,CAM001122,2026-03-29,223.8,0.13,194.71,PayPal,Completed,0.25
PUR007151,CUST04493,CAM007366,2026-07-05,262.73,0.24,199.67,Credit Card,Cancelled,0.36
PUR007152,CUST00967,CAM008365,2026-04-26,1191.66,0.18,977.16,Credit Card,Completed,0.405
PUR007153,CUST04703,CAM006625,2025-05-15,299.13,0.0,299.13,Credit Card,Completed,0.286
PUR007154,CUST02784,CAM009386,2026-05-03,449.14,0.15,381.77,Credit Card,Completed,0.237
PUR007155,CUST04390,CAM002806,2026-04-23,10.42,0.02,10.21,PayPal,Completed,0.421
PUR007156,CUST02428,CAM003437,2024-09-15,1383.1,0.13,1203.3,Credit Card,Completed,0.201
PUR007157,CUST00919,CAM006281,2026-04-06,231.82,0.0,231.82,PayPal,Pending,0.262
PUR007158,CUST04431,CAM008601,2025-05-14,1029.8,0.0,1029.8,Apple Pay,Completed,0.371
PUR007159,CUST00857,CAM008161,2025-03-06,1014.91,0.2,811.93,Credit Card,Pending,0.25
PUR007160,CUST04683,CAM000831,2026-04-24,517.69,0.0,517.69,Debit Card,Completed,0.339
PUR007161,CUST03055,CAM002173,2026-05-14,315.33,0.0,315.33,Credit Card,Completed,0.327
PUR007162,CUST01374,CAM003578,2025-05-19,239.5,0.0,239.5,Debit Card,Refunded,0.4
PUR007163,CUST01789,CAM009727,2026-05-11,805.95,0.0,805.95,Debit Card,Completed,0.405
PUR007164,CUST01014,CAM008460,2025-09-24,813.77,0.0,813.77,PayPal,Completed,0.292
PUR007165,CUST02382,CAM006418,2025-03-20,1226.22,0.23,944.19,Apple Pay,Completed,0.439
PUR007166,CUST00061,CAM000282,2025-04-25,419.05,0.0,419.05,Credit Card,Cancelled,0.282
PUR007167,CUST02104,CAM002697,2025-12-20,1317.4,0.0,1317.4,Debit Card,Completed,0.246
PUR007168,CUST00633,CAM002965,2026-05-05,1049.44,0.01,1038.95,PayPal,Completed,0.204
PUR007169,CUST04480,CAM006365,2026-08-30,396.27,0.0,396.27,Credit Card,Completed,0.215
PUR007170,CUST00273,CAM000312,2025-05-13,1354.05,0.0,1354.05,Debit Card,Completed,0.239
PUR007171,CUST01978,CAM001063,2026-08-27,4948.16,0.0,4948.16,Credit Card,Completed,0.246
PUR007172,CUST04102,CAM005189,2026-02-24,736.22,0.0,736.22,Apple Pay,Completed,0.268
PUR007173,CUST04801,CAM000177,2025-06-25,419.77,0.16,352.61,Debit Card,Completed,0.298
PUR007174,CUST04200,CAM005676,2026-01-25,526.64,0.0,526.64,Credit Card,Completed,0.271
PUR007175,CUST02801,CAM008229,2026-03-07,501.26,0.0,501.26,PayPal,Completed,0.229
PUR007176,CUST04618,CAM007099,2025-10-04,1248.57,0.16,1048.8,Apple Pay,Completed,0.335
PUR007177,CUST02382,CAM006508,2026-03-20,558.71,0.0,558.71,Debit Card,Completed,0.252
PUR007178,CUST01767,CAM004646,2025-02-07,338.08,0.0,338.08,Debit Card,Completed,0.335
PUR007179,CUST02612,CAM007111,2025-04-28,142.3,0.0,142.3,Debit Card,Completed,0.434
PUR007180,CUST04059,CAM000909,2024-10-05,257.53,0.02,252.38,Debit Card,Completed,0.438
PUR007181,CUST03321,CAM009884,2025-05-17,624.27,0.24,474.45,Google Pay,Completed,0.352
PUR007182,CUST03758,CAM008903,2025-08-29,182.59,0.0,182.59,Debit Card,Pending,0.449
PUR007183,CUST03463,CAM001546,2025-10-11,446.22,0.16,374.82,Credit Card,Pending,0.267
PUR007184,CUST03477,CAM005223,2026-05-22,1513.57,0.06,1422.76,Apple Pay,Completed,0.287
PUR007185,CUST02339,CAM007815,2026-06-09,1601.18,0.15,1361.0,Credit Card,Completed,0.381
PUR007186,CUST02203,CAM002192,2026-04-12,1352.54,0.0,1352.54,PayPal,Completed,0.33
PUR007187,CUST01613,CAM006123,2026-07-31,1310.22,0.14,1126.79,PayPal,Completed,0.258
PUR007188,CUST03663,CAM005210,2025-12-28,244.14,0.0,244.14,Google Pay,Completed,0.381
PUR007189,CUST02991,CAM002939,2025-02-17,3376.57,0.14,2903.85,Credit Card,Completed,0.352
PUR007190,CUST03090,CAM004520,2026-04-30,1157.75,0.17,960.93,Credit Card,Completed,0.392
PUR007191,CUST00135,CAM000601,2026-07-27,709.94,0.0,709.94,Debit Card,Pending,0.254
PUR007192,CUST02579,CAM002072,2025-06-19,285.72,0.0,285.72,Apple Pay,Completed,0.424
PUR007193,CUST03464,CAM008380,2026-05-10,944.32,0.0,944.32,Google Pay,Cancelled,0.355
PUR007194,CUST01337,CAM004270,2025-03-12,739.84,0.0,739.84,PayPal,Pending,0.318
PUR007195,CUST04055,CAM003963,2025-01-25,373.72,0.0,373.72,PayPal,Refunded,0.253
PUR007196,CUST02748,CAM009672,2025-06-19,83.41,0.0,83.41,PayPal,Completed,0.295
PUR007197,CUST04570,CAM006679,2024-12-21,813.19,0.0,813.19,PayPal,Completed,0.333
PUR007198,CUST01549,CAM009670,2025-12-25,153.63,0.08,141.34,Debit Card,Completed,0.41
PUR007199,CUST03928,CAM005655,2025-08-04,1137.37,0.25,853.03,Credit Card,Completed,0.435
PUR007200,CUST04288,CAM002629,2026-02-07,628.69,0.0,628.69,Credit Card,Completed,0.406
PUR007201,CUST02815,CAM002146,2025-05-31,804.2,0.0,804.2,Credit Card,Completed,0.358
PUR007202,CUST02806,CAM005270,2025-12-29,1449.08,0.05,1376.63,Apple Pay,Completed,0.341
PUR007203,CUST04748,CAM001409,2026-02-17,506.43,0.0,506.43,Google Pay,Completed,0.43
PUR007204,CUST02816,CAM001020,2025-12-13,436.57,0.23,336.16,Debit Card,Completed,0.418
PUR007205,CUST00103,CAM001350,2026-07-24,2441.52,0.0,2441.52,Apple Pay,Completed,0.448
PUR007206,CUST02759,CAM003844,2026-08-22,556.04,0.0,556.04,Credit Card,Completed,0.34
PUR007207,CUST01759,CAM000878,2026-07-30,895.17,0.0,895.17,Debit Card,Completed,0.311
PUR007208,CUST01380,CAM003068,2024-10-08,303.0,0.0,303.0,Google Pay,Completed,0.407
PUR007209,CUST03114,CAM001666,2025-02-25,356.69,0.06,335.29,Credit Card,Completed,0.408
PUR007210,CUST01932,CAM004146,2025-11-14,821.11,0.21,648.68,Debit Card,Completed,0.228
PUR007211,CUST04480,CAM008944,2025-07-01,382.44,0.0,382.44,Apple Pay,Completed,0.264
PUR007212,CUST04625,CAM006975,2026-07-03,980.82,0.0,980.82,Debit Card,Completed,0.263
PUR007213,CUST00763,CAM003411,2024-12-24,418.99,0.0,418.99,Debit Card,Completed,0.352
PUR007214,CUST00283,CAM006591,2026-02-01,1131.33,0.17,939.0,Debit Card,Completed,0.288
PUR007215,CUST02026,CAM000858,2025-10-03,611.46,0.0,611.46,Credit Card,Pending,0.428
PUR007216,CUST00187,CAM006316,2025-01-13,719.46,0.0,719.46,Debit Card,Cancelled,0.233
PUR007217,CUST00156,CAM001871,2024-11-16,345.53,0.0,345.53,Debit Card,Pending,0.297
PUR007218,CUST02413,CAM005250,2025-05-20,252.85,0.0,252.85,Debit Card,Refunded,0.438
PUR007219,CUST00488,CAM002019,2024-12-15,855.38,0.06,804.06,Credit Card,Completed,0.407
PUR007220,CUST02902,CAM004804,2025-11-03,500.26,0.02,490.25,Credit Card,Completed,0.313
PUR007221,CUST01242,CAM006078,2024-09-29,47.13,0.0,47.13,Debit Card,Completed,0.215
PUR007222,CUST04782,CAM007277,2024-10-29,588.34,0.03,570.69,Credit Card,Completed,0.248
PUR007223,CUST04566,CAM004461,2025-10-03,216.93,0.0,216.93,Apple Pay,Completed,0.361
PUR007224,CUST04962,CAM005138,2026-05-29,837.07,0.0,837.07,PayPal,Completed,0.426
PUR007225,CUST01777,CAM009850,2025-09-14,1154.02,0.0,1154.02,Debit Card,Completed,0.338
PUR007226,CUST04317,CAM004687,2026-02-12,327.06,0.2,261.65,Apple Pay,Completed,0.443
PUR007227,CUST00567,CAM005039,2024-11-24,299.03,0.0,299.03,Credit Card,Pending,0.242
PUR007228,CUST01490,CAM009214,2025-05-02,192.3,0.0,192.3,Credit Card,Completed,0.313
PUR007229,CUST00560,CAM003417,2026-02-14,1102.02,0.03,1068.96,Apple Pay,Completed,0.376
PUR007230,CUST02805,CAM004552,2024-10-10,2262.03,0.14,1945.35,Debit Card,Refunded,0.242
PUR007231,CUST00233,CAM004321,2025-04-12,1142.66,0.0,1142.66,PayPal,Completed,0.225
PUR007232,CUST03514,CAM009826,2025-01-19,464.4,0.0,464.4,Credit Card,Completed,0.408
PUR007233,CUST04596,CAM005547,2025-01-20,480.54,0.0,480.54,Apple Pay,Completed,0.421
PUR007234,CUST03542,CAM009300,2025-11-23,1520.7,0.08,1399.04,Apple Pay,Completed,0.447
PUR007235,CUST01520,CAM009459,2026-01-22,2071.6,0.09,1885.16,PayPal,Completed,0.304
PUR007236,CUST00378,CAM005867,2026-08-03,44.96,0.24,34.17,Credit Card,Pending,0.254
PUR007237,CUST04572,CAM005394,2025-11-07,746.08,0.0,746.08,Google Pay,Completed,0.365
PUR007238,CUST04098,CAM004192,2024-10-29,1342.48,0.22,1047.13,Credit Card,Completed,0.218
PUR007239,CUST04415,CAM003286,2026-04-18,362.09,0.0,362.09,PayPal,Completed,0.409
PUR007240,CUST04175,CAM001364,2025-11-26,188.36,0.0,188.36,Credit Card,Completed,0.44
PUR007241,CUST03338,CAM005362,2025-06-05,676.94,0.0,676.94,Credit Card,Refunded,0.245
PUR007242,CUST00852,CAM001501,2026-08-27,316.35,0.23,243.59,Debit Card,Completed,0.236
PUR007243,CUST04606,CAM001290,2025-06-05,610.43,0.0,610.43,PayPal,Completed,0.244
PUR007244,CUST03542,CAM009935,2025-09-08,852.21,0.0,852.21,PayPal,Completed,0.24
PUR007245,CUST04371,CAM006761,2025-08-22,2164.81,0.19,1753.5,Credit Card,Completed,0.402
PUR007246,CUST03529,CAM008627,2026-04-19,327.13,0.0,327.13,PayPal,Completed,0.255
PUR007247,CUST03263,CAM007761,2026-02-23,202.09,0.0,202.09,Debit Card,Completed,0.248
PUR007248,CUST04805,CAM009096,2024-10-25,269.8,0.1,242.82,PayPal,Completed,0.376
PUR007249,CUST01212,CAM002784,2025-11-21,791.55,0.05,751.97,Credit Card,Completed,0.264
PUR007250,CUST04022,CAM003607,2025-10-29,635.67,0.13,553.03,Credit Card,Completed,0.41
PUR007251,CUST02582,CAM002399,2025-11-23,813.19,0.0,813.19,Credit Card,Completed,0.227
PUR007252,CUST01728,CAM003525,2026-10-04,424.97,0.0,424.97,PayPal,Completed,0.2
PUR007253,CUST04837,CAM005082,2025-11-03,1498.8,0.0,1498.8,Google Pay,Cancelled,0.25
PUR007254,CUST01931,CAM009740,2024-11-06,565.16,0.03,548.21,Debit Card,Completed,0.308
PUR007255,CUST00801,CAM008490,2026-06-25,194.96,0.0,194.96,Debit Card,Pending,0.369
PUR007256,CUST03915,CAM006941,2024-12-13,481.81,0.0,481.81,Credit Card,Completed,0.26
PUR007257,CUST03781,CAM002457,2026-04-26,534.29,0.13,464.83,Debit Card,Completed,0.276
PUR007258,CUST01692,CAM007537,2026-02-15,131.43,0.0,131.43,Debit Card,Completed,0.336
PUR007259,CUST01095,CAM008787,2026-09-27,962.54,0.12,847.04,Google Pay,Completed,0.318
PUR007260,CUST01832,CAM001578,2026-04-13,540.77,0.0,540.77,PayPal,Completed,0.228
PUR007261,CUST00696,CAM009218,2025-11-30,393.13,0.19,318.44,PayPal,Completed,0.392
PUR007262,CUST01303,CAM005544,2025-02-08,538.74,0.17,447.15,Google Pay,Completed,0.432
PUR007263,CUST04831,CAM009373,2025-10-25,1627.53,0.0,1627.53,Debit Card,Completed,0.437
PUR007264,CUST00121,CAM006428,2026-03-15,1473.56,0.0,1473.56,PayPal,Completed,0.326
PUR007265,CUST03391,CAM004076,2026-07-22,1174.13,0.0,1174.13,Credit Card,Completed,0.412
PUR007266,CUST04064,CAM006263,2025-11-16,324.03,0.13,281.91,Credit Card,Refunded,0.362
PUR007267,CUST00807,CAM006445,2024-12-02,265.6,0.0,265.6,Debit Card,Completed,0.25
PUR007268,CUST04913,CAM002768,2025-06-27,17714.62,0.0,17714.62,Debit Card,Completed,0.39
PUR007269,CUST03781,CAM003443,2025-08-25,7743.47,0.07,7201.43,Apple Pay,Completed,0.246
PUR007270,CUST03099,CAM004656,2026-08-19,900.74,0.0,900.74,Apple Pay,Cancelled,0.217
PUR007271,CUST02034,CAM004974,2025-05-11,1041.63,0.17,864.55,Google Pay,Pending,0.219
PUR007272,CUST04422,CAM001797,2025-11-06,368.93,0.0,368.93,Debit Card,Cancelled,0.356
PUR007273,CUST02935,CAM004119,2026-03-20,1168.85,0.23,900.01,Debit Card,Completed,0.354
PUR007274,CUST03810,CAM002601,2025-12-29,816.73,0.05,775.89,Credit Card,Refunded,0.33
PUR007275,CUST01083,CAM008308,2026-06-27,692.96,0.15,589.02,Credit Card,Completed,0.245
PUR007276,CUST00828,CAM002222,2026-01-24,381.21,0.16,320.22,Debit Card,Completed,0.436
PUR007277,CUST03671,CAM009688,2026-07-17,364.83,0.16,306.46,Apple Pay,Completed,0.306
PUR007278,CUST01788,CAM002867,2026-07-15,723.18,0.0,723.18,Credit Card,Completed,0.249
PUR007279,CUST03169,CAM009000,2025-05-14,238.64,0.02,233.87,Debit Card,Completed,0.315
PUR007280,CUST02630,CAM007761,2026-01-30,1042.59,0.0,1042.59,Debit Card,Pending,0.34
PUR007281,CUST04903,CAM003687,2025-08-31,254.85,0.0,254.85,Debit Card,Completed,0.276
PUR007282,CUST02297,CAM007500,2025-04-20,581.3,0.21,459.23,PayPal,Completed,0.369
PUR007283,CUST04637,CAM001068,2025-05-08,117.24,0.01,116.07,Debit Card,Completed,0.284
PUR007284,CUST04749,CAM003980,2026-07-17,532.48,0.0,532.48,Debit Card,Completed,0.44
PUR007285,CUST04318,CAM001925,2024-10-16,1573.13,0.11,1400.09,Credit Card,Completed,0.422
PUR007286,CUST03376,CAM006792,2025-10-06,121.05,0.17,100.47,Credit Card,Completed,0.252
PUR007287,CUST00017,CAM000648,2025-10-24,198.44,0.17,164.71,Debit Card,Completed,0.35
PUR007288,CUST03506,CAM000413,2025-10-02,407.06,0.0,407.06,Apple Pay,Cancelled,0.392
PUR007289,CUST04875,CAM000221,2025-11-19,248.71,0.0,248.71,PayPal,Refunded,0.315
PUR007290,CUST04994,CAM008572,2025-05-31,456.71,0.0,456.71,Credit Card,Completed,0.24
PUR007291,CUST03617,CAM009706,2026-02-23,111.26,0.18,91.23,Debit Card,Completed,0.37
PUR007292,CUST02211,CAM002567,2025-04-12,481.2,0.0,481.2,PayPal,Completed,0.238
PUR007293,CUST04728,CAM005311,2025-08-16,585.84,0.0,585.84,Credit Card,Completed,0.271
PUR007294,CUST03510,CAM001590,2025-07-22,3618.02,0.03,3509.48,Credit Card,Pending,0.258
PUR007295,CUST01790,CAM000206,2025-01-07,348.59,0.22,271.9,Credit Card,Completed,0.443
PUR007296,CUST00343,CAM009303,2025-01-08,415.62,0.0,415.62,Credit Card,Completed,0.348
PUR007297,CUST00449,CAM009326,2026-02-11,593.53,0.0,593.53,Credit Card,Pending,0.208
PUR007298,CUST00665,CAM004527,2025-08-09,2160.19,0.22,1684.95,Debit Card,Refunded,0.395
PUR007299,CUST04500,CAM009492,2026-04-22,215.08,0.0,215.08,PayPal,Pending,0.332
PUR007300,CUST03514,CAM009556,2024-12-20,624.55,0.13,543.36,Debit Card,Completed,0.411
PUR007301,CUST02184,CAM009789,2025-04-14,772.88,0.06,726.51,Google Pay,Completed,0.334
PUR007302,CUST00682,CAM004544,2024-11-23,991.84,0.0,991.84,Credit Card,Completed,0.43
PUR007303,CUST00310,CAM005172,2024-11-28,68.82,0.0,68.82,Debit Card,Completed,0.348
PUR007304,CUST00580,CAM003448,2025-05-24,672.48,0.1,605.23,Debit Card,Completed,0.363
PUR007305,CUST03335,CAM004178,2024-12-10,153.53,0.06,144.32,Apple Pay,Completed,0.379
PUR007306,CUST00318,CAM003543,2025-01-02,328.07,0.0,328.07,Debit Card,Completed,0.237
PUR007307,CUST04962,CAM007354,2024-12-08,631.81,0.0,631.81,Debit Card,Completed,0.392
PUR007308,CUST02090,CAM008210,2026-08-20,277.08,0.06,260.46,Debit Card,Completed,0.253
PUR007309,CUST01704,CAM002472,2024-12-13,261.24,0.21,206.38,Credit Card,Completed,0.25
PUR007310,CUST02564,CAM001596,2025-05-07,141.51,0.23,108.96,PayPal,Pending,0.235
PUR007311,CUST01776,CAM008234,2024-09-14,555.79,0.0,555.79,Apple Pay,Pending,0.423
PUR007312,CUST02378,CAM009362,2025-01-08,612.32,0.0,612.32,Credit Card,Completed,0.212
PUR007313,CUST03246,CAM006880,2025-11-04,704.11,0.1,633.7,Credit Card,Completed,0.435
PUR007314,CUST02275,CAM002378,2026-08-10,393.61,0.0,393.61,Credit Card,Completed,0.283
PUR007315,CUST03996,CAM003343,2025-12-06,643.58,0.0,643.58,Debit Card,Completed,0.222
PUR007316,CUST00309,CAM008429,2025-01-26,1309.57,0.0,1309.57,Credit Card,Completed,0.365
PUR007317,CUST04052,CAM001613,2025-06-19,239.34,0.0,239.34,Google Pay,Completed,0.346
PUR007318,CUST02041,CAM003266,2025-04-06,407.07,0.0,407.07,Credit Card,Completed,0.324
PUR007319,CUST00157,CAM007448,2026-06-19,1681.32,0.15,1429.12,Apple Pay,Completed,0.274
PUR007320,CUST03903,CAM004998,2024-09-15,1272.35,0.21,1005.16,Apple Pay,Completed,0.304
PUR007321,CUST00174,CAM003047,2024-12-23,538.89,0.09,490.39,Debit Card,Completed,0.379
PUR007322,CUST04094,CAM000488,2025-09-23,746.32,0.0,746.32,Google Pay,Completed,0.439
PUR007323,CUST04236,CAM003296,2026-09-12,1821.09,0.0,1821.09,Debit Card,Completed,0.293
PUR007324,CUST02007,CAM003186,2025-10-15,96.8,0.0,96.8,Debit Card,Completed,0.416
PUR007325,CUST01081,CAM002437,2024-12-16,1291.58,0.0,1291.58,Apple Pay,Completed,0.446
PUR007326,CUST02962,CAM003929,2025-05-18,550.13,0.0,550.13,Credit Card,Completed,0.403
PUR007327,CUST02864,CAM007592,2026-03-10,291.69,0.0,291.69,Apple Pay,Completed,0.211
PUR007328,CUST02837,CAM004714,2024-11-29,160.44,0.0,160.44,Debit Card,Completed,0.446
PUR007329,CUST03440,CAM009546,2025-04-12,733.9,0.09,667.85,Credit Card,Cancelled,0.429
PUR007330,CUST04521,CAM000023,2025-02-20,672.85,0.0,672.85,Google Pay,Completed,0.202
PUR007331,CUST02386,CAM007906,2025-04-15,804.9,0.0,804.9,Apple Pay,Cancelled,0.359
PUR007332,CUST01828,CAM002180,2025-04-22,1064.86,0.2,851.89,Credit Card,Completed,0.379
PUR007333,CUST00315,CAM006193,2025-02-28,756.8,0.05,718.96,Debit Card,Completed,0.29
PUR007334,CUST02611,CAM001399,2026-08-07,395.15,0.0,395.15,PayPal,Completed,0.3
PUR007335,CUST02080,CAM009869,2024-12-16,72.64,0.17,60.29,Debit Card,Completed,0.224
PUR007336,CUST01944,CAM009540,2026-08-23,492.16,0.0,492.16,PayPal,Completed,0.254
PUR007337,CUST00515,CAM008617,2026-06-23,1480.86,0.0,1480.86,PayPal,Completed,0.321
PUR007338,CUST00703,CAM004124,2025-12-24,445.64,0.0,445.64,Credit Card,Completed,0.298
PUR007339,CUST04351,CAM000704,2026-03-20,714.12,0.09,649.85,Debit Card,Completed,0.211
PUR007340,CUST00340,CAM000105,2026-01-24,1565.8,0.05,1487.51,Credit Card,Completed,0.298
PUR007341,CUST00172,CAM009226,2025-03-20,341.57,0.15,290.33,PayPal,Completed,0.366
PUR007342,CUST03101,CAM002382,2025-09-03,581.16,0.0,581.16,PayPal,Completed,0.312
PUR007343,CUST01735,CAM008680,2026-06-26,1247.79,0.0,1247.79,Credit Card,Completed,0.419
PUR007344,CUST04746,CAM008258,2026-01-19,231.11,0.0,231.11,PayPal,Completed,0.315
PUR007345,CUST00375,CAM009296,2025-01-18,2047.61,0.04,1965.71,PayPal,Completed,0.223
PUR007346,CUST04445,CAM007920,2025-07-21,176.99,0.0,176.99,Credit Card,Refunded,0.323
PUR007347,CUST04291,CAM005751,2024-10-29,732.75,0.24,556.89,Credit Card,Completed,0.431
PUR007348,CUST02438,CAM009823,2025-01-08,261.35,0.0,261.35,Google Pay,Pending,0.258
PUR007349,CUST03837,CAM007348,2026-04-09,1217.55,0.14,1047.09,Google Pay,Cancelled,0.384
PUR007350,CUST04154,CAM002509,2024-08-31,118.86,0.0,118.86,Credit Card,Pending,0.252
PUR007351,CUST00187,CAM009446,2026-03-14,1094.11,0.0,1094.11,Debit Card,Completed,0.422
PUR007352,CUST04455,CAM002720,2026-03-27,1344.27,0.19,1088.86,PayPal,Completed,0.42
PUR007353,CUST02678,CAM000892,2025-01-16,201.82,0.0,201.82,Debit Card,Completed,0.421
PUR007354,CUST00392,CAM009959,2026-02-28,142.55,0.17,118.32,Credit Card,Refunded,0.254
PUR007355,CUST03499,CAM009803,2025-04-04,986.24,0.0,986.24,PayPal,Completed,0.33
PUR007356,CUST03071,CAM006060,2025-05-12,150.7,0.0,150.7,Apple Pay,Completed,0.309
PUR007357,CUST03514,CAM002656,2024-12-04,707.62,0.0,707.62,Apple Pay,Refunded,0.298
PUR007358,CUST02997,CAM000788,2025-10-15,230.71,0.0,230.71,Credit Card,Completed,0.394
PUR007359,CUST02560,CAM003741,2025-01-27,445.81,0.0,445.81,Apple Pay,Completed,0.218
PUR007360,CUST02578,CAM009050,2025-06-15,650.11,0.0,650.11,Credit Card,Completed,0.306
PUR007361,CUST04857,CAM005965,2025-11-21,840.57,0.0,840.57,PayPal,Completed,0.233
PUR007362,CUST03997,CAM003472,2026-01-28,132.61,0.0,132.61,Apple Pay,Pending,0.319
PUR007363,CUST02023,CAM009333,2026-02-06,2786.1,0.07,2591.07,PayPal,Completed,0.267
PUR007364,CUST02832,CAM007954,2026-05-14,2154.35,0.0,2154.35,Credit Card,Completed,0.394
PUR007365,CUST03568,CAM006303,2026-06-10,142.14,0.0,142.14,Google Pay,Completed,0.289
PUR007366,CUST01884,CAM005256,2025-10-06,570.58,0.0,570.58,Credit Card,Completed,0.286
PUR007367,CUST04357,CAM009970,2025-01-14,1203.31,0.0,1203.31,Debit Card,Pending,0.256
PUR007368,CUST02581,CAM009661,2026-03-23,1545.58,0.0,1545.58,Apple Pay,Completed,0.301
PUR007369,CUST00035,CAM006984,2026-01-11,1460.45,0.0,1460.45,Debit Card,Pending,0.374
PUR007370,CUST04618,CAM009394,2024-10-14,958.1,0.0,958.1,PayPal,Completed,0.293
PUR007371,CUST03071,CAM002443,2025-06-11,188.55,0.0,188.55,Credit Card,Completed,0.429
PUR007372,CUST04659,CAM005432,2026-05-16,2791.44,0.0,2791.44,Credit Card,Completed,0.378
PUR007373,CUST02819,CAM005763,2025-05-03,250.51,0.0,250.51,Apple Pay,Completed,0.295
PUR007374,CUST02321,CAM002324,2026-02-11,360.73,0.0,360.73,Debit Card,Completed,0.268
PUR007375,CUST00318,CAM008951,2025-09-27,213.72,0.0,213.72,Google Pay,Completed,0.326
PUR007376,CUST04633,CAM002570,2024-11-09,355.38,0.14,305.63,Google Pay,Completed,0.299
PUR007377,CUST03478,CAM004888,2026-06-19,546.31,0.0,546.31,Credit Card,Completed,0.211
PUR007378,CUST02496,CAM009556,2024-12-22,3888.73,0.0,3888.73,Debit Card,Completed,0.405
PUR007379,CUST04256,CAM000162,2025-12-04,455.89,0.17,378.39,Debit Card,Completed,0.424
PUR007380,CUST03893,CAM005895,2025-01-12,259.89,0.0,259.89,PayPal,Completed,0.41
PUR007381,CUST03254,CAM001093,2026-05-22,518.65,0.0,518.65,Credit Card,Completed,0.214
PUR007382,CUST04503,CAM000331,2025-04-02,360.43,0.0,360.43,PayPal,Completed,0.364
PUR007383,CUST03841,CAM001221,2025-09-22,654.19,0.0,654.19,Credit Card,Completed,0.41
PUR007384,CUST03408,CAM002836,2026-06-24,2090.27,0.0,2090.27,Google Pay,Completed,0.32
PUR007385,CUST02648,CAM004961,2026-05-17,254.41,0.02,249.32,Apple Pay,Completed,0.251
PUR007386,CUST01065,CAM009326,2026-02-26,528.75,0.0,528.75,Apple Pay,Refunded,0.347
PUR007387,CUST01972,CAM002921,2026-02-02,698.25,0.16,586.53,Credit Card,Cancelled,0.249
PUR007388,CUST01169,CAM003309,2025-06-20,1926.34,0.2,1541.07,PayPal,Completed,0.382
PUR007389,CUST01128,CAM008467,2025-05-22,219.28,0.0,219.28,PayPal,Completed,0.282
PUR007390,CUST03494,CAM002090,2026-02-02,1310.29,0.07,1218.57,Apple Pay,Completed,0.447
PUR007391,CUST03107,CAM008210,2026-08-17,505.75,0.0,505.75,PayPal,Completed,0.36
PUR007392,CUST01456,CAM001705,2025-09-16,743.61,0.0,743.61,Google Pay,Completed,0.283
PUR007393,CUST03373,CAM005648,2025-06-09,877.1,0.07,815.7,Debit Card,Pending,0.404
PUR007394,CUST02011,CAM005508,2026-01-29,2937.66,0.0,2937.66,Google Pay,Completed,0.396
PUR007395,CUST02817,CAM009676,2025-06-05,806.72,0.0,806.72,Google Pay,Completed,0.42
PUR007396,CUST01899,CAM003714,2026-07-02,53.01,0.18,43.47,Credit Card,Completed,0.255
PUR007397,CUST04642,CAM009288,2025-12-06,597.37,0.01,591.4,Apple Pay,Completed,0.211
PUR007398,CUST00081,CAM007944,2025-10-15,906.34,0.22,706.95,PayPal,Pending,0.444
PUR007399,CUST03440,CAM009511,2025-05-20,389.09,0.0,389.09,Credit Card,Completed,0.248
PUR007400,CUST01063,CAM006505,2024-09-09,223.12,0.12,196.35,PayPal,Completed,0.333
PUR007401,CUST00302,CAM008078,2026-03-05,828.91,0.13,721.15,Credit Card,Completed,0.337
PUR007402,CUST04569,CAM001820,2025-11-29,380.04,0.0,380.04,PayPal,Completed,0.292
PUR007403,CUST01446,CAM002817,2025-02-06,162.32,0.0,162.32,Google Pay,Pending,0.386
PUR007404,CUST01323,CAM008902,2024-10-06,781.75,0.0,781.75,Credit Card,Completed,0.306
PUR007405,CUST03264,CAM008880,2025-03-27,564.11,0.0,564.11,PayPal,Pending,0.412
PUR007406,CUST04826,CAM005226,2026-02-14,269.95,0.09,245.65,PayPal,Completed,0.424
PUR007407,CUST00146,CAM007624,2025-07-19,1409.53,0.0,1409.53,PayPal,Completed,0.363
PUR007408,CUST00109,CAM008811,2025-07-12,630.87,0.0,630.87,Credit Card,Completed,0.43
PUR007409,CUST01178,CAM000485,2026-02-11,304.0,0.0,304.0,Credit Card,Completed,0.388
PUR007410,CUST03542,CAM008631,2025-12-03,475.87,0.0,475.87,Credit Card,Completed,0.399
PUR007411,CUST00632,CAM001875,2026-08-30,541.26,0.0,541.26,Debit Card,Pending,0.427
PUR007412,CUST00749,CAM006284,2025-07-12,405.69,0.25,304.27,Credit Card,Completed,0.212
PUR007413,CUST03062,CAM001770,2025-01-17,252.56,0.22,197.0,Apple Pay,Pending,0.286
PUR007414,CUST01680,CAM008138,2026-01-20,938.17,0.02,919.41,Apple Pay,Completed,0.402
PUR007415,CUST04865,CAM009813,2026-07-24,179.21,0.0,179.21,PayPal,Completed,0.236
PUR007416,CUST00154,CAM005675,2025-06-28,281.16,0.0,281.16,Credit Card,Completed,0.421
PUR007417,CUST03520,CAM005547,2025-01-01,172.76,0.0,172.76,Credit Card,Completed,0.432
PUR007418,CUST00149,CAM005278,2025-05-16,695.49,0.0,695.49,Debit Card,Pending,0.322
PUR007419,CUST03242,CAM007568,2025-09-14,525.64,0.0,525.64,Credit Card,Completed,0.269
PUR007420,CUST02482,CAM002658,2025-05-03,1104.2,0.09,1004.82,Google Pay,Completed,0.293
PUR007421,CUST03404,CAM003715,2026-03-14,1342.96,0.24,1020.65,Debit Card,Completed,0.31
PUR007422,CUST02591,CAM008778,2025-04-11,372.03,0.0,372.03,PayPal,Completed,0.314
PUR007423,CUST04856,CAM003019,2025-08-05,1540.88,0.0,1540.88,Credit Card,Completed,0.367
PUR007424,CUST00515,CAM006828,2025-11-17,619.23,0.07,575.88,Google Pay,Completed,0.384
PUR007425,CUST04567,CAM008432,2025-11-01,200.53,0.0,200.53,Credit Card,Completed,0.251
PUR007426,CUST04574,CAM000272,2025-11-18,585.54,0.0,585.54,Debit Card,Completed,0.373
PUR007427,CUST03148,CAM002246,2025-05-21,1076.55,0.0,1076.55,Apple Pay,Completed,0.266
PUR007428,CUST01105,CAM003682,2026-07-23,1278.85,0.0,1278.85,Credit Card,Completed,0.403
PUR007429,CUST02391,CAM002961,2025-07-05,2502.73,0.0,2502.73,Debit Card,Completed,0.308
PUR007430,CUST03456,CAM005726,2026-01-03,1273.91,0.0,1273.91,Credit Card,Pending,0.427
PUR007431,CUST02253,CAM002193,2026-02-24,686.35,0.24,521.63,Credit Card,Pending,0.339
PUR007432,CUST00913,CAM003166,2026-01-07,1614.18,0.0,1614.18,Credit Card,Refunded,0.396
PUR007433,CUST02920,CAM008582,2026-08-24,521.39,0.0,521.39,PayPal,Refunded,0.274
PUR007434,CUST02704,CAM005605,2026-07-02,158.7,0.0,158.7,Debit Card,Completed,0.305
PUR007435,CUST03526,CAM006935,2026-04-25,326.54,0.0,326.54,Credit Card,Completed,0.275
PUR007436,CUST03673,CAM006713,2026-07-29,508.99,0.0,508.99,Credit Card,Completed,0.201
PUR007437,CUST03977,CAM003653,2025-08-18,433.97,0.0,433.97,Credit Card,Completed,0.396
PUR007438,CUST04686,CAM000105,2025-12-11,378.28,0.2,302.62,PayPal,Completed,0.266
PUR007439,CUST03947,CAM002953,2025-07-07,676.52,0.0,676.52,Apple Pay,Completed,0.229
PUR007440,CUST04772,CAM005074,2025-09-17,517.0,0.08,475.64,Credit Card,Completed,0.352
PUR007441,CUST01305,CAM002088,2026-04-15,858.43,0.23,660.99,Apple Pay,Completed,0.366
PUR007442,CUST04622,CAM003630,2026-03-26,306.34,0.0,306.34,Credit Card,Completed,0.279
PUR007443,CUST03502,CAM008549,2025-02-21,2794.29,0.0,2794.29,PayPal,Completed,0.393
PUR007444,CUST02584,CAM008866,2026-04-29,694.08,0.11,617.73,Debit Card,Completed,0.337
PUR007445,CUST04838,CAM006374,2026-09-03,801.66,0.0,801.66,Debit Card,Cancelled,0.396
PUR007446,CUST01452,CAM009719,2024-12-23,717.04,0.0,717.04,Credit Card,Completed,0.328
PUR007447,CUST03610,CAM005903,2024-12-10,932.82,0.07,867.52,Credit Card,Completed,0.43
PUR007448,CUST00146,CAM002055,2026-02-15,868.08,0.0,868.08,Apple Pay,Completed,0.394
PUR007449,CUST04434,CAM002083,2026-09-15,79.98,0.06,75.18,PayPal,Completed,0.22
PUR007450,CUST00763,CAM007906,2025-04-29,432.59,0.0,432.59,Credit Card,Completed,0.245
PUR007451,CUST03590,CAM002379,2025-03-10,946.68,0.24,719.48,PayPal,Cancelled,0.208
PUR007452,CUST02567,CAM005230,2026-01-06,213.78,0.18,175.3,Debit Card,Completed,0.412
PUR007453,CUST01095,CAM002984,2024-10-23,1172.35,0.2,937.88,Google Pay,Completed,0.391
PUR007454,CUST00137,CAM004547,2025-04-18,148.4,0.24,112.78,Debit Card,Completed,0.222
PUR007455,CUST04058,CAM004748,2026-07-21,221.13,0.0,221.13,Debit Card,Completed,0.396
PUR007456,CUST00885,CAM003310,2026-04-25,387.88,0.0,387.88,Debit Card,Completed,0.427
PUR007457,CUST01778,CAM009154,2025-11-11,1370.16,0.0,1370.16,Credit Card,Completed,0.276
PUR007458,CUST01160,CAM000819,2025-09-10,71.3,0.0,71.3,Debit Card,Completed,0.255
PUR007459,CUST02250,CAM008539,2025-11-15,266.76,0.0,266.76,PayPal,Completed,0.404
PUR007460,CUST02802,CAM003396,2026-01-13,195.88,0.0,195.88,Apple Pay,Completed,0.397
PUR007461,CUST03504,CAM009588,2025-10-25,572.03,0.0,572.03,Google Pay,Completed,0.311
PUR007462,CUST01393,CAM007917,2025-12-21,679.77,0.0,679.77,Credit Card,Completed,0.24
PUR007463,CUST03265,CAM003306,2024-10-03,305.64,0.0,305.64,PayPal,Completed,0.25
PUR007464,CUST02858,CAM002020,2025-04-09,271.19,0.0,271.19,Debit Card,Completed,0.343
PUR007465,CUST03421,CAM006227,2025-11-16,40.14,0.0,40.14,PayPal,Pending,0.265
PUR007466,CUST03385,CAM005482,2026-05-07,430.25,0.0,430.25,Credit Card,Refunded,0.269
PUR007467,CUST01877,CAM008885,2026-01-07,1067.33,0.11,949.92,Credit Card,Completed,0.354
PUR007468,CUST01563,CAM002764,2025-04-28,499.23,0.0,499.23,Apple Pay,Completed,0.406
PUR007469,CUST03010,CAM003616,2026-04-23,495.01,0.0,495.01,PayPal,Completed,0.206
PUR007470,CUST00978,CAM009092,2024-10-18,2010.8,0.0,2010.8,Debit Card,Cancelled,0.419
PUR007471,CUST02318,CAM006990,2026-04-20,118.56,0.02,116.19,Google Pay,Completed,0.374
PUR007472,CUST02912,CAM004043,2025-10-10,800.65,0.24,608.49,Debit Card,Completed,0.356
PUR007473,CUST02765,CAM000827,2025-06-25,639.93,0.01,633.53,Debit Card,Completed,0.444
PUR007474,CUST03986,CAM001468,2025-03-25,136.24,0.0,136.24,Debit Card,Completed,0.413
PUR007475,CUST01181,CAM001027,2025-05-24,1392.37,0.0,1392.37,Credit Card,Completed,0.363
PUR007476,CUST03201,CAM007532,2025-02-08,314.36,0.0,314.36,Credit Card,Completed,0.22
PUR007477,CUST00167,CAM009656,2026-07-12,563.46,0.0,563.46,Debit Card,Completed,0.367
PUR007478,CUST02822,CAM009066,2026-06-12,1149.7,0.0,1149.7,Debit Card,Completed,0.309
PUR007479,CUST04778,CAM004362,2025-02-09,954.51,0.0,954.51,Credit Card,Completed,0.237
PUR007480,CUST00175,CAM004423,2024-12-17,1383.84,0.18,1134.75,Apple Pay,Cancelled,0.383
PUR007481,CUST03738,CAM004392,2025-12-14,1390.97,0.04,1335.33,Credit Card,Completed,0.397
PUR007482,CUST00675,CAM007279,2026-07-08,370.65,0.0,370.65,Debit Card,Completed,0.292
PUR007483,CUST04507,CAM001890,2024-12-07,72.83,0.0,72.83,Debit Card,Completed,0.26
PUR007484,CUST01680,CAM009030,2025-08-12,1718.28,0.0,1718.28,PayPal,Completed,0.363
PUR007485,CUST02744,CAM003545,2025-07-15,1349.72,0.0,1349.72,Credit Card,Refunded,0.291
PUR007486,CUST04590,CAM007522,2025-01-11,1722.22,0.25,1291.66,Apple Pay,Completed,0.2
PUR007487,CUST00328,CAM005877,2025-10-03,632.59,0.0,632.59,Apple Pay,Completed,0.291
PUR007488,CUST02712,CAM008055,2025-10-03,1202.24,0.0,1202.24,Debit Card,Completed,0.233
PUR007489,CUST01625,CAM008203,2025-09-09,953.75,0.0,953.75,Apple Pay,Completed,0.298
PUR007490,CUST01404,CAM005128,2024-10-31,871.88,0.18,714.94,PayPal,Completed,0.29
PUR007491,CUST00829,CAM007520,2025-07-25,949.03,0.0,949.03,Apple Pay,Completed,0.284
PUR007492,CUST02789,CAM003540,2024-10-13,673.7,0.0,673.7,PayPal,Completed,0.26
PUR007493,CUST03141,CAM002056,2026-08-31,1732.16,0.0,1732.16,Debit Card,Completed,0.259
PUR007494,CUST02841,CAM005607,2026-01-13,680.87,0.0,680.87,Debit Card,Completed,0.409
PUR007495,CUST02431,CAM006903,2026-01-01,380.87,0.01,377.06,Debit Card,Completed,0.328
PUR007496,CUST03051,CAM008808,2026-06-08,1881.24,0.0,1881.24,Debit Card,Completed,0.283
PUR007497,CUST03317,CAM005372,2026-04-26,41.23,0.0,41.23,PayPal,Pending,0.399
PUR007498,CUST03418,CAM009268,2026-04-15,511.04,0.0,511.04,Credit Card,Completed,0.271
PUR007499,CUST01814,CAM005502,2026-07-07,817.29,0.13,711.04,Debit Card,Completed,0.388
PUR007500,CUST04442,CAM001443,2026-01-09,708.4,0.0,708.4,Credit Card,Completed,0.23
PUR007501,CUST03707,CAM001281,2025-12-04,2768.25,0.0,2768.25,Apple Pay,Pending,0.448
PUR007502,CUST02164,CAM004717,2026-02-21,835.68,0.11,743.76,Debit Card,Completed,0.251
PUR007503,CUST01294,CAM001506,2025-09-25,1011.21,0.18,829.19,PayPal,Completed,0.433
PUR007504,CUST00639,CAM004413,2025-10-08,850.01,0.2,680.01,PayPal,Completed,0.303
PUR007505,CUST00428,CAM004239,2025-01-05,704.82,0.02,690.72,PayPal,Completed,0.223
PUR007506,CUST01853,CAM007702,2026-08-21,518.24,0.0,518.24,Debit Card,Completed,0.354
PUR007507,CUST00130,CAM007880,2026-03-21,727.97,0.0,727.97,Google Pay,Completed,0.287
PUR007508,CUST04622,CAM005529,2025-05-20,297.15,0.0,297.15,Google Pay,Completed,0.265
PUR007509,CUST02265,CAM008008,2026-07-09,793.14,0.0,793.14,Google Pay,Completed,0.307
PUR007510,CUST00245,CAM007430,2026-01-21,349.09,0.0,349.09,PayPal,Completed,0.363
PUR007511,CUST04345,CAM008916,2026-02-14,193.96,0.0,193.96,Google Pay,Refunded,0.321
PUR007512,CUST03907,CAM009852,2025-02-23,547.5,0.0,547.5,Debit Card,Completed,0.422
PUR007513,CUST03884,CAM003790,2025-02-04,211.29,0.0,211.29,Google Pay,Completed,0.364
PUR007514,CUST03749,CAM005409,2025-06-18,1295.94,0.01,1282.98,Apple Pay,Completed,0.304
PUR007515,CUST03200,CAM006716,2025-04-08,1452.92,0.0,1452.92,Apple Pay,Pending,0.334
PUR007516,CUST04541,CAM009335,2025-09-15,611.53,0.01,605.41,Credit Card,Completed,0.42
PUR007517,CUST03817,CAM009956,2025-12-02,400.58,0.0,400.58,Apple Pay,Completed,0.329
PUR007518,CUST04141,CAM008226,2025-12-07,255.7,0.03,248.03,PayPal,Completed,0.262
PUR007519,CUST02750,CAM002840,2025-05-26,577.19,0.16,484.84,Debit Card,Cancelled,0.245
PUR007520,CUST04852,CAM007233,2024-08-18,2292.21,0.2,1833.77,Google Pay,Completed,0.318
PUR007521,CUST03965,CAM009928,2024-12-26,237.44,0.11,211.32,Debit Card,Completed,0.449
PUR007522,CUST02259,CAM009484,2025-12-03,731.61,0.0,731.61,Debit Card,Completed,0.229
PUR007523,CUST00972,CAM006389,2024-11-10,877.34,0.16,736.97,Debit Card,Completed,0.406
PUR007524,CUST03190,CAM005319,2025-07-02,1082.41,0.0,1082.41,PayPal,Completed,0.266
PUR007525,CUST02112,CAM007835,2025-09-28,920.52,0.0,920.52,Credit Card,Completed,0.209
PUR007526,CUST01866,CAM001424,2026-04-28,1514.86,0.0,1514.86,Debit Card,Completed,0.206
PUR007527,CUST01151,CAM003174,2026-04-19,145.8,0.2,116.64,PayPal,Completed,0.222
PUR007528,CUST02336,CAM001032,2026-02-23,1478.56,0.0,1478.56,Google Pay,Completed,0.366
PUR007529,CUST03700,CAM005240,2025-07-22,445.93,0.0,445.93,PayPal,Completed,0.405
PUR007530,CUST00206,CAM001950,2025-09-25,505.45,0.0,505.45,Credit Card,Cancelled,0.286
PUR007531,CUST01011,CAM000322,2025-07-19,233.59,0.0,233.59,PayPal,Completed,0.439
PUR007532,CUST00139,CAM003759,2025-01-18,204.59,0.05,194.36,Debit Card,Completed,0.398
PUR007533,CUST01356,CAM004401,2026-08-13,422.05,0.0,422.05,PayPal,Completed,0.36
PUR007534,CUST01044,CAM009599,2026-02-08,108.82,0.05,103.38,Debit Card,Completed,0.209
PUR007535,CUST00716,CAM007824,2026-08-16,516.67,0.13,449.5,Debit Card,Refunded,0.219
PUR007536,CUST02652,CAM000519,2024-10-16,1354.76,0.0,1354.76,Credit Card,Completed,0.246
PUR007537,CUST02645,CAM002295,2026-05-22,971.28,0.16,815.88,Credit Card,Completed,0.401
PUR007538,CUST01035,CAM007238,2025-02-12,926.49,0.0,926.49,Credit Card,Completed,0.39
PUR007539,CUST04721,CAM003254,2026-06-21,98.74,0.0,98.74,Apple Pay,Completed,0.27
PUR007540,CUST04261,CAM009556,2024-11-24,252.86,0.0,252.86,Apple Pay,Completed,0.419
PUR007541,CUST01225,CAM005307,2024-10-26,1540.77,0.0,1540.77,Credit Card,Completed,0.447
PUR007542,CUST04254,CAM007920,2025-07-19,1119.83,0.0,1119.83,PayPal,Completed,0.327
PUR007543,CUST03979,CAM007087,2024-11-21,285.88,0.05,271.59,PayPal,Completed,0.308
PUR007544,CUST01976,CAM002179,2024-11-28,1803.8,0.0,1803.8,Credit Card,Completed,0.41
PUR007545,CUST00968,CAM006590,2026-04-22,1000.73,0.0,1000.73,Google Pay,Completed,0.426
PUR007546,CUST03858,CAM005301,2026-03-09,939.28,0.0,939.28,Debit Card,Completed,0.296
PUR007547,CUST02598,CAM006848,2024-09-01,956.29,0.0,956.29,Credit Card,Completed,0.315
PUR007548,CUST01597,CAM006045,2026-07-13,727.05,0.18,596.18,Credit Card,Refunded,0.252
PUR007549,CUST03152,CAM003782,2025-03-29,1123.74,0.0,1123.74,Credit Card,Completed,0.362
PUR007550,CUST01304,CAM003384,2025-03-22,68.88,0.0,68.88,Debit Card,Completed,0.311
PUR007551,CUST01700,CAM006906,2024-12-02,350.06,0.0,350.06,Debit Card,Completed,0.449
PUR007552,CUST04631,CAM008317,2026-01-14,738.56,0.24,561.31,PayPal,Completed,0.32
PUR007553,CUST04222,CAM009616,2025-05-06,614.99,0.0,614.99,Debit Card,Completed,0.212
PUR007554,CUST01756,CAM002961,2025-07-12,142.28,0.04,136.59,Credit Card,Completed,0.284
PUR007555,CUST04141,CAM006204,2024-11-16,2535.83,0.11,2256.89,PayPal,Completed,0.234
PUR007556,CUST00097,CAM003697,2026-08-29,551.09,0.0,551.09,Apple Pay,Completed,0.418
PUR007557,CUST00225,CAM008475,2026-05-13,182.75,0.17,151.68,PayPal,Completed,0.417
PUR007558,CUST03695,CAM008234,2024-08-29,4039.46,0.06,3797.09,Credit Card,Completed,0.436
PUR007559,CUST02765,CAM000673,2025-07-31,1852.95,0.0,1852.95,Credit Card,Completed,0.234
PUR007560,CUST02313,CAM003059,2026-05-18,675.09,0.0,675.09,PayPal,Completed,0.205
PUR007561,CUST04837,CAM005970,2025-11-01,331.96,0.09,302.08,Debit Card,Completed,0.436
PUR007562,CUST01992,CAM004973,2024-10-16,852.5,0.06,801.35,Google Pay,Completed,0.38
PUR007563,CUST00650,CAM003382,2025-08-23,483.76,0.0,483.76,Credit Card,Pending,0.347
PUR007564,CUST03092,CAM000606,2026-07-28,210.41,0.06,197.79,Apple Pay,Completed,0.328
PUR007565,CUST01782,CAM006544,2025-02-13,86.12,0.01,85.26,Debit Card,Completed,0.24
PUR007566,CUST01131,CAM009903,2026-03-02,1019.96,0.15,866.97,PayPal,Completed,0.278
PUR007567,CUST02692,CAM006427,2024-11-29,152.28,0.0,152.28,Debit Card,Completed,0.272
PUR007568,CUST02527,CAM000258,2026-03-04,650.5,0.0,650.5,Credit Card,Pending,0.394
PUR007569,CUST03416,CAM004033,2025-08-10,240.16,0.0,240.16,PayPal,Completed,0.229
PUR007570,CUST00990,CAM006743,2025-06-12,148.59,0.0,148.59,Credit Card,Completed,0.362
PUR007571,CUST00747,CAM005087,2025-09-15,155.96,0.0,155.96,Credit Card,Completed,0.44
PUR007572,CUST02692,CAM003114,2025-12-26,187.61,0.16,157.59,Debit Card,Completed,0.251
PUR007573,CUST04582,CAM004642,2025-09-23,629.09,0.0,629.09,Google Pay,Completed,0.317
PUR007574,CUST02713,CAM000400,2026-03-23,175.93,0.0,175.93,PayPal,Completed,0.381
PUR007575,CUST02586,CAM007582,2025-05-18,721.35,0.05,685.28,PayPal,Cancelled,0.236
PUR007576,CUST02208,CAM001984,2025-05-03,717.36,0.24,545.19,Debit Card,Pending,0.45
PUR007577,CUST01147,CAM001208,2025-05-25,1630.57,0.13,1418.6,Google Pay,Completed,0.379
PUR007578,CUST03220,CAM007838,2026-02-17,346.69,0.0,346.69,Apple Pay,Completed,0.415
PUR007579,CUST04470,CAM003866,2026-04-19,158.32,0.23,121.91,PayPal,Cancelled,0.391
PUR007580,CUST01138,CAM003605,2025-04-22,113.8,0.0,113.8,Debit Card,Completed,0.328
PUR007581,CUST03051,CAM006637,2026-05-14,2328.45,0.12,2049.04,Debit Card,Completed,0.221
PUR007582,CUST04371,CAM008061,2025-11-03,660.0,0.0,660.0,Debit Card,Completed,0.282
PUR007583,CUST04083,CAM006739,2024-11-25,499.34,0.0,499.34,Credit Card,Completed,0.239
PUR007584,CUST01402,CAM007502,2026-04-13,724.13,0.0,724.13,PayPal,Completed,0.262
PUR007585,CUST04996,CAM000660,2026-07-21,258.36,0.01,255.78,Debit Card,Completed,0.45
PUR007586,CUST00279,CAM008108,2025-03-15,169.66,0.0,169.66,Debit Card,Completed,0.296
PUR007587,CUST00250,CAM005752,2025-06-03,1367.97,0.0,1367.97,Apple Pay,Pending,0.267
PUR007588,CUST03021,CAM002140,2025-08-01,454.11,0.0,454.11,PayPal,Completed,0.227
PUR007589,CUST01077,CAM000074,2025-07-04,1648.62,0.0,1648.62,Credit Card,Cancelled,0.28
PUR007590,CUST01329,CAM007357,2024-12-18,730.82,0.0,730.82,Apple Pay,Completed,0.413
PUR007591,CUST03512,CAM001054,2026-06-09,974.47,0.0,974.47,Google Pay,Pending,0.284
PUR007592,CUST03656,CAM003894,2025-01-25,1400.43,0.0,1400.43,Debit Card,Pending,0.344
PUR007593,CUST04253,CAM001275,2026-06-13,808.55,0.0,808.55,Debit Card,Completed,0.352
PUR007594,CUST00346,CAM006111,2026-04-06,965.11,0.0,965.11,Credit Card,Completed,0.289
PUR007595,CUST02174,CAM001341,2025-03-23,1199.23,0.0,1199.23,Apple Pay,Completed,0.225
PUR007596,CUST04468,CAM001977,2025-05-03,352.84,0.0,352.84,Apple Pay,Pending,0.441
PUR007597,CUST01499,CAM005411,2025-03-01,93.95,0.08,86.43,Credit Card,Completed,0.317
PUR007598,CUST02029,CAM006492,2025-10-02,521.56,0.0,521.56,Debit Card,Completed,0.434
PUR007599,CUST04444,CAM004695,2025-07-25,151.85,0.0,151.85,Credit Card,Completed,0.351
PUR007600,CUST01524,CAM005691,2025-07-01,225.88,0.0,225.88,Debit Card,Completed,0.407
PUR007601,CUST01511,CAM004402,2025-06-08,394.51,0.05,374.78,PayPal,Completed,0.391
PUR007602,CUST02884,CAM004882,2026-01-27,138.79,0.0,138.79,Credit Card,Completed,0.255
PUR007603,CUST01473,CAM004524,2024-09-02,334.22,0.0,334.22,PayPal,Pending,0.284
PUR007604,CUST04696,CAM004648,2026-06-28,488.55,0.0,488.55,Google Pay,Completed,0.286
PUR007605,CUST03064,CAM007067,2024-12-04,343.04,0.0,343.04,Credit Card,Refunded,0.297
PUR007606,CUST02478,CAM003322,2025-01-03,1934.22,0.0,1934.22,PayPal,Completed,0.341
PUR007607,CUST00309,CAM001535,2025-03-29,462.59,0.0,462.59,Apple Pay,Completed,0.247
PUR007608,CUST01736,CAM005653,2024-12-09,781.26,0.1,703.13,PayPal,Completed,0.226
PUR007609,CUST00787,CAM006651,2026-03-21,440.11,0.0,440.11,Debit Card,Completed,0.378
PUR007610,CUST01845,CAM004661,2026-05-04,466.27,0.24,354.37,Credit Card,Completed,0.399
PUR007611,CUST03419,CAM006066,2024-11-24,470.88,0.0,470.88,Credit Card,Completed,0.357
PUR007612,CUST00954,CAM005737,2025-04-02,322.06,0.24,244.77,PayPal,Refunded,0.391
PUR007613,CUST00383,CAM001648,2025-12-09,76.62,0.21,60.53,Debit Card,Completed,0.278
PUR007614,CUST04933,CAM009747,2024-10-23,198.97,0.0,198.97,Credit Card,Completed,0.215
PUR007615,CUST04145,CAM000406,2024-10-31,250.14,0.0,250.14,Credit Card,Completed,0.39
PUR007616,CUST01676,CAM000563,2024-10-28,674.94,0.11,600.7,Debit Card,Completed,0.443
PUR007617,CUST01913,CAM000955,2024-10-12,602.57,0.0,602.57,Credit Card,Refunded,0.342
PUR007618,CUST00893,CAM007055,2025-08-24,869.38,0.0,869.38,Debit Card,Refunded,0.239
PUR007619,CUST03791,CAM002379,2025-04-14,1432.9,0.18,1174.98,Debit Card,Completed,0.302
PUR007620,CUST01941,CAM000214,2025-03-31,333.5,0.09,303.48,PayPal,Completed,0.213
PUR007621,CUST02365,CAM008348,2025-01-03,313.69,0.0,313.69,Google Pay,Completed,0.437
PUR007622,CUST00529,CAM005551,2025-06-08,429.14,0.0,429.14,Credit Card,Completed,0.332
PUR007623,CUST02982,CAM002126,2024-11-02,433.1,0.14,372.47,Credit Card,Pending,0.382
PUR007624,CUST01045,CAM001129,2025-03-02,1081.75,0.0,1081.75,Google Pay,Completed,0.244
PUR007625,CUST00704,CAM002989,2026-03-28,447.48,0.0,447.48,Credit Card,Completed,0.401
PUR007626,CUST04449,CAM000208,2026-03-22,132.8,0.22,103.58,Debit Card,Completed,0.437
PUR007627,CUST02311,CAM007264,2024-09-21,522.41,0.0,522.41,Apple Pay,Completed,0.366
PUR007628,CUST04386,CAM002228,2025-09-14,1030.05,0.0,1030.05,Debit Card,Completed,0.251
PUR007629,CUST01642,CAM008350,2026-07-27,184.1,0.0,184.1,Credit Card,Completed,0.203
PUR007630,CUST03511,CAM001407,2024-11-15,67.14,0.01,66.47,Apple Pay,Pending,0.305
PUR007631,CUST04207,CAM001863,2025-07-31,1301.32,0.17,1080.1,Credit Card,Cancelled,0.265
PUR007632,CUST00531,CAM003700,2025-09-14,478.4,0.0,478.4,Debit Card,Pending,0.343
PUR007633,CUST04209,CAM007339,2025-06-22,661.7,0.0,661.7,PayPal,Completed,0.296
PUR007634,CUST00950,CAM009553,2025-11-13,436.93,0.0,436.93,PayPal,Completed,0.444
PUR007635,CUST04170,CAM007313,2025-04-13,459.13,0.11,408.63,Credit Card,Completed,0.218
PUR007636,CUST02750,CAM007816,2025-09-30,374.0,0.03,362.78,Apple Pay,Pending,0.222
PUR007637,CUST03702,CAM000976,2026-04-10,406.04,0.0,406.04,PayPal,Completed,0.424
PUR007638,CUST01006,CAM008980,2024-12-15,225.16,0.0,225.16,Google Pay,Completed,0.355
PUR007639,CUST00454,CAM000105,2026-01-26,1180.48,0.0,1180.48,Credit Card,Completed,0.239
PUR007640,CUST01243,CAM001670,2025-03-17,578.58,0.17,480.22,Credit Card,Completed,0.299
PUR007641,CUST00638,CAM000113,2026-02-28,1010.43,0.04,970.01,PayPal,Pending,0.217
PUR007642,CUST04392,CAM000647,2025-04-30,1609.83,0.22,1255.67,Apple Pay,Completed,0.235
PUR007643,CUST03540,CAM009808,2026-05-12,522.97,0.0,522.97,PayPal,Completed,0.273
PUR007644,CUST03186,CAM004938,2025-12-25,405.37,0.0,405.37,Debit Card,Completed,0.273
PUR007645,CUST01588,CAM005336,2026-09-04,378.2,0.0,378.2,Apple Pay,Completed,0.292
PUR007646,CUST02950,CAM008683,2025-11-29,1386.64,0.21,1095.45,Debit Card,Completed,0.244
PUR007647,CUST02809,CAM001290,2025-06-18,454.94,0.0,454.94,Debit Card,Completed,0.213
PUR007648,CUST00047,CAM009265,2026-03-17,1082.88,0.0,1082.88,Credit Card,Completed,0.24
PUR007649,CUST02279,CAM006358,2026-08-10,406.48,0.22,317.05,Credit Card,Completed,0.312
PUR007650,CUST04053,CAM006231,2026-07-14,223.64,0.0,223.64,Apple Pay,Completed,0.23
PUR007651,CUST04369,CAM002000,2026-08-02,400.26,0.16,336.22,Credit Card,Completed,0.318
PUR007652,CUST01236,CAM009312,2025-08-05,742.3,0.0,742.3,PayPal,Completed,0.375
PUR007653,CUST01533,CAM003570,2026-05-04,148.27,0.0,148.27,Debit Card,Completed,0.223
PUR007654,CUST03185,CAM009140,2026-01-09,739.55,0.18,606.43,Debit Card,Refunded,0.302
PUR007655,CUST02810,CAM001854,2024-11-28,670.49,0.11,596.74,Debit Card,Completed,0.395
PUR007656,CUST03476,CAM008124,2024-12-25,416.0,0.0,416.0,Google Pay,Completed,0.26
PUR007657,CUST01294,CAM002800,2025-10-23,156.75,0.22,122.26,Debit Card,Completed,0.26
PUR007658,CUST04875,CAM006025,2025-11-10,572.29,0.0,572.29,Credit Card,Completed,0.407
PUR007659,CUST01440,CAM004005,2026-02-12,584.51,0.0,584.51,PayPal,Refunded,0.383
PUR007660,CUST01877,CAM005067,2025-09-25,290.6,0.0,290.6,Debit Card,Completed,0.274
PUR007661,CUST04956,CAM008403,2026-08-16,510.18,0.0,510.18,Debit Card,Completed,0.431
PUR007662,CUST02798,CAM003881,2025-03-12,864.97,0.0,864.97,Credit Card,Completed,0.244
PUR007663,CUST01990,CAM009262,2025-03-26,1606.29,0.0,1606.29,Credit Card,Completed,0.427
PUR007664,CUST03476,CAM007049,2025-03-07,422.08,0.08,388.31,Apple Pay,Pending,0.409
PUR007665,CUST00080,CAM006867,2026-08-15,245.84,0.0,245.84,PayPal,Pending,0.439
PUR007666,CUST04279,CAM009389,2025-04-15,434.94,0.0,434.94,Credit Card,Completed,0.413
PUR007667,CUST02939,CAM004231,2024-12-09,1451.94,0.0,1451.94,Credit Card,Refunded,0.303
PUR007668,CUST01761,CAM001066,2026-07-26,1363.83,0.0,1363.83,Debit Card,Cancelled,0.226
PUR007669,CUST04236,CAM003226,2026-01-23,985.69,0.14,847.69,Google Pay,Completed,0.218
PUR007670,CUST03492,CAM000284,2025-08-20,425.77,0.0,425.77,Credit Card,Cancelled,0.403
PUR007671,CUST03079,CAM000756,2025-01-15,654.61,0.22,510.6,PayPal,Completed,0.35
PUR007672,CUST04938,CAM004334,2026-01-12,773.83,0.0,773.83,Debit Card,Completed,0.318
PUR007673,CUST02562,CAM001935,2026-07-13,1200.23,0.01,1188.23,Debit Card,Pending,0.201
PUR007674,CUST02037,CAM004166,2024-12-17,743.3,0.0,743.3,Credit Card,Completed,0.254
PUR007675,CUST04391,CAM002666,2024-10-06,272.61,0.0,272.61,PayPal,Completed,0.24
PUR007676,CUST04838,CAM001835,2026-03-15,1047.22,0.0,1047.22,Credit Card,Completed,0.423
PUR007677,CUST04564,CAM002871,2026-02-02,1178.61,0.0,1178.61,Apple Pay,Completed,0.212
PUR007678,CUST00887,CAM005702,2025-12-24,708.8,0.0,708.8,Credit Card,Refunded,0.369
PUR007679,CUST00767,CAM002410,2026-01-24,1244.32,0.0,1244.32,Credit Card,Completed,0.419
PUR007680,CUST02110,CAM002857,2026-09-09,236.29,0.0,236.29,PayPal,Completed,0.269
PUR007681,CUST01611,CAM005155,2025-11-15,155.99,0.23,120.11,Apple Pay,Pending,0.225
PUR007682,CUST00046,CAM008010,2025-01-10,792.25,0.1,713.02,Debit Card,Completed,0.306
PUR007683,CUST03895,CAM003664,2025-11-14,1392.11,0.0,1392.11,Credit Card,Completed,0.399
PUR007684,CUST04429,CAM004780,2026-09-07,202.6,0.04,194.5,PayPal,Pending,0.222
PUR007685,CUST02942,CAM000542,2026-06-10,816.11,0.0,816.11,Credit Card,Pending,0.252
PUR007686,CUST01327,CAM006590,2026-04-03,902.86,0.0,902.86,Credit Card,Cancelled,0.359
PUR007687,CUST00881,CAM005508,2026-02-13,521.21,0.06,489.94,Debit Card,Completed,0.329
PUR007688,CUST01455,CAM005297,2025-08-03,530.89,0.0,530.89,Credit Card,Pending,0.391
PUR007689,CUST01650,CAM006059,2025-07-23,1002.13,0.0,1002.13,Google Pay,Completed,0.371
PUR007690,CUST01955,CAM007183,2024-12-18,427.27,0.04,410.18,Apple Pay,Completed,0.393
PUR007691,CUST04098,CAM009404,2026-01-19,1254.99,0.21,991.44,Apple Pay,Completed,0.292
PUR007692,CUST04734,CAM007737,2026-03-03,382.69,0.03,371.21,PayPal,Completed,0.25
PUR007693,CUST03560,CAM005545,2025-07-26,1312.87,0.0,1312.87,Debit Card,Completed,0.348
PUR007694,CUST03388,CAM001281,2025-12-01,406.51,0.0,406.51,Apple Pay,Completed,0.233
PUR007695,CUST00194,CAM004749,2026-02-08,397.59,0.18,326.02,Credit Card,Completed,0.202
PUR007696,CUST00931,CAM001740,2025-02-23,991.85,0.08,912.5,Credit Card,Cancelled,0.336
PUR007697,CUST04590,CAM001858,2024-10-15,2355.03,0.03,2284.38,Credit Card,Pending,0.316
PUR007698,CUST02776,CAM008371,2025-09-23,617.09,0.0,617.09,Credit Card,Completed,0.205
PUR007699,CUST01399,CAM008617,2026-06-29,1081.83,0.0,1081.83,PayPal,Pending,0.26
PUR007700,CUST03880,CAM008903,2025-08-29,2550.51,0.0,2550.51,PayPal,Completed,0.351
PUR007701,CUST04817,CAM008897,2026-07-31,619.3,0.05,588.33,Google Pay,Pending,0.287
PUR007702,CUST00268,CAM001807,2024-12-28,292.4,0.0,292.4,Apple Pay,Completed,0.264
PUR007703,CUST01034,CAM002500,2025-10-22,615.97,0.16,517.41,Apple Pay,Completed,0.382
PUR007704,CUST04502,CAM004903,2025-06-08,965.56,0.06,907.63,Apple Pay,Cancelled,0.278
PUR007705,CUST02189,CAM006456,2025-05-03,2796.99,0.14,2405.41,Debit Card,Completed,0.425
PUR007706,CUST00701,CAM006006,2025-11-06,652.58,0.0,652.58,Apple Pay,Cancelled,0.39
PUR007707,CUST03910,CAM008721,2026-04-04,326.59,0.0,326.59,PayPal,Pending,0.286
PUR007708,CUST01457,CAM002530,2025-05-15,1689.06,0.0,1689.06,Debit Card,Completed,0.386
PUR007709,CUST00344,CAM006742,2026-03-19,511.18,0.0,511.18,Apple Pay,Pending,0.319
PUR007710,CUST04145,CAM005000,2026-05-24,288.79,0.11,257.02,Apple Pay,Completed,0.32
PUR007711,CUST03801,CAM007177,2026-03-28,789.39,0.16,663.09,PayPal,Completed,0.328
PUR007712,CUST00916,CAM005793,2025-11-09,406.9,0.01,402.83,Credit Card,Completed,0.248
PUR007713,CUST00146,CAM009214,2025-04-09,760.18,0.0,760.18,Debit Card,Completed,0.443
PUR007714,CUST04626,CAM007785,2025-05-12,385.11,0.0,385.11,PayPal,Pending,0.431
PUR007715,CUST02068,CAM006944,2025-01-27,465.12,0.0,465.12,Credit Card,Completed,0.338
PUR007716,CUST00538,CAM007933,2026-03-25,1825.73,0.0,1825.73,Credit Card,Completed,0.249
PUR007717,CUST02281,CAM004207,2025-05-20,440.5,0.12,387.64,Debit Card,Cancelled,0.358
PUR007718,CUST03788,CAM005059,2025-01-18,281.97,0.0,281.97,Apple Pay,Completed,0.244
PUR007719,CUST02768,CAM007109,2026-05-25,813.65,0.0,813.65,Credit Card,Cancelled,0.336
PUR007720,CUST00124,CAM003475,2025-02-04,1550.51,0.19,1255.91,Credit Card,Completed,0.337
PUR007721,CUST03768,CAM009384,2025-05-13,926.6,0.0,926.6,Credit Card,Completed,0.247
PUR007722,CUST00542,CAM002818,2026-08-25,143.83,0.0,143.83,Credit Card,Completed,0.401
PUR007723,CUST01231,CAM004995,2025-08-28,139.98,0.0,139.98,Apple Pay,Completed,0.433
PUR007724,CUST01601,CAM005653,2024-12-18,865.66,0.16,727.15,Credit Card,Completed,0.447
PUR007725,CUST01168,CAM008293,2025-04-08,604.93,0.0,604.93,Credit Card,Completed,0.342
PUR007726,CUST04219,CAM007586,2024-12-30,547.3,0.0,547.3,Debit Card,Completed,0.203
PUR007727,CUST03822,CAM003411,2024-11-22,61.37,0.09,55.85,Debit Card,Completed,0.446
PUR007728,CUST04125,CAM003631,2026-05-10,97.75,0.0,97.75,Credit Card,Completed,0.312
PUR007729,CUST01485,CAM002912,2026-03-30,1078.25,0.0,1078.25,Apple Pay,Pending,0.299
PUR007730,CUST00205,CAM005467,2025-09-25,121.9,0.0,121.9,Google Pay,Completed,0.44
PUR007731,CUST04497,CAM006486,2026-05-15,1078.92,0.16,906.29,Credit Card,Completed,0.202
PUR007732,CUST01003,CAM006800,2026-07-24,528.69,0.16,444.1,Debit Card,Completed,0.446
PUR007733,CUST00081,CAM004123,2026-03-16,1180.78,0.0,1180.78,Debit Card,Completed,0.311
PUR007734,CUST01035,CAM002298,2025-08-07,1173.39,0.0,1173.39,Debit Card,Completed,0.377
PUR007735,CUST01598,CAM008809,2025-06-08,869.43,0.0,869.43,Debit Card,Completed,0.266
PUR007736,CUST04855,CAM000152,2026-08-31,852.5,0.07,792.82,Google Pay,Completed,0.272
PUR007737,CUST02686,CAM009973,2024-09-12,1259.69,0.03,1221.9,Debit Card,Completed,0.411
PUR007738,CUST04427,CAM008477,2026-09-01,260.17,0.02,254.97,Apple Pay,Completed,0.206
PUR007739,CUST00636,CAM004867,2025-01-10,926.43,0.11,824.52,Credit Card,Completed,0.29
PUR007740,CUST04492,CAM003443,2025-07-22,67.2,0.0,67.2,PayPal,Completed,0.415
PUR007741,CUST04377,CAM003200,2026-05-30,1006.97,0.02,986.83,Apple Pay,Completed,0.358
PUR007742,CUST02498,CAM006567,2025-07-16,1134.95,0.0,1134.95,Apple Pay,Cancelled,0.43
PUR007743,CUST02691,CAM008603,2026-06-21,1043.18,0.0,1043.18,Apple Pay,Completed,0.368
PUR007744,CUST03204,CAM001865,2026-08-17,683.61,0.0,683.61,Debit Card,Completed,0.389
PUR007745,CUST03487,CAM006404,2026-01-23,182.42,0.0,182.42,Credit Card,Completed,0.311
PUR007746,CUST03846,CAM001907,2025-04-04,500.09,0.1,450.08,Apple Pay,Completed,0.376
PUR007747,CUST02944,CAM009171,2024-12-01,621.98,0.0,621.98,Debit Card,Completed,0.415
PUR007748,CUST01240,CAM002548,2025-10-09,383.35,0.18,314.35,Credit Card,Cancelled,0.446
PUR007749,CUST03833,CAM009870,2025-02-10,1122.82,0.0,1122.82,PayPal,Completed,0.354
PUR007750,CUST01889,CAM009002,2024-11-09,196.96,0.24,149.69,Credit Card,Completed,0.42
PUR007751,CUST01837,CAM005101,2025-12-02,1362.31,0.05,1294.19,PayPal,Refunded,0.356
PUR007752,CUST03965,CAM004678,2025-10-02,316.17,0.0,316.17,Debit Card,Completed,0.318
PUR007753,CUST01203,CAM003354,2025-06-12,667.67,0.0,667.67,PayPal,Completed,0.383
PUR007754,CUST00765,CAM001837,2025-01-20,281.25,0.25,210.94,PayPal,Completed,0.266
PUR007755,CUST03022,CAM007834,2025-12-04,213.47,0.0,213.47,PayPal,Completed,0.256
PUR007756,CUST01978,CAM001076,2026-05-17,812.64,0.0,812.64,Apple Pay,Completed,0.379
PUR007757,CUST00807,CAM002237,2025-02-07,494.16,0.05,469.45,Debit Card,Pending,0.257
PUR007758,CUST00288,CAM001460,2026-06-18,399.04,0.22,311.25,Debit Card,Completed,0.434
PUR007759,CUST03005,CAM005313,2025-07-15,409.95,0.0,409.95,Debit Card,Refunded,0.251
PUR007760,CUST04637,CAM002142,2025-04-16,204.02,0.0,204.02,Debit Card,Completed,0.375
PUR007761,CUST02288,CAM000242,2026-08-04,175.35,0.02,171.84,PayPal,Completed,0.417
PUR007762,CUST01078,CAM003300,2024-11-25,108.78,0.16,91.38,Credit Card,Completed,0.36
PUR007763,CUST00695,CAM003491,2025-05-19,107.44,0.0,107.44,Credit Card,Completed,0.396
PUR007764,CUST03252,CAM005270,2025-12-15,1061.55,0.0,1061.55,Debit Card,Completed,0.281
PUR007765,CUST00700,CAM005589,2026-02-16,1180.71,0.21,932.76,Apple Pay,Completed,0.409
PUR007766,CUST00098,CAM009832,2024-11-13,316.76,0.03,307.26,Credit Card,Completed,0.217
PUR007767,CUST03754,CAM006754,2024-12-21,132.08,0.2,105.66,Credit Card,Completed,0.38
PUR007768,CUST04741,CAM008238,2026-07-13,668.46,0.12,588.24,Google Pay,Completed,0.428
PUR007769,CUST00911,CAM000409,2025-04-02,289.69,0.08,266.51,Debit Card,Completed,0.301
PUR007770,CUST03357,CAM007147,2024-10-15,577.78,0.0,577.78,Google Pay,Completed,0.322
PUR007771,CUST04194,CAM009641,2025-08-17,322.52,0.0,322.52,Credit Card,Cancelled,0.379
PUR007772,CUST01182,CAM004724,2026-04-04,2797.11,0.0,2797.11,Apple Pay,Pending,0.434
PUR007773,CUST02505,CAM009573,2026-06-24,363.41,0.0,363.41,Credit Card,Completed,0.429
PUR007774,CUST02008,CAM002489,2025-08-09,189.04,0.24,143.67,Credit Card,Refunded,0.327
PUR007775,CUST02270,CAM000584,2024-10-19,919.77,0.0,919.77,Credit Card,Completed,0.392
PUR007776,CUST01078,CAM009989,2026-06-30,444.21,0.0,444.21,Apple Pay,Completed,0.444
PUR007777,CUST03819,CAM006409,2025-06-07,782.07,0.0,782.07,Debit Card,Completed,0.376
PUR007778,CUST00699,CAM007497,2025-10-18,268.73,0.0,268.73,Apple Pay,Completed,0.408
PUR007779,CUST01624,CAM009182,2025-09-25,143.01,0.12,125.85,Debit Card,Completed,0.356
PUR007780,CUST01297,CAM005284,2026-03-02,260.2,0.0,260.2,Credit Card,Completed,0.362
PUR007781,CUST03242,CAM004664,2025-01-15,4860.56,0.0,4860.56,Apple Pay,Completed,0.215
PUR007782,CUST04564,CAM003302,2025-11-13,1202.0,0.0,1202.0,Apple Pay,Completed,0.408
PUR007783,CUST04519,CAM003008,2024-11-05,435.68,0.0,435.68,Google Pay,Completed,0.317
PUR007784,CUST04964,CAM001301,2026-08-02,935.56,0.08,860.72,Google Pay,Completed,0.372
PUR007785,CUST00730,CAM009021,2026-01-14,86.01,0.12,75.69,Credit Card,Completed,0.404
PUR007786,CUST02639,CAM006049,2025-12-15,271.18,0.23,208.81,Credit Card,Cancelled,0.303
PUR007787,CUST03197,CAM002040,2026-01-01,230.41,0.0,230.41,Debit Card,Completed,0.394
PUR007788,CUST02344,CAM008243,2026-04-26,446.31,0.0,446.31,Credit Card,Completed,0.298
PUR007789,CUST03622,CAM006202,2025-01-06,376.88,0.0,376.88,Credit Card,Completed,0.433
PUR007790,CUST02039,CAM000687,2024-10-01,606.48,0.0,606.48,Apple Pay,Completed,0.415
PUR007791,CUST03829,CAM007231,2026-06-07,1058.65,0.0,1058.65,Credit Card,Completed,0.307
PUR007792,CUST00915,CAM002093,2025-06-13,652.51,0.07,606.83,Credit Card,Completed,0.252
PUR007793,CUST04994,CAM001233,2026-01-23,724.06,0.1,651.65,Credit Card,Completed,0.328
PUR007794,CUST01399,CAM004277,2026-07-15,1734.55,0.0,1734.55,Credit Card,Completed,0.331
PUR007795,CUST02570,CAM003398,2025-10-27,1272.38,0.01,1259.66,Credit Card,Completed,0.33
PUR007796,CUST00172,CAM009056,2026-05-28,1022.99,0.0,1022.99,Credit Card,Completed,0.237
PUR007797,CUST04986,CAM005404,2026-05-24,483.95,0.13,421.04,Credit Card,Completed,0.285
PUR007798,CUST02100,CAM001500,2025-07-16,1241.59,0.23,956.02,PayPal,Completed,0.289
PUR007799,CUST02852,CAM006969,2025-10-04,627.1,0.0,627.1,Apple Pay,Completed,0.209
PUR007800,CUST01210,CAM008837,2026-08-23,109.52,0.11,97.47,Debit Card,Completed,0.379
PUR007801,CUST01097,CAM006290,2026-05-28,2056.74,0.0,2056.74,Debit Card,Completed,0.293
PUR007802,CUST03024,CAM002234,2025-03-05,512.72,0.07,476.83,Credit Card,Completed,0.238
PUR007803,CUST02364,CAM009056,2026-05-30,1067.19,0.13,928.46,Credit Card,Completed,0.365
PUR007804,CUST00574,CAM009461,2026-06-29,739.38,0.0,739.38,PayPal,Cancelled,0.301
PUR007805,CUST00124,CAM008460,2025-10-02,552.61,0.0,552.61,Credit Card,Completed,0.207
PUR007806,CUST04404,CAM001424,2026-03-31,319.35,0.23,245.9,Credit Card,Completed,0.336
PUR007807,CUST00210,CAM000452,2025-08-09,399.79,0.0,399.79,Debit Card,Completed,0.371
PUR007808,CUST02203,CAM000459,2026-09-16,666.66,0.03,646.66,Apple Pay,Completed,0.359
PUR007809,CUST04427,CAM007215,2026-06-14,511.37,0.13,444.89,Google Pay,Completed,0.203
PUR007810,CUST00811,CAM009644,2025-05-01,576.05,0.0,576.05,Credit Card,Completed,0.262
PUR007811,CUST01882,CAM005547,2024-12-26,161.6,0.0,161.6,Debit Card,Completed,0.307
PUR007812,CUST01555,CAM002647,2026-08-17,296.14,0.13,257.64,Debit Card,Completed,0.43
PUR007813,CUST04309,CAM000746,2024-10-14,630.48,0.0,630.48,Debit Card,Completed,0.373
PUR007814,CUST00575,CAM006114,2026-04-10,1487.54,0.09,1353.66,Debit Card,Pending,0.226
PUR007815,CUST03309,CAM007807,2025-06-27,1264.57,0.0,1264.57,Credit Card,Refunded,0.207
PUR007816,CUST04905,CAM005852,2026-09-08,1013.07,0.0,1013.07,Apple Pay,Completed,0.303
PUR007817,CUST04916,CAM003388,2024-11-10,1960.81,0.14,1686.3,Apple Pay,Completed,0.332
PUR007818,CUST02765,CAM008883,2025-06-02,797.14,0.04,765.25,Google Pay,Completed,0.25
PUR007819,CUST04536,CAM008654,2025-07-22,533.27,0.0,533.27,Credit Card,Completed,0.399
PUR007820,CUST00941,CAM007939,2026-07-08,604.3,0.1,543.87,Apple Pay,Completed,0.266
PUR007821,CUST03100,CAM006070,2025-08-21,254.86,0.07,237.02,Apple Pay,Completed,0.288
PUR007822,CUST03570,CAM008101,2025-10-26,710.62,0.0,710.62,Debit Card,Completed,0.295
PUR007823,CUST01015,CAM001390,2026-01-05,516.49,0.19,418.36,PayPal,Completed,0.388
PUR007824,CUST04770,CAM003711,2026-02-20,2293.22,0.0,2293.22,PayPal,Cancelled,0.397
PUR007825,CUST00239,CAM007367,2026-07-08,947.37,0.13,824.21,Apple Pay,Completed,0.252
PUR007826,CUST00564,CAM006842,2025-06-15,583.07,0.0,583.07,PayPal,Pending,0.217
PUR007827,CUST02562,CAM001877,2026-03-28,964.53,0.05,916.3,Credit Card,Completed,0.394
PUR007828,CUST02507,CAM008648,2025-07-05,1272.91,0.0,1272.91,Credit Card,Completed,0.437
PUR007829,CUST01391,CAM000989,2025-11-07,450.5,0.0,450.5,Google Pay,Completed,0.299
PUR007830,CUST03359,CAM007494,2026-05-26,546.85,0.0,546.85,Credit Card,Pending,0.242
PUR007831,CUST03293,CAM005497,2025-04-13,974.07,0.13,847.44,PayPal,Cancelled,0.246
PUR007832,CUST01372,CAM005352,2026-07-17,466.68,0.0,466.68,Google Pay,Completed,0.318
PUR007833,CUST03303,CAM009187,2026-01-20,801.0,0.05,760.95,Credit Card,Completed,0.309
PUR007834,CUST03231,CAM005085,2025-11-04,171.02,0.2,136.82,PayPal,Completed,0.346
PUR007835,CUST04738,CAM005505,2025-10-23,519.28,0.0,519.28,Credit Card,Completed,0.362
PUR007836,CUST03092,CAM002366,2025-09-01,302.3,0.14,259.98,Credit Card,Completed,0.203
PUR007837,CUST04002,CAM006900,2026-03-26,159.12,0.0,159.12,Debit Card,Completed,0.446
PUR007838,CUST04200,CAM007935,2026-02-24,1065.73,0.0,1065.73,Google Pay,Completed,0.323
PUR007839,CUST04786,CAM002130,2024-11-08,214.26,0.0,214.26,Credit Card,Refunded,0.399
PUR007840,CUST04042,CAM007112,2025-05-24,987.36,0.2,789.89,Google Pay,Completed,0.249
PUR007841,CUST01766,CAM003582,2024-11-17,204.31,0.0,204.31,PayPal,Completed,0.432
PUR007842,CUST03942,CAM006656,2025-11-29,846.57,0.04,812.71,Credit Card,Completed,0.382
PUR007843,CUST01132,CAM005713,2025-07-04,291.31,0.08,268.01,Google Pay,Completed,0.262
PUR007844,CUST03535,CAM000120,2025-02-25,606.85,0.0,606.85,PayPal,Completed,0.302
PUR007845,CUST00025,CAM009889,2025-08-10,1141.81,0.02,1118.97,Debit Card,Completed,0.317
PUR007846,CUST04473,CAM000669,2026-05-27,181.24,0.0,181.24,Debit Card,Completed,0.359
PUR007847,CUST04209,CAM000487,2026-02-21,48.53,0.0,48.53,PayPal,Completed,0.331
PUR007848,CUST00734,CAM002579,2026-03-13,365.72,0.2,292.58,Credit Card,Completed,0.269
PUR007849,CUST03139,CAM000150,2024-11-07,181.35,0.25,136.01,PayPal,Completed,0.368
PUR007850,CUST03028,CAM007473,2025-11-09,241.19,0.0,241.19,Debit Card,Completed,0.401
PUR007851,CUST04437,CAM007421,2025-04-04,932.96,0.18,765.03,PayPal,Completed,0.201
PUR007852,CUST04357,CAM007278,2025-05-28,547.37,0.21,432.42,Apple Pay,Pending,0.319
PUR007853,CUST01127,CAM003787,2025-07-19,650.73,0.0,650.73,Debit Card,Pending,0.353
PUR007854,CUST00736,CAM007266,2026-07-19,382.28,0.0,382.28,Debit Card,Completed,0.33
PUR007855,CUST01723,CAM006761,2025-07-17,132.47,0.18,108.63,Google Pay,Refunded,0.325
PUR007856,CUST04890,CAM008927,2026-07-23,238.76,0.18,195.78,Google Pay,Completed,0.257
PUR007857,CUST01650,CAM001694,2024-11-29,2007.44,0.0,2007.44,PayPal,Completed,0.283
PUR007858,CUST04947,CAM007016,2026-03-17,622.23,0.0,622.23,Credit Card,Pending,0.439
PUR007859,CUST00406,CAM005307,2024-12-28,362.21,0.0,362.21,Google Pay,Completed,0.275
PUR007860,CUST00941,CAM004329,2025-12-22,389.25,0.0,389.25,Debit Card,Completed,0.228
PUR007861,CUST00749,CAM003761,2025-04-13,1436.63,0.0,1436.63,Apple Pay,Refunded,0.371
PUR007862,CUST03595,CAM001399,2026-07-16,315.66,0.0,315.66,Google Pay,Completed,0.224
PUR007863,CUST04249,CAM002558,2024-10-27,1106.33,0.0,1106.33,PayPal,Completed,0.41
PUR007864,CUST01881,CAM005498,2025-08-19,153.35,0.0,153.35,PayPal,Completed,0.245
PUR007865,CUST01665,CAM008788,2025-04-12,982.39,0.0,982.39,Credit Card,Completed,0.386
PUR007866,CUST01501,CAM005016,2025-01-09,1071.21,0.0,1071.21,Debit Card,Completed,0.434
PUR007867,CUST03801,CAM003565,2025-02-18,454.29,0.16,381.6,Google Pay,Completed,0.3
PUR007868,CUST00225,CAM003051,2024-11-15,46.61,0.23,35.89,Apple Pay,Completed,0.204
PUR007869,CUST03012,CAM005896,2026-06-22,844.43,0.0,844.43,Credit Card,Completed,0.34
PUR007870,CUST01909,CAM004580,2025-02-28,605.93,0.0,605.93,Debit Card,Pending,0.329
PUR007871,CUST03635,CAM003367,2025-11-15,550.84,0.0,550.84,Apple Pay,Completed,0.372
PUR007872,CUST02943,CAM003254,2026-05-15,3154.09,0.0,3154.09,Apple Pay,Completed,0.281
PUR007873,CUST01603,CAM005137,2026-01-29,1238.17,0.19,1002.92,Google Pay,Completed,0.222
PUR007874,CUST01113,CAM005981,2025-05-28,1894.57,0.0,1894.57,Debit Card,Completed,0.319
PUR007875,CUST02889,CAM006366,2026-10-18,1157.11,0.0,1157.11,Debit Card,Completed,0.404
PUR007876,CUST02123,CAM005761,2026-03-09,1616.18,0.0,1616.18,Apple Pay,Completed,0.261
PUR007877,CUST00612,CAM001798,2025-12-28,450.39,0.0,450.39,Google Pay,Completed,0.416
PUR007878,CUST03145,CAM007285,2026-01-29,738.66,0.23,568.77,Google Pay,Completed,0.375
PUR007879,CUST00421,CAM009001,2025-07-21,679.47,0.0,679.47,Credit Card,Completed,0.44
PUR007880,CUST03334,CAM001874,2026-04-07,355.22,0.11,316.15,Debit Card,Completed,0.367
PUR007881,CUST04550,CAM008747,2025-09-04,1136.37,0.0,1136.37,Credit Card,Refunded,0.286
PUR007882,CUST04862,CAM001582,2025-02-09,1221.79,0.16,1026.3,Debit Card,Completed,0.399
PUR007883,CUST01721,CAM004696,2025-05-27,107.18,0.15,91.1,PayPal,Pending,0.357
PUR007884,CUST04042,CAM008696,2025-02-21,1099.71,0.0,1099.71,Credit Card,Completed,0.434
PUR007885,CUST03289,CAM003962,2026-02-13,250.84,0.23,193.15,Apple Pay,Pending,0.249
PUR007886,CUST01555,CAM001615,2024-12-07,2449.6,0.0,2449.6,Google Pay,Pending,0.31
PUR007887,CUST01899,CAM005834,2026-07-24,601.14,0.0,601.14,Debit Card,Refunded,0.421
PUR007888,CUST02622,CAM006037,2026-05-01,4792.26,0.13,4169.27,Google Pay,Completed,0.272
PUR007889,CUST03160,CAM001870,2025-11-15,627.35,0.15,533.25,Debit Card,Completed,0.441
PUR007890,CUST01308,CAM003050,2025-04-24,787.9,0.1,709.11,Google Pay,Completed,0.286
PUR007891,CUST03461,CAM001248,2025-08-30,845.96,0.09,769.82,Credit Card,Completed,0.218
PUR007892,CUST01998,CAM001891,2025-05-17,1686.57,0.0,1686.57,Credit Card,Cancelled,0.362
PUR007893,CUST01004,CAM005023,2024-10-20,197.06,0.0,197.06,Credit Card,Completed,0.298
PUR007894,CUST00338,CAM006303,2026-05-29,1664.6,0.04,1598.02,Debit Card,Completed,0.412
PUR007895,CUST00954,CAM002567,2025-04-09,1185.04,0.24,900.63,Google Pay,Completed,0.377
PUR007896,CUST02976,CAM009516,2025-03-31,793.13,0.0,793.13,Credit Card,Completed,0.446
PUR007897,CUST00035,CAM008883,2025-05-12,2563.72,0.0,2563.72,Credit Card,Completed,0.372
PUR007898,CUST02387,CAM003737,2026-05-18,662.17,0.0,662.17,Credit Card,Pending,0.415
PUR007899,CUST03829,CAM003394,2026-05-08,1145.79,0.0,1145.79,Debit Card,Completed,0.335
PUR007900,CUST03817,CAM009721,2026-04-09,243.88,0.17,202.42,Debit Card,Pending,0.254
PUR007901,CUST03780,CAM006949,2025-03-09,854.6,0.0,854.6,Apple Pay,Completed,0.343
PUR007902,CUST03232,CAM008077,2024-12-24,138.35,0.18,113.45,Credit Card,Completed,0.416
PUR007903,CUST04906,CAM006021,2025-02-12,2513.15,0.17,2085.91,Credit Card,Completed,0.418
PUR007904,CUST03716,CAM007566,2025-04-15,875.24,0.0,875.24,PayPal,Completed,0.344
PUR007905,CUST04628,CAM008508,2025-03-04,1289.18,0.0,1289.18,Apple Pay,Pending,0.283
PUR007906,CUST01895,CAM008979,2025-11-01,251.91,0.0,251.91,Debit Card,Refunded,0.386
PUR007907,CUST01875,CAM003223,2025-11-04,221.78,0.2,177.42,PayPal,Completed,0.234
PUR007908,CUST04652,CAM009731,2026-02-28,1552.98,0.1,1397.68,Debit Card,Completed,0.216
PUR007909,CUST00927,CAM002930,2024-11-19,656.76,0.0,656.76,Credit Card,Cancelled,0.315
PUR007910,CUST00209,CAM003281,2025-02-12,1214.48,0.0,1214.48,Apple Pay,Completed,0.225
PUR007911,CUST04259,CAM000962,2024-09-26,513.53,0.04,492.99,Credit Card,Completed,0.334
PUR007912,CUST04659,CAM004902,2026-02-18,1133.42,0.0,1133.42,Credit Card,Completed,0.23
PUR007913,CUST01438,CAM008102,2026-08-04,659.92,0.0,659.92,PayPal,Completed,0.369
PUR007914,CUST00977,CAM006342,2026-09-02,705.0,0.0,705.0,Credit Card,Completed,0.404
PUR007915,CUST01860,CAM006219,2025-07-29,414.37,0.0,414.37,Google Pay,Completed,0.229
PUR007916,CUST04327,CAM008826,2025-12-24,355.03,0.0,355.03,Apple Pay,Completed,0.231
PUR007917,CUST01313,CAM008632,2025-01-01,693.54,0.0,693.54,PayPal,Pending,0.288
PUR007918,CUST03933,CAM002048,2026-04-24,2335.09,0.0,2335.09,Debit Card,Pending,0.423
PUR007919,CUST04452,CAM000660,2026-07-08,689.02,0.0,689.02,PayPal,Completed,0.402
PUR007920,CUST03303,CAM008662,2025-10-30,1555.4,0.0,1555.4,Debit Card,Refunded,0.399
PUR007921,CUST04701,CAM002122,2026-02-08,36.0,0.0,36.0,Credit Card,Completed,0.402
PUR007922,CUST01703,CAM007775,2024-12-16,280.16,0.07,260.55,Debit Card,Completed,0.231
PUR007923,CUST04002,CAM000043,2026-08-31,66.17,0.0,66.17,Debit Card,Pending,0.325
PUR007924,CUST01252,CAM007930,2025-02-22,436.06,0.11,388.09,Credit Card,Completed,0.266
PUR007925,CUST03896,CAM007727,2024-09-10,391.31,0.0,391.31,Credit Card,Completed,0.208
PUR007926,CUST04029,CAM007788,2025-05-25,220.66,0.11,196.39,PayPal,Completed,0.374
PUR007927,CUST02572,CAM009495,2025-02-12,84.81,0.0,84.81,Credit Card,Pending,0.304
PUR007928,CUST04950,CAM002960,2024-12-02,998.37,0.12,878.57,PayPal,Completed,0.333
PUR007929,CUST02616,CAM005683,2025-09-30,38.23,0.05,36.32,PayPal,Completed,0.261
PUR007930,CUST01520,CAM001592,2024-10-06,1977.21,0.05,1878.35,PayPal,Completed,0.368
PUR007931,CUST03242,CAM001087,2026-03-07,264.39,0.18,216.8,Debit Card,Completed,0.203
PUR007932,CUST03283,CAM007651,2026-03-20,286.23,0.0,286.23,Credit Card,Completed,0.391
PUR007933,CUST00986,CAM001304,2025-11-25,501.51,0.19,406.22,Credit Card,Completed,0.389
PUR007934,CUST01353,CAM003601,2025-07-20,102.22,0.0,102.22,Credit Card,Completed,0.446
PUR007935,CUST02663,CAM005288,2024-12-25,181.45,0.0,181.45,PayPal,Completed,0.424
PUR007936,CUST00197,CAM009163,2025-07-05,385.99,0.24,293.35,PayPal,Completed,0.342
PUR007937,CUST01720,CAM009318,2025-02-24,495.36,0.13,430.96,Google Pay,Completed,0.3
PUR007938,CUST04319,CAM002690,2025-09-11,1492.2,0.0,1492.2,Apple Pay,Completed,0.218
PUR007939,CUST04962,CAM009458,2024-09-13,315.25,0.0,315.25,Apple Pay,Completed,0.331
PUR007940,CUST01775,CAM001510,2024-10-30,1741.81,0.0,1741.81,PayPal,Pending,0.329
PUR007941,CUST02678,CAM002379,2025-03-05,399.62,0.01,395.62,Debit Card,Completed,0.308
PUR007942,CUST04588,CAM008520,2026-04-23,179.98,0.0,179.98,Debit Card,Completed,0.236
PUR007943,CUST00189,CAM002411,2025-11-22,1366.8,0.02,1339.46,Google Pay,Completed,0.227
PUR007944,CUST01527,CAM001812,2024-09-01,654.01,0.0,654.01,Credit Card,Completed,0.4
PUR007945,CUST03285,CAM009814,2025-01-01,1107.83,0.05,1052.44,PayPal,Completed,0.401
PUR007946,CUST00817,CAM005067,2025-09-21,406.25,0.0,406.25,Credit Card,Completed,0.439
PUR007947,CUST00896,CAM000354,2025-07-31,261.85,0.02,256.61,PayPal,Completed,0.242
PUR007948,CUST00456,CAM003641,2025-03-26,420.58,0.01,416.37,Credit Card,Completed,0.28
PUR007949,CUST03065,CAM004950,2025-08-04,3715.34,0.0,3715.34,Credit Card,Completed,0.441
PUR007950,CUST00457,CAM004381,2024-11-22,167.65,0.24,127.41,PayPal,Completed,0.36
PUR007951,CUST01593,CAM000912,2025-12-04,1757.55,0.0,1757.55,PayPal,Completed,0.427
PUR007952,CUST03173,CAM007713,2026-04-20,701.34,0.0,701.34,Debit Card,Completed,0.45
PUR007953,CUST03588,CAM001291,2025-04-09,1034.35,0.0,1034.35,Credit Card,Completed,0.23
PUR007954,CUST00982,CAM001542,2026-07-10,136.24,0.0,136.24,Debit Card,Completed,0.226
PUR007955,CUST01516,CAM003942,2025-12-23,107.15,0.0,107.15,Credit Card,Completed,0.381
PUR007956,CUST01134,CAM007718,2026-08-13,2010.68,0.0,2010.68,Debit Card,Pending,0.37
PUR007957,CUST00160,CAM004885,2026-05-06,763.22,0.0,763.22,PayPal,Completed,0.434
PUR007958,CUST02334,CAM003974,2025-09-01,1285.28,0.0,1285.28,Debit Card,Completed,0.444
PUR007959,CUST03252,CAM005032,2026-07-06,7513.93,0.0,7513.93,PayPal,Completed,0.361
PUR007960,CUST03330,CAM000647,2025-04-17,787.26,0.0,787.26,PayPal,Completed,0.271
PUR007961,CUST02227,CAM004123,2026-03-20,553.88,0.0,553.88,Debit Card,Completed,0.349
PUR007962,CUST04356,CAM004881,2025-09-17,1416.25,0.0,1416.25,Debit Card,Completed,0.251
PUR007963,CUST02595,CAM008054,2025-02-15,814.65,0.13,708.75,Debit Card,Completed,0.291
PUR007964,CUST00294,CAM000114,2024-10-05,96.48,0.0,96.48,Credit Card,Completed,0.421
PUR007965,CUST01818,CAM004455,2025-11-14,659.94,0.0,659.94,Credit Card,Completed,0.44
PUR007966,CUST03127,CAM005451,2026-06-21,895.84,0.0,895.84,Credit Card,Completed,0.415
PUR007967,CUST03121,CAM004766,2024-11-21,1071.82,0.0,1071.82,PayPal,Completed,0.259
PUR007968,CUST01456,CAM009922,2025-07-12,709.56,0.0,709.56,Credit Card,Completed,0.324
PUR007969,CUST00288,CAM000339,2025-03-06,193.44,0.0,193.44,PayPal,Refunded,0.324
PUR007970,CUST00735,CAM007761,2026-01-10,1173.52,0.0,1173.52,Credit Card,Completed,0.213
PUR007971,CUST02029,CAM008010,2025-01-12,2733.19,0.0,2733.19,Credit Card,Pending,0.378
PUR007972,CUST03221,CAM000609,2024-11-04,392.29,0.04,376.6,Credit Card,Completed,0.356
PUR007973,CUST00752,CAM003105,2025-06-14,501.14,0.05,476.08,PayPal,Pending,0.429
PUR007974,CUST01113,CAM004461,2025-09-09,982.94,0.19,796.18,Google Pay,Completed,0.363
PUR007975,CUST03936,CAM005065,2025-03-16,202.93,0.24,154.23,Debit Card,Completed,0.365
PUR007976,CUST04335,CAM007526,2025-09-07,221.31,0.22,172.62,Credit Card,Completed,0.301
PUR007977,CUST02096,CAM004885,2026-04-26,253.06,0.0,253.06,Debit Card,Completed,0.406
PUR007978,CUST04640,CAM005716,2025-01-01,233.81,0.0,233.81,Google Pay,Pending,0.212
PUR007979,CUST00221,CAM008190,2025-11-19,701.05,0.0,701.05,Debit Card,Completed,0.346
PUR007980,CUST00161,CAM006974,2025-10-18,1362.36,0.0,1362.36,Google Pay,Completed,0.289
PUR007981,CUST02289,CAM005490,2025-04-24,822.9,0.04,789.98,Apple Pay,Completed,0.41
PUR007982,CUST00515,CAM009990,2025-04-29,1440.57,0.18,1181.27,Credit Card,Refunded,0.441
PUR007983,CUST01114,CAM007866,2025-06-22,778.23,0.03,754.88,Apple Pay,Completed,0.348
PUR007984,CUST03404,CAM007334,2025-02-26,174.55,0.0,174.55,Credit Card,Completed,0.315
PUR007985,CUST01099,CAM002403,2024-10-25,555.3,0.0,555.3,Credit Card,Completed,0.445
PUR007986,CUST04260,CAM009283,2026-05-03,925.99,0.23,713.01,Credit Card,Completed,0.208
PUR007987,CUST00371,CAM006007,2025-11-02,332.22,0.0,332.22,Debit Card,Completed,0.267
PUR007988,CUST02123,CAM005159,2025-08-09,450.45,0.0,450.45,Credit Card,Completed,0.29
PUR007989,CUST03564,CAM006093,2024-12-06,750.71,0.17,623.09,PayPal,Completed,0.296
PUR007990,CUST03377,CAM003822,2025-06-04,885.1,0.0,885.1,Credit Card,Completed,0.206
PUR007991,CUST02203,CAM009373,2025-10-31,643.18,0.0,643.18,Debit Card,Pending,0.275
PUR007992,CUST04643,CAM007602,2026-05-26,505.05,0.25,378.79,Credit Card,Pending,0.32
PUR007993,CUST04497,CAM006125,2026-01-27,915.91,0.2,732.73,Credit Card,Completed,0.322
PUR007994,CUST03055,CAM006124,2025-04-02,282.69,0.0,282.69,Debit Card,Completed,0.432
PUR007995,CUST00097,CAM008482,2025-12-18,2116.3,0.0,2116.3,PayPal,Refunded,0.354
PUR007996,CUST01822,CAM003110,2026-06-02,330.83,0.0,330.83,Credit Card,Completed,0.39
PUR007997,CUST04327,CAM000239,2026-07-31,563.45,0.0,563.45,Credit Card,Completed,0.31
PUR007998,CUST02818,CAM002903,2026-04-17,726.37,0.0,726.37,Credit Card,Completed,0.385
PUR007999,CUST04259,CAM002005,2026-01-12,230.84,0.2,184.67,Apple Pay,Completed,0.365
PUR008000,CUST04269,CAM005254,2025-10-25,488.21,0.0,488.21,Credit Card,Completed,0.284
PUR008001,CUST02880,CAM006007,2025-12-06,1547.72,0.0,1547.72,Debit Card,Completed,0.429
PUR008002,CUST01722,CAM009615,2025-10-29,315.94,0.0,315.94,Debit Card,Completed,0.217
PUR008003,CUST04070,CAM008914,2025-12-13,584.83,0.0,584.83,Debit Card,Completed,0.327
PUR008004,CUST02170,CAM004461,2025-09-06,590.56,0.0,590.56,Debit Card,Cancelled,0.414
PUR008005,CUST00735,CAM002020,2025-05-12,528.43,0.0,528.43,Google Pay,Completed,0.332
PUR008006,CUST02381,CAM006120,2025-07-28,271.12,0.19,219.61,PayPal,Completed,0.322
PUR008007,CUST03606,CAM002591,2024-11-21,57.79,0.0,57.79,Credit Card,Completed,0.245
PUR008008,CUST01887,CAM008198,2025-08-21,184.05,0.0,184.05,Debit Card,Completed,0.204
PUR008009,CUST01737,CAM000717,2025-12-05,143.52,0.14,123.43,Apple Pay,Completed,0.362
PUR008010,CUST02925,CAM006870,2024-12-21,2151.03,0.0,2151.03,Debit Card,Refunded,0.26
PUR008011,CUST03012,CAM004077,2026-06-07,742.08,0.0,742.08,Credit Card,Completed,0.381
PUR008012,CUST01516,CAM006453,2024-12-22,312.3,0.14,268.58,Apple Pay,Completed,0.23
PUR008013,CUST02838,CAM008974,2025-04-14,354.71,0.0,354.71,Credit Card,Completed,0.401
PUR008014,CUST01202,CAM001804,2025-05-08,540.97,0.15,459.82,PayPal,Completed,0.303
PUR008015,CUST00817,CAM006160,2026-02-26,1135.02,0.02,1112.32,Credit Card,Completed,0.278
PUR008016,CUST04715,CAM008297,2025-09-16,370.66,0.0,370.66,Debit Card,Completed,0.422
PUR008017,CUST02690,CAM000433,2025-05-06,235.03,0.0,235.03,Apple Pay,Completed,0.4
PUR008018,CUST00775,CAM003796,2025-12-24,575.48,0.0,575.48,Debit Card,Completed,0.444
PUR008019,CUST02805,CAM000737,2026-03-21,2210.55,0.0,2210.55,Debit Card,Completed,0.211
PUR008020,CUST00423,CAM002185,2024-09-23,640.29,0.0,640.29,Google Pay,Completed,0.421
PUR008021,CUST00750,CAM000671,2025-09-15,506.08,0.0,506.08,Apple Pay,Completed,0.373
PUR008022,CUST04098,CAM009475,2026-01-09,3254.88,0.0,3254.88,Apple Pay,Completed,0.226
PUR008023,CUST03910,CAM006412,2025-06-16,204.34,0.0,204.34,PayPal,Completed,0.417
PUR008024,CUST04793,CAM004086,2025-10-02,403.37,0.21,318.66,Debit Card,Refunded,0.429
PUR008025,CUST02145,CAM004104,2025-10-03,137.78,0.19,111.6,PayPal,Completed,0.302
PUR008026,CUST02719,CAM007095,2025-10-15,500.22,0.0,500.22,Google Pay,Completed,0.27
PUR008027,CUST03457,CAM000920,2026-01-07,7993.63,0.0,7993.63,Credit Card,Completed,0.279
PUR008028,CUST02911,CAM009096,2024-10-15,709.48,0.0,709.48,Credit Card,Completed,0.302
PUR008029,CUST01470,CAM009818,2025-12-22,1229.13,0.07,1143.09,Google Pay,Cancelled,0.437
PUR008030,CUST02976,CAM002920,2025-09-25,1031.77,0.0,1031.77,Debit Card,Completed,0.368
PUR008031,CUST04284,CAM004972,2025-08-07,917.07,0.04,880.39,Credit Card,Pending,0.218
PUR008032,CUST01593,CAM003869,2024-12-01,348.68,0.0,348.68,Debit Card,Completed,0.269
PUR008033,CUST03400,CAM002154,2025-10-23,82.83,0.0,82.83,PayPal,Completed,0.201
PUR008034,CUST04989,CAM004272,2026-05-19,471.41,0.0,471.41,Apple Pay,Completed,0.398
PUR008035,CUST04000,CAM003334,2026-08-04,311.11,0.0,311.11,PayPal,Completed,0.41
PUR008036,CUST00396,CAM003814,2025-02-01,628.18,0.0,628.18,Google Pay,Pending,0.323
PUR008037,CUST04226,CAM007916,2024-11-25,2131.87,0.0,2131.87,Credit Card,Completed,0.245
PUR008038,CUST00760,CAM005496,2026-02-22,505.96,0.17,419.95,Apple Pay,Completed,0.242
PUR008039,CUST04634,CAM000181,2026-07-11,256.85,0.0,256.85,PayPal,Completed,0.242
PUR008040,CUST03781,CAM009018,2026-05-06,677.51,0.0,677.51,Credit Card,Completed,0.315
PUR008041,CUST00149,CAM009926,2025-11-08,1876.84,0.24,1426.4,Debit Card,Completed,0.352
PUR008042,CUST01768,CAM008040,2025-03-07,461.31,0.15,392.11,PayPal,Pending,0.352
PUR008043,CUST04011,CAM008844,2024-11-30,354.9,0.0,354.9,Apple Pay,Completed,0.27
PUR008044,CUST03876,CAM000580,2025-11-12,2074.64,0.0,2074.64,PayPal,Pending,0.381
PUR008045,CUST00501,CAM001502,2025-08-12,796.41,0.11,708.8,Google Pay,Completed,0.395
PUR008046,CUST03479,CAM000212,2026-06-03,3231.74,0.0,3231.74,PayPal,Completed,0.202
PUR008047,CUST04396,CAM002384,2026-07-27,1043.22,0.23,803.28,Credit Card,Completed,0.331
PUR008048,CUST02719,CAM002460,2026-08-19,285.84,0.1,257.26,PayPal,Completed,0.232
PUR008049,CUST01911,CAM000348,2026-01-21,116.57,0.0,116.57,Debit Card,Cancelled,0.423
PUR008050,CUST01177,CAM000848,2024-10-07,291.82,0.0,291.82,Credit Card,Completed,0.226
PUR008051,CUST02534,CAM007786,2025-07-31,1379.82,0.0,1379.82,Debit Card,Completed,0.232
PUR008052,CUST01458,CAM001933,2025-11-26,78.16,0.19,63.31,Credit Card,Completed,0.357
PUR008053,CUST02108,CAM002870,2025-12-27,46.28,0.15,39.34,Credit Card,Completed,0.292
PUR008054,CUST02141,CAM008477,2026-09-12,1512.33,0.11,1345.97,PayPal,Completed,0.364
PUR008055,CUST03408,CAM000498,2024-10-22,886.02,0.0,886.02,Debit Card,Completed,0.238
PUR008056,CUST01734,CAM009764,2024-10-24,355.85,0.05,338.06,Debit Card,Completed,0.381
PUR008057,CUST02201,CAM005233,2026-04-05,912.78,0.0,912.78,Apple Pay,Completed,0.353
PUR008058,CUST03120,CAM004206,2026-04-14,720.34,0.0,720.34,Apple Pay,Completed,0.356
PUR008059,CUST02180,CAM000975,2025-08-04,843.01,0.06,792.43,Google Pay,Completed,0.435
PUR008060,CUST01699,CAM007585,2025-01-10,414.45,0.01,410.31,PayPal,Completed,0.34
PUR008061,CUST04039,CAM006286,2026-01-21,1538.37,0.03,1492.22,Google Pay,Completed,0.211
PUR008062,CUST00756,CAM009506,2024-10-28,523.53,0.0,523.53,PayPal,Completed,0.387
PUR008063,CUST00146,CAM007325,2026-03-28,2231.09,0.0,2231.09,PayPal,Pending,0.303
PUR008064,CUST04881,CAM004007,2025-02-28,280.18,0.1,252.16,Credit Card,Completed,0.35
PUR008065,CUST00218,CAM001887,2025-03-13,328.5,0.23,252.94,Credit Card,Completed,0.41
PUR008066,CUST00117,CAM004881,2025-09-12,650.36,0.0,650.36,Credit Card,Completed,0.272
PUR008067,CUST01903,CAM009719,2025-01-10,541.06,0.0,541.06,Credit Card,Completed,0.351
PUR008068,CUST03805,CAM004242,2026-06-05,187.38,0.15,159.27,Credit Card,Completed,0.445
PUR008069,CUST00292,CAM001465,2026-08-31,250.7,0.18,205.57,Debit Card,Completed,0.213
PUR008070,CUST03263,CAM000255,2026-01-03,586.96,0.16,493.05,Credit Card,Cancelled,0.318
PUR008071,CUST00143,CAM005982,2025-11-15,363.89,0.0,363.89,Credit Card,Completed,0.201
PUR008072,CUST02826,CAM009743,2025-09-26,4150.63,0.0,4150.63,Credit Card,Completed,0.205
PUR008073,CUST02256,CAM000823,2024-08-31,78.91,0.0,78.91,PayPal,Completed,0.257
PUR008074,CUST01520,CAM004556,2026-08-19,1321.97,0.08,1216.21,PayPal,Completed,0.207
PUR008075,CUST01000,CAM008887,2024-10-04,1946.76,0.0,1946.76,Google Pay,Completed,0.251
PUR008076,CUST01282,CAM002789,2024-12-17,419.64,0.21,331.52,PayPal,Completed,0.336
PUR008077,CUST02759,CAM006531,2026-04-04,3578.29,0.11,3184.68,PayPal,Completed,0.287
PUR008078,CUST02138,CAM002590,2026-06-19,183.64,0.17,152.42,Google Pay,Completed,0.242
PUR008079,CUST03910,CAM005101,2025-11-24,282.41,0.23,217.46,Debit Card,Completed,0.24
PUR008080,CUST00138,CAM009438,2026-02-22,2669.12,0.05,2535.66,Google Pay,Completed,0.36
PUR008081,CUST02853,CAM001933,2025-12-09,337.81,0.0,337.81,Credit Card,Completed,0.405
PUR008082,CUST03477,CAM008426,2025-03-26,613.86,0.0,613.86,PayPal,Completed,0.446
PUR008083,CUST02115,CAM008343,2025-11-27,1048.83,0.0,1048.83,Debit Card,Completed,0.38
PUR008084,CUST02533,CAM004224,2025-04-26,408.5,0.0,408.5,Credit Card,Completed,0.327
PUR008085,CUST04958,CAM004600,2025-04-29,321.11,0.06,301.84,PayPal,Completed,0.35
PUR008086,CUST02583,CAM009328,2024-09-03,720.47,0.0,720.47,Debit Card,Completed,0.263
PUR008087,CUST00717,CAM002238,2024-10-14,392.19,0.0,392.19,Credit Card,Pending,0.376
PUR008088,CUST03856,CAM001220,2024-10-19,1129.48,0.13,982.65,Credit Card,Completed,0.401
PUR008089,CUST03301,CAM000309,2025-02-28,466.94,0.0,466.94,Apple Pay,Completed,0.234
PUR008090,CUST04195,CAM002403,2024-11-07,528.93,0.0,528.93,Debit Card,Completed,0.292
PUR008091,CUST01313,CAM008147,2025-09-09,583.71,0.0,583.71,PayPal,Pending,0.44
PUR008092,CUST02624,CAM000737,2026-03-10,614.21,0.0,614.21,Credit Card,Completed,0.381
PUR008093,CUST02874,CAM001009,2025-01-02,846.91,0.06,796.1,Debit Card,Completed,0.392
PUR008094,CUST04056,CAM002459,2025-07-12,277.0,0.0,277.0,Debit Card,Completed,0.315
PUR008095,CUST01552,CAM006980,2026-01-18,502.85,0.0,502.85,Credit Card,Refunded,0.202
PUR008096,CUST01002,CAM001375,2026-06-28,680.26,0.0,680.26,Google Pay,Pending,0.442
PUR008097,CUST01017,CAM003293,2026-07-01,188.03,0.04,180.51,Debit Card,Completed,0.325
PUR008098,CUST02052,CAM008707,2026-04-24,565.48,0.12,497.62,Apple Pay,Cancelled,0.216
PUR008099,CUST00740,CAM008083,2026-03-20,357.8,0.0,357.8,PayPal,Completed,0.32
PUR008100,CUST02686,CAM000721,2025-10-05,2868.26,0.0,2868.26,Credit Card,Completed,0.274
PUR008101,CUST00008,CAM000624,2024-12-07,91.93,0.01,91.01,Credit Card,Cancelled,0.347
PUR008102,CUST03920,CAM005603,2026-04-16,268.22,0.23,206.53,PayPal,Completed,0.425
PUR008103,CUST02938,CAM006761,2025-07-16,163.0,0.07,151.59,Apple Pay,Completed,0.22
PUR008104,CUST02242,CAM002162,2024-09-13,529.83,0.0,529.83,Debit Card,Completed,0.423
PUR008105,CUST03240,CAM001343,2025-02-28,936.38,0.0,936.38,PayPal,Refunded,0.417
PUR008106,CUST00471,CAM001706,2024-12-13,1734.56,0.12,1526.41,Apple Pay,Completed,0.326
PUR008107,CUST01040,CAM008672,2025-05-25,158.15,0.0,158.15,Apple Pay,Completed,0.274
PUR008108,CUST02523,CAM007581,2026-07-01,313.11,0.13,272.41,Debit Card,Completed,0.347
PUR008109,CUST00911,CAM004309,2025-04-11,797.07,0.06,749.25,PayPal,Completed,0.228
PUR008110,CUST04597,CAM003441,2026-04-28,977.83,0.07,909.38,PayPal,Completed,0.424
PUR008111,CUST04959,CAM005250,2025-05-11,382.78,0.0,382.78,PayPal,Completed,0.384
PUR008112,CUST04929,CAM005195,2026-08-13,150.8,0.15,128.18,PayPal,Completed,0.43
PUR008113,CUST02697,CAM007250,2025-04-17,1084.79,0.0,1084.79,Google Pay,Completed,0.369
PUR008114,CUST00816,CAM004268,2025-01-12,217.97,0.0,217.97,Debit Card,Completed,0.242
PUR008115,CUST02784,CAM006419,2026-04-13,484.23,0.0,484.23,Debit Card,Refunded,0.325
PUR008116,CUST00046,CAM004065,2026-03-20,936.02,0.11,833.06,Credit Card,Completed,0.386
PUR008117,CUST03928,CAM008022,2026-02-20,1759.9,0.0,1759.9,PayPal,Completed,0.4
PUR008118,CUST02499,CAM008212,2025-10-03,465.76,0.0,465.76,Google Pay,Completed,0.251
PUR008119,CUST02830,CAM000998,2025-08-29,356.76,0.23,274.71,Credit Card,Pending,0.225
PUR008120,CUST00173,CAM008648,2025-07-17,1120.63,0.0,1120.63,Debit Card,Completed,0.251
PUR008121,CUST02214,CAM009927,2026-06-14,870.6,0.0,870.6,PayPal,Completed,0.363
PUR008122,CUST00579,CAM008105,2025-03-06,348.85,0.0,348.85,PayPal,Completed,0.268
PUR008123,CUST04053,CAM002217,2025-04-18,1363.08,0.08,1254.03,Google Pay,Completed,0.232
PUR008124,CUST00725,CAM002505,2025-01-13,179.1,0.0,179.1,Debit Card,Completed,0.383
PUR008125,CUST00214,CAM005506,2025-05-28,722.01,0.0,722.01,Debit Card,Completed,0.259
PUR008126,CUST03939,CAM001477,2026-08-02,109.52,0.09,99.66,Credit Card,Completed,0.288
PUR008127,CUST02637,CAM002453,2026-07-16,435.0,0.23,334.95,Debit Card,Completed,0.284
PUR008128,CUST00706,CAM002651,2025-08-25,1176.9,0.0,1176.9,PayPal,Pending,0.399
PUR008129,CUST04426,CAM001577,2025-01-17,292.72,0.04,281.01,Debit Card,Completed,0.291
PUR008130,CUST02267,CAM005561,2024-10-02,568.68,0.2,454.94,Apple Pay,Completed,0.34
PUR008131,CUST00058,CAM002542,2025-03-20,1029.43,0.0,1029.43,Debit Card,Completed,0.231
PUR008132,CUST02027,CAM006248,2026-08-02,480.57,0.0,480.57,Credit Card,Completed,0.312
PUR008133,CUST04550,CAM003322,2025-01-17,731.61,0.0,731.61,PayPal,Completed,0.235
PUR008134,CUST03263,CAM003843,2025-05-18,868.75,0.08,799.25,Google Pay,Completed,0.427
PUR008135,CUST04272,CAM003464,2025-03-01,367.64,0.0,367.64,PayPal,Completed,0.298
PUR008136,CUST01716,CAM005753,2025-06-08,1478.39,0.15,1256.63,Debit Card,Completed,0.284
PUR008137,CUST01032,CAM009962,2026-06-30,457.01,0.08,420.45,Google Pay,Completed,0.387
PUR008138,CUST02130,CAM006798,2025-06-27,199.2,0.0,199.2,PayPal,Completed,0.24
PUR008139,CUST04598,CAM008743,2025-10-12,756.46,0.16,635.43,PayPal,Completed,0.218
PUR008140,CUST03250,CAM000343,2025-01-01,678.18,0.25,508.64,Debit Card,Cancelled,0.32
PUR008141,CUST03260,CAM002322,2025-11-24,2558.53,0.0,2558.53,Google Pay,Completed,0.423
PUR008142,CUST00358,CAM004123,2026-02-07,773.21,0.0,773.21,Credit Card,Completed,0.256
PUR008143,CUST03895,CAM001377,2025-11-02,488.68,0.0,488.68,Apple Pay,Completed,0.446
PUR008144,CUST03910,CAM004831,2026-07-19,680.75,0.0,680.75,Credit Card,Completed,0.434
PUR008145,CUST00066,CAM005191,2025-04-17,136.89,0.22,106.77,Credit Card,Completed,0.313
PUR008146,CUST04471,CAM003183,2026-06-03,96.62,0.0,96.62,Credit Card,Cancelled,0.376
PUR008147,CUST03519,CAM004372,2024-11-02,677.78,0.04,650.67,Credit Card,Completed,0.225
PUR008148,CUST03758,CAM006311,2026-07-15,216.46,0.0,216.46,Debit Card,Completed,0.289
PUR008149,CUST01215,CAM004820,2025-03-15,567.7,0.05,539.32,Debit Card,Completed,0.309
PUR008150,CUST01160,CAM004124,2026-01-17,943.33,0.0,943.33,Debit Card,Completed,0.423
PUR008151,CUST01347,CAM005833,2025-04-25,386.02,0.04,370.58,PayPal,Refunded,0.254
PUR008152,CUST01533,CAM004051,2025-12-04,593.88,0.0,593.88,PayPal,Completed,0.235
PUR008153,CUST03707,CAM007170,2026-03-15,1000.01,0.0,1000.01,Debit Card,Completed,0.232
PUR008154,CUST03945,CAM002376,2025-12-30,6730.01,0.0,6730.01,Credit Card,Completed,0.365
PUR008155,CUST00212,CAM003293,2026-07-25,278.57,0.0,278.57,Google Pay,Completed,0.239
PUR008156,CUST02132,CAM007407,2026-04-18,511.59,0.09,465.55,Debit Card,Completed,0.26
PUR008157,CUST00608,CAM007246,2024-10-15,528.57,0.21,417.57,Google Pay,Completed,0.341
PUR008158,CUST04740,CAM004632,2026-04-10,361.03,0.0,361.03,Credit Card,Completed,0.217
PUR008159,CUST00916,CAM001618,2026-08-15,479.25,0.19,388.19,Debit Card,Pending,0.292
PUR008160,CUST01207,CAM008895,2025-08-20,811.37,0.0,811.37,PayPal,Completed,0.229
PUR008161,CUST00494,CAM002343,2026-03-10,345.68,0.01,342.22,Apple Pay,Completed,0.427
PUR008162,CUST00176,CAM005994,2026-07-11,338.53,0.0,338.53,Debit Card,Completed,0.354
PUR008163,CUST02586,CAM002699,2025-10-18,532.04,0.03,516.08,PayPal,Completed,0.21
PUR008164,CUST01731,CAM007759,2025-03-28,585.09,0.0,585.09,Credit Card,Completed,0.219
PUR008165,CUST04700,CAM004288,2026-07-15,813.12,0.01,804.99,Apple Pay,Completed,0.284
PUR008166,CUST03115,CAM006840,2026-03-02,946.14,0.0,946.14,Credit Card,Completed,0.378
PUR008167,CUST00016,CAM000259,2025-04-07,768.76,0.1,691.88,Credit Card,Completed,0.249
PUR008168,CUST03408,CAM008028,2026-06-26,431.58,0.13,375.47,Apple Pay,Completed,0.374
PUR008169,CUST01727,CAM007140,2024-12-17,794.84,0.0,794.84,PayPal,Completed,0.349
PUR008170,CUST03916,CAM006337,2025-03-08,455.43,0.22,355.24,Apple Pay,Completed,0.246
PUR008171,CUST03694,CAM002806,2026-05-12,1274.14,0.0,1274.14,Debit Card,Completed,0.377
PUR008172,CUST02058,CAM005279,2025-05-24,967.23,0.19,783.46,Debit Card,Completed,0.39
PUR008173,CUST00705,CAM005314,2026-05-19,26.16,0.0,26.16,PayPal,Completed,0.362
PUR008174,CUST04944,CAM004733,2025-02-24,480.93,0.0,480.93,Debit Card,Completed,0.297
PUR008175,CUST02189,CAM002515,2024-11-24,1696.62,0.0,1696.62,Google Pay,Completed,0.428
PUR008176,CUST04272,CAM009797,2025-02-25,772.57,0.03,749.39,PayPal,Refunded,0.348
PUR008177,CUST00182,CAM004487,2025-06-01,1210.34,0.22,944.07,Debit Card,Completed,0.313
PUR008178,CUST02262,CAM002726,2024-10-17,1732.28,0.0,1732.28,PayPal,Completed,0.407
PUR008179,CUST02459,CAM009763,2026-02-15,632.76,0.19,512.54,Credit Card,Completed,0.434
PUR008180,CUST02912,CAM006040,2025-10-13,2382.6,0.0,2382.6,Debit Card,Completed,0.215
PUR008181,CUST03776,CAM000897,2024-09-25,924.82,0.0,924.82,Credit Card,Completed,0.339
PUR008182,CUST00521,CAM000391,2026-01-10,279.45,0.0,279.45,PayPal,Pending,0.38
PUR008183,CUST04249,CAM009367,2024-10-23,1206.78,0.06,1134.37,Credit Card,Pending,0.322
PUR008184,CUST01110,CAM009796,2026-04-07,1839.54,0.25,1379.66,Apple Pay,Completed,0.224
PUR008185,CUST04274,CAM005452,2026-03-15,552.8,0.0,552.8,PayPal,Completed,0.244
PUR008186,CUST04363,CAM008584,2025-11-27,429.38,0.0,429.38,Debit Card,Completed,0.306
PUR008187,CUST02337,CAM003782,2025-04-10,1343.97,0.0,1343.97,Credit Card,Completed,0.4
PUR008188,CUST04261,CAM007981,2025-01-04,529.53,0.0,529.53,Google Pay,Completed,0.239
PUR008189,CUST04320,CAM006606,2025-10-15,265.54,0.0,265.54,PayPal,Completed,0.411
PUR008190,CUST02770,CAM002924,2025-08-06,166.48,0.0,166.48,Credit Card,Completed,0.2
PUR008191,CUST04490,CAM000845,2026-01-25,827.17,0.06,777.54,Apple Pay,Completed,0.346
PUR008192,CUST03817,CAM005532,2026-08-24,200.65,0.0,200.65,Apple Pay,Completed,0.355
PUR008193,CUST01033,CAM002798,2026-03-07,853.58,0.11,759.69,Credit Card,Completed,0.273
PUR008194,CUST03609,CAM008334,2024-11-15,196.73,0.0,196.73,Debit Card,Completed,0.3
PUR008195,CUST00155,CAM009291,2024-12-06,653.93,0.0,653.93,Debit Card,Completed,0.253
PUR008196,CUST02154,CAM005153,2025-10-01,455.44,0.0,455.44,PayPal,Completed,0.44
PUR008197,CUST03879,CAM001204,2025-07-31,315.98,0.0,315.98,Google Pay,Completed,0.391
PUR008198,CUST03646,CAM008533,2026-04-27,400.33,0.11,356.29,Google Pay,Completed,0.429
PUR008199,CUST04149,CAM001276,2025-03-05,924.08,0.16,776.23,Google Pay,Pending,0.291
PUR008200,CUST03469,CAM004574,2025-08-18,430.73,0.0,430.73,Debit Card,Completed,0.322
PUR008201,CUST00716,CAM004157,2026-03-14,2825.69,0.11,2514.86,Debit Card,Refunded,0.444
PUR008202,CUST03039,CAM005578,2026-08-24,760.18,0.0,760.18,Debit Card,Completed,0.428
PUR008203,CUST00878,CAM002202,2025-06-27,413.58,0.0,413.58,Debit Card,Completed,0.293
PUR008204,CUST04022,CAM000478,2025-02-06,1508.69,0.2,1206.95,PayPal,Completed,0.419
PUR008205,CUST01396,CAM006478,2025-05-06,490.47,0.0,490.47,PayPal,Completed,0.42
PUR008206,CUST04465,CAM007163,2024-12-08,252.78,0.08,232.56,PayPal,Completed,0.431
PUR008207,CUST03626,CAM000962,2024-09-07,509.85,0.14,438.47,Apple Pay,Completed,0.404
PUR008208,CUST02545,CAM008683,2025-11-11,130.61,0.0,130.61,Debit Card,Pending,0.416
PUR008209,CUST02244,CAM006295,2025-04-29,73.91,0.21,58.39,Credit Card,Pending,0.411
PUR008210,CUST04579,CAM006601,2025-03-29,1261.67,0.14,1085.04,Debit Card,Completed,0.268
PUR008211,CUST04719,CAM003053,2025-01-12,895.92,0.0,895.92,PayPal,Pending,0.338
PUR008212,CUST03561,CAM007861,2025-01-22,678.15,0.25,508.61,Debit Card,Pending,0.284
PUR008213,CUST03510,CAM009197,2026-07-09,253.18,0.22,197.48,Credit Card,Completed,0.262
PUR008214,CUST00062,CAM002645,2026-02-18,232.75,0.0,232.75,Google Pay,Completed,0.292
PUR008215,CUST04943,CAM000480,2025-11-25,204.22,0.2,163.38,Google Pay,Completed,0.325
PUR008216,CUST00464,CAM002715,2026-02-11,3834.95,0.02,3758.25,Debit Card,Completed,0.221
PUR008217,CUST04264,CAM004816,2026-01-16,257.77,0.01,255.19,PayPal,Completed,0.434
PUR008218,CUST00554,CAM001907,2025-02-24,176.95,0.0,176.95,Debit Card,Completed,0.421
PUR008219,CUST01954,CAM008386,2025-08-16,206.58,0.23,159.07,Google Pay,Completed,0.437
PUR008220,CUST00317,CAM007230,2025-07-21,587.78,0.0,587.78,PayPal,Completed,0.211
PUR008221,CUST00125,CAM000873,2025-05-02,942.68,0.01,933.25,Apple Pay,Completed,0.442
PUR008222,CUST01893,CAM005947,2025-11-07,1441.44,0.02,1412.61,Credit Card,Refunded,0.222
PUR008223,CUST03185,CAM005487,2025-10-15,971.1,0.0,971.1,Apple Pay,Cancelled,0.245
PUR008224,CUST00100,CAM009518,2026-04-21,948.14,0.0,948.14,PayPal,Refunded,0.21
PUR008225,CUST00711,CAM002529,2024-12-04,334.68,0.22,261.05,PayPal,Completed,0.416
PUR008226,CUST04748,CAM006233,2025-02-20,735.26,0.0,735.26,Credit Card,Completed,0.275
PUR008227,CUST03344,CAM001807,2024-12-17,555.37,0.0,555.37,Credit Card,Pending,0.349
PUR008228,CUST01230,CAM000998,2025-06-28,514.76,0.08,473.58,PayPal,Completed,0.428
PUR008229,CUST01160,CAM007701,2024-11-05,753.01,0.0,753.01,PayPal,Completed,0.293
PUR008230,CUST02912,CAM006102,2025-07-04,1515.49,0.0,1515.49,PayPal,Completed,0.226
PUR008231,CUST04246,CAM009146,2025-02-09,450.75,0.0,450.75,Debit Card,Completed,0.312
PUR008232,CUST02585,CAM005403,2025-05-26,584.56,0.14,502.72,Credit Card,Completed,0.211
PUR008233,CUST03599,CAM005100,2025-05-30,766.16,0.0,766.16,Debit Card,Completed,0.276
PUR008234,CUST03250,CAM009116,2024-10-25,540.59,0.01,535.18,Apple Pay,Completed,0.281
PUR008235,CUST02400,CAM001416,2026-04-11,432.26,0.02,423.61,PayPal,Completed,0.334
PUR008236,CUST02008,CAM009830,2026-01-16,1098.57,0.03,1065.61,PayPal,Completed,0.239
PUR008237,CUST04473,CAM000781,2025-02-24,315.04,0.0,315.04,Debit Card,Completed,0.3
PUR008238,CUST01454,CAM009943,2026-08-02,1750.84,0.0,1750.84,Google Pay,Completed,0.203
PUR008239,CUST02181,CAM000158,2025-11-10,188.46,0.0,188.46,Google Pay,Pending,0.42
PUR008240,CUST00014,CAM003604,2025-10-09,130.88,0.23,100.78,PayPal,Completed,0.349
PUR008241,CUST01976,CAM006518,2025-12-22,1442.06,0.0,1442.06,Credit Card,Completed,0.374
PUR008242,CUST02923,CAM001012,2024-09-29,388.5,0.0,388.5,Apple Pay,Completed,0.317
PUR008243,CUST01799,CAM004150,2025-03-29,425.25,0.0,425.25,PayPal,Pending,0.369
PUR008244,CUST03353,CAM005955,2025-05-09,255.37,0.04,245.16,Debit Card,Completed,0.353
PUR008245,CUST01053,CAM002511,2026-08-05,917.84,0.0,917.84,Credit Card,Completed,0.379
PUR008246,CUST00743,CAM001531,2025-05-20,4090.57,0.0,4090.57,Credit Card,Completed,0.316
PUR008247,CUST04703,CAM006137,2025-10-18,561.54,0.0,561.54,PayPal,Completed,0.307
PUR008248,CUST02278,CAM002027,2025-10-01,997.45,0.0,997.45,Debit Card,Completed,0.354
PUR008249,CUST02933,CAM005483,2026-02-07,210.62,0.0,210.62,Debit Card,Completed,0.33
PUR008250,CUST01054,CAM005794,2025-09-04,552.73,0.24,420.07,Credit Card,Completed,0.381
PUR008251,CUST03343,CAM007192,2025-01-30,282.7,0.0,282.7,Credit Card,Completed,0.359
PUR008252,CUST00748,CAM001517,2026-03-03,314.8,0.0,314.8,Apple Pay,Completed,0.403
PUR008253,CUST01019,CAM000126,2025-06-27,116.29,0.06,109.31,PayPal,Completed,0.321
PUR008254,CUST01363,CAM009208,2025-11-14,420.06,0.0,420.06,Apple Pay,Completed,0.272
PUR008255,CUST00291,CAM000894,2026-04-26,119.56,0.11,106.41,Debit Card,Refunded,0.322
PUR008256,CUST01269,CAM004782,2025-12-02,1115.8,0.16,937.27,PayPal,Completed,0.325
PUR008257,CUST04484,CAM008221,2026-03-06,846.63,0.0,846.63,Debit Card,Completed,0.383
PUR008258,CUST02383,CAM003582,2024-09-07,975.71,0.0,975.71,Apple Pay,Cancelled,0.39
PUR008259,CUST04824,CAM001519,2025-04-21,1496.95,0.0,1496.95,Credit Card,Completed,0.443
PUR008260,CUST01365,CAM007524,2026-06-29,156.25,0.15,132.81,PayPal,Completed,0.276
PUR008261,CUST02036,CAM007892,2025-10-17,2693.59,0.03,2612.78,Credit Card,Completed,0.359
PUR008262,CUST01815,CAM006027,2024-12-11,131.67,0.0,131.67,PayPal,Completed,0.32
PUR008263,CUST03816,CAM008628,2025-04-17,1048.34,0.18,859.64,Debit Card,Completed,0.443
PUR008264,CUST04936,CAM006959,2025-11-26,711.96,0.0,711.96,Google Pay,Completed,0.298
PUR008265,CUST01712,CAM001522,2025-08-15,215.37,0.0,215.37,Credit Card,Completed,0.335
PUR008266,CUST04670,CAM006878,2026-07-06,286.77,0.0,286.77,Apple Pay,Cancelled,0.386
PUR008267,CUST00026,CAM009046,2025-01-05,2237.27,0.0,2237.27,Debit Card,Completed,0.364
PUR008268,CUST01759,CAM000091,2026-02-25,683.45,0.02,669.78,Debit Card,Completed,0.33
PUR008269,CUST03694,CAM009495,2025-01-31,691.22,0.0,691.22,PayPal,Pending,0.325
PUR008270,CUST02777,CAM004503,2026-04-20,899.2,0.01,890.21,Credit Card,Completed,0.251
PUR008271,CUST00314,CAM002900,2024-11-20,1073.97,0.06,1009.53,Apple Pay,Completed,0.215
PUR008272,CUST03881,CAM006640,2025-01-03,265.8,0.0,265.8,Apple Pay,Completed,0.426
PUR008273,CUST03699,CAM002074,2025-07-10,7421.6,0.17,6159.93,Credit Card,Completed,0.319
PUR008274,CUST03506,CAM002320,2025-06-25,548.11,0.13,476.86,PayPal,Completed,0.312
PUR008275,CUST04519,CAM001232,2025-01-02,631.81,0.0,631.81,Google Pay,Cancelled,0.405
PUR008276,CUST04911,CAM002715,2026-02-08,1167.63,0.0,1167.63,PayPal,Cancelled,0.312
PUR008277,CUST01569,CAM007917,2026-01-31,1012.24,0.0,1012.24,Apple Pay,Completed,0.326
PUR008278,CUST03472,CAM009957,2025-08-04,362.57,0.0,362.57,Credit Card,Completed,0.345
PUR008279,CUST02308,CAM008704,2025-10-06,68.73,0.0,68.73,Apple Pay,Completed,0.36
PUR008280,CUST03343,CAM002716,2026-04-25,1481.7,0.1,1333.53,Apple Pay,Pending,0.241
PUR008281,CUST02805,CAM005407,2026-07-19,684.72,0.12,602.55,Debit Card,Completed,0.275
PUR008282,CUST03065,CAM009585,2025-01-12,1112.46,0.0,1112.46,Debit Card,Completed,0.21
PUR008283,CUST03804,CAM007256,2025-10-31,357.52,0.0,357.52,Debit Card,Completed,0.27
PUR008284,CUST00182,CAM007690,2025-06-28,644.71,0.0,644.71,Apple Pay,Completed,0.203
PUR008285,CUST04660,CAM000586,2026-05-15,647.77,0.0,647.77,Credit Card,Completed,0.385
PUR008286,CUST00003,CAM008629,2025-01-05,519.43,0.11,462.29,Credit Card,Completed,0.395
PUR008287,CUST00535,CAM004232,2024-11-12,667.06,0.25,500.29,Apple Pay,Completed,0.248
PUR008288,CUST03436,CAM000418,2026-01-16,626.75,0.02,614.22,Debit Card,Completed,0.368
PUR008289,CUST01222,CAM006481,2026-05-16,134.78,0.0,134.78,Credit Card,Completed,0.323
PUR008290,CUST03901,CAM001634,2026-07-16,787.23,0.09,716.38,Debit Card,Completed,0.23
PUR008291,CUST00995,CAM006531,2026-03-12,191.85,0.01,189.93,Apple Pay,Completed,0.348
PUR008292,CUST01180,CAM003650,2025-09-27,203.01,0.0,203.01,PayPal,Pending,0.424
PUR008293,CUST03026,CAM007323,2025-02-28,136.58,0.0,136.58,Debit Card,Completed,0.268
PUR008294,CUST04203,CAM009352,2025-12-28,1113.21,0.0,1113.21,Apple Pay,Completed,0.282
PUR008295,CUST03965,CAM004316,2024-10-02,889.21,0.22,693.58,Credit Card,Completed,0.313
PUR008296,CUST04067,CAM002929,2026-01-13,460.93,0.0,460.93,Debit Card,Completed,0.209
PUR008297,CUST04270,CAM005027,2026-05-27,2001.8,0.0,2001.8,Credit Card,Completed,0.302
PUR008298,CUST02323,CAM008792,2026-01-17,484.82,0.0,484.82,Debit Card,Completed,0.276
PUR008299,CUST04203,CAM009624,2025-03-15,3075.04,0.0,3075.04,Debit Card,Completed,0.406
PUR008300,CUST02561,CAM009719,2025-01-17,408.12,0.1,367.31,Credit Card,Completed,0.382
PUR008301,CUST03687,CAM001483,2024-09-07,374.39,0.0,374.39,Debit Card,Completed,0.339
PUR008302,CUST02799,CAM001682,2025-12-29,178.84,0.03,173.47,Apple Pay,Completed,0.411
PUR008303,CUST04679,CAM007546,2025-11-20,283.66,0.01,280.82,Debit Card,Completed,0.45
PUR008304,CUST03195,CAM008310,2026-01-10,223.93,0.0,223.93,Credit Card,Completed,0.294
PUR008305,CUST00421,CAM004007,2025-02-28,151.43,0.0,151.43,PayPal,Completed,0.243
PUR008306,CUST04318,CAM002824,2025-01-16,1315.76,0.22,1026.29,Credit Card,Completed,0.244
PUR008307,CUST04958,CAM005428,2024-11-05,775.48,0.13,674.67,Debit Card,Completed,0.4
PUR008308,CUST00810,CAM003680,2026-09-04,2059.34,0.02,2018.15,Debit Card,Completed,0.214
PUR008309,CUST01163,CAM001375,2026-06-25,111.48,0.0,111.48,Credit Card,Completed,0.373
PUR008310,CUST01884,CAM007373,2025-05-18,299.37,0.25,224.53,Apple Pay,Completed,0.402
PUR008311,CUST02247,CAM004556,2026-08-07,2319.68,0.05,2203.7,Credit Card,Completed,0.342
PUR008312,CUST03803,CAM004534,2026-07-10,801.08,0.21,632.85,PayPal,Completed,0.339
PUR008313,CUST04113,CAM005238,2026-06-18,938.69,0.03,910.53,Credit Card,Completed,0.211
PUR008314,CUST03851,CAM000788,2025-10-15,145.4,0.0,145.4,Debit Card,Cancelled,0.273
PUR008315,CUST02601,CAM001245,2025-02-26,90.59,0.22,70.66,Debit Card,Completed,0.276
PUR008316,CUST04294,CAM002743,2026-03-28,645.23,0.0,645.23,Debit Card,Completed,0.374
PUR008317,CUST03317,CAM006428,2026-03-19,451.0,0.0,451.0,Debit Card,Completed,0.325
PUR008318,CUST04655,CAM005677,2026-07-06,283.97,0.0,283.97,Credit Card,Completed,0.26
PUR008319,CUST04173,CAM003269,2025-06-07,1126.46,0.18,923.7,Credit Card,Completed,0.423
PUR008320,CUST00097,CAM008224,2025-06-29,4624.92,0.03,4486.17,PayPal,Pending,0.354
PUR008321,CUST02305,CAM000231,2026-02-22,298.71,0.0,298.71,Credit Card,Pending,0.217
PUR008322,CUST04950,CAM003471,2025-12-14,1201.12,0.03,1165.09,Credit Card,Completed,0.275
PUR008323,CUST02141,CAM007991,2025-09-17,932.02,0.0,932.02,Credit Card,Completed,0.252
PUR008324,CUST02283,CAM009157,2025-04-07,793.1,0.0,793.1,Credit Card,Completed,0.315
PUR008325,CUST03012,CAM008034,2024-09-08,1025.87,0.0,1025.87,Apple Pay,Completed,0.273
PUR008326,CUST03589,CAM002601,2025-12-27,1135.39,0.0,1135.39,PayPal,Completed,0.278
PUR008327,CUST01323,CAM001722,2025-02-16,3052.13,0.0,3052.13,Debit Card,Completed,0.321
PUR008328,CUST04829,CAM003888,2026-07-10,946.22,0.0,946.22,Google Pay,Completed,0.31
PUR008329,CUST00528,CAM006853,2024-12-06,399.89,0.0,399.89,Debit Card,Completed,0.358
PUR008330,CUST04839,CAM001187,2026-02-06,186.05,0.0,186.05,Credit Card,Completed,0.393
PUR008331,CUST04687,CAM002982,2026-03-22,1225.91,0.0,1225.91,Credit Card,Completed,0.433
PUR008332,CUST00530,CAM001614,2026-01-09,276.39,0.0,276.39,Credit Card,Completed,0.331
PUR008333,CUST00348,CAM006966,2026-06-20,612.35,0.22,477.63,Debit Card,Pending,0.251
PUR008334,CUST02296,CAM002486,2025-12-24,1305.5,0.0,1305.5,Debit Card,Completed,0.267
PUR008335,CUST02633,CAM006421,2026-07-12,1120.16,0.0,1120.16,PayPal,Refunded,0.385
PUR008336,CUST01025,CAM005032,2026-07-13,686.91,0.0,686.91,Credit Card,Completed,0.396
PUR008337,CUST02799,CAM007404,2026-03-06,1754.37,0.2,1403.5,Credit Card,Cancelled,0.277
PUR008338,CUST00720,CAM003794,2026-01-29,1551.39,0.0,1551.39,PayPal,Completed,0.372
PUR008339,CUST04373,CAM000999,2024-12-13,1122.04,0.0,1122.04,Debit Card,Pending,0.365
PUR008340,CUST01904,CAM000556,2025-08-06,421.8,0.0,421.8,PayPal,Refunded,0.388
PUR008341,CUST02557,CAM008301,2025-10-24,1538.96,0.0,1538.96,Credit Card,Refunded,0.252
PUR008342,CUST01684,CAM002432,2025-10-15,1331.71,0.02,1305.08,Apple Pay,Completed,0.405
PUR008343,CUST00065,CAM000347,2025-07-29,398.08,0.0,398.08,Google Pay,Completed,0.268
PUR008344,CUST00974,CAM003036,2025-10-22,1119.07,0.0,1119.07,Google Pay,Completed,0.343
PUR008345,CUST02498,CAM004494,2024-10-29,682.83,0.0,682.83,Debit Card,Completed,0.279
PUR008346,CUST03917,CAM000282,2025-04-20,1005.28,0.0,1005.28,PayPal,Completed,0.331
PUR008347,CUST03691,CAM008210,2026-08-09,159.44,0.0,159.44,PayPal,Completed,0.278
PUR008348,CUST02917,CAM000032,2024-12-28,1736.42,0.24,1319.68,Debit Card,Completed,0.393
PUR008349,CUST01472,CAM003886,2024-12-11,560.85,0.23,431.85,PayPal,Cancelled,0.202
PUR008350,CUST02742,CAM006563,2026-01-25,175.75,0.23,135.33,PayPal,Cancelled,0.218
PUR008351,CUST04087,CAM005924,2025-05-18,528.8,0.13,460.06,Debit Card,Completed,0.431
PUR008352,CUST01581,CAM007963,2025-02-23,399.84,0.08,367.85,Credit Card,Completed,0.381
PUR008353,CUST03703,CAM003784,2025-08-31,1587.58,0.23,1222.44,Credit Card,Completed,0.23
PUR008354,CUST01785,CAM003679,2024-12-18,630.84,0.0,630.84,Debit Card,Completed,0.211
PUR008355,CUST01898,CAM008702,2024-10-14,1536.93,0.0,1536.93,Google Pay,Completed,0.284
PUR008356,CUST01119,CAM005352,2026-07-02,1190.88,0.21,940.8,Credit Card,Completed,0.296
PUR008357,CUST00211,CAM000677,2025-06-16,1132.59,0.0,1132.59,Google Pay,Completed,0.293
PUR008358,CUST03945,CAM006304,2026-01-16,1687.12,0.0,1687.12,Credit Card,Completed,0.212
PUR008359,CUST02024,CAM004923,2025-07-02,620.96,0.0,620.96,Credit Card,Pending,0.375
PUR008360,CUST03957,CAM001396,2026-03-10,170.53,0.0,170.53,Debit Card,Completed,0.405
PUR008361,CUST01268,CAM000524,2025-12-20,415.52,0.0,415.52,Apple Pay,Refunded,0.292
PUR008362,CUST03022,CAM009449,2026-08-17,288.59,0.0,288.59,PayPal,Completed,0.353
PUR008363,CUST00339,CAM002383,2026-07-20,104.82,0.0,104.82,Apple Pay,Completed,0.447
PUR008364,CUST03497,CAM008869,2024-11-02,1063.31,0.0,1063.31,Apple Pay,Pending,0.354
PUR008365,CUST00252,CAM009714,2024-12-17,1581.48,0.11,1407.52,Debit Card,Completed,0.339
PUR008366,CUST02066,CAM009869,2025-01-01,828.05,0.0,828.05,PayPal,Completed,0.245
PUR008367,CUST02310,CAM008993,2024-09-23,300.5,0.0,300.5,Debit Card,Completed,0.398
PUR008368,CUST04124,CAM000817,2026-03-12,625.31,0.0,625.31,PayPal,Cancelled,0.304
PUR008369,CUST03750,CAM006870,2024-12-04,963.43,0.0,963.43,Apple Pay,Pending,0.255
PUR008370,CUST01593,CAM007364,2026-06-29,209.87,0.01,207.77,PayPal,Completed,0.29
PUR008371,CUST04490,CAM004767,2025-04-11,964.24,0.0,964.24,PayPal,Completed,0.263
PUR008372,CUST03122,CAM001002,2024-12-18,271.41,0.0,271.41,Credit Card,Completed,0.373
PUR008373,CUST03324,CAM003580,2026-06-21,1225.65,0.0,1225.65,Google Pay,Completed,0.333
PUR008374,CUST01068,CAM007577,2025-10-15,1702.84,0.21,1345.24,Credit Card,Completed,0.449
PUR008375,CUST00606,CAM007678,2024-10-05,516.87,0.0,516.87,Debit Card,Refunded,0.318
PUR008376,CUST00464,CAM002313,2025-09-13,1231.41,0.0,1231.41,Credit Card,Completed,0.364
PUR008377,CUST01777,CAM008651,2025-10-15,1736.82,0.0,1736.82,Credit Card,Cancelled,0.243
PUR008378,CUST02349,CAM000417,2025-08-18,954.76,0.13,830.64,PayPal,Completed,0.231
PUR008379,CUST04640,CAM005864,2026-01-23,208.87,0.0,208.87,Credit Card,Completed,0.204
PUR008380,CUST03389,CAM004169,2026-01-07,532.09,0.0,532.09,Debit Card,Completed,0.208
PUR008381,CUST00726,CAM005664,2025-01-15,602.74,0.0,602.74,Google Pay,Completed,0.221
PUR008382,CUST02608,CAM000828,2025-04-04,5220.5,0.0,5220.5,Debit Card,Completed,0.231
PUR008383,CUST03714,CAM001128,2025-12-17,691.69,0.0,691.69,PayPal,Pending,0.39
PUR008384,CUST04564,CAM003797,2025-04-29,1149.97,0.0,1149.97,Credit Card,Pending,0.368
PUR008385,CUST00251,CAM005285,2025-05-03,541.52,0.19,438.63,PayPal,Completed,0.357
PUR008386,CUST01690,CAM000401,2026-03-30,2527.08,0.0,2527.08,Credit Card,Pending,0.433
PUR008387,CUST01960,CAM000105,2026-01-13,1461.4,0.0,1461.4,Credit Card,Completed,0.428
PUR008388,CUST04629,CAM000596,2026-03-09,1092.51,0.2,874.01,Apple Pay,Completed,0.26
PUR008389,CUST00992,CAM009480,2024-11-05,519.42,0.0,519.42,Debit Card,Completed,0.45
PUR008390,CUST04179,CAM000671,2025-10-20,584.83,0.0,584.83,Credit Card,Completed,0.213
PUR008391,CUST03652,CAM008089,2025-02-25,219.76,0.0,219.76,Credit Card,Completed,0.422
PUR008392,CUST00097,CAM009871,2025-03-18,591.53,0.14,508.72,Apple Pay,Completed,0.437
PUR008393,CUST02701,CAM006587,2025-12-31,692.43,0.03,671.66,Apple Pay,Completed,0.25
PUR008394,CUST02757,CAM009688,2026-08-09,712.65,0.0,712.65,Debit Card,Completed,0.369
PUR008395,CUST02645,CAM008471,2025-10-18,1632.28,0.05,1550.67,Apple Pay,Completed,0.384
PUR008396,CUST02319,CAM000675,2026-06-15,979.87,0.0,979.87,Apple Pay,Completed,0.298
PUR008397,CUST01473,CAM006382,2026-05-30,753.84,0.05,716.15,Credit Card,Completed,0.448
PUR008398,CUST01047,CAM003947,2026-05-23,369.98,0.11,329.28,Debit Card,Cancelled,0.208
PUR008399,CUST02769,CAM000526,2026-01-11,257.51,0.0,257.51,Credit Card,Completed,0.382
PUR008400,CUST03159,CAM001865,2026-07-30,3063.18,0.03,2971.28,Google Pay,Completed,0.449
PUR008401,CUST04379,CAM005710,2025-06-02,115.71,0.0,115.71,Credit Card,Cancelled,0.335
PUR008402,CUST04803,CAM000862,2025-08-12,544.51,0.05,517.28,PayPal,Completed,0.32
PUR008403,CUST01159,CAM001236,2025-09-06,289.62,0.17,240.38,Credit Card,Completed,0.356
PUR008404,CUST04469,CAM003610,2025-02-26,927.9,0.13,807.27,Google Pay,Pending,0.335
PUR008405,CUST01192,CAM005428,2024-11-20,560.11,0.16,470.49,Credit Card,Completed,0.322
PUR008406,CUST01566,CAM005354,2025-06-13,1570.51,0.03,1523.39,Debit Card,Completed,0.373
PUR008407,CUST02259,CAM000801,2025-02-27,1341.82,0.0,1341.82,Google Pay,Completed,0.424
PUR008408,CUST00961,CAM002849,2025-03-04,1310.62,0.0,1310.62,Credit Card,Completed,0.233
PUR008409,CUST00762,CAM008968,2025-08-17,379.12,0.0,379.12,Credit Card,Pending,0.22
PUR008410,CUST00780,CAM003378,2026-01-04,1254.38,0.21,990.96,Google Pay,Completed,0.323
PUR008411,CUST04636,CAM006630,2025-10-20,241.68,0.0,241.68,PayPal,Completed,0.385
PUR008412,CUST03886,CAM007920,2025-08-11,759.97,0.19,615.58,Apple Pay,Completed,0.4
PUR008413,CUST00148,CAM008977,2026-04-27,486.82,0.0,486.82,Credit Card,Completed,0.305
PUR008414,CUST01615,CAM007959,2025-10-20,340.62,0.0,340.62,Google Pay,Completed,0.413
PUR008415,CUST00594,CAM002088,2026-04-02,121.64,0.08,111.91,Credit Card,Completed,0.211
PUR008416,CUST01185,CAM001109,2025-03-23,837.68,0.2,670.14,Credit Card,Pending,0.392
PUR008417,CUST01186,CAM000628,2024-10-12,324.05,0.14,278.68,Apple Pay,Cancelled,0.242
PUR008418,CUST01256,CAM007479,2026-01-22,807.87,0.09,735.16,Debit Card,Completed,0.322
PUR008419,CUST03685,CAM003932,2025-11-09,1584.31,0.0,1584.31,Apple Pay,Completed,0.402
PUR008420,CUST01467,CAM000841,2025-08-05,863.17,0.0,863.17,Debit Card,Completed,0.434
PUR008421,CUST04981,CAM002153,2025-06-18,844.12,0.22,658.41,Apple Pay,Completed,0.419
PUR008422,CUST00948,CAM005656,2026-04-12,509.79,0.0,509.79,PayPal,Completed,0.421
PUR008423,CUST04950,CAM007078,2026-04-30,1374.0,0.04,1319.04,PayPal,Completed,0.296
PUR008424,CUST02780,CAM008712,2026-04-21,362.67,0.0,362.67,PayPal,Pending,0.436
PUR008425,CUST04059,CAM008280,2025-09-30,570.68,0.22,445.13,PayPal,Completed,0.342
PUR008426,CUST02904,CAM005974,2026-08-23,1748.78,0.0,1748.78,Debit Card,Completed,0.376
PUR008427,CUST04162,CAM002218,2025-12-06,1365.68,0.0,1365.68,Apple Pay,Cancelled,0.207
PUR008428,CUST02461,CAM005633,2026-03-03,427.16,0.0,427.16,Credit Card,Pending,0.281
PUR008429,CUST02086,CAM005440,2025-09-27,321.49,0.22,250.76,Credit Card,Completed,0.209
PUR008430,CUST03860,CAM004107,2024-10-03,1037.45,0.1,933.71,Apple Pay,Completed,0.218
PUR008431,CUST04614,CAM009063,2026-08-02,542.77,0.24,412.51,PayPal,Completed,0.338
PUR008432,CUST00950,CAM008663,2026-08-03,498.71,0.0,498.71,Apple Pay,Completed,0.283
PUR008433,CUST01299,CAM003946,2026-05-25,691.83,0.03,671.08,Credit Card,Completed,0.409
PUR008434,CUST03571,CAM007358,2024-08-23,889.54,0.0,889.54,Credit Card,Completed,0.323
PUR008435,CUST00989,CAM004636,2025-05-30,622.1,0.11,553.67,PayPal,Completed,0.375
PUR008436,CUST00079,CAM005313,2025-07-11,1882.44,0.0,1882.44,PayPal,Completed,0.337
PUR008437,CUST01819,CAM004534,2026-06-17,219.41,0.0,219.41,Credit Card,Completed,0.203
PUR008438,CUST01295,CAM002638,2026-07-15,948.84,0.0,948.84,PayPal,Completed,0.438
PUR008439,CUST03200,CAM006072,2025-07-09,313.03,0.0,313.03,Credit Card,Completed,0.223
PUR008440,CUST00003,CAM005161,2026-01-29,557.89,0.0,557.89,PayPal,Completed,0.325
PUR008441,CUST00640,CAM006069,2025-07-29,362.42,0.0,362.42,Credit Card,Refunded,0.256
PUR008442,CUST04329,CAM005793,2025-11-04,1170.33,0.13,1018.19,Debit Card,Completed,0.388
PUR008443,CUST01025,CAM005162,2024-09-13,243.28,0.0,243.28,PayPal,Completed,0.224
PUR008444,CUST04752,CAM008729,2024-12-15,1986.06,0.0,1986.06,Credit Card,Pending,0.407
PUR008445,CUST02944,CAM009157,2025-04-02,652.44,0.0,652.44,Apple Pay,Completed,0.333
PUR008446,CUST03703,CAM006830,2026-03-03,703.24,0.0,703.24,Debit Card,Completed,0.284
PUR008447,CUST00720,CAM007686,2024-10-17,373.15,0.02,365.69,Google Pay,Completed,0.238
PUR008448,CUST02168,CAM005103,2025-11-07,850.86,0.0,850.86,Credit Card,Completed,0.299
PUR008449,CUST02307,CAM000069,2024-12-24,153.13,0.01,151.6,Debit Card,Completed,0.231
PUR008450,CUST04861,CAM003911,2024-09-26,398.12,0.2,318.5,Apple Pay,Completed,0.221
PUR008451,CUST02442,CAM000727,2025-12-29,285.21,0.12,250.98,Apple Pay,Completed,0.372
PUR008452,CUST00648,CAM009763,2026-01-26,1585.85,0.0,1585.85,Credit Card,Completed,0.394
PUR008453,CUST03830,CAM004979,2026-01-14,342.86,0.0,342.86,PayPal,Refunded,0.408
PUR008454,CUST04465,CAM009180,2026-07-18,783.31,0.19,634.48,Google Pay,Pending,0.397
PUR008455,CUST03260,CAM002644,2025-04-26,1048.05,0.0,1048.05,Debit Card,Completed,0.444
PUR008456,CUST02923,CAM005886,2025-04-19,1225.28,0.0,1225.28,Credit Card,Completed,0.379
PUR008457,CUST00383,CAM006219,2025-07-31,127.65,0.04,122.54,Debit Card,Completed,0.417
PUR008458,CUST03750,CAM008106,2025-06-17,1233.32,0.0,1233.32,PayPal,Completed,0.27
PUR008459,CUST00996,CAM006391,2025-10-24,150.6,0.0,150.6,Google Pay,Pending,0.385
PUR008460,CUST03350,CAM001168,2026-08-14,183.08,0.17,151.96,Google Pay,Completed,0.269
PUR008461,CUST01053,CAM005321,2024-08-24,242.51,0.0,242.51,PayPal,Completed,0.319
PUR008462,CUST03933,CAM006418,2025-02-22,3242.46,0.19,2626.39,PayPal,Pending,0.348
PUR008463,CUST03841,CAM004127,2026-03-01,215.11,0.0,215.11,PayPal,Completed,0.397
PUR008464,CUST03619,CAM003876,2025-08-14,291.34,0.06,273.86,Credit Card,Refunded,0.415
PUR008465,CUST02319,CAM008230,2024-09-24,887.59,0.0,887.59,Google Pay,Completed,0.27
PUR008466,CUST04772,CAM001291,2025-03-24,632.96,0.0,632.96,Debit Card,Completed,0.284
PUR008467,CUST02100,CAM007718,2026-10-01,670.45,0.0,670.45,Google Pay,Completed,0.425
PUR008468,CUST02354,CAM007637,2025-11-24,359.94,0.0,359.94,Credit Card,Completed,0.399
PUR008469,CUST02387,CAM001087,2026-03-11,732.03,0.0,732.03,Debit Card,Refunded,0.254
PUR008470,CUST02768,CAM005281,2024-09-13,585.43,0.0,585.43,Debit Card,Completed,0.222
PUR008471,CUST01964,CAM007967,2024-09-29,1560.72,0.0,1560.72,Credit Card,Completed,0.337
PUR008472,CUST02362,CAM007357,2025-01-30,368.92,0.0,368.92,Debit Card,Completed,0.29
PUR008473,CUST03964,CAM009909,2025-05-13,1281.43,0.01,1268.62,Google Pay,Pending,0.299
PUR008474,CUST01759,CAM009601,2026-02-08,331.56,0.0,331.56,PayPal,Completed,0.252
PUR008475,CUST03369,CAM008690,2025-02-09,4968.6,0.0,4968.6,Apple Pay,Completed,0.378
PUR008476,CUST03942,CAM004922,2026-05-03,901.65,0.15,766.4,Debit Card,Completed,0.408
PUR008477,CUST01599,CAM002983,2024-12-31,235.48,0.0,235.48,PayPal,Completed,0.37
PUR008478,CUST03138,CAM005334,2025-12-13,578.35,0.15,491.6,Apple Pay,Completed,0.268
PUR008479,CUST02684,CAM004653,2026-05-27,481.99,0.0,481.99,Apple Pay,Completed,0.427
PUR008480,CUST01056,CAM008311,2024-10-14,957.84,0.11,852.48,Credit Card,Completed,0.361
PUR008481,CUST03712,CAM006778,2025-12-14,1640.29,0.06,1541.87,Debit Card,Pending,0.4
PUR008482,CUST01411,CAM002982,2026-04-10,349.58,0.0,349.58,Apple Pay,Completed,0.223
PUR008483,CUST01477,CAM008869,2024-10-31,345.04,0.15,293.28,Credit Card,Completed,0.281
PUR008484,CUST01166,CAM005502,2026-06-14,884.4,0.07,822.49,Apple Pay,Completed,0.29
PUR008485,CUST04617,CAM006206,2025-05-22,493.38,0.0,493.38,Credit Card,Completed,0.395
PUR008486,CUST03928,CAM007334,2025-04-17,602.14,0.0,602.14,Credit Card,Completed,0.385
PUR008487,CUST01408,CAM009844,2026-05-10,73.84,0.0,73.84,Debit Card,Completed,0.21
PUR008488,CUST00752,CAM004442,2026-01-27,1353.13,0.09,1231.35,Debit Card,Completed,0.22
PUR008489,CUST02481,CAM008405,2025-05-16,129.5,0.0,129.5,Google Pay,Completed,0.365
PUR008490,CUST04973,CAM001985,2025-04-25,271.61,0.0,271.61,Debit Card,Completed,0.339
PUR008491,CUST04251,CAM002344,2025-11-28,426.51,0.12,375.33,PayPal,Completed,0.259
PUR008492,CUST02529,CAM001525,2025-08-19,690.55,0.0,690.55,PayPal,Completed,0.366
PUR008493,CUST04894,CAM007067,2024-11-21,168.66,0.0,168.66,Debit Card,Completed,0.356
PUR008494,CUST04207,CAM006567,2025-08-11,1445.49,0.0,1445.49,Apple Pay,Completed,0.372
PUR008495,CUST00760,CAM004166,2024-12-29,341.42,0.0,341.42,Google Pay,Pending,0.431
PUR008496,CUST03685,CAM003659,2025-04-25,667.98,0.25,500.98,Debit Card,Completed,0.305
PUR008497,CUST01186,CAM005051,2026-09-09,238.32,0.0,238.32,Debit Card,Completed,0.367
PUR008498,CUST03370,CAM009818,2025-12-22,338.82,0.0,338.82,Debit Card,Completed,0.337
PUR008499,CUST03011,CAM002850,2025-01-16,1313.5,0.1,1182.15,Credit Card,Completed,0.239
PUR008500,CUST03545,CAM007611,2024-09-09,714.0,0.01,706.86,Debit Card,Completed,0.322
PUR008501,CUST00166,CAM007053,2026-01-17,801.1,0.2,640.88,PayPal,Completed,0.388
PUR008502,CUST04998,CAM006324,2025-06-02,1003.07,0.13,872.67,Debit Card,Pending,0.441
PUR008503,CUST00468,CAM009120,2025-01-18,304.16,0.0,304.16,Credit Card,Refunded,0.371
PUR008504,CUST01379,CAM006837,2025-10-23,384.93,0.19,311.79,PayPal,Completed,0.359
PUR008505,CUST02149,CAM006342,2026-09-04,1110.93,0.0,1110.93,Credit Card,Completed,0.262
PUR008506,CUST02157,CAM002840,2025-06-05,870.1,0.02,852.7,Credit Card,Completed,0.412
PUR008507,CUST03617,CAM007558,2025-12-07,1053.18,0.0,1053.18,Credit Card,Completed,0.404
PUR008508,CUST00510,CAM006197,2025-02-28,630.75,0.09,573.98,Credit Card,Completed,0.208
PUR008509,CUST04582,CAM007080,2026-03-20,465.98,0.0,465.98,Credit Card,Completed,0.23
PUR008510,CUST00768,CAM007356,2026-05-30,65.84,0.07,61.23,Credit Card,Pending,0.236
PUR008511,CUST02133,CAM001236,2025-10-04,217.4,0.2,173.92,Credit Card,Completed,0.445
PUR008512,CUST04745,CAM008243,2026-06-03,760.81,0.13,661.9,Debit Card,Completed,0.393
PUR008513,CUST02852,CAM007554,2025-02-01,204.23,0.0,204.23,Debit Card,Completed,0.392
PUR008514,CUST02645,CAM000865,2026-02-06,158.09,0.23,121.73,Credit Card,Completed,0.229
PUR008515,CUST00081,CAM007994,2025-12-28,837.19,0.14,719.98,Credit Card,Completed,0.251
PUR008516,CUST00113,CAM000819,2025-09-08,923.08,0.0,923.08,Google Pay,Completed,0.305
PUR008517,CUST02838,CAM008027,2025-12-23,370.83,0.22,289.25,Debit Card,Pending,0.216
PUR008518,CUST04066,CAM006281,2026-04-27,1338.61,0.0,1338.61,Debit Card,Completed,0.392
PUR008519,CUST00594,CAM000716,2025-03-30,411.63,0.0,411.63,Credit Card,Completed,0.365
PUR008520,CUST01728,CAM009925,2025-06-25,102.0,0.0,102.0,Apple Pay,Completed,0.37
PUR008521,CUST00516,CAM004035,2025-05-02,330.86,0.14,284.54,Apple Pay,Pending,0.246
PUR008522,CUST00157,CAM007703,2026-06-06,814.51,0.0,814.51,PayPal,Refunded,0.276
PUR008523,CUST03015,CAM009601,2026-01-07,1123.86,0.0,1123.86,PayPal,Completed,0.255
PUR008524,CUST02478,CAM007920,2025-07-19,1528.73,0.1,1375.86,Credit Card,Pending,0.259
PUR008525,CUST03746,CAM008740,2025-09-05,1579.24,0.12,1389.73,PayPal,Completed,0.308
PUR008526,CUST03846,CAM000145,2026-03-02,1092.56,0.0,1092.56,Credit Card,Completed,0.295
PUR008527,CUST01891,CAM000519,2024-11-09,647.89,0.16,544.23,PayPal,Completed,0.228
PUR008528,CUST01305,CAM004997,2026-06-12,630.36,0.0,630.36,Apple Pay,Pending,0.381
PUR008529,CUST02498,CAM009240,2024-10-16,379.32,0.0,379.32,Debit Card,Completed,0.319
PUR008530,CUST00630,CAM001323,2025-11-11,439.62,0.0,439.62,Apple Pay,Completed,0.279
PUR008531,CUST00140,CAM004074,2024-11-15,346.78,0.0,346.78,Google Pay,Refunded,0.302
PUR008532,CUST04281,CAM003271,2026-04-06,2641.09,0.19,2139.28,Credit Card,Completed,0.441
PUR008533,CUST02728,CAM002173,2026-05-25,1732.61,0.21,1368.76,Credit Card,Completed,0.299
PUR008534,CUST02806,CAM000333,2025-04-26,882.52,0.0,882.52,PayPal,Completed,0.288
PUR008535,CUST00773,CAM006665,2026-07-02,1118.5,0.17,928.35,Credit Card,Completed,0.428
PUR008536,CUST01992,CAM002907,2025-07-31,1616.28,0.23,1244.54,Apple Pay,Completed,0.357
PUR008537,CUST01562,CAM005602,2025-02-11,309.34,0.08,284.59,Debit Card,Completed,0.362
PUR008538,CUST01713,CAM005164,2026-02-12,1545.62,0.0,1545.62,Debit Card,Completed,0.357
PUR008539,CUST01772,CAM000247,2026-01-01,165.65,0.0,165.65,Credit Card,Cancelled,0.289
PUR008540,CUST03272,CAM002647,2026-06-17,99.49,0.0,99.49,Debit Card,Completed,0.419
PUR008541,CUST00798,CAM000179,2026-02-14,109.62,0.23,84.41,Debit Card,Pending,0.203
PUR008542,CUST04458,CAM002671,2025-01-29,600.21,0.0,600.21,Debit Card,Completed,0.262
PUR008543,CUST00483,CAM002769,2025-05-01,877.32,0.19,710.63,PayPal,Completed,0.246
PUR008544,CUST04679,CAM001048,2025-02-14,73.82,0.0,73.82,Credit Card,Completed,0.418
PUR008545,CUST03031,CAM009358,2025-08-15,835.41,0.0,835.41,Google Pay,Completed,0.42
PUR008546,CUST03979,CAM002076,2025-04-26,287.23,0.22,224.04,Debit Card,Completed,0.249
PUR008547,CUST04716,CAM000003,2025-04-16,275.09,0.09,250.33,Debit Card,Completed,0.279
PUR008548,CUST04721,CAM004851,2025-01-08,313.55,0.0,313.55,Debit Card,Completed,0.34
PUR008549,CUST03069,CAM001349,2025-04-22,535.94,0.0,535.94,PayPal,Completed,0.438
PUR008550,CUST02536,CAM008281,2024-11-14,128.43,0.0,128.43,Debit Card,Completed,0.28
PUR008551,CUST01110,CAM001574,2025-07-08,2117.9,0.0,2117.9,Google Pay,Completed,0.281
PUR008552,CUST04674,CAM004501,2025-01-30,657.66,0.0,657.66,PayPal,Completed,0.394
PUR008553,CUST04357,CAM000034,2025-06-10,1702.0,0.0,1702.0,Apple Pay,Completed,0.204
PUR008554,CUST00759,CAM008391,2026-05-28,1573.82,0.0,1573.82,PayPal,Completed,0.318
PUR008555,CUST01100,CAM009818,2025-12-24,191.56,0.0,191.56,PayPal,Completed,0.346
PUR008556,CUST03563,CAM006360,2024-11-03,231.45,0.0,231.45,Debit Card,Completed,0.398
PUR008557,CUST03757,CAM006613,2026-02-27,1959.98,0.19,1587.58,Apple Pay,Completed,0.259
PUR008558,CUST04134,CAM000168,2025-04-26,164.66,0.19,133.37,Google Pay,Completed,0.256
PUR008559,CUST04174,CAM003039,2026-01-02,660.97,0.15,561.82,Credit Card,Completed,0.343
PUR008560,CUST03831,CAM004997,2026-05-13,1115.48,0.0,1115.48,PayPal,Completed,0.296
PUR008561,CUST01284,CAM002562,2024-11-05,289.25,0.18,237.19,Debit Card,Completed,0.298
PUR008562,CUST00649,CAM000239,2026-06-18,709.15,0.0,709.15,Debit Card,Completed,0.316
PUR008563,CUST01735,CAM006100,2024-12-20,778.02,0.03,754.68,Debit Card,Cancelled,0.248
PUR008564,CUST00581,CAM002654,2025-09-20,1760.08,0.0,1760.08,PayPal,Completed,0.327
PUR008565,CUST01594,CAM003215,2026-04-09,110.56,0.0,110.56,Debit Card,Completed,0.445
PUR008566,CUST02925,CAM002675,2024-09-15,1649.9,0.09,1501.41,Debit Card,Completed,0.416
PUR008567,CUST03521,CAM005567,2026-06-10,524.93,0.0,524.93,Credit Card,Completed,0.386
PUR008568,CUST04855,CAM001831,2026-05-25,98.61,0.0,98.61,Credit Card,Completed,0.361
PUR008569,CUST02322,CAM000944,2026-02-05,420.65,0.0,420.65,Debit Card,Completed,0.243
PUR008570,CUST02453,CAM008953,2026-03-24,699.57,0.07,650.6,PayPal,Completed,0.351
PUR008571,CUST02891,CAM000459,2026-09-15,2140.61,0.0,2140.61,PayPal,Completed,0.3
PUR008572,CUST00016,CAM001201,2025-11-01,1281.84,0.0,1281.84,Google Pay,Refunded,0.346
PUR008573,CUST01251,CAM006417,2024-12-04,960.55,0.0,960.55,Google Pay,Completed,0.232
PUR008574,CUST04765,CAM007368,2026-07-22,116.61,0.0,116.61,Debit Card,Completed,0.355
PUR008575,CUST01792,CAM000684,2025-08-19,226.89,0.0,226.89,Credit Card,Completed,0.376
PUR008576,CUST00205,CAM004251,2024-11-11,595.26,0.11,529.78,Apple Pay,Completed,0.279
PUR008577,CUST01975,CAM009178,2024-10-25,2494.91,0.05,2370.16,Apple Pay,Completed,0.27
PUR008578,CUST01958,CAM005451,2026-06-23,148.57,0.0,148.57,Credit Card,Refunded,0.314
PUR008579,CUST02649,CAM006043,2025-11-21,907.92,0.0,907.92,Google Pay,Refunded,0.433
PUR008580,CUST02966,CAM005498,2025-09-12,71.03,0.0,71.03,Apple Pay,Completed,0.334
PUR008581,CUST04661,CAM006054,2025-06-09,724.66,0.0,724.66,PayPal,Completed,0.426
PUR008582,CUST02303,CAM004852,2026-03-27,659.95,0.0,659.95,PayPal,Completed,0.408
PUR008583,CUST00259,CAM007189,2025-06-30,1719.93,0.0,1719.93,Debit Card,Completed,0.389
PUR008584,CUST04644,CAM000105,2026-01-10,161.45,0.25,121.09,Credit Card,Completed,0.216
PUR008585,CUST02993,CAM008274,2025-10-01,175.42,0.0,175.42,Google Pay,Pending,0.431
PUR008586,CUST02045,CAM004647,2025-01-29,645.15,0.0,645.15,Credit Card,Completed,0.214
PUR008587,CUST02048,CAM009519,2025-09-20,256.47,0.02,251.34,Debit Card,Completed,0.405
PUR008588,CUST00897,CAM004221,2025-08-30,1189.44,0.16,999.13,Google Pay,Completed,0.249
PUR008589,CUST00853,CAM006735,2026-09-06,2690.24,0.0,2690.24,Apple Pay,Completed,0.302
PUR008590,CUST01170,CAM008005,2026-03-26,854.29,0.0,854.29,PayPal,Completed,0.407
PUR008591,CUST02598,CAM006239,2026-01-23,534.1,0.0,534.1,PayPal,Completed,0.31
PUR008592,CUST03579,CAM009660,2024-11-12,125.76,0.13,109.41,Credit Card,Completed,0.388
PUR008593,CUST03862,CAM004133,2025-06-06,566.23,0.0,566.23,PayPal,Completed,0.317
PUR008594,CUST01922,CAM004783,2025-08-13,127.72,0.0,127.72,Apple Pay,Completed,0.28
PUR008595,CUST04826,CAM008652,2025-06-05,759.06,0.24,576.89,PayPal,Completed,0.376
PUR008596,CUST04096,CAM008334,2024-11-03,853.73,0.16,717.13,Credit Card,Completed,0.426
PUR008597,CUST03415,CAM005505,2025-10-01,573.99,0.06,539.55,Google Pay,Cancelled,0.36
PUR008598,CUST03933,CAM005748,2026-09-12,133.13,0.0,133.13,Google Pay,Completed,0.259
PUR008599,CUST01245,CAM008194,2025-05-30,522.96,0.22,407.91,Debit Card,Cancelled,0.299
PUR008600,CUST03588,CAM003976,2025-07-12,333.36,0.0,333.36,Credit Card,Completed,0.266
PUR008601,CUST00622,CAM002905,2025-12-29,237.7,0.0,237.7,Credit Card,Completed,0.417
PUR008602,CUST04145,CAM004093,2026-02-27,5075.71,0.11,4517.38,Apple Pay,Completed,0.316
PUR008603,CUST01621,CAM000022,2024-12-22,750.49,0.07,697.96,Google Pay,Completed,0.421
PUR008604,CUST04713,CAM004561,2024-10-12,212.1,0.08,195.13,Debit Card,Completed,0.373
PUR008605,CUST01461,CAM006679,2025-01-13,1534.04,0.0,1534.04,Apple Pay,Completed,0.239
PUR008606,CUST04016,CAM001197,2025-02-20,419.13,0.05,398.17,Apple Pay,Completed,0.291
PUR008607,CUST01580,CAM006651,2026-04-01,1164.88,0.0,1164.88,Credit Card,Completed,0.375
PUR008608,CUST02518,CAM006654,2025-02-03,865.04,0.0,865.04,Credit Card,Cancelled,0.341
PUR008609,CUST00867,CAM005680,2026-04-11,682.58,0.0,682.58,Debit Card,Completed,0.448
PUR008610,CUST00900,CAM007993,2026-03-12,330.09,0.24,250.87,Apple Pay,Completed,0.404
PUR008611,CUST01552,CAM001706,2025-01-06,505.94,0.13,440.17,PayPal,Completed,0.385
PUR008612,CUST02429,CAM001172,2025-12-02,807.69,0.0,807.69,PayPal,Completed,0.247
PUR008613,CUST01199,CAM007055,2025-09-04,125.72,0.0,125.72,Credit Card,Completed,0.407
PUR008614,CUST03897,CAM004673,2025-02-21,319.51,0.0,319.51,Credit Card,Completed,0.413
PUR008615,CUST04238,CAM005416,2025-12-05,353.12,0.0,353.12,PayPal,Completed,0.275
PUR008616,CUST02496,CAM001437,2024-11-09,1044.63,0.18,856.6,Debit Card,Completed,0.211
PUR008617,CUST04239,CAM001892,2024-11-13,218.9,0.06,205.77,Apple Pay,Completed,0.267
PUR008618,CUST01265,CAM009075,2025-01-27,131.99,0.06,124.07,Credit Card,Completed,0.267
PUR008619,CUST04410,CAM002105,2025-04-13,183.91,0.1,165.52,PayPal,Completed,0.275
PUR008620,CUST00363,CAM000747,2026-08-24,99.04,0.0,99.04,Debit Card,Completed,0.253
PUR008621,CUST03947,CAM002524,2026-05-22,490.16,0.0,490.16,PayPal,Completed,0.379
PUR008622,CUST03203,CAM005234,2026-09-02,466.73,0.22,364.05,Apple Pay,Pending,0.409
PUR008623,CUST01536,CAM006562,2026-07-22,3967.41,0.0,3967.41,Debit Card,Completed,0.205
PUR008624,CUST04615,CAM000544,2024-11-04,1336.99,0.07,1243.4,Debit Card,Cancelled,0.217
PUR008625,CUST04626,CAM001251,2025-05-26,501.83,0.06,471.72,PayPal,Completed,0.228
PUR008626,CUST01373,CAM000165,2026-07-15,829.27,0.0,829.27,Credit Card,Completed,0.319
PUR008627,CUST03083,CAM009791,2026-05-14,330.96,0.0,330.96,Apple Pay,Refunded,0.408
PUR008628,CUST03192,CAM007886,2025-10-12,847.33,0.2,677.86,Google Pay,Completed,0.306
PUR008629,CUST04994,CAM002041,2024-12-12,1320.43,0.0,1320.43,Debit Card,Completed,0.275
PUR008630,CUST01983,CAM002832,2025-07-30,627.31,0.0,627.31,Google Pay,Completed,0.427
PUR008631,CUST00185,CAM000077,2025-10-05,358.08,0.15,304.37,PayPal,Completed,0.271
PUR008632,CUST01366,CAM005029,2024-11-20,1902.44,0.19,1540.98,Debit Card,Completed,0.295
PUR008633,CUST03534,CAM003854,2025-10-22,1681.67,0.0,1681.67,Apple Pay,Completed,0.333
PUR008634,CUST00692,CAM002518,2025-08-19,508.65,0.17,422.18,Credit Card,Completed,0.439
PUR008635,CUST02681,CAM004207,2025-06-21,719.44,0.0,719.44,Credit Card,Completed,0.441
PUR008636,CUST04701,CAM000184,2025-01-08,206.82,0.14,177.87,PayPal,Completed,0.204
PUR008637,CUST00678,CAM001836,2025-08-14,154.95,0.23,119.31,Google Pay,Completed,0.241
PUR008638,CUST04887,CAM002632,2025-11-22,735.17,0.16,617.54,Debit Card,Completed,0.376
PUR008639,CUST04559,CAM001279,2025-05-02,437.86,0.0,437.86,Debit Card,Completed,0.211
PUR008640,CUST02019,CAM006481,2026-06-09,544.54,0.07,506.42,Debit Card,Completed,0.257
PUR008641,CUST00081,CAM008244,2026-08-12,891.88,0.0,891.88,Apple Pay,Completed,0.42
PUR008642,CUST04605,CAM006797,2026-04-14,341.52,0.0,341.52,Google Pay,Completed,0.405
PUR008643,CUST00843,CAM008298,2025-01-01,984.56,0.24,748.27,Credit Card,Completed,0.392
PUR008644,CUST01096,CAM000802,2025-07-23,267.77,0.0,267.77,Debit Card,Completed,0.374
PUR008645,CUST04859,CAM003987,2025-06-15,501.55,0.16,421.3,Debit Card,Completed,0.365
PUR008646,CUST03482,CAM007632,2025-08-20,872.55,0.0,872.55,Credit Card,Completed,0.335
PUR008647,CUST02421,CAM001400,2026-04-10,217.59,0.16,182.78,PayPal,Pending,0.434
PUR008648,CUST00434,CAM007031,2024-11-06,738.47,0.0,738.47,Debit Card,Completed,0.217
PUR008649,CUST01430,CAM004697,2025-09-27,371.05,0.0,371.05,PayPal,Refunded,0.3
PUR008650,CUST00195,CAM001234,2025-03-15,520.15,0.0,520.15,PayPal,Completed,0.385
PUR008651,CUST04716,CAM008215,2025-08-05,279.69,0.0,279.69,Google Pay,Completed,0.257
PUR008652,CUST04848,CAM008803,2026-05-02,789.03,0.05,749.58,Credit Card,Completed,0.249
PUR008653,CUST02474,CAM003168,2025-08-02,934.41,0.15,794.25,PayPal,Completed,0.251
PUR008654,CUST03841,CAM008065,2026-07-07,643.98,0.0,643.98,PayPal,Completed,0.237
PUR008655,CUST02787,CAM009240,2024-10-29,426.79,0.0,426.79,Debit Card,Completed,0.343
PUR008656,CUST00170,CAM006084,2025-01-25,324.01,0.15,275.41,Credit Card,Completed,0.33
PUR008657,CUST00394,CAM005985,2026-02-08,1014.51,0.0,1014.51,PayPal,Completed,0.332
PUR008658,CUST03891,CAM004889,2026-03-22,1068.76,0.24,812.26,Google Pay,Completed,0.32
PUR008659,CUST01952,CAM002722,2026-06-25,217.85,0.21,172.1,Google Pay,Completed,0.416
PUR008660,CUST04843,CAM003095,2025-03-06,613.99,0.0,613.99,Credit Card,Completed,0.377
PUR008661,CUST03942,CAM008013,2025-12-21,753.98,0.17,625.8,Apple Pay,Completed,0.307
PUR008662,CUST03099,CAM001188,2025-11-21,1444.78,0.0,1444.78,Debit Card,Completed,0.264
PUR008663,CUST03869,CAM007380,2025-08-21,579.3,0.1,521.37,Credit Card,Completed,0.426
PUR008664,CUST01451,CAM004284,2025-12-27,2238.25,0.19,1812.98,Credit Card,Completed,0.311
PUR008665,CUST03244,CAM005397,2024-11-22,706.83,0.16,593.74,Credit Card,Completed,0.298
PUR008666,CUST03348,CAM002206,2024-10-20,46.2,0.07,42.97,Credit Card,Completed,0.209
PUR008667,CUST03993,CAM001972,2025-12-02,72.44,0.0,72.44,PayPal,Completed,0.329
PUR008668,CUST02444,CAM002838,2026-08-10,785.62,0.01,777.76,Credit Card,Completed,0.389
PUR008669,CUST00174,CAM004337,2026-03-20,252.0,0.0,252.0,Credit Card,Completed,0.343
PUR008670,CUST01745,CAM004141,2025-04-13,108.22,0.13,94.15,Credit Card,Pending,0.43
PUR008671,CUST04198,CAM008056,2024-11-11,138.45,0.0,138.45,PayPal,Completed,0.401
PUR008672,CUST00138,CAM005316,2024-10-15,1000.46,0.05,950.44,PayPal,Completed,0.237
PUR008673,CUST01343,CAM000809,2025-11-12,217.62,0.0,217.62,PayPal,Completed,0.414
PUR008674,CUST02065,CAM001319,2025-03-07,412.96,0.0,412.96,Credit Card,Completed,0.334
PUR008675,CUST01163,CAM003965,2025-09-23,129.72,0.0,129.72,Debit Card,Refunded,0.406
PUR008676,CUST04651,CAM001102,2025-01-11,1010.98,0.08,930.1,PayPal,Completed,0.385
PUR008677,CUST04459,CAM005573,2024-09-27,517.28,0.0,517.28,Credit Card,Completed,0.441
PUR008678,CUST01385,CAM002230,2026-05-01,530.91,0.0,530.91,Apple Pay,Completed,0.279
PUR008679,CUST01812,CAM008808,2026-07-10,504.88,0.0,504.88,PayPal,Completed,0.29
PUR008680,CUST02757,CAM005905,2026-08-08,1150.47,0.22,897.37,Credit Card,Completed,0.35
PUR008681,CUST04535,CAM006573,2026-01-26,646.27,0.0,646.27,PayPal,Completed,0.366
PUR008682,CUST02360,CAM001460,2026-06-22,386.1,0.03,374.52,Credit Card,Completed,0.282
PUR008683,CUST02184,CAM002798,2026-03-03,1038.85,0.0,1038.85,Apple Pay,Completed,0.446
PUR008684,CUST01316,CAM006618,2025-06-29,259.15,0.07,241.01,PayPal,Completed,0.309
PUR008685,CUST04241,CAM001203,2026-01-28,773.0,0.22,602.94,Credit Card,Completed,0.218
PUR008686,CUST03161,CAM006685,2026-05-06,440.44,0.0,440.44,Credit Card,Completed,0.255
PUR008687,CUST03166,CAM007888,2025-12-28,725.62,0.0,725.62,PayPal,Completed,0.267
PUR008688,CUST01006,CAM005409,2025-06-05,314.8,0.0,314.8,Debit Card,Completed,0.34
PUR008689,CUST02769,CAM005627,2024-11-16,966.36,0.07,898.71,Credit Card,Completed,0.22
PUR008690,CUST03323,CAM001990,2025-11-01,469.15,0.0,469.15,Debit Card,Completed,0.239
PUR008691,CUST00247,CAM004014,2024-10-26,219.74,0.0,219.74,Credit Card,Completed,0.375
PUR008692,CUST02759,CAM007338,2025-05-11,621.62,0.0,621.62,Google Pay,Completed,0.334
PUR008693,CUST01162,CAM001021,2025-04-16,760.93,0.0,760.93,PayPal,Completed,0.261
PUR008694,CUST03602,CAM008158,2026-03-01,453.54,0.13,394.58,Debit Card,Pending,0.231
PUR008695,CUST03969,CAM000223,2024-12-24,234.29,0.0,234.29,PayPal,Completed,0.322
PUR008696,CUST03328,CAM008761,2024-10-07,448.47,0.18,367.75,PayPal,Pending,0.263
PUR008697,CUST00191,CAM004400,2025-04-01,229.36,0.16,192.66,Credit Card,Completed,0.278
PUR008698,CUST01543,CAM009309,2024-12-02,940.92,0.24,715.1,Credit Card,Completed,0.337
PUR008699,CUST02057,CAM007049,2025-03-08,266.5,0.0,266.5,Credit Card,Completed,0.438
PUR008700,CUST01152,CAM002189,2026-01-18,427.9,0.0,427.9,Debit Card,Completed,0.426
PUR008701,CUST04432,CAM002558,2024-11-15,311.83,0.17,258.82,PayPal,Completed,0.237
PUR008702,CUST02790,CAM006671,2026-01-13,378.06,0.0,378.06,Credit Card,Completed,0.404
PUR008703,CUST04512,CAM004059,2025-04-26,377.37,0.0,377.37,PayPal,Completed,0.38
PUR008704,CUST04055,CAM001137,2025-08-14,463.19,0.0,463.19,Debit Card,Completed,0.201
PUR008705,CUST00090,CAM005113,2024-12-14,389.25,0.12,342.54,Apple Pay,Completed,0.406
PUR008706,CUST04995,CAM001758,2026-03-14,2849.38,0.0,2849.38,Google Pay,Completed,0.213
PUR008707,CUST03414,CAM003468,2024-09-17,261.94,0.0,261.94,Credit Card,Completed,0.317
PUR008708,CUST04967,CAM008703,2025-05-28,326.76,0.0,326.76,Google Pay,Completed,0.367
PUR008709,CUST03806,CAM008045,2025-12-19,378.98,0.1,341.08,Debit Card,Completed,0.215
PUR008710,CUST04011,CAM002121,2024-11-20,1379.11,0.19,1117.08,Google Pay,Completed,0.449
PUR008711,CUST00366,CAM007518,2026-04-23,198.5,0.0,198.5,PayPal,Completed,0.251
PUR008712,CUST02732,CAM007945,2026-03-16,1126.54,0.17,935.03,PayPal,Pending,0.411
PUR008713,CUST04731,CAM002650,2024-10-23,1947.05,0.2,1557.64,Apple Pay,Completed,0.369
PUR008714,CUST00732,CAM002235,2026-04-25,103.31,0.0,103.31,Apple Pay,Completed,0.331
PUR008715,CUST02714,CAM000624,2024-11-01,528.76,0.0,528.76,Credit Card,Completed,0.333
PUR008716,CUST00450,CAM005991,2025-07-21,549.92,0.17,456.43,Google Pay,Completed,0.29
PUR008717,CUST00997,CAM002242,2025-09-27,844.79,0.0,844.79,Credit Card,Completed,0.273
PUR008718,CUST04022,CAM002836,2026-06-22,872.14,0.15,741.32,Credit Card,Completed,0.422
PUR008719,CUST03246,CAM002143,2024-09-16,914.2,0.19,740.5,Google Pay,Pending,0.202
PUR008720,CUST01976,CAM008538,2026-01-01,1689.3,0.0,1689.3,PayPal,Completed,0.236
PUR008721,CUST00397,CAM008915,2026-06-17,207.03,0.13,180.12,PayPal,Completed,0.286
PUR008722,CUST00789,CAM005094,2026-02-06,1686.49,0.0,1686.49,Credit Card,Completed,0.295
PUR008723,CUST00170,CAM003100,2026-03-30,225.86,0.0,225.86,Debit Card,Cancelled,0.208
PUR008724,CUST01281,CAM002472,2024-12-25,1618.66,0.07,1505.35,Debit Card,Completed,0.449
PUR008725,CUST00279,CAM004413,2025-09-21,810.35,0.21,640.18,Google Pay,Pending,0.403
PUR008726,CUST04687,CAM008059,2024-10-23,250.92,0.24,190.7,Debit Card,Completed,0.266
PUR008727,CUST04787,CAM008378,2025-10-04,508.11,0.0,508.11,PayPal,Completed,0.233
PUR008728,CUST03626,CAM003533,2025-08-02,549.07,0.22,428.27,Credit Card,Completed,0.396
PUR008729,CUST04174,CAM007969,2025-09-14,919.47,0.0,919.47,Credit Card,Pending,0.244
PUR008730,CUST03832,CAM006018,2024-11-14,1394.53,0.21,1101.68,Apple Pay,Completed,0.254
PUR008731,CUST01964,CAM009696,2025-10-28,1393.32,0.03,1351.52,Credit Card,Completed,0.405
PUR008732,CUST03439,CAM000822,2024-11-16,533.48,0.03,517.48,Apple Pay,Completed,0.357
PUR008733,CUST03051,CAM000843,2026-01-21,691.84,0.0,691.84,Google Pay,Completed,0.416
PUR008734,CUST03254,CAM007313,2025-04-05,351.74,0.15,298.98,Apple Pay,Completed,0.207
PUR008735,CUST00623,CAM008827,2025-03-29,596.25,0.23,459.11,Debit Card,Completed,0.313
PUR008736,CUST01898,CAM003548,2025-07-07,580.09,0.0,580.09,Debit Card,Completed,0.34
PUR008737,CUST03284,CAM008804,2026-05-14,625.94,0.0,625.94,Credit Card,Completed,0.254
PUR008738,CUST03107,CAM001856,2026-04-08,1349.84,0.0,1349.84,Apple Pay,Completed,0.309
PUR008739,CUST02980,CAM007481,2026-08-17,132.22,0.0,132.22,Apple Pay,Completed,0.235
PUR008740,CUST03753,CAM006941,2024-12-13,736.9,0.0,736.9,Credit Card,Completed,0.215
PUR008741,CUST01104,CAM003516,2026-05-28,1442.25,0.0,1442.25,Credit Card,Completed,0.444
PUR008742,CUST03008,CAM003872,2024-09-14,267.99,0.06,251.91,Credit Card,Completed,0.323
PUR008743,CUST01451,CAM005307,2024-10-04,733.69,0.0,733.69,Debit Card,Completed,0.343
PUR008744,CUST01514,CAM000901,2024-11-10,689.47,0.18,565.37,Credit Card,Completed,0.375
PUR008745,CUST00034,CAM004751,2025-04-30,1575.7,0.18,1292.07,PayPal,Refunded,0.431
PUR008746,CUST04053,CAM003719,2026-05-07,1762.89,0.0,1762.89,Debit Card,Pending,0.341
PUR008747,CUST01549,CAM004511,2026-02-14,261.31,0.07,243.02,Apple Pay,Completed,0.396
PUR008748,CUST03988,CAM002592,2025-07-18,824.08,0.2,659.26,Google Pay,Completed,0.382
PUR008749,CUST00300,CAM001021,2025-05-27,508.01,0.0,508.01,Google Pay,Pending,0.429
PUR008750,CUST01212,CAM008264,2026-02-10,1204.5,0.23,927.46,PayPal,Pending,0.344
PUR008751,CUST00216,CAM000214,2025-04-04,1272.08,0.0,1272.08,Credit Card,Completed,0.44
PUR008752,CUST00264,CAM004418,2025-01-01,705.53,0.0,705.53,Google Pay,Completed,0.262
PUR008753,CUST01812,CAM002016,2026-05-02,168.26,0.0,168.26,Debit Card,Completed,0.417
PUR008754,CUST04330,CAM008834,2024-11-18,426.62,0.0,426.62,PayPal,Completed,0.273
PUR008755,CUST01741,CAM003069,2026-04-12,638.83,0.0,638.83,Credit Card,Completed,0.349
PUR008756,CUST03175,CAM000794,2026-07-20,1503.33,0.0,1503.33,Debit Card,Completed,0.381
PUR008757,CUST02619,CAM004893,2026-06-14,222.58,0.0,222.58,Credit Card,Completed,0.338
PUR008758,CUST00077,CAM001058,2025-01-24,779.39,0.21,615.72,Debit Card,Completed,0.207
PUR008759,CUST03975,CAM009042,2026-03-05,151.32,0.0,151.32,Credit Card,Completed,0.26
PUR008760,CUST02086,CAM006423,2025-04-07,240.29,0.0,240.29,Debit Card,Completed,0.446
PUR008761,CUST00453,CAM009353,2026-01-29,523.69,0.0,523.69,Debit Card,Completed,0.326
PUR008762,CUST04484,CAM007071,2025-10-20,1331.58,0.24,1012.0,PayPal,Completed,0.393
PUR008763,CUST04657,CAM002638,2026-06-29,832.36,0.14,715.83,PayPal,Completed,0.203
PUR008764,CUST00483,CAM001905,2024-10-13,2460.13,0.0,2460.13,PayPal,Completed,0.398
PUR008765,CUST00411,CAM005639,2025-05-12,1001.79,0.0,1001.79,Debit Card,Pending,0.369
PUR008766,CUST00210,CAM005571,2025-08-01,763.0,0.0,763.0,Google Pay,Pending,0.213
PUR008767,CUST01026,CAM008129,2024-10-23,833.34,0.0,833.34,Apple Pay,Completed,0.337
PUR008768,CUST04696,CAM003535,2025-04-08,382.14,0.07,355.39,Credit Card,Completed,0.402
PUR008769,CUST00368,CAM007797,2025-02-20,205.32,0.0,205.32,Credit Card,Completed,0.295
PUR008770,CUST01274,CAM003146,2025-09-11,387.46,0.0,387.46,Debit Card,Completed,0.352
PUR008771,CUST04939,CAM000409,2025-04-02,265.56,0.0,265.56,PayPal,Completed,0.397
PUR008772,CUST04134,CAM007189,2025-05-14,1993.07,0.0,1993.07,Credit Card,Pending,0.39
PUR008773,CUST00162,CAM007630,2025-07-05,577.16,0.2,461.73,Credit Card,Completed,0.289
PUR008774,CUST01086,CAM005253,2024-09-14,519.86,0.0,519.86,Credit Card,Completed,0.315
PUR008775,CUST02765,CAM000505,2026-02-07,227.47,0.0,227.47,Debit Card,Completed,0.354
PUR008776,CUST03086,CAM000994,2026-05-03,1233.11,0.25,924.83,Credit Card,Completed,0.298
PUR008777,CUST01985,CAM007592,2026-02-12,199.37,0.0,199.37,Apple Pay,Completed,0.379
PUR008778,CUST03131,CAM001685,2025-03-31,646.96,0.0,646.96,Apple Pay,Completed,0.353
PUR008779,CUST03043,CAM005341,2025-04-01,377.24,0.0,377.24,Debit Card,Completed,0.417
PUR008780,CUST00279,CAM004272,2026-05-15,2495.9,0.0,2495.9,Google Pay,Completed,0.355
PUR008781,CUST00662,CAM002038,2025-02-04,451.68,0.0,451.68,Credit Card,Completed,0.213
PUR008782,CUST01303,CAM006891,2024-10-15,379.13,0.0,379.13,Debit Card,Completed,0.215
PUR008783,CUST01281,CAM003484,2025-01-11,737.48,0.2,589.98,Google Pay,Completed,0.361
PUR008784,CUST00100,CAM003547,2025-07-11,870.72,0.0,870.72,Debit Card,Completed,0.25
PUR008785,CUST00218,CAM007738,2026-05-26,110.26,0.11,98.13,Credit Card,Pending,0.378
PUR008786,CUST04149,CAM004224,2025-04-22,668.7,0.0,668.7,Apple Pay,Completed,0.286
PUR008787,CUST01966,CAM003285,2026-09-12,415.29,0.1,373.76,Apple Pay,Completed,0.38
PUR008788,CUST04308,CAM009163,2025-06-10,316.04,0.16,265.47,PayPal,Completed,0.269
PUR008789,CUST00540,CAM004248,2024-10-13,373.55,0.0,373.55,Debit Card,Completed,0.391
PUR008790,CUST04859,CAM005416,2025-11-25,226.87,0.0,226.87,Credit Card,Completed,0.225
PUR008791,CUST01335,CAM001583,2026-03-10,961.44,0.0,961.44,Debit Card,Completed,0.421
PUR008792,CUST00148,CAM008808,2026-06-30,208.87,0.0,208.87,Google Pay,Completed,0.37
PUR008793,CUST00596,CAM009307,2026-05-11,1755.63,0.0,1755.63,Credit Card,Completed,0.374
PUR008794,CUST04965,CAM003616,2026-03-14,1046.07,0.0,1046.07,PayPal,Completed,0.397
PUR008795,CUST04455,CAM002384,2026-08-09,380.08,0.0,380.08,Google Pay,Completed,0.378
PUR008796,CUST01094,CAM009872,2025-03-02,1437.14,0.16,1207.2,PayPal,Completed,0.316
PUR008797,CUST04355,CAM007921,2024-12-03,126.44,0.0,126.44,PayPal,Completed,0.283
PUR008798,CUST02279,CAM005712,2026-02-13,322.15,0.03,312.49,Debit Card,Completed,0.384
PUR008799,CUST03445,CAM005885,2024-09-20,569.16,0.0,569.16,Apple Pay,Completed,0.406
PUR008800,CUST00232,CAM008367,2025-09-07,348.72,0.0,348.72,Google Pay,Completed,0.379
PUR008801,CUST02417,CAM009072,2024-10-17,162.61,0.13,141.47,Credit Card,Completed,0.328
PUR008802,CUST03706,CAM002117,2025-09-09,485.84,0.0,485.84,Google Pay,Completed,0.364
PUR008803,CUST04537,CAM004709,2024-09-18,511.77,0.22,399.18,Google Pay,Completed,0.243
PUR008804,CUST03029,CAM000501,2025-05-06,282.67,0.0,282.67,PayPal,Completed,0.305
PUR008805,CUST00970,CAM008088,2025-06-26,443.27,0.0,443.27,Apple Pay,Completed,0.282
PUR008806,CUST02480,CAM001735,2026-01-30,829.91,0.0,829.91,Google Pay,Completed,0.251
PUR008807,CUST02812,CAM009727,2026-06-04,1257.29,0.0,1257.29,Debit Card,Completed,0.405
PUR008808,CUST02887,CAM008687,2025-07-21,2102.1,0.22,1639.64,Credit Card,Completed,0.243
PUR008809,CUST03628,CAM008831,2025-12-23,2813.63,0.0,2813.63,Debit Card,Completed,0.418
PUR008810,CUST04217,CAM001611,2025-08-20,1801.47,0.0,1801.47,Credit Card,Completed,0.261
PUR008811,CUST04206,CAM001464,2026-05-25,1421.7,0.04,1364.83,PayPal,Completed,0.346
PUR008812,CUST00138,CAM004571,2024-09-20,993.45,0.0,993.45,Apple Pay,Pending,0.322
PUR008813,CUST04110,CAM001525,2025-09-05,3278.93,0.0,3278.93,PayPal,Completed,0.416
PUR008814,CUST02152,CAM003278,2024-09-28,1558.4,0.13,1355.81,Apple Pay,Cancelled,0.208
PUR008815,CUST04228,CAM007005,2025-11-08,616.75,0.1,555.08,Debit Card,Completed,0.323
PUR008816,CUST04000,CAM004496,2025-11-24,177.25,0.12,155.98,Debit Card,Pending,0.206
PUR008817,CUST03531,CAM000562,2025-05-21,790.44,0.13,687.68,Apple Pay,Completed,0.377
PUR008818,CUST01422,CAM005936,2025-02-25,1251.29,0.24,950.98,Debit Card,Completed,0.326
PUR008819,CUST01294,CAM003203,2025-04-06,207.29,0.06,194.85,Debit Card,Completed,0.337
PUR008820,CUST02195,CAM004921,2025-04-01,358.02,0.0,358.02,Debit Card,Completed,0.28
PUR008821,CUST04869,CAM004713,2025-03-03,548.13,0.21,433.02,Credit Card,Completed,0.349
PUR008822,CUST00120,CAM007460,2025-02-16,291.54,0.0,291.54,PayPal,Completed,0.394
PUR008823,CUST04953,CAM009778,2026-08-01,271.79,0.19,220.15,PayPal,Pending,0.257
PUR008824,CUST03938,CAM000638,2025-11-19,482.03,0.0,482.03,PayPal,Completed,0.369
PUR008825,CUST04390,CAM005311,2025-09-28,683.21,0.24,519.24,Credit Card,Completed,0.299
PUR008826,CUST02452,CAM000985,2025-03-11,986.69,0.05,937.36,Debit Card,Completed,0.361
PUR008827,CUST04234,CAM001258,2025-10-05,539.1,0.0,539.1,Debit Card,Completed,0.432
PUR008828,CUST03127,CAM003188,2024-10-21,2119.42,0.03,2055.84,PayPal,Completed,0.436
PUR008829,CUST02616,CAM003312,2026-08-13,543.77,0.0,543.77,Debit Card,Completed,0.263
PUR008830,CUST02581,CAM008743,2025-11-12,826.64,0.21,653.05,Google Pay,Completed,0.352
PUR008831,CUST04592,CAM005387,2026-08-20,205.15,0.13,178.48,Credit Card,Completed,0.235
PUR008832,CUST00221,CAM009739,2025-11-11,1290.62,0.13,1122.84,Google Pay,Completed,0.226
PUR008833,CUST03336,CAM009579,2025-09-22,952.63,0.0,952.63,Credit Card,Refunded,0.425
PUR008834,CUST00843,CAM009214,2025-04-30,1044.71,0.0,1044.71,Credit Card,Completed,0.228
PUR008835,CUST03874,CAM007959,2025-10-03,1037.16,0.0,1037.16,Apple Pay,Completed,0.441
PUR008836,CUST02106,CAM001673,2025-05-08,476.67,0.0,476.67,Apple Pay,Completed,0.329
PUR008837,CUST02251,CAM009145,2026-03-05,255.05,0.0,255.05,Debit Card,Completed,0.262
PUR008838,CUST04900,CAM003422,2026-05-02,566.94,0.0,566.94,Debit Card,Cancelled,0.34
PUR008839,CUST04046,CAM000756,2025-02-02,258.49,0.0,258.49,Debit Card,Completed,0.279
PUR008840,CUST02973,CAM004012,2025-11-01,875.19,0.0,875.19,Debit Card,Completed,0.323
PUR008841,CUST04324,CAM005036,2025-09-19,427.94,0.14,368.03,PayPal,Completed,0.34
PUR008842,CUST00191,CAM009504,2026-07-08,1128.76,0.0,1128.76,Google Pay,Cancelled,0.233
PUR008843,CUST00615,CAM004209,2026-06-01,1279.31,0.0,1279.31,Credit Card,Completed,0.253
PUR008844,CUST00488,CAM003191,2025-11-07,308.46,0.23,237.51,Apple Pay,Completed,0.444
PUR008845,CUST03906,CAM006909,2025-09-16,439.55,0.0,439.55,Apple Pay,Completed,0.45
PUR008846,CUST00627,CAM000392,2025-01-15,550.29,0.13,478.75,Apple Pay,Completed,0.412
PUR008847,CUST04602,CAM008210,2026-08-08,2036.17,0.0,2036.17,PayPal,Pending,0.382
PUR008848,CUST00573,CAM006717,2026-06-22,500.71,0.0,500.71,Apple Pay,Completed,0.211
PUR008849,CUST03935,CAM006526,2025-12-02,425.2,0.08,391.18,Google Pay,Completed,0.37
PUR008850,CUST04114,CAM000596,2026-02-04,302.95,0.0,302.95,Credit Card,Completed,0.214
PUR008851,CUST00364,CAM008134,2026-06-29,1157.63,0.0,1157.63,Credit Card,Completed,0.265
PUR008852,CUST02395,CAM007167,2024-12-01,222.3,0.0,222.3,Credit Card,Completed,0.313
PUR008853,CUST00319,CAM007884,2024-10-22,1697.75,0.09,1544.95,Credit Card,Completed,0.281
PUR008854,CUST01712,CAM006125,2026-02-02,560.68,0.0,560.68,Debit Card,Cancelled,0.309
PUR008855,CUST02116,CAM005923,2024-12-15,932.53,0.0,932.53,Google Pay,Pending,0.286
PUR008856,CUST02498,CAM004721,2025-02-06,1632.41,0.07,1518.14,PayPal,Completed,0.245
PUR008857,CUST04527,CAM007886,2025-10-09,1070.78,0.0,1070.78,Credit Card,Completed,0.21
PUR008858,CUST00438,CAM000485,2026-02-11,463.18,0.0,463.18,Apple Pay,Completed,0.379
PUR008859,CUST03850,CAM004998,2024-09-28,505.34,0.0,505.34,Google Pay,Completed,0.217
PUR008860,CUST01598,CAM006931,2024-11-28,475.64,0.15,404.29,PayPal,Refunded,0.353
PUR008861,CUST03757,CAM008932,2024-11-14,369.83,0.0,369.83,Credit Card,Completed,0.269
PUR008862,CUST03012,CAM003762,2026-04-09,799.77,0.04,767.78,Credit Card,Completed,0.221
PUR008863,CUST01105,CAM008912,2026-05-11,959.25,0.14,824.96,Apple Pay,Completed,0.321
PUR008864,CUST00404,CAM008994,2024-10-10,3856.9,0.14,3316.93,Apple Pay,Cancelled,0.236
PUR008865,CUST04750,CAM002227,2024-12-03,1926.85,0.0,1926.85,Google Pay,Completed,0.407
PUR008866,CUST01572,CAM005076,2025-08-10,1569.75,0.0,1569.75,Credit Card,Completed,0.293
PUR008867,CUST00115,CAM006677,2024-11-17,490.34,0.05,465.82,Debit Card,Completed,0.416
PUR008868,CUST02491,CAM000927,2025-12-31,264.72,0.0,264.72,Debit Card,Completed,0.357
PUR008869,CUST03734,CAM008141,2025-10-23,668.48,0.19,541.47,Debit Card,Completed,0.264
PUR008870,CUST01366,CAM004033,2025-07-29,1163.09,0.0,1163.09,PayPal,Completed,0.393
PUR008871,CUST00344,CAM003118,2026-01-08,1133.43,0.02,1110.76,PayPal,Completed,0.386
PUR008872,CUST00844,CAM005850,2026-08-11,950.61,0.0,950.61,Debit Card,Pending,0.311
PUR008873,CUST02998,CAM002108,2026-02-26,612.23,0.0,612.23,Debit Card,Completed,0.316
PUR008874,CUST00924,CAM000666,2025-12-23,994.72,0.0,994.72,PayPal,Completed,0.263
PUR008875,CUST04465,CAM004731,2025-06-20,188.74,0.14,162.32,Credit Card,Completed,0.227
PUR008876,CUST00666,CAM008717,2026-05-18,702.34,0.1,632.11,PayPal,Completed,0.434
PUR008877,CUST02091,CAM006688,2026-06-28,1147.75,0.0,1147.75,Apple Pay,Completed,0.318
PUR008878,CUST02307,CAM006713,2026-07-08,208.77,0.0,208.77,Credit Card,Completed,0.346
PUR008879,CUST04624,CAM005785,2026-03-30,371.36,0.14,319.37,PayPal,Completed,0.243
PUR008880,CUST01171,CAM004988,2026-01-22,228.11,0.0,228.11,Credit Card,Completed,0.412
PUR008881,CUST03440,CAM007999,2026-06-14,1043.49,0.0,1043.49,Credit Card,Completed,0.284
PUR008882,CUST00052,CAM008568,2024-11-07,264.58,0.0,264.58,PayPal,Completed,0.383
PUR008883,CUST02935,CAM007721,2024-09-28,1113.97,0.0,1113.97,PayPal,Completed,0.374
PUR008884,CUST03377,CAM000700,2025-01-03,651.72,0.0,651.72,Debit Card,Completed,0.239
PUR008885,CUST03610,CAM009488,2026-05-25,344.1,0.12,302.81,Apple Pay,Completed,0.231
PUR008886,CUST02717,CAM006334,2025-07-31,465.93,0.22,363.43,Google Pay,Completed,0.306
PUR008887,CUST00404,CAM003020,2025-10-17,531.88,0.0,531.88,Credit Card,Completed,0.255
PUR008888,CUST00228,CAM006384,2026-05-07,171.24,0.14,147.27,Debit Card,Completed,0.274
PUR008889,CUST04525,CAM008725,2025-12-21,627.26,0.21,495.54,Debit Card,Refunded,0.27
PUR008890,CUST04579,CAM008140,2026-06-16,1318.26,0.0,1318.26,PayPal,Completed,0.318
PUR008891,CUST01188,CAM004148,2026-07-04,610.72,0.0,610.72,Apple Pay,Completed,0.39
PUR008892,CUST04795,CAM009969,2025-09-08,177.85,0.0,177.85,Apple Pay,Completed,0.286
PUR008893,CUST00232,CAM007839,2026-01-05,279.76,0.0,279.76,Apple Pay,Completed,0.205
PUR008894,CUST04874,CAM003508,2025-10-25,1670.06,0.0,1670.06,Credit Card,Pending,0.373
PUR008895,CUST03333,CAM009844,2026-04-30,156.98,0.24,119.3,Apple Pay,Pending,0.296
PUR008896,CUST04731,CAM009291,2024-11-15,1757.7,0.0,1757.7,Credit Card,Completed,0.332
PUR008897,CUST02749,CAM003826,2025-10-13,24.43,0.04,23.45,PayPal,Refunded,0.207
PUR008898,CUST02358,CAM007999,2026-06-08,323.35,0.0,323.35,Debit Card,Completed,0.273
PUR008899,CUST01776,CAM008318,2024-10-11,252.16,0.18,206.77,Debit Card,Pending,0.361
PUR008900,CUST03394,CAM009411,2025-05-09,99.64,0.0,99.64,Apple Pay,Completed,0.225
PUR008901,CUST01285,CAM001173,2024-10-27,305.17,0.19,247.19,PayPal,Completed,0.391
PUR008902,CUST03848,CAM007609,2026-01-30,190.92,0.01,189.01,Apple Pay,Completed,0.286
PUR008903,CUST02962,CAM001052,2025-11-03,845.66,0.0,845.66,Debit Card,Pending,0.274
PUR008904,CUST00528,CAM004525,2025-08-13,404.68,0.0,404.68,Debit Card,Completed,0.343
PUR008905,CUST02296,CAM007513,2025-09-07,1196.06,0.0,1196.06,Apple Pay,Completed,0.248
PUR008906,CUST02184,CAM009509,2026-03-08,867.85,0.0,867.85,Credit Card,Pending,0.406
PUR008907,CUST01235,CAM004374,2025-11-04,362.08,0.0,362.08,Credit Card,Completed,0.43
PUR008908,CUST03580,CAM000743,2025-04-10,913.29,0.14,785.43,Credit Card,Completed,0.242
PUR008909,CUST03872,CAM005640,2026-03-21,649.03,0.12,571.15,PayPal,Completed,0.28
PUR008910,CUST00901,CAM008882,2026-01-26,227.79,0.0,227.79,PayPal,Pending,0.255
PUR008911,CUST03290,CAM008193,2026-01-05,731.76,0.0,731.76,Credit Card,Completed,0.297
PUR008912,CUST03673,CAM004047,2025-12-13,355.13,0.0,355.13,PayPal,Completed,0.45
PUR008913,CUST02349,CAM004708,2025-08-02,268.81,0.0,268.81,PayPal,Completed,0.385
PUR008914,CUST04285,CAM004413,2025-11-02,441.73,0.0,441.73,PayPal,Completed,0.252
PUR008915,CUST04612,CAM005942,2025-01-13,1840.37,0.0,1840.37,Credit Card,Completed,0.331
PUR008916,CUST02361,CAM000126,2025-06-24,385.84,0.0,385.84,Google Pay,Completed,0.343
PUR008917,CUST02944,CAM003594,2024-11-12,858.97,0.0,858.97,Credit Card,Completed,0.321
PUR008918,CUST03459,CAM000289,2025-06-10,58.74,0.09,53.45,Credit Card,Completed,0.205
PUR008919,CUST03460,CAM007843,2025-07-26,491.24,0.0,491.24,Credit Card,Pending,0.36
PUR008920,CUST00753,CAM002941,2026-09-05,800.84,0.16,672.71,Credit Card,Completed,0.211
PUR008921,CUST03894,CAM005589,2026-02-01,516.81,0.12,454.79,PayPal,Completed,0.219
PUR008922,CUST03833,CAM000077,2025-09-22,583.79,0.0,583.79,Credit Card,Completed,0.214
PUR008923,CUST03012,CAM000771,2025-04-24,580.08,0.0,580.08,Credit Card,Pending,0.35
PUR008924,CUST04418,CAM006947,2025-01-19,303.91,0.0,303.91,Credit Card,Completed,0.245
PUR008925,CUST02781,CAM007992,2026-01-28,620.17,0.0,620.17,Credit Card,Pending,0.308
PUR008926,CUST02175,CAM004881,2025-09-10,152.64,0.0,152.64,PayPal,Completed,0.253
PUR008927,CUST04724,CAM009956,2025-12-12,178.12,0.06,167.43,Google Pay,Completed,0.266
PUR008928,CUST04877,CAM001050,2025-04-05,1083.37,0.0,1083.37,Debit Card,Completed,0.387
PUR008929,CUST03170,CAM000277,2026-06-09,1058.48,0.0,1058.48,Apple Pay,Completed,0.257
PUR008930,CUST00669,CAM001691,2025-07-20,634.2,0.0,634.2,Debit Card,Pending,0.321
PUR008931,CUST02008,CAM008658,2025-06-09,474.86,0.14,408.38,Credit Card,Completed,0.25
PUR008932,CUST03353,CAM003436,2024-10-05,194.76,0.0,194.76,Debit Card,Completed,0.22
PUR008933,CUST01511,CAM001417,2025-08-25,599.47,0.0,599.47,Credit Card,Completed,0.236
PUR008934,CUST02366,CAM001098,2026-08-09,242.98,0.0,242.98,PayPal,Completed,0.264
PUR008935,CUST04305,CAM004343,2026-05-28,432.02,0.24,328.34,Apple Pay,Completed,0.344
PUR008936,CUST00072,CAM005622,2025-08-04,118.69,0.0,118.69,Credit Card,Completed,0.425
PUR008937,CUST04370,CAM000159,2025-12-10,1141.59,0.0,1141.59,Credit Card,Completed,0.306
PUR008938,CUST00105,CAM004261,2025-01-13,90.46,0.23,69.65,Google Pay,Completed,0.304
PUR008939,CUST04696,CAM006991,2024-10-11,1683.04,0.0,1683.04,Debit Card,Completed,0.427
PUR008940,CUST00563,CAM002843,2026-08-05,67.83,0.1,61.05,PayPal,Completed,0.326
PUR008941,CUST04022,CAM006603,2026-01-14,1468.53,0.0,1468.53,Credit Card,Completed,0.349
PUR008942,CUST03360,CAM001098,2026-07-13,431.45,0.0,431.45,Debit Card,Completed,0.302
PUR008943,CUST00744,CAM008482,2026-01-07,6170.37,0.0,6170.37,PayPal,Completed,0.265
PUR008944,CUST01126,CAM003460,2024-12-16,389.59,0.0,389.59,Debit Card,Completed,0.448
PUR008945,CUST03986,CAM000631,2024-12-24,1599.37,0.0,1599.37,Credit Card,Completed,0.372
PUR008946,CUST01269,CAM006532,2025-01-17,2050.08,0.01,2029.58,Credit Card,Cancelled,0.298
PUR008947,CUST01516,CAM002624,2024-09-30,434.71,0.0,434.71,Credit Card,Completed,0.424
PUR008948,CUST03547,CAM008415,2026-04-08,296.54,0.0,296.54,Credit Card,Refunded,0.216
PUR008949,CUST04853,CAM000089,2025-06-13,446.84,0.23,344.07,PayPal,Completed,0.243
PUR008950,CUST00034,CAM009703,2025-08-21,189.95,0.08,174.75,Apple Pay,Completed,0.448
PUR008951,CUST04395,CAM008012,2024-11-02,470.13,0.0,470.13,Google Pay,Pending,0.415
PUR008952,CUST03897,CAM001250,2026-01-19,605.74,0.16,508.82,Credit Card,Completed,0.259
PUR008953,CUST01907,CAM005611,2026-01-07,504.7,0.11,449.18,Google Pay,Completed,0.422
PUR008954,CUST04567,CAM000906,2024-10-31,513.55,0.0,513.55,PayPal,Completed,0.331
PUR008955,CUST03504,CAM007791,2025-04-09,303.87,0.0,303.87,Google Pay,Completed,0.356
PUR008956,CUST00815,CAM004005,2026-03-17,30.71,0.0,30.71,Debit Card,Pending,0.234
PUR008957,CUST00207,CAM008285,2026-05-12,550.38,0.07,511.85,PayPal,Pending,0.354
PUR008958,CUST02188,CAM002506,2025-07-21,194.57,0.0,194.57,Debit Card,Completed,0.203
PUR008959,CUST00070,CAM002936,2025-04-03,237.49,0.0,237.49,Debit Card,Pending,0.333
PUR008960,CUST00275,CAM009787,2025-05-22,869.33,0.13,756.32,PayPal,Cancelled,0.246
PUR008961,CUST03721,CAM009540,2026-08-08,4053.49,0.0,4053.49,Apple Pay,Completed,0.328
PUR008962,CUST00353,CAM000363,2026-08-19,721.8,0.04,692.93,Credit Card,Completed,0.272
PUR008963,CUST00747,CAM009858,2025-11-14,1024.97,0.13,891.72,Apple Pay,Completed,0.201
PUR008964,CUST01037,CAM002127,2025-07-03,101.19,0.0,101.19,Apple Pay,Completed,0.303
PUR008965,CUST01382,CAM002544,2026-03-04,168.8,0.0,168.8,Google Pay,Cancelled,0.425
PUR008966,CUST00928,CAM007151,2025-01-28,661.57,0.0,661.57,Debit Card,Completed,0.269
PUR008967,CUST02041,CAM003427,2026-01-09,1063.32,0.17,882.56,Credit Card,Completed,0.314
PUR008968,CUST02926,CAM006310,2025-04-02,102.03,0.0,102.03,PayPal,Completed,0.258
PUR008969,CUST00665,CAM008121,2026-06-24,93.01,0.0,93.01,Debit Card,Completed,0.205
PUR008970,CUST00497,CAM003955,2025-03-21,514.76,0.0,514.76,PayPal,Completed,0.424
PUR008971,CUST04630,CAM009265,2026-02-23,2445.46,0.2,1956.37,Credit Card,Completed,0.309
PUR008972,CUST02402,CAM006125,2026-02-13,338.5,0.01,335.12,Credit Card,Completed,0.373
PUR008973,CUST00057,CAM003916,2025-04-24,3696.91,0.23,2846.62,Debit Card,Completed,0.339
PUR008974,CUST02206,CAM009042,2026-04-01,3674.76,0.12,3233.79,Credit Card,Completed,0.262
PUR008975,CUST01992,CAM000344,2025-01-02,710.49,0.13,618.13,Debit Card,Completed,0.263
PUR008976,CUST01965,CAM000582,2025-03-20,253.36,0.09,230.56,Debit Card,Completed,0.41
PUR008977,CUST03682,CAM006772,2025-11-10,228.64,0.11,203.49,Credit Card,Completed,0.377
PUR008978,CUST00497,CAM001266,2024-11-09,502.06,0.0,502.06,PayPal,Refunded,0.258
PUR008979,CUST00450,CAM005568,2026-03-30,160.43,0.0,160.43,Credit Card,Completed,0.284
PUR008980,CUST01470,CAM007643,2025-10-17,747.55,0.0,747.55,Credit Card,Completed,0.337
PUR008981,CUST00514,CAM003737,2026-04-21,2408.37,0.05,2287.95,Credit Card,Cancelled,0.27
PUR008982,CUST03417,CAM005432,2026-05-08,15.77,0.15,13.4,Credit Card,Completed,0.258
PUR008983,CUST04383,CAM009029,2024-12-25,275.71,0.25,206.78,Apple Pay,Completed,0.35
PUR008984,CUST00255,CAM004289,2025-06-13,242.8,0.16,203.95,Apple Pay,Completed,0.283
PUR008985,CUST02265,CAM005505,2025-11-06,1022.18,0.08,940.41,PayPal,Completed,0.263
PUR008986,CUST03551,CAM000396,2024-09-22,551.98,0.11,491.26,PayPal,Cancelled,0.377
PUR008987,CUST02729,CAM004598,2026-05-12,1098.95,0.01,1087.96,Debit Card,Completed,0.429
PUR008988,CUST01713,CAM002428,2026-03-26,322.07,0.11,286.64,Apple Pay,Completed,0.422
PUR008989,CUST00180,CAM008450,2026-02-25,275.21,0.11,244.94,Credit Card,Completed,0.329
PUR008990,CUST01306,CAM004994,2025-04-25,1313.25,0.0,1313.25,PayPal,Completed,0.23
PUR008991,CUST02142,CAM008363,2026-07-15,169.43,0.0,169.43,PayPal,Refunded,0.234
PUR008992,CUST02882,CAM008787,2026-09-19,1432.68,0.0,1432.68,PayPal,Refunded,0.383
PUR008993,CUST01352,CAM001879,2026-01-17,1180.58,0.0,1180.58,PayPal,Completed,0.321
PUR008994,CUST04000,CAM008840,2025-05-04,1207.33,0.0,1207.33,Credit Card,Completed,0.448
PUR008995,CUST01834,CAM000282,2025-04-06,456.28,0.0,456.28,Google Pay,Completed,0.405
PUR008996,CUST01029,CAM000623,2024-08-20,2099.48,0.05,1994.51,Google Pay,Cancelled,0.386
PUR008997,CUST00138,CAM007967,2024-09-05,622.81,0.0,622.81,Credit Card,Completed,0.261
PUR008998,CUST04196,CAM000233,2025-02-17,721.27,0.0,721.27,Debit Card,Cancelled,0.202
PUR008999,CUST01546,CAM009689,2025-04-09,682.61,0.0,682.61,PayPal,Completed,0.312
PUR009000,CUST04647,CAM007529,2025-06-18,1387.1,0.01,1373.23,Google Pay,Completed,0.356
PUR009001,CUST04652,CAM005486,2024-12-28,462.87,0.09,421.21,PayPal,Pending,0.423
PUR009002,CUST02754,CAM005540,2026-02-22,308.54,0.0,308.54,Credit Card,Completed,0.443
PUR009003,CUST04149,CAM000991,2024-09-07,1205.23,0.0,1205.23,Debit Card,Completed,0.431
PUR009004,CUST01492,CAM001777,2026-07-28,361.84,0.0,361.84,Google Pay,Completed,0.339
PUR009005,CUST00799,CAM005296,2025-09-26,924.54,0.02,906.05,PayPal,Completed,0.227
PUR009006,CUST03086,CAM006541,2025-02-10,1386.55,0.0,1386.55,Credit Card,Completed,0.39
PUR009007,CUST01936,CAM004977,2025-08-30,1592.98,0.0,1592.98,Apple Pay,Completed,0.28
PUR009008,CUST03484,CAM009803,2025-03-27,242.99,0.08,223.55,PayPal,Completed,0.214
PUR009009,CUST00359,CAM000968,2026-07-23,1245.97,0.2,996.78,Google Pay,Completed,0.382
PUR009010,CUST00749,CAM001097,2026-03-05,419.82,0.0,419.82,Debit Card,Completed,0.223
PUR009011,CUST04009,CAM002187,2025-02-08,216.65,0.0,216.65,PayPal,Completed,0.321
PUR009012,CUST04228,CAM007470,2026-06-05,285.39,0.0,285.39,Debit Card,Completed,0.201
PUR009013,CUST04772,CAM002322,2025-12-04,859.26,0.0,859.26,Debit Card,Pending,0.442
PUR009014,CUST02976,CAM000789,2025-05-23,775.95,0.0,775.95,PayPal,Completed,0.414
PUR009015,CUST04363,CAM004345,2026-01-09,429.53,0.0,429.53,Debit Card,Completed,0.272
PUR009016,CUST02816,CAM006118,2025-02-23,212.74,0.0,212.74,Debit Card,Completed,0.242
PUR009017,CUST02055,CAM000579,2026-04-14,1124.83,0.23,866.12,PayPal,Completed,0.382
PUR009018,CUST04913,CAM008853,2025-12-28,773.63,0.0,773.63,Credit Card,Completed,0.35
PUR009019,CUST01327,CAM004099,2025-01-05,872.4,0.0,872.4,Debit Card,Pending,0.385
PUR009020,CUST02436,CAM002956,2026-07-04,1111.97,0.0,1111.97,Google Pay,Completed,0.361
PUR009021,CUST00220,CAM006995,2025-11-23,518.47,0.0,518.47,PayPal,Refunded,0.28
PUR009022,CUST03467,CAM003385,2026-08-16,348.93,0.0,348.93,Debit Card,Completed,0.374
PUR009023,CUST02653,CAM004014,2024-10-11,1317.11,0.0,1317.11,Debit Card,Completed,0.234
PUR009024,CUST00956,CAM003886,2024-12-14,213.18,0.16,179.07,Apple Pay,Completed,0.416
PUR009025,CUST02095,CAM006328,2026-03-08,757.13,0.19,613.28,Credit Card,Completed,0.28
PUR009026,CUST01508,CAM006837,2025-11-07,328.32,0.0,328.32,Credit Card,Completed,0.331
PUR009027,CUST03454,CAM002480,2025-02-15,186.5,0.0,186.5,Debit Card,Completed,0.258
PUR009028,CUST04345,CAM001506,2025-09-11,770.05,0.0,770.05,PayPal,Completed,0.29
PUR009029,CUST04225,CAM000288,2026-02-06,1721.78,0.0,1721.78,Credit Card,Completed,0.382
PUR009030,CUST04616,CAM000660,2026-06-18,512.82,0.0,512.82,Credit Card,Completed,0.334
PUR009031,CUST00907,CAM005384,2026-03-17,263.43,0.22,205.48,Debit Card,Completed,0.412
PUR009032,CUST02563,CAM006808,2026-08-16,2579.95,0.0,2579.95,Apple Pay,Completed,0.244
PUR009033,CUST02704,CAM002698,2025-07-30,1398.04,0.22,1090.47,Credit Card,Completed,0.298
PUR009034,CUST03349,CAM006216,2025-02-24,661.32,0.0,661.32,Credit Card,Completed,0.292
PUR009035,CUST01303,CAM008582,2026-08-24,711.6,0.0,711.6,Debit Card,Completed,0.253
PUR009036,CUST03690,CAM005023,2024-11-16,1486.5,0.0,1486.5,Credit Card,Completed,0.223
PUR009037,CUST00535,CAM005920,2025-01-12,370.91,0.07,344.95,Apple Pay,Pending,0.363
PUR009038,CUST04683,CAM009668,2025-08-11,241.62,0.0,241.62,Credit Card,Completed,0.436
PUR009039,CUST03931,CAM008891,2025-03-16,260.08,0.0,260.08,Debit Card,Completed,0.344
PUR009040,CUST02162,CAM009760,2026-01-12,240.21,0.0,240.21,PayPal,Completed,0.387
PUR009041,CUST03012,CAM008659,2025-01-25,610.07,0.0,610.07,Google Pay,Completed,0.217
PUR009042,CUST03617,CAM006611,2024-10-25,229.39,0.12,201.86,Debit Card,Completed,0.4
PUR009043,CUST03752,CAM004640,2026-04-26,784.0,0.0,784.0,Credit Card,Completed,0.265
PUR009044,CUST04843,CAM003906,2026-06-23,559.41,0.0,559.41,Debit Card,Completed,0.254
PUR009045,CUST00293,CAM001678,2025-07-01,915.9,0.0,915.9,Credit Card,Completed,0.264
PUR009046,CUST04926,CAM000818,2026-08-06,1114.59,0.17,925.11,PayPal,Completed,0.387
PUR009047,CUST01722,CAM003872,2024-09-18,5391.32,0.04,5175.67,Debit Card,Completed,0.217
PUR009048,CUST03151,CAM009303,2025-01-16,793.41,0.13,690.27,Credit Card,Completed,0.373
PUR009049,CUST00247,CAM001810,2025-12-13,602.46,0.0,602.46,Debit Card,Completed,0.243
PUR009050,CUST02978,CAM008502,2024-10-24,311.46,0.0,311.46,Google Pay,Completed,0.254
PUR009051,CUST02036,CAM002601,2025-12-28,2460.8,0.0,2460.8,Credit Card,Completed,0.35
PUR009052,CUST03782,CAM009578,2025-07-05,58.47,0.0,58.47,PayPal,Cancelled,0.291
PUR009053,CUST03412,CAM006939,2024-09-09,290.4,0.0,290.4,Apple Pay,Completed,0.305
PUR009054,CUST02487,CAM007025,2025-12-16,510.83,0.0,510.83,Credit Card,Completed,0.277
PUR009055,CUST02690,CAM000646,2025-12-01,450.47,0.0,450.47,PayPal,Pending,0.219
PUR009056,CUST04670,CAM005421,2024-12-21,2016.68,0.19,1633.51,Credit Card,Completed,0.273
PUR009057,CUST02468,CAM008290,2025-05-03,696.18,0.11,619.6,Credit Card,Cancelled,0.348
PUR009058,CUST02953,CAM000982,2025-11-25,1568.82,0.14,1349.19,Apple Pay,Completed,0.371
PUR009059,CUST02046,CAM008838,2026-01-27,263.68,0.0,263.68,Debit Card,Completed,0.229
PUR009060,CUST01001,CAM006027,2024-12-21,2946.5,0.0,2946.5,Apple Pay,Completed,0.349
PUR009061,CUST01018,CAM009846,2025-10-12,1300.19,0.04,1248.18,Google Pay,Completed,0.38
PUR009062,CUST02049,CAM000187,2026-03-25,394.78,0.24,300.03,Google Pay,Completed,0.231
PUR009063,CUST02864,CAM005944,2025-10-20,217.88,0.0,217.88,Debit Card,Completed,0.237
PUR009064,CUST01924,CAM003413,2025-11-08,380.88,0.0,380.88,Debit Card,Completed,0.363
PUR009065,CUST03481,CAM004368,2026-07-12,1051.56,0.0,1051.56,Debit Card,Completed,0.428
PUR009066,CUST00129,CAM005554,2026-04-06,195.16,0.0,195.16,Debit Card,Completed,0.327
PUR009067,CUST03007,CAM000843,2026-01-26,212.41,0.0,212.41,Debit Card,Completed,0.344
PUR009068,CUST00564,CAM006992,2025-11-04,229.26,0.0,229.26,PayPal,Completed,0.342
PUR009069,CUST03132,CAM003066,2026-09-01,687.22,0.18,563.52,Credit Card,Completed,0.242
PUR009070,CUST02625,CAM009487,2025-04-29,414.76,0.14,356.69,Debit Card,Completed,0.273
PUR009071,CUST01381,CAM002680,2025-07-14,310.71,0.0,310.71,Google Pay,Completed,0.317
PUR009072,CUST02220,CAM004019,2025-12-06,3468.17,0.0,3468.17,Debit Card,Completed,0.272
PUR009073,CUST02057,CAM004623,2024-11-03,537.12,0.06,504.89,Debit Card,Cancelled,0.337
PUR009074,CUST00446,CAM009613,2024-12-28,1154.52,0.05,1096.79,Credit Card,Cancelled,0.426
PUR009075,CUST02329,CAM006073,2025-08-15,570.8,0.22,445.22,Apple Pay,Cancelled,0.262
PUR009076,CUST02415,CAM001911,2025-03-26,132.46,0.06,124.51,PayPal,Refunded,0.316
PUR009077,CUST02508,CAM005575,2026-07-01,62.56,0.0,62.56,Credit Card,Completed,0.273
PUR009078,CUST00908,CAM007655,2024-11-26,778.89,0.0,778.89,Debit Card,Completed,0.359
PUR009079,CUST01070,CAM008175,2025-02-17,816.04,0.17,677.31,PayPal,Completed,0.432
PUR009080,CUST00307,CAM001329,2025-06-23,367.77,0.03,356.74,PayPal,Pending,0.256
PUR009081,CUST00638,CAM008157,2024-11-03,293.29,0.0,293.29,Debit Card,Pending,0.202
PUR009082,CUST01604,CAM004843,2026-08-05,422.11,0.07,392.56,Google Pay,Completed,0.221
PUR009083,CUST00860,CAM007145,2025-01-26,810.9,0.18,664.94,Google Pay,Completed,0.417
PUR009084,CUST03544,CAM000570,2026-02-20,856.11,0.0,856.11,Apple Pay,Completed,0.237
PUR009085,CUST02670,CAM006556,2024-10-02,1673.6,0.16,1405.82,Apple Pay,Completed,0.264
PUR009086,CUST01975,CAM002947,2024-12-08,420.34,0.0,420.34,Google Pay,Pending,0.35
PUR009087,CUST02402,CAM000485,2026-02-28,1569.75,0.09,1428.47,PayPal,Completed,0.438
PUR009088,CUST03671,CAM002292,2025-05-03,390.68,0.24,296.92,Debit Card,Completed,0.381
PUR009089,CUST02626,CAM004442,2026-01-08,765.4,0.0,765.4,PayPal,Pending,0.279
PUR009090,CUST04150,CAM006855,2025-02-28,910.5,0.15,773.92,Debit Card,Completed,0.353
PUR009091,CUST00693,CAM003720,2025-08-18,615.77,0.0,615.77,Debit Card,Completed,0.43
PUR009092,CUST02155,CAM000710,2026-05-29,412.58,0.0,412.58,Debit Card,Completed,0.279
PUR009093,CUST01897,CAM000380,2025-05-15,2258.24,0.0,2258.24,PayPal,Completed,0.277
PUR009094,CUST01533,CAM003244,2026-03-30,435.14,0.0,435.14,Credit Card,Completed,0.231
PUR009095,CUST04244,CAM009580,2024-12-11,485.74,0.09,442.02,PayPal,Cancelled,0.369
PUR009096,CUST02813,CAM009953,2024-12-03,628.32,0.02,615.75,Debit Card,Completed,0.359
PUR009097,CUST03771,CAM001166,2026-06-25,595.81,0.0,595.81,Credit Card,Completed,0.224
PUR009098,CUST00380,CAM008260,2026-03-12,110.54,0.0,110.54,PayPal,Completed,0.413
PUR009099,CUST00768,CAM004471,2026-01-09,28.21,0.15,23.98,Credit Card,Completed,0.315
PUR009100,CUST01237,CAM007486,2026-03-11,1583.45,0.0,1583.45,Apple Pay,Completed,0.336
PUR009101,CUST01061,CAM005360,2024-10-17,745.59,0.15,633.75,Apple Pay,Completed,0.254
PUR009102,CUST01536,CAM000031,2024-09-27,2471.38,0.0,2471.38,Apple Pay,Completed,0.334
PUR009103,CUST00454,CAM009977,2025-02-02,341.57,0.07,317.66,Apple Pay,Completed,0.312
PUR009104,CUST03434,CAM006654,2025-01-09,281.75,0.0,281.75,Debit Card,Completed,0.413
PUR009105,CUST02109,CAM008124,2025-01-18,145.12,0.08,133.51,PayPal,Completed,0.304
PUR009106,CUST03063,CAM007885,2025-06-11,2472.8,0.0,2472.8,Debit Card,Completed,0.323
PUR009107,CUST00103,CAM003500,2026-01-27,2659.58,0.0,2659.58,Credit Card,Completed,0.425
PUR009108,CUST02514,CAM008290,2025-04-21,290.6,0.0,290.6,PayPal,Completed,0.424
PUR009109,CUST02982,CAM001806,2025-11-14,1936.17,0.17,1607.02,Apple Pay,Refunded,0.31
PUR009110,CUST03187,CAM005285,2025-04-23,1586.06,0.13,1379.87,Debit Card,Completed,0.245
PUR009111,CUST03220,CAM007076,2026-02-05,298.5,0.0,298.5,Debit Card,Completed,0.253
PUR009112,CUST03252,CAM009722,2025-07-14,593.79,0.16,498.78,Credit Card,Refunded,0.291
PUR009113,CUST02060,CAM000487,2026-02-11,999.9,0.21,789.92,Debit Card,Completed,0.3
PUR009114,CUST01295,CAM008846,2025-04-26,2835.63,0.0,2835.63,Credit Card,Completed,0.261
PUR009115,CUST02776,CAM002265,2025-02-10,181.74,0.0,181.74,Credit Card,Cancelled,0.248
PUR009116,CUST00181,CAM003913,2026-04-07,139.2,0.0,139.2,Credit Card,Cancelled,0.393
PUR009117,CUST00565,CAM007952,2026-06-21,16.96,0.15,14.42,Debit Card,Completed,0.442
PUR009118,CUST04254,CAM008493,2025-06-14,971.34,0.2,777.07,Debit Card,Completed,0.257
PUR009119,CUST02206,CAM008155,2025-03-15,622.21,0.0,622.21,PayPal,Completed,0.234
PUR009120,CUST04099,CAM003404,2025-03-17,87.42,0.0,87.42,Debit Card,Pending,0.385
PUR009121,CUST03214,CAM006452,2025-08-09,543.04,0.0,543.04,Credit Card,Completed,0.24
PUR009122,CUST04249,CAM000067,2025-03-25,912.32,0.02,894.07,Credit Card,Completed,0.345
PUR009123,CUST02290,CAM008604,2025-06-09,380.13,0.22,296.5,Debit Card,Completed,0.358
PUR009124,CUST01750,CAM001163,2025-04-03,441.32,0.0,441.32,Google Pay,Completed,0.301
PUR009125,CUST02922,CAM002939,2025-02-03,394.67,0.0,394.67,Debit Card,Pending,0.308
PUR009126,CUST03612,CAM008376,2026-02-06,384.74,0.08,353.96,Credit Card,Completed,0.372
PUR009127,CUST00021,CAM001638,2026-03-10,681.66,0.21,538.51,PayPal,Completed,0.313
PUR009128,CUST02843,CAM000761,2025-11-11,271.97,0.0,271.97,PayPal,Completed,0.227
PUR009129,CUST02460,CAM004187,2025-08-20,2501.85,0.0,2501.85,Credit Card,Completed,0.359
PUR009130,CUST02212,CAM000578,2025-02-18,1179.02,0.0,1179.02,Google Pay,Completed,0.297
PUR009131,CUST03106,CAM000612,2024-12-01,12.91,0.0,12.91,PayPal,Completed,0.279
PUR009132,CUST03966,CAM005595,2024-11-07,1514.63,0.0,1514.63,Debit Card,Cancelled,0.302
PUR009133,CUST00056,CAM008019,2026-01-18,56.94,0.16,47.83,PayPal,Pending,0.418
PUR009134,CUST01782,CAM001117,2025-03-09,245.36,0.0,245.36,Debit Card,Completed,0.43
PUR009135,CUST04051,CAM001640,2026-04-01,289.43,0.12,254.7,PayPal,Pending,0.295
PUR009136,CUST02752,CAM008655,2024-09-27,898.03,0.0,898.03,PayPal,Refunded,0.413
PUR009137,CUST01595,CAM003526,2026-04-16,116.91,0.0,116.91,Credit Card,Completed,0.221
PUR009138,CUST01850,CAM008106,2025-06-20,158.42,0.24,120.4,PayPal,Completed,0.405
PUR009139,CUST01821,CAM009117,2025-07-20,231.01,0.02,226.39,Apple Pay,Completed,0.31
PUR009140,CUST00757,CAM006784,2024-12-06,1217.6,0.19,986.26,Debit Card,Completed,0.354
PUR009141,CUST03490,CAM003434,2026-03-20,79.64,0.0,79.64,Debit Card,Pending,0.388
PUR009142,CUST04877,CAM000907,2025-03-05,28.6,0.19,23.17,PayPal,Completed,0.426
PUR009143,CUST00668,CAM008132,2025-03-12,114.58,0.17,95.1,Apple Pay,Completed,0.366
PUR009144,CUST00556,CAM000583,2026-06-15,304.9,0.22,237.82,Apple Pay,Completed,0.386
PUR009145,CUST03459,CAM001725,2026-07-15,193.96,0.0,193.96,Debit Card,Completed,0.379
PUR009146,CUST02865,CAM005790,2026-02-03,1487.85,0.08,1368.82,PayPal,Completed,0.43
PUR009147,CUST02219,CAM000199,2026-02-28,364.58,0.0,364.58,PayPal,Cancelled,0.28
PUR009148,CUST00165,CAM009206,2025-04-27,211.24,0.0,211.24,Credit Card,Completed,0.425
PUR009149,CUST01781,CAM000845,2026-01-03,1511.62,0.0,1511.62,Credit Card,Completed,0.382
PUR009150,CUST00309,CAM002020,2025-03-31,627.68,0.0,627.68,Credit Card,Completed,0.446
PUR009151,CUST03092,CAM007426,2026-06-26,143.94,0.07,133.86,Debit Card,Pending,0.204
PUR009152,CUST02536,CAM003127,2025-08-04,1583.82,0.0,1583.82,Debit Card,Completed,0.222
PUR009153,CUST03260,CAM002124,2025-11-22,670.03,0.0,670.03,Credit Card,Completed,0.397
PUR009154,CUST00680,CAM009282,2026-04-24,469.52,0.17,389.7,Credit Card,Completed,0.422
PUR009155,CUST01624,CAM008056,2024-12-03,1660.14,0.04,1593.73,PayPal,Completed,0.251
PUR009156,CUST04868,CAM008254,2026-04-24,335.38,0.0,335.38,Credit Card,Completed,0.261
PUR009157,CUST01690,CAM009140,2025-12-27,438.29,0.0,438.29,Apple Pay,Completed,0.364
PUR009158,CUST04865,CAM008510,2025-10-10,124.96,0.04,119.96,Debit Card,Completed,0.354
PUR009159,CUST02474,CAM005532,2026-07-30,607.32,0.0,607.32,Debit Card,Completed,0.275
PUR009160,CUST03103,CAM000826,2024-10-28,110.81,0.05,105.27,Google Pay,Completed,0.397
PUR009161,CUST02456,CAM000722,2025-04-05,107.12,0.0,107.12,PayPal,Completed,0.422
PUR009162,CUST04493,CAM001136,2026-04-13,268.76,0.03,260.7,Credit Card,Completed,0.423
PUR009163,CUST01997,CAM001638,2026-03-18,1037.17,0.0,1037.17,Credit Card,Completed,0.313
PUR009164,CUST00922,CAM006787,2024-11-23,401.65,0.07,373.53,Debit Card,Completed,0.321
PUR009165,CUST03083,CAM003415,2026-02-02,127.04,0.0,127.04,Credit Card,Completed,0.287
PUR009166,CUST02872,CAM004424,2026-07-13,967.87,0.1,871.08,Credit Card,Completed,0.355
PUR009167,CUST01561,CAM007365,2025-02-21,255.11,0.0,255.11,PayPal,Completed,0.283
PUR009168,CUST01848,CAM002807,2026-04-18,226.51,0.0,226.51,Debit Card,Completed,0.343
PUR009169,CUST04698,CAM006483,2025-03-21,681.89,0.0,681.89,Apple Pay,Completed,0.243
PUR009170,CUST00057,CAM008960,2026-06-10,506.67,0.06,476.27,Google Pay,Completed,0.309
PUR009171,CUST04109,CAM008504,2025-10-14,298.53,0.0,298.53,Debit Card,Completed,0.206
PUR009172,CUST04510,CAM001226,2025-05-25,206.08,0.0,206.08,Credit Card,Completed,0.302
PUR009173,CUST00836,CAM001266,2024-12-02,496.49,0.11,441.88,Debit Card,Completed,0.286
PUR009174,CUST00672,CAM005964,2025-12-13,204.82,0.08,188.43,Credit Card,Completed,0.203
PUR009175,CUST02768,CAM000993,2026-07-12,299.01,0.03,290.04,Debit Card,Completed,0.26
PUR009176,CUST01386,CAM009025,2026-01-05,464.23,0.0,464.23,PayPal,Completed,0.225
PUR009177,CUST04590,CAM006883,2025-03-06,1103.38,0.0,1103.38,Google Pay,Completed,0.355
PUR009178,CUST00714,CAM003612,2026-08-06,515.62,0.2,412.5,PayPal,Completed,0.213
PUR009179,CUST03190,CAM005746,2025-09-13,409.91,0.0,409.91,Debit Card,Completed,0.267
PUR009180,CUST02931,CAM002485,2025-05-14,150.68,0.0,150.68,Debit Card,Cancelled,0.3
PUR009181,CUST03871,CAM008101,2025-10-22,364.82,0.02,357.52,Debit Card,Completed,0.25
PUR009182,CUST01058,CAM003785,2025-02-08,232.04,0.0,232.04,Debit Card,Completed,0.202
PUR009183,CUST03240,CAM002133,2026-08-14,1534.39,0.0,1534.39,PayPal,Completed,0.415
PUR009184,CUST02821,CAM005152,2026-01-14,857.31,0.0,857.31,Debit Card,Completed,0.436
PUR009185,CUST03750,CAM001834,2026-08-22,583.53,0.0,583.53,Credit Card,Completed,0.374
PUR009186,CUST02818,CAM002094,2026-08-15,683.11,0.24,519.16,Credit Card,Completed,0.413
PUR009187,CUST04401,CAM009010,2025-07-19,831.19,0.0,831.19,PayPal,Completed,0.396
PUR009188,CUST02506,CAM001420,2025-01-08,935.02,0.0,935.02,PayPal,Completed,0.227
PUR009189,CUST00022,CAM007096,2025-06-26,103.26,0.0,103.26,Apple Pay,Completed,0.421
PUR009190,CUST03548,CAM004370,2025-05-12,642.72,0.0,642.72,PayPal,Completed,0.343
PUR009191,CUST04100,CAM000424,2025-05-07,157.76,0.0,157.76,Debit Card,Completed,0.353
PUR009192,CUST04479,CAM000684,2025-09-16,174.7,0.18,143.25,Credit Card,Completed,0.201
PUR009193,CUST02840,CAM006912,2024-09-21,470.56,0.0,470.56,Debit Card,Refunded,0.349
PUR009194,CUST02717,CAM007776,2026-09-17,124.14,0.0,124.14,Credit Card,Completed,0.444
PUR009195,CUST03759,CAM005444,2025-08-25,249.04,0.0,249.04,Apple Pay,Completed,0.375
PUR009196,CUST02013,CAM009652,2026-01-06,371.95,0.0,371.95,Debit Card,Completed,0.227
PUR009197,CUST02171,CAM002661,2026-08-24,188.15,0.18,154.28,Apple Pay,Completed,0.372
PUR009198,CUST00948,CAM009688,2026-07-07,766.91,0.0,766.91,Debit Card,Completed,0.278
PUR009199,CUST00529,CAM001031,2025-01-08,467.77,0.0,467.77,Google Pay,Completed,0.396
PUR009200,CUST01218,CAM003294,2026-02-05,307.27,0.24,233.53,Apple Pay,Refunded,0.413
PUR009201,CUST01089,CAM008587,2026-07-07,159.63,0.22,124.51,Credit Card,Pending,0.323
PUR009202,CUST00365,CAM002941,2026-08-20,137.72,0.0,137.72,PayPal,Completed,0.314
PUR009203,CUST02677,CAM008039,2025-10-16,672.12,0.0,672.12,Credit Card,Completed,0.269
PUR009204,CUST04942,CAM007821,2025-04-10,997.04,0.0,997.04,Credit Card,Completed,0.341
PUR009205,CUST04018,CAM001241,2025-03-03,295.47,0.0,295.47,PayPal,Completed,0.407
PUR009206,CUST00530,CAM005635,2026-06-20,1328.27,0.0,1328.27,PayPal,Completed,0.288
PUR009207,CUST02618,CAM000361,2026-01-14,726.8,0.0,726.8,PayPal,Cancelled,0.217
PUR009208,CUST02718,CAM005450,2024-12-26,164.26,0.0,164.26,PayPal,Completed,0.324
PUR009209,CUST04386,CAM005313,2025-07-08,310.61,0.09,282.66,PayPal,Completed,0.316
PUR009210,CUST01309,CAM005041,2024-12-19,351.41,0.04,337.35,Credit Card,Completed,0.358
PUR009211,CUST01905,CAM004313,2026-04-02,223.59,0.0,223.59,Debit Card,Completed,0.332
PUR009212,CUST02126,CAM008797,2025-07-11,3390.35,0.03,3288.64,PayPal,Completed,0.297
PUR009213,CUST00529,CAM005789,2025-03-04,359.28,0.15,305.39,Google Pay,Completed,0.441
PUR009214,CUST01567,CAM000212,2026-05-26,110.68,0.19,89.65,Debit Card,Completed,0.39
PUR009215,CUST01140,CAM004476,2024-11-17,802.85,0.0,802.85,Credit Card,Completed,0.228
PUR009216,CUST04787,CAM000708,2024-10-27,931.4,0.0,931.4,Credit Card,Completed,0.344
PUR009217,CUST04024,CAM006473,2026-02-24,2252.48,0.11,2004.71,Credit Card,Completed,0.366
PUR009218,CUST00697,CAM008100,2026-02-10,104.94,0.16,88.15,PayPal,Completed,0.351
PUR009219,CUST01384,CAM002097,2025-06-17,550.71,0.11,490.13,Google Pay,Completed,0.229
PUR009220,CUST04867,CAM004314,2025-11-21,137.7,0.0,137.7,Google Pay,Refunded,0.334
PUR009221,CUST00572,CAM004977,2025-09-08,986.86,0.0,986.86,Debit Card,Refunded,0.259
PUR009222,CUST01599,CAM006893,2026-02-27,1187.23,0.01,1175.36,Debit Card,Completed,0.386
PUR009223,CUST02810,CAM004508,2025-09-13,994.54,0.01,984.59,Apple Pay,Completed,0.288
PUR009224,CUST01030,CAM003821,2025-03-31,817.7,0.0,817.7,PayPal,Completed,0.425
PUR009225,CUST02449,CAM004968,2026-01-08,805.02,0.0,805.02,Debit Card,Completed,0.268
PUR009226,CUST00398,CAM007565,2025-01-14,588.73,0.0,588.73,Google Pay,Completed,0.346
PUR009227,CUST02087,CAM004724,2026-05-14,203.84,0.0,203.84,Credit Card,Completed,0.303
PUR009228,CUST01163,CAM003749,2026-07-30,959.93,0.0,959.93,Credit Card,Completed,0.204
PUR009229,CUST02212,CAM009603,2026-07-27,1116.73,0.0,1116.73,Google Pay,Refunded,0.271
PUR009230,CUST01035,CAM000825,2025-07-11,456.52,0.0,456.52,Credit Card,Completed,0.372
PUR009231,CUST00531,CAM008960,2026-05-20,571.68,0.0,571.68,Credit Card,Completed,0.43
PUR009232,CUST01372,CAM001745,2025-10-02,1723.14,0.0,1723.14,Debit Card,Cancelled,0.437
PUR009233,CUST03915,CAM000325,2026-02-03,853.41,0.05,810.74,Credit Card,Pending,0.448
PUR009234,CUST03721,CAM004300,2025-02-16,334.03,0.24,253.86,PayPal,Completed,0.311
PUR009235,CUST00731,CAM001685,2025-03-30,1771.24,0.0,1771.24,PayPal,Completed,0.356
PUR009236,CUST02609,CAM004199,2025-07-08,399.59,0.24,303.69,Debit Card,Completed,0.345
PUR009237,CUST00055,CAM003173,2026-05-04,744.15,0.24,565.55,Debit Card,Completed,0.206
PUR009238,CUST00927,CAM001932,2026-02-11,978.2,0.0,978.2,Debit Card,Pending,0.264
PUR009239,CUST04526,CAM000758,2025-04-13,998.01,0.0,998.01,Credit Card,Pending,0.378
PUR009240,CUST04676,CAM006212,2025-05-29,588.34,0.23,453.02,Debit Card,Completed,0.25
PUR009241,CUST02192,CAM001769,2025-04-28,1039.5,0.22,810.81,Debit Card,Completed,0.267
PUR009242,CUST03768,CAM003472,2026-01-25,216.58,0.0,216.58,Apple Pay,Completed,0.22
PUR009243,CUST02270,CAM009061,2025-12-30,908.35,0.16,763.01,PayPal,Completed,0.398
PUR009244,CUST02883,CAM003401,2026-02-13,1310.25,0.0,1310.25,Credit Card,Completed,0.272
PUR009245,CUST00773,CAM009781,2024-11-28,781.72,0.0,781.72,Debit Card,Refunded,0.299
PUR009246,CUST04624,CAM008365,2026-04-07,401.49,0.01,397.48,PayPal,Completed,0.201
PUR009247,CUST00394,CAM009915,2025-05-07,347.44,0.0,347.44,PayPal,Completed,0.215
PUR009248,CUST04207,CAM004728,2025-08-31,2818.21,0.0,2818.21,Credit Card,Completed,0.208
PUR009249,CUST01130,CAM003099,2024-11-07,826.13,0.0,826.13,Credit Card,Completed,0.282
PUR009250,CUST04313,CAM007464,2026-06-11,483.07,0.14,415.44,Debit Card,Completed,0.406
PUR009251,CUST02262,CAM002992,2026-10-13,1252.88,0.13,1090.01,PayPal,Completed,0.25
PUR009252,CUST03104,CAM004599,2026-05-18,507.3,0.0,507.3,Debit Card,Completed,0.282
PUR009253,CUST04141,CAM006345,2024-11-08,1674.83,0.0,1674.83,Debit Card,Pending,0.298
PUR009254,CUST01074,CAM008529,2025-08-02,270.69,0.14,232.79,Debit Card,Completed,0.332
PUR009255,CUST03203,CAM000463,2025-10-25,2049.36,0.16,1721.46,Debit Card,Completed,0.434
PUR009256,CUST03569,CAM000696,2026-06-14,335.99,0.11,299.03,PayPal,Completed,0.382
PUR009257,CUST03974,CAM001657,2026-01-27,1800.87,0.0,1800.87,PayPal,Completed,0.307
PUR009258,CUST04296,CAM001832,2026-09-03,658.51,0.0,658.51,Credit Card,Completed,0.331
PUR009259,CUST00386,CAM004714,2024-12-01,1640.69,0.0,1640.69,Debit Card,Completed,0.384
PUR009260,CUST01378,CAM000802,2025-09-19,1333.12,0.0,1333.12,Debit Card,Completed,0.226
PUR009261,CUST00432,CAM007594,2024-09-16,388.54,0.02,380.77,Credit Card,Cancelled,0.417
PUR009262,CUST01613,CAM001068,2025-05-03,764.7,0.18,627.05,Credit Card,Completed,0.397
PUR009263,CUST01518,CAM002312,2025-09-25,327.27,0.0,327.27,Apple Pay,Pending,0.234
PUR009264,CUST01614,CAM000693,2026-06-11,345.43,0.18,283.25,Debit Card,Pending,0.302
PUR009265,CUST03115,CAM006339,2025-11-03,704.88,0.15,599.15,Google Pay,Completed,0.251
PUR009266,CUST01818,CAM001552,2024-12-06,171.43,0.0,171.43,Credit Card,Pending,0.235
PUR009267,CUST03405,CAM005976,2025-02-12,3689.58,0.0,3689.58,Credit Card,Completed,0.396
PUR009268,CUST03168,CAM007410,2025-12-01,1369.08,0.0,1369.08,Apple Pay,Completed,0.28
PUR009269,CUST03664,CAM003928,2026-10-16,345.22,0.0,345.22,PayPal,Completed,0.379
PUR009270,CUST02619,CAM003445,2024-09-14,180.85,0.12,159.15,PayPal,Pending,0.253
PUR009271,CUST04568,CAM007824,2026-09-07,758.71,0.0,758.71,Google Pay,Completed,0.287
PUR009272,CUST03654,CAM002008,2025-12-06,599.86,0.0,599.86,Debit Card,Refunded,0.433
PUR009273,CUST02860,CAM007752,2025-04-18,529.62,0.09,481.95,Debit Card,Completed,0.307
PUR009274,CUST00866,CAM009716,2024-10-24,683.18,0.0,683.18,Debit Card,Completed,0.391
PUR009275,CUST04830,CAM002560,2025-03-16,1789.88,0.0,1789.88,Debit Card,Completed,0.332
PUR009276,CUST02681,CAM003213,2026-07-30,99.93,0.0,99.93,Apple Pay,Completed,0.41
PUR009277,CUST00498,CAM008268,2025-12-29,281.61,0.1,253.45,Google Pay,Completed,0.313
PUR009278,CUST03121,CAM008349,2026-01-22,1615.17,0.0,1615.17,Apple Pay,Completed,0.284
PUR009279,CUST02617,CAM007729,2026-03-01,230.24,0.2,184.19,Debit Card,Completed,0.232
PUR009280,CUST00052,CAM009982,2026-10-16,462.76,0.01,458.13,Google Pay,Completed,0.357
PUR009281,CUST04285,CAM007180,2025-04-15,719.47,0.1,647.52,Credit Card,Completed,0.313
PUR009282,CUST01388,CAM000904,2026-03-23,164.62,0.05,156.39,Google Pay,Completed,0.226
PUR009283,CUST00681,CAM005944,2025-08-25,2462.19,0.0,2462.19,PayPal,Completed,0.429
PUR009284,CUST03539,CAM004183,2025-02-18,111.48,0.08,102.56,Credit Card,Pending,0.386
PUR009285,CUST03850,CAM001597,2026-07-05,684.19,0.07,636.3,Google Pay,Completed,0.252
PUR009286,CUST02805,CAM007574,2026-03-09,1017.88,0.0,1017.88,Apple Pay,Completed,0.214
PUR009287,CUST00464,CAM000731,2026-03-28,648.61,0.2,518.89,Credit Card,Completed,0.414
PUR009288,CUST00879,CAM005590,2025-07-14,1487.43,0.0,1487.43,Apple Pay,Completed,0.329
PUR009289,CUST03906,CAM006909,2025-09-30,846.79,0.0,846.79,Apple Pay,Completed,0.377
PUR009290,CUST02641,CAM004375,2025-07-30,641.69,0.09,583.94,PayPal,Completed,0.235
PUR009291,CUST02944,CAM006998,2025-03-08,1052.1,0.0,1052.1,Debit Card,Completed,0.425
PUR009292,CUST00175,CAM003214,2026-05-21,1316.49,0.0,1316.49,Debit Card,Pending,0.422
PUR009293,CUST02534,CAM009404,2025-12-23,2370.01,0.0,2370.01,PayPal,Completed,0.2
PUR009294,CUST00505,CAM008306,2025-08-23,692.89,0.12,609.74,Credit Card,Completed,0.344
PUR009295,CUST00447,CAM007773,2024-12-14,988.54,0.09,899.57,PayPal,Completed,0.415
PUR009296,CUST02966,CAM001373,2025-04-02,435.01,0.0,435.01,Apple Pay,Completed,0.443
PUR009297,CUST00090,CAM000105,2025-12-20,530.05,0.19,429.34,Credit Card,Completed,0.339
PUR009298,CUST02946,CAM003183,2026-06-17,234.01,0.08,215.29,PayPal,Completed,0.319
PUR009299,CUST02722,CAM000294,2025-09-22,911.24,0.1,820.12,Debit Card,Completed,0.295
PUR009300,CUST00209,CAM007678,2024-11-07,1274.54,0.0,1274.54,Credit Card,Completed,0.219
PUR009301,CUST02954,CAM002385,2024-08-30,641.44,0.0,641.44,Credit Card,Completed,0.276
PUR009302,CUST01602,CAM001052,2025-10-11,372.35,0.21,294.16,PayPal,Pending,0.237
PUR009303,CUST04738,CAM005575,2026-08-15,259.09,0.06,243.54,PayPal,Completed,0.253
PUR009304,CUST01439,CAM009458,2024-10-03,420.31,0.0,420.31,PayPal,Completed,0.393
PUR009305,CUST01927,CAM004446,2026-05-14,1145.97,0.07,1065.75,Credit Card,Completed,0.218
PUR009306,CUST04091,CAM007272,2025-08-19,698.03,0.0,698.03,PayPal,Cancelled,0.272
PUR009307,CUST00272,CAM001810,2026-01-07,882.12,0.14,758.62,Apple Pay,Completed,0.326
PUR009308,CUST00975,CAM003353,2025-03-16,236.28,0.0,236.28,Debit Card,Completed,0.311
PUR009309,CUST01893,CAM002182,2025-12-23,1563.65,0.0,1563.65,PayPal,Completed,0.418
PUR009310,CUST03535,CAM000541,2024-12-11,486.59,0.0,486.59,Apple Pay,Completed,0.205
PUR009311,CUST04234,CAM006820,2025-03-27,978.23,0.0,978.23,PayPal,Completed,0.323
PUR009312,CUST03585,CAM001136,2026-04-20,919.11,0.06,863.96,PayPal,Refunded,0.228
PUR009313,CUST00651,CAM003320,2025-09-18,741.67,0.0,741.67,PayPal,Completed,0.412
PUR009314,CUST03875,CAM009813,2026-09-13,552.67,0.0,552.67,Credit Card,Completed,0.4
PUR009315,CUST01805,CAM005162,2024-09-17,536.36,0.0,536.36,Credit Card,Completed,0.312
PUR009316,CUST01706,CAM002706,2026-01-23,211.26,0.22,164.78,Credit Card,Completed,0.314
PUR009317,CUST00806,CAM007602,2026-06-25,364.94,0.17,302.9,Apple Pay,Completed,0.313
PUR009318,CUST03296,CAM003523,2024-12-22,124.6,0.0,124.6,Debit Card,Completed,0.42
PUR009319,CUST02056,CAM007890,2026-05-23,730.62,0.18,599.11,Google Pay,Completed,0.301
PUR009320,CUST02692,CAM000444,2025-03-12,1105.65,0.13,961.92,Apple Pay,Completed,0.374
PUR009321,CUST04338,CAM008106,2025-06-24,94.35,0.15,80.2,PayPal,Completed,0.377
PUR009322,CUST02376,CAM001540,2025-12-11,352.18,0.0,352.18,PayPal,Completed,0.217
PUR009323,CUST00057,CAM002253,2026-04-11,1844.25,0.15,1567.61,PayPal,Pending,0.248
PUR009324,CUST02992,CAM003256,2025-02-15,119.07,0.09,108.35,PayPal,Pending,0.244
PUR009325,CUST01833,CAM007512,2025-07-31,154.14,0.18,126.39,Credit Card,Completed,0.233
PUR009326,CUST01695,CAM002712,2026-07-20,1396.6,0.0,1396.6,Debit Card,Completed,0.422
PUR009327,CUST00423,CAM001430,2026-08-05,757.29,0.18,620.98,Credit Card,Completed,0.375
PUR009328,CUST01802,CAM009514,2025-05-27,610.17,0.0,610.17,Credit Card,Pending,0.232
PUR009329,CUST00930,CAM004469,2024-10-23,225.88,0.0,225.88,Apple Pay,Completed,0.371
PUR009330,CUST00611,CAM000125,2026-06-14,1314.4,0.0,1314.4,Debit Card,Completed,0.213
PUR009331,CUST01064,CAM009033,2025-01-13,799.51,0.0,799.51,Google Pay,Completed,0.316
PUR009332,CUST03536,CAM002422,2024-08-26,453.82,0.06,426.59,Credit Card,Completed,0.214
PUR009333,CUST01591,CAM009137,2026-06-16,491.04,0.18,402.65,PayPal,Completed,0.315
PUR009334,CUST02543,CAM000744,2026-06-16,508.34,0.06,477.84,Debit Card,Completed,0.275
PUR009335,CUST02976,CAM006218,2024-11-11,2842.14,0.23,2188.45,Credit Card,Completed,0.318
PUR009336,CUST03561,CAM001565,2024-12-28,651.14,0.0,651.14,Credit Card,Refunded,0.414
PUR009337,CUST02938,CAM006630,2025-10-21,194.72,0.0,194.72,Credit Card,Cancelled,0.314
PUR009338,CUST02905,CAM009085,2026-09-22,886.05,0.0,886.05,Google Pay,Completed,0.376
PUR009339,CUST02440,CAM004936,2025-05-20,238.86,0.0,238.86,Debit Card,Completed,0.312
PUR009340,CUST03279,CAM007611,2024-09-06,486.51,0.0,486.51,Apple Pay,Completed,0.381
PUR009341,CUST01416,CAM003689,2024-12-08,350.73,0.0,350.73,Debit Card,Completed,0.301
PUR009342,CUST02557,CAM004731,2025-07-07,391.26,0.0,391.26,PayPal,Completed,0.231
PUR009343,CUST04778,CAM003338,2025-05-09,307.1,0.05,291.74,PayPal,Completed,0.287
PUR009344,CUST04134,CAM006948,2025-04-25,473.41,0.0,473.41,Credit Card,Completed,0.285
PUR009345,CUST00338,CAM007802,2026-02-18,927.61,0.14,797.74,PayPal,Completed,0.442
PUR009346,CUST04667,CAM002984,2024-10-15,224.74,0.23,173.05,Google Pay,Completed,0.283
PUR009347,CUST04686,CAM004427,2026-01-20,356.29,0.0,356.29,Debit Card,Completed,0.386
PUR009348,CUST00528,CAM002712,2026-07-26,247.76,0.19,200.69,Apple Pay,Completed,0.262
PUR009349,CUST02889,CAM008452,2025-06-23,3408.96,0.07,3170.33,PayPal,Completed,0.262
PUR009350,CUST00509,CAM008544,2025-12-30,2419.53,0.1,2177.58,Credit Card,Completed,0.355
PUR009351,CUST03084,CAM009172,2025-03-12,151.67,0.09,138.02,Apple Pay,Refunded,0.374
PUR009352,CUST00555,CAM001991,2025-05-02,439.54,0.0,439.54,Debit Card,Completed,0.439
PUR009353,CUST00972,CAM001952,2025-04-30,2030.1,0.07,1887.99,Debit Card,Completed,0.241
PUR009354,CUST04527,CAM000501,2025-05-11,723.35,0.0,723.35,Google Pay,Completed,0.225
PUR009355,CUST00103,CAM005980,2025-12-11,1565.88,0.09,1424.95,PayPal,Pending,0.446
PUR009356,CUST00548,CAM002616,2025-11-15,459.79,0.2,367.83,Debit Card,Completed,0.253
PUR009357,CUST03753,CAM003971,2026-04-30,1087.89,0.0,1087.89,Credit Card,Completed,0.334
PUR009358,CUST02100,CAM005103,2025-09-29,2038.76,0.16,1712.56,Apple Pay,Completed,0.38
PUR009359,CUST00969,CAM009241,2026-07-13,215.65,0.14,185.46,PayPal,Completed,0.329
PUR009360,CUST02962,CAM007777,2025-05-11,367.07,0.0,367.07,PayPal,Completed,0.382
PUR009361,CUST00274,CAM004721,2025-02-28,73.66,0.04,70.71,Debit Card,Completed,0.307
PUR009362,CUST04584,CAM004748,2026-07-06,1450.54,0.0,1450.54,PayPal,Completed,0.316
PUR009363,CUST04094,CAM002351,2026-01-31,116.25,0.02,113.92,Credit Card,Completed,0.42
PUR009364,CUST02049,CAM007376,2026-03-06,724.54,0.0,724.54,Google Pay,Completed,0.389
PUR009365,CUST01047,CAM004192,2024-11-18,733.94,0.0,733.94,Apple Pay,Cancelled,0.208
PUR009366,CUST02829,CAM008820,2025-10-17,6169.75,0.0,6169.75,PayPal,Completed,0.379
PUR009367,CUST02366,CAM001021,2025-05-26,963.84,0.0,963.84,Google Pay,Pending,0.256
PUR009368,CUST01506,CAM009493,2026-04-30,1830.16,0.0,1830.16,PayPal,Completed,0.449
PUR009369,CUST02359,CAM006871,2025-09-28,211.14,0.17,175.25,Google Pay,Completed,0.355
PUR009370,CUST01068,CAM004629,2026-05-19,1104.92,0.0,1104.92,Google Pay,Completed,0.245
PUR009371,CUST04596,CAM004880,2025-10-29,239.52,0.02,234.73,Apple Pay,Completed,0.294
PUR009372,CUST02042,CAM008235,2025-03-13,856.62,0.19,693.86,Credit Card,Pending,0.416
PUR009373,CUST04782,CAM006041,2026-01-28,39.28,0.0,39.28,Debit Card,Completed,0.387
PUR009374,CUST00028,CAM009978,2024-12-18,695.12,0.17,576.95,Google Pay,Refunded,0.327
PUR009375,CUST01795,CAM007679,2025-12-04,1384.37,0.02,1356.68,Debit Card,Completed,0.441
PUR009376,CUST01079,CAM009155,2025-08-09,361.59,0.0,361.59,Google Pay,Completed,0.232
PUR009377,CUST01659,CAM007964,2024-08-31,177.64,0.02,174.09,Google Pay,Completed,0.327
PUR009378,CUST01994,CAM007273,2025-11-29,670.35,0.0,670.35,PayPal,Completed,0.286
PUR009379,CUST03387,CAM005450,2024-12-24,823.53,0.0,823.53,Debit Card,Completed,0.338
PUR009380,CUST00399,CAM006842,2025-06-16,206.06,0.0,206.06,Credit Card,Completed,0.281
PUR009381,CUST01592,CAM000399,2026-04-19,452.83,0.16,380.38,PayPal,Completed,0.303
PUR009382,CUST02449,CAM007317,2026-05-13,2530.76,0.03,2454.84,Debit Card,Refunded,0.394
PUR009383,CUST02014,CAM004131,2026-07-11,496.93,0.0,496.93,PayPal,Completed,0.236
PUR009384,CUST00236,CAM008048,2025-07-28,802.09,0.16,673.76,Credit Card,Completed,0.2
PUR009385,CUST00899,CAM002340,2025-03-20,320.57,0.1,288.51,Debit Card,Completed,0.277
PUR009386,CUST02117,CAM000537,2025-06-06,431.3,0.0,431.3,Credit Card,Completed,0.429
PUR009387,CUST01004,CAM008348,2024-12-20,201.45,0.0,201.45,Credit Card,Pending,0.384
PUR009388,CUST04526,CAM007865,2025-10-02,2391.62,0.0,2391.62,Debit Card,Completed,0.423
PUR009389,CUST03319,CAM003750,2026-04-19,164.5,0.0,164.5,Credit Card,Refunded,0.231
PUR009390,CUST00329,CAM002647,2026-07-06,352.53,0.0,352.53,Google Pay,Completed,0.374
PUR009391,CUST00173,CAM000369,2024-10-26,588.78,0.1,529.9,Credit Card,Pending,0.344
PUR009392,CUST02256,CAM000026,2025-10-26,432.11,0.0,432.11,Credit Card,Pending,0.298
PUR009393,CUST02082,CAM002937,2026-06-11,300.98,0.0,300.98,PayPal,Completed,0.384
PUR009394,CUST00446,CAM009658,2025-05-30,1412.26,0.0,1412.26,Credit Card,Completed,0.318
PUR009395,CUST02594,CAM001758,2026-02-26,299.08,0.0,299.08,Debit Card,Completed,0.315
PUR009396,CUST02024,CAM002583,2026-05-11,1133.92,0.23,873.12,PayPal,Completed,0.43
PUR009397,CUST03481,CAM009963,2025-03-13,495.93,0.05,471.13,Credit Card,Completed,0.334
PUR009398,CUST00776,CAM002421,2025-06-03,229.24,0.0,229.24,Apple Pay,Refunded,0.228
PUR009399,CUST01070,CAM003823,2025-04-13,194.27,0.0,194.27,Google Pay,Completed,0.353
PUR009400,CUST03075,CAM008012,2024-11-02,115.06,0.18,94.35,PayPal,Completed,0.215
PUR009401,CUST02303,CAM007559,2026-04-12,150.68,0.0,150.68,Credit Card,Completed,0.383
PUR009402,CUST03516,CAM003846,2026-03-19,281.02,0.13,244.49,Debit Card,Completed,0.352
PUR009403,CUST01787,CAM001897,2026-06-20,204.74,0.14,176.08,PayPal,Completed,0.444
PUR009404,CUST02851,CAM006994,2025-06-11,1360.78,0.0,1360.78,Google Pay,Completed,0.372
PUR009405,CUST03069,CAM008548,2026-03-07,432.29,0.19,350.15,Credit Card,Completed,0.417
PUR009406,CUST03720,CAM001466,2025-06-01,449.55,0.0,449.55,PayPal,Completed,0.238
PUR009407,CUST03420,CAM004677,2025-02-27,705.7,0.0,705.7,Debit Card,Completed,0.357
PUR009408,CUST02805,CAM005005,2026-08-15,3371.87,0.0,3371.87,Credit Card,Pending,0.319
PUR009409,CUST02270,CAM002509,2024-11-09,762.72,0.0,762.72,Credit Card,Completed,0.372
PUR009410,CUST03498,CAM000871,2026-04-20,177.09,0.0,177.09,Apple Pay,Completed,0.24
PUR009411,CUST00894,CAM007814,2026-03-10,503.07,0.17,417.55,Apple Pay,Completed,0.294
PUR009412,CUST04609,CAM003086,2025-12-21,173.89,0.2,139.11,Debit Card,Completed,0.212
PUR009413,CUST00153,CAM001547,2024-12-15,246.33,0.02,241.4,PayPal,Pending,0.209
PUR009414,CUST00806,CAM005169,2026-03-31,351.6,0.03,341.05,Debit Card,Completed,0.394
PUR009415,CUST03927,CAM009939,2025-08-02,704.4,0.0,704.4,Debit Card,Completed,0.293
PUR009416,CUST04449,CAM008230,2024-10-13,145.82,0.0,145.82,PayPal,Completed,0.415
PUR009417,CUST02316,CAM002823,2026-02-25,1667.37,0.0,1667.37,PayPal,Completed,0.413
PUR009418,CUST03276,CAM005435,2025-09-22,915.94,0.0,915.94,Credit Card,Completed,0.371
PUR009419,CUST00731,CAM001514,2025-11-11,1346.12,0.0,1346.12,Credit Card,Completed,0.255
PUR009420,CUST04948,CAM006112,2026-06-02,287.3,0.0,287.3,Credit Card,Completed,0.356
PUR009421,CUST01431,CAM006679,2025-01-24,493.67,0.0,493.67,Google Pay,Completed,0.342
PUR009422,CUST03205,CAM003075,2025-11-02,237.45,0.0,237.45,Credit Card,Completed,0.303
PUR009423,CUST02066,CAM006548,2026-06-22,538.69,0.16,452.5,Credit Card,Completed,0.2
PUR009424,CUST00360,CAM001400,2026-04-05,233.35,0.0,233.35,Apple Pay,Completed,0.415
PUR009425,CUST01347,CAM001144,2026-05-04,262.32,0.0,262.32,PayPal,Cancelled,0.389
PUR009426,CUST03850,CAM009477,2025-08-23,366.63,0.0,366.63,Credit Card,Completed,0.205
PUR009427,CUST04562,CAM003842,2025-07-21,361.97,0.15,307.67,Google Pay,Completed,0.318
PUR009428,CUST02141,CAM001893,2026-02-12,425.53,0.0,425.53,PayPal,Completed,0.372
PUR009429,CUST02348,CAM000656,2025-01-01,578.76,0.08,532.46,PayPal,Completed,0.312
PUR009430,CUST04380,CAM002379,2025-02-05,738.92,0.0,738.92,PayPal,Completed,0.324
PUR009431,CUST04184,CAM009404,2026-01-21,410.91,0.06,386.26,Debit Card,Completed,0.212
PUR009432,CUST03008,CAM008855,2026-01-07,294.39,0.19,238.46,PayPal,Completed,0.326
PUR009433,CUST02545,CAM003452,2025-07-25,193.53,0.22,150.95,Credit Card,Completed,0.235
PUR009434,CUST01133,CAM004914,2024-10-12,386.9,0.14,332.73,Credit Card,Completed,0.287
PUR009435,CUST04235,CAM009183,2025-10-13,539.11,0.08,495.98,PayPal,Pending,0.217
PUR009436,CUST01489,CAM008566,2026-02-19,588.78,0.04,565.23,Debit Card,Completed,0.225
PUR009437,CUST03537,CAM005435,2025-10-19,346.07,0.0,346.07,Debit Card,Completed,0.41
PUR009438,CUST02851,CAM005323,2026-08-14,2365.47,0.17,1963.34,PayPal,Pending,0.304
PUR009439,CUST01604,CAM006984,2026-02-13,186.61,0.0,186.61,Credit Card,Completed,0.262
PUR009440,CUST04440,CAM002695,2025-03-10,184.5,0.11,164.2,PayPal,Refunded,0.432
PUR009441,CUST00804,CAM002261,2025-02-18,863.6,0.22,673.61,Debit Card,Completed,0.277
PUR009442,CUST02019,CAM008264,2026-03-07,92.97,0.0,92.97,Apple Pay,Completed,0.312
PUR009443,CUST01291,CAM007393,2025-10-16,348.18,0.0,348.18,Apple Pay,Completed,0.232
PUR009444,CUST04658,CAM000498,2024-11-01,323.25,0.06,303.85,PayPal,Completed,0.432
PUR009445,CUST02061,CAM007205,2025-11-10,345.47,0.0,345.47,Debit Card,Completed,0.311
PUR009446,CUST02742,CAM006438,2025-07-16,436.51,0.19,353.57,Credit Card,Completed,0.243
PUR009447,CUST02740,CAM006159,2024-09-26,1173.62,0.0,1173.62,Credit Card,Completed,0.254
PUR009448,CUST01485,CAM009378,2026-04-27,1184.26,0.11,1053.99,Google Pay,Completed,0.436
PUR009449,CUST00253,CAM004448,2025-03-25,736.61,0.0,736.61,PayPal,Completed,0.27
PUR009450,CUST02985,CAM000212,2026-05-13,2193.98,0.09,1996.52,Credit Card,Completed,0.355
PUR009451,CUST00306,CAM002073,2025-07-16,1513.51,0.0,1513.51,Debit Card,Completed,0.339
PUR009452,CUST03081,CAM001217,2024-09-22,1205.25,0.0,1205.25,Debit Card,Completed,0.436
PUR009453,CUST00223,CAM007559,2026-04-11,131.25,0.08,120.75,Credit Card,Completed,0.23
PUR009454,CUST02148,CAM003697,2026-07-17,359.83,0.2,287.86,PayPal,Completed,0.407
PUR009455,CUST02456,CAM003100,2026-04-24,327.07,0.11,291.09,Debit Card,Completed,0.355
PUR009456,CUST04289,CAM004243,2026-04-11,255.07,0.22,198.95,Credit Card,Completed,0.431
PUR009457,CUST03024,CAM006027,2024-12-05,216.76,0.19,175.58,Debit Card,Completed,0.26
PUR009458,CUST01106,CAM007658,2025-02-18,1003.05,0.0,1003.05,Credit Card,Completed,0.301
PUR009459,CUST02196,CAM006288,2024-12-21,130.11,0.0,130.11,Credit Card,Completed,0.353
PUR009460,CUST02525,CAM003115,2026-02-18,330.5,0.19,267.71,Apple Pay,Completed,0.439
PUR009461,CUST04913,CAM004714,2024-12-29,1097.71,0.24,834.26,Debit Card,Pending,0.2
PUR009462,CUST01327,CAM008856,2026-03-04,1203.16,0.0,1203.16,Debit Card,Cancelled,0.285
PUR009463,CUST00161,CAM008451,2025-12-14,401.12,0.0,401.12,Google Pay,Completed,0.439
PUR009464,CUST03360,CAM004678,2025-11-09,226.69,0.0,226.69,Credit Card,Completed,0.246
PUR009465,CUST01009,CAM008210,2026-08-22,660.11,0.0,660.11,Credit Card,Completed,0.263
PUR009466,CUST03933,CAM006151,2025-05-02,1519.48,0.0,1519.48,Debit Card,Completed,0.329
PUR009467,CUST03414,CAM004836,2026-03-19,1222.22,0.0,1222.22,Credit Card,Cancelled,0.441
PUR009468,CUST04229,CAM000687,2024-10-11,737.76,0.0,737.76,Credit Card,Completed,0.234
PUR009469,CUST04023,CAM009243,2025-09-14,43.75,0.0,43.75,PayPal,Completed,0.293
PUR009470,CUST03359,CAM002216,2026-01-16,456.01,0.02,446.89,PayPal,Completed,0.352
PUR009471,CUST04548,CAM008349,2025-12-15,475.08,0.15,403.82,PayPal,Completed,0.293
PUR009472,CUST01963,CAM001852,2025-09-16,149.98,0.0,149.98,Debit Card,Completed,0.28
PUR009473,CUST01603,CAM002163,2025-09-04,206.81,0.0,206.81,Credit Card,Completed,0.277
PUR009474,CUST00283,CAM008316,2026-05-12,305.03,0.0,305.03,PayPal,Completed,0.264
PUR009475,CUST01045,CAM002322,2025-11-26,448.38,0.01,443.9,Apple Pay,Pending,0.434
PUR009476,CUST02948,CAM001436,2026-07-27,735.85,0.19,596.04,Credit Card,Refunded,0.413
PUR009477,CUST02585,CAM004792,2026-03-07,1099.09,0.24,835.31,Debit Card,Completed,0.286
PUR009478,CUST03803,CAM009565,2025-11-07,348.08,0.0,348.08,Debit Card,Completed,0.287
PUR009479,CUST00406,CAM002167,2024-12-19,24.46,0.0,24.46,Debit Card,Completed,0.425
PUR009480,CUST02679,CAM003182,2026-02-19,820.07,0.0,820.07,Credit Card,Completed,0.43
PUR009481,CUST02286,CAM004144,2025-01-18,139.17,0.0,139.17,Credit Card,Completed,0.264
PUR009482,CUST03211,CAM006895,2025-05-16,390.17,0.12,343.35,Debit Card,Completed,0.298
PUR009483,CUST04265,CAM003270,2025-01-27,471.52,0.0,471.52,Debit Card,Completed,0.286
PUR009484,CUST04134,CAM006729,2024-08-22,734.24,0.0,734.24,PayPal,Completed,0.416
PUR009485,CUST03504,CAM003479,2025-03-25,186.53,0.07,173.47,Apple Pay,Cancelled,0.302
PUR009486,CUST04532,CAM007731,2024-09-30,32.21,0.0,32.21,Apple Pay,Completed,0.264
PUR009487,CUST01337,CAM004879,2026-05-31,465.36,0.06,437.44,Google Pay,Completed,0.37
PUR009488,CUST04482,CAM008088,2025-06-06,204.42,0.0,204.42,Debit Card,Refunded,0.216
PUR009489,CUST03347,CAM007229,2024-12-03,218.99,0.0,218.99,Google Pay,Completed,0.434
PUR009490,CUST00384,CAM003108,2024-11-12,254.18,0.0,254.18,Credit Card,Completed,0.254
PUR009491,CUST00078,CAM005969,2025-06-11,129.3,0.0,129.3,Debit Card,Completed,0.313
PUR009492,CUST03187,CAM001062,2026-01-25,782.53,0.15,665.15,PayPal,Completed,0.383
PUR009493,CUST01803,CAM008781,2026-06-16,429.99,0.0,429.99,Debit Card,Completed,0.412
PUR009494,CUST00358,CAM004828,2025-04-11,2976.14,0.2,2380.91,PayPal,Completed,0.429
PUR009495,CUST03437,CAM003547,2025-07-06,424.15,0.2,339.32,Debit Card,Completed,0.423
PUR009496,CUST00377,CAM001705,2025-09-06,452.04,0.0,452.04,Credit Card,Completed,0.309
PUR009497,CUST03736,CAM006755,2025-05-11,3446.69,0.0,3446.69,Credit Card,Completed,0.317
PUR009498,CUST01746,CAM003394,2026-05-06,284.04,0.0,284.04,PayPal,Completed,0.299
PUR009499,CUST04726,CAM005191,2025-04-14,294.65,0.13,256.35,Apple Pay,Refunded,0.434
PUR009500,CUST04852,CAM007227,2025-01-29,382.38,0.0,382.38,Apple Pay,Completed,0.315
PUR009501,CUST00618,CAM006127,2024-11-22,878.35,0.0,878.35,PayPal,Completed,0.302
PUR009502,CUST04604,CAM009541,2026-03-10,498.62,0.0,498.62,PayPal,Completed,0.393
PUR009503,CUST02059,CAM006452,2025-08-12,568.64,0.0,568.64,Credit Card,Refunded,0.202
PUR009504,CUST01005,CAM005469,2025-08-17,325.8,0.0,325.8,Debit Card,Completed,0.265
PUR009505,CUST01924,CAM005312,2025-05-15,413.53,0.09,376.31,Apple Pay,Completed,0.319
PUR009506,CUST01625,CAM001583,2026-02-27,278.53,0.0,278.53,Credit Card,Completed,0.402
PUR009507,CUST03633,CAM003747,2025-08-12,665.36,0.0,665.36,Credit Card,Completed,0.343
PUR009508,CUST04687,CAM001027,2025-06-06,534.15,0.0,534.15,PayPal,Refunded,0.409
PUR009509,CUST02631,CAM006205,2025-06-12,406.05,0.0,406.05,Credit Card,Completed,0.299
PUR009510,CUST00646,CAM009840,2025-08-04,127.24,0.02,124.7,Debit Card,Completed,0.385
PUR009511,CUST00630,CAM009476,2026-07-16,1390.66,0.17,1154.25,Credit Card,Completed,0.242
PUR009512,CUST02043,CAM002930,2024-10-29,1075.27,0.2,860.22,Credit Card,Pending,0.386
PUR009513,CUST02041,CAM006505,2024-09-19,656.08,0.22,511.74,Credit Card,Completed,0.218
PUR009514,CUST02969,CAM005914,2026-01-29,73.56,0.2,58.85,Debit Card,Cancelled,0.401
PUR009515,CUST03018,CAM008304,2024-09-03,110.7,0.16,92.99,Debit Card,Completed,0.26
PUR009516,CUST04298,CAM001231,2024-11-08,607.43,0.0,607.43,Debit Card,Pending,0.26
PUR009517,CUST01621,CAM008560,2025-04-22,1447.67,0.0,1447.67,Credit Card,Completed,0.412
PUR009518,CUST00693,CAM000037,2025-12-20,408.38,0.03,396.13,Debit Card,Completed,0.417
PUR009519,CUST02652,CAM001364,2025-12-05,109.16,0.0,109.16,Apple Pay,Refunded,0.442
PUR009520,CUST02878,CAM005439,2025-12-29,307.74,0.23,236.96,Credit Card,Completed,0.388
PUR009521,CUST00269,CAM006053,2025-06-07,280.49,0.0,280.49,PayPal,Completed,0.325
PUR009522,CUST02831,CAM003364,2026-05-06,302.94,0.0,302.94,Credit Card,Completed,0.387
PUR009523,CUST00340,CAM008510,2025-10-03,393.89,0.17,326.93,Credit Card,Completed,0.404
PUR009524,CUST01096,CAM003239,2025-05-08,672.41,0.23,517.76,Debit Card,Completed,0.441
PUR009525,CUST03757,CAM007244,2026-07-11,1590.87,0.1,1431.78,Apple Pay,Completed,0.442
PUR009526,CUST03671,CAM004200,2024-09-27,853.81,0.0,853.81,Debit Card,Completed,0.247
PUR009527,CUST02583,CAM003993,2025-10-30,1653.97,0.0,1653.97,Debit Card,Completed,0.386
PUR009528,CUST00653,CAM007350,2026-06-04,228.58,0.0,228.58,Apple Pay,Completed,0.276
PUR009529,CUST01019,CAM000485,2026-02-12,316.47,0.0,316.47,PayPal,Cancelled,0.222
PUR009530,CUST01169,CAM004077,2026-06-10,1380.17,0.06,1297.36,PayPal,Refunded,0.432
PUR009531,CUST03154,CAM000104,2025-12-04,219.78,0.0,219.78,Credit Card,Completed,0.393
PUR009532,CUST01722,CAM004929,2024-09-10,1607.78,0.23,1237.99,Credit Card,Pending,0.353
PUR009533,CUST02890,CAM005312,2025-07-06,33.31,0.0,33.31,Credit Card,Completed,0.347
PUR009534,CUST04612,CAM003137,2025-04-19,716.39,0.0,716.39,Google Pay,Completed,0.403
PUR009535,CUST02435,CAM001890,2024-11-28,408.13,0.0,408.13,PayPal,Completed,0.292
PUR009536,CUST03575,CAM009787,2025-05-13,369.05,0.12,324.76,Debit Card,Pending,0.34
PUR009537,CUST04727,CAM002379,2025-04-02,526.87,0.1,474.18,Google Pay,Completed,0.352
PUR009538,CUST03003,CAM006083,2026-06-22,1547.81,0.0,1547.81,PayPal,Completed,0.244
PUR009539,CUST04628,CAM002092,2025-11-22,2589.18,0.0,2589.18,Apple Pay,Completed,0.448
PUR009540,CUST03065,CAM003202,2025-06-03,1407.8,0.0,1407.8,Apple Pay,Completed,0.335
PUR009541,CUST02608,CAM005115,2026-09-08,1503.14,0.0,1503.14,PayPal,Completed,0.37
PUR009542,CUST01695,CAM005856,2026-05-02,389.81,0.05,370.32,Google Pay,Completed,0.414
PUR009543,CUST04260,CAM008874,2026-07-21,221.63,0.0,221.63,Credit Card,Completed,0.235
PUR009544,CUST00632,CAM007098,2026-01-11,322.77,0.07,300.18,Apple Pay,Completed,0.228
PUR009545,CUST03849,CAM009883,2024-09-11,189.66,0.1,170.69,PayPal,Completed,0.329
PUR009546,CUST04844,CAM006565,2025-10-31,164.55,0.0,164.55,Apple Pay,Completed,0.298
PUR009547,CUST04652,CAM000290,2025-05-12,1015.2,0.06,954.29,PayPal,Completed,0.257
PUR009548,CUST01455,CAM007511,2025-05-05,588.65,0.0,588.65,Debit Card,Completed,0.221
PUR009549,CUST00714,CAM005505,2025-10-22,433.47,0.23,333.77,Debit Card,Completed,0.279
PUR009550,CUST03583,CAM006536,2026-07-12,341.79,0.16,287.1,Credit Card,Cancelled,0.402
PUR009551,CUST04584,CAM001506,2025-08-15,1322.32,0.0,1322.32,PayPal,Cancelled,0.316
PUR009552,CUST01866,CAM008589,2024-10-30,404.74,0.0,404.74,Credit Card,Completed,0.394
PUR009553,CUST02336,CAM006763,2026-01-24,625.85,0.05,594.56,Credit Card,Completed,0.306
PUR009554,CUST02401,CAM002602,2025-07-05,1293.62,0.0,1293.62,Credit Card,Cancelled,0.303
PUR009555,CUST03930,CAM000409,2025-04-04,2088.02,0.0,2088.02,PayPal,Completed,0.399
PUR009556,CUST03921,CAM006471,2025-05-08,534.15,0.13,464.71,Credit Card,Refunded,0.272
PUR009557,CUST04395,CAM008568,2024-10-26,4415.32,0.24,3355.64,Credit Card,Completed,0.224
PUR009558,CUST03880,CAM004551,2026-04-08,1220.29,0.0,1220.29,PayPal,Cancelled,0.351
PUR009559,CUST02433,CAM003908,2024-12-23,305.2,0.0,305.2,Apple Pay,Completed,0.355
PUR009560,CUST00281,CAM009332,2026-05-12,589.14,0.04,565.57,PayPal,Cancelled,0.406
PUR009561,CUST01053,CAM004632,2026-04-18,1658.64,0.03,1608.88,Apple Pay,Completed,0.206
PUR009562,CUST01273,CAM004284,2025-12-20,322.19,0.21,254.53,Debit Card,Completed,0.305
PUR009563,CUST01182,CAM004470,2025-06-14,840.13,0.0,840.13,PayPal,Completed,0.438
PUR009564,CUST04029,CAM004108,2026-06-04,315.01,0.09,286.66,Apple Pay,Completed,0.375
PUR009565,CUST03420,CAM001913,2025-10-08,1283.06,0.0,1283.06,Credit Card,Completed,0.425
PUR009566,CUST00406,CAM005825,2025-12-11,199.86,0.03,193.86,Credit Card,Completed,0.309
PUR009567,CUST00028,CAM003804,2024-11-02,200.45,0.06,188.42,Debit Card,Completed,0.324
PUR009568,CUST03854,CAM008456,2025-02-17,386.48,0.0,386.48,PayPal,Completed,0.378
PUR009569,CUST00788,CAM004611,2024-10-12,190.42,0.0,190.42,Credit Card,Completed,0.337
PUR009570,CUST03279,CAM000924,2025-03-17,1526.64,0.18,1251.84,PayPal,Completed,0.303
PUR009571,CUST03172,CAM008444,2026-04-15,336.96,0.0,336.96,Debit Card,Pending,0.334
PUR009572,CUST01685,CAM002286,2024-12-22,1037.35,0.0,1037.35,PayPal,Refunded,0.256
PUR009573,CUST04080,CAM007935,2026-02-13,938.61,0.09,854.14,PayPal,Completed,0.268
PUR009574,CUST02954,CAM009204,2026-05-14,97.68,0.0,97.68,Apple Pay,Completed,0.421
PUR009575,CUST04170,CAM001671,2026-04-22,542.64,0.0,542.64,Apple Pay,Pending,0.427
PUR009576,CUST03728,CAM005615,2026-07-12,934.32,0.0,934.32,Apple Pay,Cancelled,0.237
PUR009577,CUST00039,CAM009820,2025-07-23,3825.14,0.0,3825.14,Credit Card,Completed,0.434
PUR009578,CUST00767,CAM005101,2025-11-04,1664.54,0.0,1664.54,Credit Card,Completed,0.449
PUR009579,CUST04291,CAM003034,2025-10-22,1307.33,0.04,1255.04,Debit Card,Completed,0.275
PUR009580,CUST02928,CAM005985,2026-01-25,1378.67,0.13,1199.44,Apple Pay,Completed,0.331
PUR009581,CUST04999,CAM006249,2025-08-28,416.46,0.2,333.17,PayPal,Completed,0.233
PUR009582,CUST00813,CAM003978,2026-03-04,189.94,0.2,151.95,Google Pay,Refunded,0.392
PUR009583,CUST02036,CAM007631,2026-09-06,1292.17,0.0,1292.17,Credit Card,Completed,0.251
PUR009584,CUST03788,CAM004252,2026-06-11,296.09,0.0,296.09,Credit Card,Completed,0.39
PUR009585,CUST03424,CAM008831,2026-01-09,1319.53,0.0,1319.53,Debit Card,Completed,0.213
PUR009586,CUST01228,CAM001004,2025-07-26,678.91,0.17,563.5,Apple Pay,Completed,0.411
PUR009587,CUST01289,CAM008554,2025-01-10,157.47,0.0,157.47,Credit Card,Completed,0.201
PUR009588,CUST01764,CAM009137,2026-06-18,260.27,0.0,260.27,Debit Card,Completed,0.325
PUR009589,CUST03285,CAM000533,2025-07-29,659.05,0.0,659.05,Google Pay,Completed,0.379
PUR009590,CUST04129,CAM009262,2025-04-22,868.33,0.05,824.91,Apple Pay,Completed,0.449
PUR009591,CUST04830,CAM005273,2025-01-26,2194.67,0.0,2194.67,Debit Card,Completed,0.348
PUR009592,CUST00693,CAM003271,2026-04-08,758.11,0.0,758.11,PayPal,Completed,0.406
PUR009593,CUST03146,CAM006067,2026-02-27,991.7,0.0,991.7,PayPal,Cancelled,0.215
PUR009594,CUST01817,CAM000851,2025-09-14,144.36,0.13,125.59,Debit Card,Pending,0.347
PUR009595,CUST04064,CAM009696,2025-11-05,1322.1,0.0,1322.1,Credit Card,Completed,0.219
PUR009596,CUST03214,CAM001132,2024-09-08,116.32,0.0,116.32,Credit Card,Completed,0.384
PUR009597,CUST00362,CAM000598,2024-11-04,80.92,0.0,80.92,Google Pay,Completed,0.288
PUR009598,CUST00622,CAM001657,2026-01-31,287.72,0.23,221.54,Credit Card,Completed,0.307
PUR009599,CUST04307,CAM001460,2026-06-26,688.77,0.0,688.77,Credit Card,Refunded,0.322
PUR009600,CUST03536,CAM001562,2026-05-12,161.74,0.15,137.48,Credit Card,Completed,0.421
PUR009601,CUST00308,CAM009998,2026-04-08,2009.15,0.0,2009.15,Debit Card,Pending,0.246
PUR009602,CUST01100,CAM006444,2025-10-16,323.01,0.0,323.01,Debit Card,Completed,0.327
PUR009603,CUST02976,CAM006455,2026-07-12,2901.58,0.0,2901.58,Credit Card,Completed,0.436
PUR009604,CUST01556,CAM007231,2026-06-25,3597.46,0.0,3597.46,Apple Pay,Completed,0.333
PUR009605,CUST04186,CAM005311,2025-08-21,282.32,0.0,282.32,Debit Card,Completed,0.302
PUR009606,CUST00384,CAM006744,2025-07-10,175.71,0.03,170.44,Debit Card,Cancelled,0.443
PUR009607,CUST02887,CAM003833,2025-04-30,779.77,0.0,779.77,Credit Card,Completed,0.411
PUR009608,CUST03502,CAM004307,2026-08-23,952.82,0.0,952.82,Debit Card,Completed,0.318
PUR009609,CUST01695,CAM006214,2025-03-24,2740.95,0.05,2603.9,PayPal,Completed,0.424
PUR009610,CUST02522,CAM001849,2025-07-07,233.2,0.2,186.56,PayPal,Completed,0.265
PUR009611,CUST01877,CAM002140,2025-08-15,776.26,0.0,776.26,Debit Card,Completed,0.251
PUR009612,CUST01948,CAM003517,2025-09-30,219.52,0.18,180.01,PayPal,Completed,0.439
PUR009613,CUST01673,CAM001267,2025-08-13,1683.29,0.04,1615.96,Google Pay,Completed,0.299
PUR009614,CUST04860,CAM003231,2026-06-22,274.07,0.13,238.44,Apple Pay,Completed,0.401
PUR009615,CUST01228,CAM006017,2024-09-20,1798.64,0.0,1798.64,Debit Card,Completed,0.288
PUR009616,CUST02156,CAM005749,2026-09-12,1116.02,0.07,1037.9,Debit Card,Completed,0.265
PUR009617,CUST01852,CAM008203,2025-08-18,272.55,0.22,212.59,Debit Card,Refunded,0.355
PUR009618,CUST00436,CAM004280,2026-05-07,542.09,0.0,542.09,Google Pay,Completed,0.321
PUR009619,CUST01207,CAM002805,2026-04-13,335.02,0.0,335.02,Apple Pay,Completed,0.307
PUR009620,CUST04261,CAM000649,2026-02-01,440.41,0.0,440.41,Credit Card,Completed,0.433
PUR009621,CUST00146,CAM008852,2024-10-24,1188.31,0.21,938.76,Debit Card,Completed,0.408
PUR009622,CUST03732,CAM005276,2026-03-20,514.54,0.22,401.34,PayPal,Refunded,0.411
PUR009623,CUST02668,CAM000510,2024-10-23,580.43,0.0,580.43,Credit Card,Completed,0.409
PUR009624,CUST04301,CAM002383,2026-06-22,853.68,0.1,768.31,Apple Pay,Completed,0.375
PUR009625,CUST00819,CAM007269,2026-02-01,302.14,0.07,280.99,Credit Card,Completed,0.386
PUR009626,CUST03936,CAM003733,2025-06-02,391.52,0.0,391.52,Debit Card,Completed,0.256
PUR009627,CUST02712,CAM005237,2025-11-16,1369.81,0.05,1301.32,Apple Pay,Completed,0.444
PUR009628,CUST04668,CAM008711,2024-10-13,591.62,0.0,591.62,PayPal,Completed,0.371
PUR009629,CUST04653,CAM002833,2026-08-01,642.78,0.12,565.65,Debit Card,Completed,0.383
PUR009630,CUST00576,CAM002241,2025-12-03,217.94,0.0,217.94,PayPal,Completed,0.262
PUR009631,CUST03544,CAM008597,2024-10-07,373.93,0.12,329.06,Credit Card,Refunded,0.416
PUR009632,CUST02966,CAM007792,2025-11-17,224.6,0.0,224.6,Credit Card,Completed,0.21
PUR009633,CUST00736,CAM002007,2024-12-01,391.3,0.04,375.65,Apple Pay,Completed,0.398
PUR009634,CUST00825,CAM003923,2026-02-14,237.57,0.0,237.57,Google Pay,Completed,0.232
PUR009635,CUST04291,CAM002469,2025-05-30,607.23,0.0,607.23,Apple Pay,Completed,0.415
PUR009636,CUST03320,CAM002886,2025-06-23,419.1,0.0,419.1,Google Pay,Completed,0.317
PUR009637,CUST01013,CAM001460,2026-06-11,169.03,0.0,169.03,Credit Card,Completed,0.202
PUR009638,CUST02832,CAM002637,2026-04-05,1329.47,0.08,1223.11,Credit Card,Completed,0.31
PUR009639,CUST02893,CAM000426,2026-08-19,645.21,0.0,645.21,PayPal,Completed,0.288
PUR009640,CUST02927,CAM004486,2025-02-03,837.97,0.0,837.97,Debit Card,Pending,0.287
PUR009641,CUST00860,CAM005566,2026-09-10,975.41,0.0,975.41,Apple Pay,Completed,0.31
PUR009642,CUST03218,CAM004289,2025-05-30,193.98,0.01,192.04,Debit Card,Completed,0.419
PUR009643,CUST02786,CAM008234,2024-08-20,768.31,0.02,752.94,Credit Card,Completed,0.352
PUR009644,CUST01713,CAM006591,2026-01-10,794.23,0.03,770.4,PayPal,Completed,0.392
PUR009645,CUST01621,CAM008747,2025-08-28,1681.57,0.0,1681.57,Apple Pay,Completed,0.378
PUR009646,CUST02217,CAM003921,2026-04-22,469.17,0.05,445.71,Credit Card,Completed,0.233
PUR009647,CUST03652,CAM000947,2025-03-20,316.55,0.0,316.55,Credit Card,Completed,0.434
PUR009648,CUST03209,CAM003342,2025-12-07,760.2,0.17,630.97,Debit Card,Pending,0.23
PUR009649,CUST02165,CAM000920,2026-01-31,573.55,0.0,573.55,Apple Pay,Pending,0.351
PUR009650,CUST01713,CAM007460,2025-02-15,1005.0,0.0,1005.0,Apple Pay,Pending,0.406
PUR009651,CUST04151,CAM004244,2026-01-25,87.62,0.0,87.62,PayPal,Completed,0.271
PUR009652,CUST04527,CAM000327,2026-03-13,211.08,0.02,206.86,PayPal,Pending,0.378
PUR009653,CUST01072,CAM006637,2026-05-05,912.71,0.1,821.44,Apple Pay,Completed,0.354
PUR009654,CUST01527,CAM005312,2025-05-22,242.29,0.09,220.48,Debit Card,Completed,0.227
PUR009655,CUST03905,CAM007828,2024-09-01,98.78,0.18,81.0,PayPal,Completed,0.227
PUR009656,CUST00786,CAM008832,2026-03-18,163.64,0.0,163.64,Debit Card,Completed,0.221
PUR009657,CUST04297,CAM004508,2025-09-21,322.07,0.04,309.19,Debit Card,Completed,0.369
PUR009658,CUST01836,CAM006822,2025-12-20,754.54,0.14,648.9,Debit Card,Cancelled,0.286
PUR009659,CUST04676,CAM001212,2024-10-09,110.01,0.0,110.01,Google Pay,Completed,0.254
PUR009660,CUST03877,CAM001208,2025-05-22,2041.62,0.0,2041.62,Google Pay,Completed,0.232
PUR009661,CUST02388,CAM004430,2025-04-03,241.58,0.0,241.58,Debit Card,Completed,0.333
PUR009662,CUST02070,CAM006808,2026-09-14,1500.06,0.0,1500.06,Credit Card,Completed,0.391
PUR009663,CUST04182,CAM002220,2026-01-22,220.96,0.0,220.96,PayPal,Pending,0.446
PUR009664,CUST04911,CAM005366,2026-09-18,1772.99,0.15,1507.04,Debit Card,Completed,0.262
PUR009665,CUST04962,CAM006668,2025-03-29,655.96,0.21,518.21,PayPal,Completed,0.299
PUR009666,CUST02106,CAM005753,2025-06-16,683.43,0.01,676.6,Debit Card,Completed,0.279
PUR009667,CUST03828,CAM004936,2025-06-02,808.17,0.18,662.7,Google Pay,Completed,0.252
PUR009668,CUST04200,CAM002680,2025-06-20,315.35,0.07,293.28,PayPal,Completed,0.29
PUR009669,CUST02730,CAM008150,2025-06-03,2634.49,0.0,2634.49,Credit Card,Completed,0.351
PUR009670,CUST01965,CAM006469,2026-10-17,45.05,0.0,45.05,Credit Card,Completed,0.275
PUR009671,CUST04145,CAM008946,2026-07-19,367.56,0.0,367.56,Debit Card,Completed,0.308
PUR009672,CUST04213,CAM003803,2025-02-04,266.68,0.19,216.01,PayPal,Pending,0.227
PUR009673,CUST00343,CAM009755,2024-09-21,545.16,0.0,545.16,Debit Card,Completed,0.397
PUR009674,CUST00627,CAM004054,2025-09-03,1020.92,0.12,898.41,Credit Card,Completed,0.23
PUR009675,CUST02724,CAM007344,2025-01-13,691.62,0.0,691.62,PayPal,Completed,0.356
PUR009676,CUST02553,CAM003604,2025-09-20,647.28,0.0,647.28,Credit Card,Completed,0.297
PUR009677,CUST00937,CAM005842,2026-04-30,160.8,0.0,160.8,Debit Card,Completed,0.303
PUR009678,CUST04012,CAM004636,2025-07-06,77.47,0.0,77.47,Apple Pay,Refunded,0.405
PUR009679,CUST02969,CAM009619,2025-12-15,167.02,0.17,138.63,Credit Card,Completed,0.338
PUR009680,CUST00826,CAM006974,2025-09-01,1037.44,0.0,1037.44,Debit Card,Pending,0.371
PUR009681,CUST00171,CAM007886,2025-10-22,353.17,0.0,353.17,Debit Card,Completed,0.284
PUR009682,CUST03117,CAM001682,2026-01-18,509.11,0.0,509.11,Debit Card,Completed,0.383
PUR009683,CUST02585,CAM003974,2025-08-26,324.95,0.0,324.95,Debit Card,Completed,0.35
PUR009684,CUST00400,CAM004960,2025-12-01,1126.1,0.0,1126.1,PayPal,Cancelled,0.34
PUR009685,CUST01506,CAM004311,2026-10-14,831.1,0.0,831.1,Credit Card,Completed,0.397
PUR009686,CUST02671,CAM003277,2025-10-20,801.93,0.13,697.68,Credit Card,Pending,0.329
PUR009687,CUST03701,CAM001366,2024-12-24,357.92,0.21,282.76,Debit Card,Completed,0.312
PUR009688,CUST02701,CAM004055,2026-09-03,708.77,0.23,545.75,Debit Card,Completed,0.238
PUR009689,CUST01810,CAM006862,2026-03-25,419.69,0.09,381.92,Credit Card,Completed,0.422
PUR009690,CUST04742,CAM007072,2025-10-10,1009.25,0.0,1009.25,Debit Card,Completed,0.203
PUR009691,CUST00683,CAM002745,2026-04-26,1605.23,0.0,1605.23,Google Pay,Completed,0.393
PUR009692,CUST01221,CAM004004,2026-05-12,98.27,0.0,98.27,Debit Card,Cancelled,0.296
PUR009693,CUST02056,CAM000686,2025-04-23,294.65,0.24,223.93,Debit Card,Pending,0.363
PUR009694,CUST04077,CAM004158,2024-11-28,436.72,0.0,436.72,Debit Card,Completed,0.38
PUR009695,CUST02392,CAM007990,2025-09-07,1203.11,0.0,1203.11,Apple Pay,Completed,0.431
PUR009696,CUST03316,CAM001418,2024-09-14,699.7,0.1,629.73,Credit Card,Completed,0.367
PUR009697,CUST03254,CAM004314,2025-11-02,157.67,0.14,135.6,Credit Card,Completed,0.359
PUR009698,CUST01739,CAM008197,2025-05-17,826.6,0.06,777.0,PayPal,Completed,0.25
PUR009699,CUST02789,CAM009875,2025-01-11,1268.59,0.0,1268.59,PayPal,Completed,0.37
PUR009700,CUST03038,CAM001321,2025-08-26,103.42,0.0,103.42,Google Pay,Completed,0.202
PUR009701,CUST01954,CAM005410,2024-10-21,366.64,0.21,289.65,PayPal,Completed,0.339
PUR009702,CUST03438,CAM009121,2025-05-19,619.74,0.0,619.74,Credit Card,Completed,0.253
PUR009703,CUST01191,CAM006389,2024-11-13,285.11,0.07,265.15,PayPal,Cancelled,0.381
PUR009704,CUST03497,CAM000971,2025-11-15,373.63,0.0,373.63,Apple Pay,Completed,0.285
PUR009705,CUST04217,CAM007429,2025-08-04,1874.17,0.0,1874.17,Credit Card,Pending,0.344
PUR009706,CUST03087,CAM002380,2025-05-01,331.21,0.04,317.96,Debit Card,Completed,0.204
PUR009707,CUST04811,CAM009235,2025-10-13,108.76,0.0,108.76,PayPal,Completed,0.375
PUR009708,CUST02913,CAM008059,2024-10-16,741.71,0.07,689.79,PayPal,Completed,0.271
PUR009709,CUST02892,CAM005434,2024-12-07,188.98,0.04,181.42,Debit Card,Completed,0.279
PUR009710,CUST02602,CAM008398,2024-11-10,1600.27,0.0,1600.27,Google Pay,Completed,0.436
PUR009711,CUST02355,CAM007227,2025-01-10,552.43,0.0,552.43,Debit Card,Completed,0.204
PUR009712,CUST04678,CAM009880,2026-03-15,425.11,0.11,378.35,Apple Pay,Pending,0.337
PUR009713,CUST02127,CAM001839,2025-09-21,78.51,0.0,78.51,Credit Card,Completed,0.435
PUR009714,CUST01552,CAM006548,2026-05-28,923.73,0.0,923.73,Apple Pay,Completed,0.448
PUR009715,CUST04982,CAM003519,2026-02-17,66.8,0.0,66.8,PayPal,Completed,0.259
PUR009716,CUST02869,CAM002535,2025-06-24,525.75,0.19,425.86,Credit Card,Completed,0.367
PUR009717,CUST00049,CAM002456,2025-11-12,1430.94,0.0,1430.94,Apple Pay,Pending,0.384
PUR009718,CUST02254,CAM004126,2025-04-20,1163.9,0.0,1163.9,Debit Card,Pending,0.238
PUR009719,CUST02044,CAM007278,2025-07-09,399.84,0.0,399.84,Credit Card,Completed,0.289
PUR009720,CUST04182,CAM002331,2024-10-20,110.46,0.05,104.94,Credit Card,Pending,0.445
PUR009721,CUST01799,CAM001132,2024-09-07,323.36,0.01,320.13,Credit Card,Completed,0.263
PUR009722,CUST04134,CAM003380,2025-10-28,128.84,0.0,128.84,Apple Pay,Completed,0.371
PUR009723,CUST00151,CAM003016,2026-06-28,822.19,0.0,822.19,PayPal,Completed,0.384
PUR009724,CUST04473,CAM009260,2024-12-25,713.17,0.0,713.17,PayPal,Completed,0.342
PUR009725,CUST00913,CAM005064,2025-09-23,1090.21,0.0,1090.21,Debit Card,Completed,0.447
PUR009726,CUST01987,CAM004665,2026-02-02,297.09,0.18,243.61,PayPal,Pending,0.308
PUR009727,CUST04471,CAM006364,2025-08-02,657.41,0.0,657.41,Debit Card,Completed,0.433
PUR009728,CUST02784,CAM004590,2024-12-19,876.89,0.19,710.28,Debit Card,Pending,0.24
PUR009729,CUST04047,CAM002683,2025-12-10,217.07,0.0,217.07,Credit Card,Pending,0.234
PUR009730,CUST02924,CAM006099,2025-09-29,270.46,0.0,270.46,PayPal,Pending,0.383
PUR009731,CUST01986,CAM009575,2025-01-09,254.97,0.0,254.97,Credit Card,Completed,0.362
PUR009732,CUST02013,CAM001592,2024-09-13,835.01,0.0,835.01,Google Pay,Completed,0.291
PUR009733,CUST01662,CAM001153,2026-06-30,1708.14,0.0,1708.14,Credit Card,Completed,0.241
PUR009734,CUST01887,CAM009183,2025-11-21,157.24,0.0,157.24,Debit Card,Completed,0.305
PUR009735,CUST04244,CAM003977,2025-12-09,302.83,0.07,281.63,Credit Card,Completed,0.439
PUR009736,CUST01935,CAM000400,2026-02-03,125.46,0.07,116.68,Google Pay,Pending,0.367
PUR009737,CUST02725,CAM004610,2025-01-27,1963.54,0.0,1963.54,Debit Card,Completed,0.233
PUR009738,CUST04357,CAM008858,2025-12-28,918.83,0.11,817.76,Debit Card,Completed,0.32
PUR009739,CUST00437,CAM000207,2024-11-03,1232.15,0.12,1084.29,Debit Card,Completed,0.446
PUR009740,CUST03057,CAM003492,2025-10-18,952.6,0.0,952.6,Debit Card,Completed,0.313
PUR009741,CUST00081,CAM009582,2026-01-27,273.35,0.0,273.35,Apple Pay,Completed,0.254
PUR009742,CUST02982,CAM006782,2026-01-28,1197.76,0.15,1018.1,Credit Card,Completed,0.309
PUR009743,CUST00709,CAM000700,2025-01-03,517.3,0.0,517.3,Credit Card,Completed,0.263
PUR009744,CUST03565,CAM004317,2025-07-06,1372.6,0.08,1262.79,Debit Card,Refunded,0.289
PUR009745,CUST02974,CAM004392,2026-01-06,121.7,0.11,108.31,Google Pay,Pending,0.312
PUR009746,CUST02299,CAM004928,2025-09-08,689.7,0.01,682.8,Apple Pay,Completed,0.439
PUR009747,CUST03303,CAM006044,2025-07-17,560.12,0.25,420.09,Debit Card,Completed,0.351
PUR009748,CUST01041,CAM003225,2025-04-09,229.56,0.14,197.42,Google Pay,Completed,0.293
PUR009749,CUST03974,CAM004775,2025-06-07,2325.11,0.08,2139.1,Credit Card,Refunded,0.212
PUR009750,CUST00088,CAM008099,2025-03-20,568.16,0.0,568.16,Google Pay,Completed,0.292
PUR009751,CUST02138,CAM002383,2026-06-24,554.99,0.0,554.99,Google Pay,Completed,0.414
PUR009752,CUST01629,CAM001710,2025-07-01,870.92,0.14,748.99,Credit Card,Completed,0.363
PUR009753,CUST03833,CAM000142,2026-07-17,183.96,0.0,183.96,Google Pay,Completed,0.256
PUR009754,CUST00030,CAM005677,2026-07-08,787.61,0.0,787.61,PayPal,Completed,0.313
PUR009755,CUST03415,CAM000615,2025-10-06,442.87,0.08,407.44,Google Pay,Completed,0.346
PUR009756,CUST03049,CAM004147,2026-06-21,307.88,0.0,307.88,Credit Card,Completed,0.346
PUR009757,CUST00760,CAM007551,2025-12-29,393.4,0.0,393.4,PayPal,Completed,0.438
PUR009758,CUST03037,CAM005653,2025-01-03,303.66,0.0,303.66,Apple Pay,Completed,0.41
PUR009759,CUST03494,CAM002922,2026-05-10,1521.82,0.0,1521.82,Debit Card,Completed,0.328
PUR009760,CUST01489,CAM007733,2025-11-29,2665.01,0.0,2665.01,Credit Card,Completed,0.389
PUR009761,CUST02048,CAM000749,2026-01-25,863.33,0.0,863.33,Credit Card,Pending,0.265
PUR009762,CUST03853,CAM005879,2025-05-30,608.63,0.21,480.82,PayPal,Completed,0.295
PUR009763,CUST03456,CAM003354,2025-05-05,554.64,0.0,554.64,Apple Pay,Completed,0.217
PUR009764,CUST02430,CAM007841,2026-03-23,345.26,0.0,345.26,Debit Card,Completed,0.346
PUR009765,CUST01523,CAM001767,2024-11-21,639.35,0.0,639.35,Debit Card,Completed,0.376
PUR009766,CUST02307,CAM002861,2025-04-02,245.39,0.23,188.95,Debit Card,Completed,0.438
PUR009767,CUST01693,CAM008604,2025-06-05,1818.21,0.1,1636.39,PayPal,Completed,0.364
PUR009768,CUST03125,CAM006296,2024-12-03,10269.6,0.16,8626.46,Credit Card,Completed,0.202
PUR009769,CUST01177,CAM009782,2025-01-23,1022.44,0.0,1022.44,Credit Card,Completed,0.244
PUR009770,CUST04914,CAM003460,2024-11-24,1034.81,0.0,1034.81,PayPal,Completed,0.391
PUR009771,CUST01806,CAM008092,2024-12-18,579.92,0.0,579.92,Credit Card,Completed,0.271
PUR009772,CUST04090,CAM005119,2024-11-19,364.81,0.05,346.57,Google Pay,Completed,0.236
PUR009773,CUST01243,CAM004160,2025-06-26,705.65,0.0,705.65,Debit Card,Cancelled,0.364
PUR009774,CUST00823,CAM009368,2024-11-05,139.96,0.0,139.96,PayPal,Completed,0.397
PUR009775,CUST01323,CAM005953,2026-01-27,1294.7,0.0,1294.7,Credit Card,Completed,0.251
PUR009776,CUST00375,CAM007253,2024-12-01,646.82,0.0,646.82,Debit Card,Completed,0.345
PUR009777,CUST01866,CAM000337,2025-12-25,929.08,0.0,929.08,Debit Card,Completed,0.236
PUR009778,CUST01537,CAM008084,2025-07-08,882.68,0.09,803.24,Apple Pay,Completed,0.298
PUR009779,CUST04536,CAM009402,2025-05-27,403.99,0.0,403.99,Apple Pay,Pending,0.41
PUR009780,CUST01637,CAM003917,2024-11-09,388.54,0.0,388.54,Debit Card,Completed,0.407
PUR009781,CUST00522,CAM004417,2026-03-05,171.81,0.09,156.35,Debit Card,Refunded,0.343
PUR009782,CUST04731,CAM003154,2026-04-30,214.37,0.24,162.92,Credit Card,Completed,0.379
PUR009783,CUST03477,CAM009739,2025-11-01,406.53,0.0,406.53,Apple Pay,Completed,0.248
PUR009784,CUST04203,CAM003348,2025-10-28,978.89,0.0,978.89,Apple Pay,Completed,0.419
PUR009785,CUST04608,CAM008505,2026-03-14,791.32,0.0,791.32,Google Pay,Completed,0.26
PUR009786,CUST04982,CAM001218,2025-07-05,276.92,0.0,276.92,Credit Card,Pending,0.357
PUR009787,CUST01047,CAM006959,2025-12-01,1762.21,0.0,1762.21,Credit Card,Completed,0.254
PUR009788,CUST02622,CAM001245,2025-02-10,2114.95,0.0,2114.95,Google Pay,Completed,0.309
PUR009789,CUST03287,CAM003152,2025-06-11,245.86,0.0,245.86,Debit Card,Completed,0.263
PUR009790,CUST01766,CAM003900,2025-10-18,303.57,0.03,294.46,Google Pay,Completed,0.258
PUR009791,CUST04682,CAM005037,2026-08-05,455.57,0.0,455.57,PayPal,Completed,0.309
PUR009792,CUST04033,CAM000467,2025-10-29,220.16,0.0,220.16,Credit Card,Completed,0.38
PUR009793,CUST00204,CAM002448,2025-12-04,1130.72,0.0,1130.72,Debit Card,Cancelled,0.327
PUR009794,CUST03141,CAM000685,2025-04-14,205.25,0.0,205.25,PayPal,Completed,0.42
PUR009795,CUST03570,CAM003431,2026-04-30,259.17,0.0,259.17,Apple Pay,Completed,0.4
PUR009796,CUST04646,CAM001027,2025-06-10,2523.33,0.17,2094.36,PayPal,Completed,0.202
PUR009797,CUST00936,CAM009348,2026-06-09,580.92,0.0,580.92,Credit Card,Completed,0.266
PUR009798,CUST02496,CAM004281,2025-08-04,2290.86,0.18,1878.51,Credit Card,Pending,0.348
PUR009799,CUST00842,CAM004128,2025-06-06,338.67,0.0,338.67,Debit Card,Completed,0.378
PUR009800,CUST02759,CAM009862,2024-12-31,207.31,0.0,207.31,Debit Card,Completed,0.292
PUR009801,CUST00252,CAM004259,2025-08-08,2054.49,0.07,1910.68,Debit Card,Completed,0.269
PUR009802,CUST04743,CAM008793,2024-10-16,609.29,0.0,609.29,Apple Pay,Completed,0.237
PUR009803,CUST02396,CAM006029,2025-08-05,1361.19,0.0,1361.19,Google Pay,Completed,0.447
PUR009804,CUST02006,CAM005877,2025-09-08,279.5,0.0,279.5,Google Pay,Completed,0.321
PUR009805,CUST02201,CAM007469,2026-01-19,1148.84,0.15,976.51,Google Pay,Refunded,0.358
PUR009806,CUST03628,CAM007034,2025-11-30,846.45,0.0,846.45,Credit Card,Completed,0.286
PUR009807,CUST04706,CAM007164,2025-06-27,884.86,0.13,769.83,Debit Card,Completed,0.277
PUR009808,CUST02456,CAM008105,2025-02-27,123.6,0.0,123.6,Apple Pay,Completed,0.39
PUR009809,CUST01244,CAM005399,2026-02-25,411.48,0.0,411.48,Apple Pay,Completed,0.445
PUR009810,CUST01286,CAM000725,2024-09-25,923.25,0.0,923.25,PayPal,Completed,0.224
PUR009811,CUST01282,CAM001317,2026-04-11,528.59,0.0,528.59,PayPal,Pending,0.356
PUR009812,CUST04168,CAM005306,2026-02-16,1267.43,0.0,1267.43,Credit Card,Refunded,0.242
PUR009813,CUST04380,CAM003808,2026-02-27,335.11,0.04,321.71,Apple Pay,Completed,0.242
PUR009814,CUST02599,CAM000758,2025-04-09,903.6,0.0,903.6,Debit Card,Completed,0.435
PUR009815,CUST02686,CAM004860,2026-04-12,1955.04,0.0,1955.04,Debit Card,Pending,0.386
PUR009816,CUST00250,CAM001984,2025-05-03,836.99,0.25,627.74,Debit Card,Pending,0.247
PUR009817,CUST04381,CAM008629,2025-01-17,227.21,0.0,227.21,Credit Card,Completed,0.285
PUR009818,CUST00667,CAM002822,2026-09-03,130.45,0.0,130.45,Apple Pay,Completed,0.211
PUR009819,CUST01088,CAM005000,2026-05-27,99.8,0.16,83.83,Google Pay,Refunded,0.368
PUR009820,CUST01241,CAM005839,2026-04-08,1469.86,0.15,1249.38,Credit Card,Completed,0.292
PUR009821,CUST02188,CAM006333,2026-07-02,110.27,0.0,110.27,Apple Pay,Completed,0.427
PUR009822,CUST00586,CAM003137,2025-05-07,208.01,0.13,180.97,Apple Pay,Completed,0.257
PUR009823,CUST02513,CAM008001,2026-04-08,376.63,0.0,376.63,Credit Card,Completed,0.367
PUR009824,CUST03121,CAM008930,2026-05-11,599.71,0.04,575.72,Debit Card,Completed,0.33
PUR009825,CUST01649,CAM004973,2024-11-29,880.15,0.14,756.93,Credit Card,Completed,0.21
PUR009826,CUST00915,CAM007178,2025-04-30,656.58,0.0,656.58,Apple Pay,Completed,0.448
PUR009827,CUST04814,CAM008560,2025-05-15,354.68,0.0,354.68,PayPal,Completed,0.374
PUR009828,CUST02750,CAM008279,2026-09-05,417.19,0.06,392.16,Credit Card,Completed,0.252
PUR009829,CUST02801,CAM007481,2026-09-15,154.37,0.0,154.37,PayPal,Completed,0.204
PUR009830,CUST02071,CAM009124,2026-01-25,481.74,0.0,481.74,Credit Card,Completed,0.3
PUR009831,CUST04483,CAM007712,2024-09-27,2567.24,0.0,2567.24,Apple Pay,Completed,0.413
PUR009832,CUST03738,CAM004013,2025-02-21,7.27,0.01,7.2,Apple Pay,Completed,0.27
PUR009833,CUST01420,CAM000361,2025-12-25,379.52,0.0,379.52,Debit Card,Completed,0.397
PUR009834,CUST03853,CAM004602,2025-07-20,452.89,0.09,412.13,Credit Card,Completed,0.423
PUR009835,CUST03392,CAM009217,2026-09-01,328.26,0.1,295.43,PayPal,Completed,0.313
PUR009836,CUST01557,CAM008654,2025-07-12,437.21,0.0,437.21,PayPal,Completed,0.326
PUR009837,CUST00281,CAM005238,2026-06-13,1579.04,0.0,1579.04,Google Pay,Cancelled,0.381
PUR009838,CUST04206,CAM008988,2025-11-17,1413.48,0.2,1130.78,Apple Pay,Completed,0.372
PUR009839,CUST03302,CAM006540,2026-02-28,91.69,0.0,91.69,Debit Card,Completed,0.238
PUR009840,CUST02185,CAM007314,2024-12-18,559.7,0.21,442.16,Credit Card,Cancelled,0.207
PUR009841,CUST04352,CAM009067,2024-11-01,818.55,0.0,818.55,Debit Card,Completed,0.325
PUR009842,CUST01111,CAM004826,2024-08-30,314.71,0.0,314.71,Debit Card,Completed,0.237
PUR009843,CUST01942,CAM004863,2025-09-26,360.71,0.0,360.71,Google Pay,Pending,0.232
PUR009844,CUST02738,CAM007064,2025-07-21,706.53,0.0,706.53,Apple Pay,Completed,0.315
PUR009845,CUST02914,CAM003222,2025-10-21,211.33,0.0,211.33,Apple Pay,Pending,0.359
PUR009846,CUST00267,CAM005049,2026-04-05,2251.32,0.0,2251.32,Credit Card,Completed,0.358
PUR009847,CUST01960,CAM002252,2026-07-26,694.84,0.0,694.84,Credit Card,Completed,0.346
PUR009848,CUST01235,CAM005736,2025-05-14,377.73,0.0,377.73,Credit Card,Pending,0.394
PUR009849,CUST03175,CAM003696,2024-11-01,6898.14,0.0,6898.14,Credit Card,Completed,0.29
PUR009850,CUST02904,CAM009004,2025-05-12,2100.76,0.0,2100.76,Debit Card,Completed,0.305
PUR009851,CUST02663,CAM007517,2026-05-09,71.19,0.0,71.19,Apple Pay,Completed,0.435
PUR009852,CUST00963,CAM008864,2025-12-08,635.31,0.22,495.54,Debit Card,Completed,0.291
PUR009853,CUST03709,CAM008308,2026-06-16,1100.08,0.25,825.06,PayPal,Completed,0.423
PUR009854,CUST00604,CAM005190,2025-08-20,651.97,0.0,651.97,Google Pay,Completed,0.21
PUR009855,CUST01296,CAM003390,2025-10-22,965.71,0.0,965.71,Credit Card,Completed,0.37
PUR009856,CUST04962,CAM001522,2025-07-30,914.46,0.04,877.88,Debit Card,Completed,0.215
PUR009857,CUST00158,CAM000092,2025-08-22,678.62,0.0,678.62,Credit Card,Cancelled,0.272
PUR009858,CUST04657,CAM004723,2024-12-24,507.56,0.0,507.56,Google Pay,Completed,0.295
PUR009859,CUST04254,CAM001738,2025-10-18,1409.8,0.0,1409.8,Debit Card,Completed,0.253
PUR009860,CUST04569,CAM006427,2024-12-10,283.35,0.0,283.35,Google Pay,Completed,0.381
PUR009861,CUST01395,CAM000679,2026-07-24,419.94,0.14,361.15,Credit Card,Completed,0.39
PUR009862,CUST04807,CAM002519,2025-08-08,1365.42,0.0,1365.42,Debit Card,Completed,0.344
PUR009863,CUST03063,CAM002379,2025-04-15,1515.2,0.0,1515.2,Debit Card,Pending,0.445
PUR009864,CUST04164,CAM003613,2025-09-17,1586.26,0.0,1586.26,Google Pay,Completed,0.449
PUR009865,CUST00105,CAM007875,2025-04-25,534.99,0.11,476.14,Google Pay,Completed,0.443
PUR009866,CUST00137,CAM006703,2026-07-10,1165.18,0.0,1165.18,Debit Card,Completed,0.246
PUR009867,CUST02384,CAM004347,2025-05-17,233.14,0.13,202.83,PayPal,Refunded,0.418
PUR009868,CUST03762,CAM005006,2025-10-31,1013.18,0.0,1013.18,Google Pay,Pending,0.232
PUR009869,CUST01651,CAM002898,2025-05-27,153.9,0.0,153.9,Credit Card,Completed,0.439
PUR009870,CUST01511,CAM000486,2026-07-14,548.91,0.12,483.04,Credit Card,Completed,0.379
PUR009871,CUST03113,CAM003557,2025-03-12,189.27,0.2,151.42,PayPal,Completed,0.288
PUR009872,CUST00894,CAM000399,2026-04-10,891.97,0.0,891.97,Credit Card,Completed,0.241
PUR009873,CUST03618,CAM000653,2026-06-08,283.26,0.0,283.26,Google Pay,Completed,0.419
PUR009874,CUST01193,CAM004474,2026-08-05,50.74,0.0,50.74,PayPal,Completed,0.259
PUR009875,CUST04212,CAM009241,2026-09-13,601.62,0.0,601.62,Debit Card,Completed,0.338
PUR009876,CUST01648,CAM009929,2025-11-26,441.65,0.0,441.65,Debit Card,Completed,0.287
PUR009877,CUST02355,CAM000599,2026-06-25,352.23,0.0,352.23,Google Pay,Completed,0.358
PUR009878,CUST04042,CAM007400,2025-07-09,519.41,0.02,509.02,PayPal,Completed,0.24
PUR009879,CUST02126,CAM008542,2024-12-13,1132.82,0.14,974.23,Google Pay,Completed,0.393
PUR009880,CUST01265,CAM009782,2025-02-05,711.19,0.0,711.19,Debit Card,Completed,0.207
PUR009881,CUST00521,CAM004420,2026-07-14,768.23,0.0,768.23,PayPal,Completed,0.337
PUR009882,CUST04639,CAM007841,2026-04-29,398.02,0.0,398.02,PayPal,Refunded,0.287
PUR009883,CUST02887,CAM007845,2025-09-10,441.22,0.1,397.1,Debit Card,Pending,0.286
PUR009884,CUST01716,CAM003286,2026-04-24,1112.59,0.0,1112.59,Credit Card,Cancelled,0.328
PUR009885,CUST02923,CAM006958,2026-03-03,754.85,0.0,754.85,Credit Card,Completed,0.404
PUR009886,CUST03643,CAM003148,2025-09-23,312.04,0.0,312.04,PayPal,Completed,0.257
PUR009887,CUST00063,CAM005900,2025-10-06,255.66,0.24,194.3,Debit Card,Completed,0.407
PUR009888,CUST03566,CAM008754,2025-07-19,708.6,0.15,602.31,Apple Pay,Completed,0.375
PUR009889,CUST01169,CAM009399,2025-11-02,692.53,0.0,692.53,Debit Card,Completed,0.338
PUR009890,CUST00236,CAM000999,2024-12-25,2338.99,0.06,2198.65,PayPal,Completed,0.225
PUR009891,CUST01095,CAM001305,2024-11-20,448.89,0.0,448.89,Credit Card,Completed,0.255
PUR009892,CUST00572,CAM009605,2025-11-08,383.98,0.22,299.5,Credit Card,Completed,0.378
PUR009893,CUST00238,CAM000955,2024-12-02,194.38,0.23,149.67,Debit Card,Completed,0.4
PUR009894,CUST02337,CAM007901,2025-08-14,1127.93,0.0,1127.93,Debit Card,Completed,0.442
PUR009895,CUST00948,CAM003202,2025-05-22,893.71,0.17,741.78,Debit Card,Refunded,0.231
PUR009896,CUST02349,CAM005702,2025-12-16,818.11,0.0,818.11,PayPal,Completed,0.319
PUR009897,CUST04698,CAM006388,2025-08-15,785.97,0.0,785.97,PayPal,Refunded,0.225
PUR009898,CUST00527,CAM001975,2026-03-04,615.97,0.13,535.89,Credit Card,Completed,0.319
PUR009899,CUST04817,CAM004620,2024-10-20,523.98,0.0,523.98,PayPal,Completed,0.307
PUR009900,CUST00699,CAM002283,2025-03-12,749.32,0.0,749.32,PayPal,Completed,0.444
PUR009901,CUST01603,CAM001171,2025-08-18,1868.11,0.0,1868.11,Credit Card,Refunded,0.429
PUR009902,CUST01766,CAM006606,2025-09-24,482.27,0.1,434.04,Google Pay,Completed,0.351
PUR009903,CUST00500,CAM007911,2026-08-11,304.26,0.21,240.37,Debit Card,Completed,0.339
PUR009904,CUST02333,CAM001021,2025-05-22,3078.75,0.0,3078.75,PayPal,Completed,0.401
PUR009905,CUST01688,CAM007553,2025-03-31,394.74,0.0,394.74,Debit Card,Completed,0.271
PUR009906,CUST00271,CAM004097,2025-03-08,1491.3,0.0,1491.3,Credit Card,Completed,0.281
PUR009907,CUST02454,CAM007945,2026-03-17,1257.66,0.0,1257.66,Debit Card,Refunded,0.25
PUR009908,CUST02347,CAM000433,2025-03-18,727.22,0.0,727.22,Credit Card,Completed,0.357
PUR009909,CUST01252,CAM007049,2025-03-28,1443.28,0.16,1212.36,PayPal,Completed,0.415
PUR009910,CUST02049,CAM009148,2025-06-08,417.69,0.0,417.69,PayPal,Completed,0.347
PUR009911,CUST03757,CAM004217,2024-10-03,1558.45,0.0,1558.45,Debit Card,Completed,0.369
PUR009912,CUST04045,CAM007766,2025-09-05,199.88,0.13,173.9,Google Pay,Completed,0.405
PUR009913,CUST03089,CAM001582,2025-01-26,290.8,0.17,241.36,PayPal,Completed,0.298
PUR009914,CUST00803,CAM002164,2025-01-11,103.7,0.02,101.63,Credit Card,Completed,0.427
PUR009915,CUST03946,CAM004385,2025-03-17,1042.39,0.0,1042.39,PayPal,Completed,0.248
PUR009916,CUST02011,CAM002557,2025-01-15,1013.38,0.0,1013.38,Debit Card,Pending,0.354
PUR009917,CUST04148,CAM004483,2026-04-21,353.75,0.0,353.75,Apple Pay,Completed,0.315
PUR009918,CUST03550,CAM000484,2025-06-20,587.07,0.0,587.07,Debit Card,Completed,0.201
PUR009919,CUST01412,CAM004607,2025-11-10,123.54,0.0,123.54,PayPal,Completed,0.389
PUR009920,CUST03497,CAM000947,2025-03-18,277.84,0.0,277.84,Credit Card,Completed,0.361
PUR009921,CUST02775,CAM009137,2026-06-16,230.88,0.0,230.88,Apple Pay,Pending,0.253
PUR009922,CUST01069,CAM004543,2025-10-18,860.0,0.18,705.2,Debit Card,Completed,0.438
PUR009923,CUST03109,CAM001113,2025-01-10,1182.94,0.17,981.84,PayPal,Completed,0.365
PUR009924,CUST01718,CAM001485,2025-03-11,485.11,0.11,431.75,Google Pay,Pending,0.422
PUR009925,CUST03603,CAM009962,2026-08-09,1003.81,0.23,772.93,Debit Card,Completed,0.278
PUR009926,CUST02316,CAM005764,2026-03-24,972.97,0.15,827.02,Debit Card,Completed,0.374
PUR009927,CUST00824,CAM005730,2026-05-24,167.65,0.0,167.65,Apple Pay,Completed,0.277
PUR009928,CUST04384,CAM008120,2025-06-20,216.17,0.0,216.17,Credit Card,Completed,0.319
PUR009929,CUST01927,CAM007850,2025-11-05,450.8,0.0,450.8,Google Pay,Completed,0.318
PUR009930,CUST00203,CAM007801,2026-09-26,1492.67,0.0,1492.67,Credit Card,Completed,0.24
PUR009931,CUST00114,CAM004418,2025-01-29,491.42,0.17,407.88,Credit Card,Completed,0.365
PUR009932,CUST01813,CAM001032,2026-03-01,308.65,0.0,308.65,Debit Card,Completed,0.346
PUR009933,CUST01893,CAM004701,2026-03-05,969.0,0.05,920.55,Apple Pay,Completed,0.274
PUR009934,CUST03851,CAM001773,2024-10-15,280.28,0.0,280.28,Apple Pay,Completed,0.317
PUR009935,CUST04742,CAM005757,2026-05-07,566.05,0.01,560.39,PayPal,Refunded,0.259
PUR009936,CUST00461,CAM006311,2026-08-03,1830.62,0.0,1830.62,Google Pay,Completed,0.387
PUR009937,CUST01462,CAM007971,2025-09-23,425.95,0.0,425.95,Apple Pay,Completed,0.281
PUR009938,CUST02607,CAM002649,2026-09-05,1384.13,0.16,1162.67,Debit Card,Pending,0.299
PUR009939,CUST00640,CAM000410,2025-04-06,373.59,0.04,358.65,PayPal,Completed,0.214
PUR009940,CUST03070,CAM001243,2026-03-18,615.96,0.2,492.77,Apple Pay,Completed,0.236
PUR009941,CUST01008,CAM008883,2025-05-28,765.98,0.0,765.98,Debit Card,Completed,0.273
PUR009942,CUST00187,CAM005491,2025-11-20,2747.47,0.0,2747.47,PayPal,Completed,0.35
PUR009943,CUST00415,CAM008274,2025-09-07,191.97,0.0,191.97,Debit Card,Completed,0.412
PUR009944,CUST03409,CAM006381,2026-01-02,396.88,0.0,396.88,Google Pay,Completed,0.402
PUR009945,CUST01410,CAM002100,2025-12-17,166.57,0.0,166.57,Credit Card,Completed,0.201
PUR009946,CUST01436,CAM009520,2025-11-15,1677.19,0.0,1677.19,Debit Card,Completed,0.298
PUR009947,CUST01751,CAM005466,2026-06-04,481.33,0.15,409.13,Debit Card,Completed,0.37
PUR009948,CUST02522,CAM003668,2025-09-15,253.77,0.0,253.77,Credit Card,Pending,0.389
PUR009949,CUST04838,CAM000670,2024-10-16,2041.66,0.0,2041.66,Apple Pay,Completed,0.375
PUR009950,CUST02542,CAM009614,2026-07-25,688.19,0.0,688.19,PayPal,Completed,0.211
PUR009951,CUST02344,CAM003816,2025-09-21,72.64,0.0,72.64,Google Pay,Completed,0.448
PUR009952,CUST04831,CAM008560,2025-05-06,2795.03,0.0,2795.03,PayPal,Completed,0.225
PUR009953,CUST01501,CAM008419,2025-04-02,329.03,0.0,329.03,Credit Card,Completed,0.355
PUR009954,CUST00376,CAM006212,2025-05-28,323.94,0.06,304.5,Credit Card,Completed,0.337
PUR009955,CUST02287,CAM000636,2025-12-11,546.41,0.0,546.41,PayPal,Refunded,0.247
PUR009956,CUST00620,CAM006677,2024-10-30,331.64,0.0,331.64,Credit Card,Completed,0.302
PUR009957,CUST04038,CAM005116,2026-07-27,1827.42,0.08,1681.23,Debit Card,Completed,0.204
PUR009958,CUST04133,CAM000768,2026-07-15,169.41,0.0,169.41,Debit Card,Refunded,0.21
PUR009959,CUST02296,CAM007006,2025-12-04,960.4,0.13,835.55,Apple Pay,Completed,0.349
PUR009960,CUST03475,CAM003012,2026-04-13,1251.96,0.07,1164.32,Apple Pay,Completed,0.248
PUR009961,CUST04347,CAM002287,2026-05-04,171.37,0.0,171.37,Apple Pay,Completed,0.341
PUR009962,CUST00058,CAM003537,2026-02-27,356.78,0.0,356.78,Debit Card,Pending,0.259
PUR009963,CUST02912,CAM006012,2025-04-18,710.69,0.0,710.69,PayPal,Completed,0.426
PUR009964,CUST00808,CAM004166,2024-12-18,229.83,0.0,229.83,Apple Pay,Completed,0.419
PUR009965,CUST04217,CAM001449,2026-03-20,1388.55,0.03,1346.89,Credit Card,Pending,0.313
PUR009966,CUST04622,CAM002460,2026-08-06,216.32,0.0,216.32,Credit Card,Cancelled,0.389
PUR009967,CUST01216,CAM002898,2025-06-08,453.88,0.0,453.88,Apple Pay,Completed,0.383
PUR009968,CUST04157,CAM004387,2025-09-25,144.06,0.0,144.06,Credit Card,Completed,0.393
PUR009969,CUST00547,CAM001989,2025-07-09,159.64,0.17,132.5,Apple Pay,Completed,0.314
PUR009970,CUST03206,CAM003419,2025-07-29,698.04,0.0,698.04,Debit Card,Completed,0.431
PUR009971,CUST01705,CAM004203,2024-11-19,848.73,0.0,848.73,PayPal,Completed,0.422
PUR009972,CUST04513,CAM007368,2026-08-01,588.8,0.0,588.8,Google Pay,Completed,0.368
PUR009973,CUST04283,CAM006821,2026-03-26,127.08,0.0,127.08,Debit Card,Completed,0.265
PUR009974,CUST00271,CAM007283,2026-04-12,1870.49,0.17,1552.51,Debit Card,Completed,0.245
PUR009975,CUST00288,CAM002604,2025-09-24,117.39,0.21,92.74,Credit Card,Completed,0.33
PUR009976,CUST03439,CAM007619,2025-12-14,1530.5,0.0,1530.5,Credit Card,Pending,0.342
PUR009977,CUST00483,CAM005529,2025-05-17,153.61,0.07,142.86,Credit Card,Completed,0.275
PUR009978,CUST03152,CAM001798,2025-11-24,464.38,0.02,455.09,Credit Card,Refunded,0.425
PUR009979,CUST04484,CAM009132,2026-07-06,761.99,0.0,761.99,Credit Card,Completed,0.213
PUR009980,CUST01584,CAM008956,2026-05-26,181.11,0.03,175.68,Debit Card,Completed,0.418
PUR009981,CUST04043,CAM007793,2026-02-01,164.34,0.0,164.34,Debit Card,Completed,0.201
PUR009982,CUST04920,CAM001705,2025-09-29,2058.95,0.0,2058.95,Debit Card,Completed,0.311
PUR009983,CUST00338,CAM008331,2026-07-06,1146.16,0.03,1111.78,Credit Card,Completed,0.362
PUR009984,CUST00065,CAM009628,2025-02-07,2804.94,0.0,2804.94,Credit Card,Pending,0.267
PUR009985,CUST01074,CAM009423,2025-12-08,219.4,0.03,212.82,Credit Card,Cancelled,0.398
PUR009986,CUST04942,CAM009412,2024-09-17,3791.23,0.0,3791.23,PayPal,Completed,0.325
PUR009987,CUST01126,CAM002960,2024-11-20,455.06,0.0,455.06,Apple Pay,Completed,0.27
PUR009988,CUST01074,CAM005483,2026-01-12,56.92,0.18,46.67,Apple Pay,Pending,0.436
PUR009989,CUST00099,CAM009295,2025-03-24,292.0,0.0,292.0,Debit Card,Completed,0.435
PUR009990,CUST02206,CAM001724,2025-06-22,328.35,0.0,328.35,Debit Card,Completed,0.211
PUR009991,CUST04258,CAM009030,2025-07-16,261.12,0.0,261.12,Apple Pay,Completed,0.42
PUR009992,CUST00325,CAM004832,2024-09-18,27.08,0.18,22.21,Debit Card,Refunded,0.421
PUR009993,CUST01928,CAM007579,2026-06-13,601.3,0.0,601.3,Credit Card,Refunded,0.204
PUR009994,CUST02795,CAM005776,2026-09-09,396.55,0.0,396.55,PayPal,Completed,0.281
PUR009995,CUST00096,CAM007883,2026-04-22,174.71,0.12,153.74,Debit Card,Completed,0.354
PUR009996,CUST04873,CAM000669,2026-06-04,114.17,0.0,114.17,Apple Pay,Refunded,0.231
PUR009997,CUST01777,CAM002702,2024-11-09,412.56,0.05,391.93,Debit Card,Completed,0.443
PUR009998,CUST02947,CAM006668,2025-03-11,2048.74,0.12,1802.89,Credit Card,Completed,0.224
PUR009999,CUST04719,CAM003034,2025-10-02,1476.3,0.18,1210.57,Credit Card,Pending,0.335
PUR010000,CUST01349,CAM000155,2026-05-19,504.43,0.0,504.43,Debit Card,Completed,0.303
